 FLASH log file:  03-05-2025  12:16:49.367    Run number:  1
 ==============================================================================
 Number of MPI tasks:                896
 MPI version:                          3
 MPI subversion:                       1
 Dimensionality:                       3
 Max Number of Blocks/Proc:          200
 Number x zones:                      32
 Number y zones:                      32
 Number z zones:                      32
 Setup stamp:     Fri Nov 1 14:03:57 2024
 Build stamp:     Fri Nov 1 14:04:23 2024
 System info:     Linux corona211 4.18.0-553.22.1.1toss.t4.x86_64 #1 SMP Tue Sep 24 16:50:00 PDT 2
 Version:         Flash-X 1.0 (heads/main-0-g6040ba49-dirty)                                      
 Build directory: /usr/workspace/ather1/Flash-X/sedov
 Setup syntax:    /usr/workspace/ather1/Flash-X/bin/setup.py Sedov -auto -3d -nxb=32 -nyb=32 -nzb=32 +parallelio -objdir=/usr/workspace/ather1/Flash-X/sedov
 f compiler flags: mpif90 -ggdb -c -O2 -fdefault-real-8 -fdefault-double-8 -Wuninitialized -fallow-argument-mismatch -fallow-argument-mismatch -DMAXBLOCKS=200 -DNXB=32 -DNYB=32 -DNZB=32 -DN_DIM=3
 c compiler flags:    mpicc -I/p/lustre2/ather1/hdf5-1.14.4-3/install/include -DH5_USE_18_API -ggdb -c -O2 -Wuninitialized -D_FORTIFY_SOURCE=2 -DMAXBLOCKS=200 -DNXB=32 -DNYB=32 -DNZB=32 -DN_DIM=3
 ==============================================================================
 Comment:  Sedov explosion
 ==============================================================================
 FLASH Units used:
   Driver/DriverMain/Unsplit
   Grid/GridBoundaryConditions
   Grid/GridMain/AMR/Paramesh4/PM4_package/flash_avoid_orrery
   Grid/GridMain/AMR/Paramesh4/PM4_package/headers
   Grid/GridMain/AMR/Paramesh4/PM4_package/source
   Grid/GridMain/AMR/Paramesh4/PM4_package/utilities/multigrid
   Grid/GridMain/AMR/Paramesh4/interpolation/prolong
   Grid/GridMain/AMR/Paramesh4/levelFlux
   Grid/localAPI
   IO/IOMain/hdf5/parallel/PM
   IO/localAPI
   PhysicalConstants/PhysicalConstantsMain
   RuntimeParameters/RuntimeParametersMain
   Simulation/SimulationMain/Sedov
   TimeAdvance/TimeAdvanceMain/StrangSplit
   flashUtilities/contiguousConversion
   flashUtilities/general
   flashUtilities/interpolation/oneDim
   flashUtilities/nameValueLL
   flashUtilities/sorting/quicksort
   flashUtilities/system/memoryUsage/legacy
   monitors/Logfile/LogfileMain
   monitors/Timers/TimersMain/MPINative
   physics/Eos/EosMain/Gamma
   physics/Hydro/HydroMain/unsplit/OnlyHydro
   physics/Hydro/HydroMain/unsplit/levelFlux
   physics/Hydro/localAPI
 ==============================================================================
 RuntimeParameters:
                                                                               
 ==============================================================================
bndpriorityone              =          1
bndprioritythree            =          3
bndprioritytwo              =          2
checkpointfileintervalstep  =         10 [CHANGED]
checkpointfilenumber        =          0
dr_abortpause               =          2
dr_dtminbelowaction         =          1
drift_break_inst            =          0
drift_trunc_mantissa        =          2
drift_verbose_inst          =          0
eos_entrelescalechoice      =          6
eos_loglevel                =        700
fileformatversion           =          9
forcedplotfilenumber        =          0
gr_lrefmaxtimevalue_1       =         -1
gr_lrefmaxtimevalue_10      =         -1
gr_lrefmaxtimevalue_11      =         -1
gr_lrefmaxtimevalue_12      =         -1
gr_lrefmaxtimevalue_13      =         -1
gr_lrefmaxtimevalue_14      =         -1
gr_lrefmaxtimevalue_15      =         -1
gr_lrefmaxtimevalue_16      =         -1
gr_lrefmaxtimevalue_17      =         -1
gr_lrefmaxtimevalue_18      =         -1
gr_lrefmaxtimevalue_19      =         -1
gr_lrefmaxtimevalue_2       =         -1
gr_lrefmaxtimevalue_20      =         -1
gr_lrefmaxtimevalue_3       =         -1
gr_lrefmaxtimevalue_4       =         -1
gr_lrefmaxtimevalue_5       =         -1
gr_lrefmaxtimevalue_6       =         -1
gr_lrefmaxtimevalue_7       =         -1
gr_lrefmaxtimevalue_8       =         -1
gr_lrefmaxtimevalue_9       =         -1
gr_pmrpdivergencefree       =         -1
gr_pmrpifaceoff             =          0
gr_pmrpl2p5d                =          0
gr_pmrpmaxblocks            =         -1
gr_pmrpmflags               =          1
gr_pmrpnboundaries          =          6
gr_pmrpndim                 =          3
gr_pmrpnedgevar1            =         -1
gr_pmrpnfacevar             =         -1
gr_pmrpnfielddivf           =         -1
gr_pmrpnfluxvar             =         -1
gr_pmrpnguard               =         -1
gr_pmrpnguardwork           =         -1
gr_pmrpnvar                 =         -1
gr_pmrpnvarwork             =          1
gr_pmrpnvarcorn             =          0
gr_pmrpnvaredge             =          0
gr_pmrpnxb                  =         -1
gr_pmrpnyb                  =         -1
gr_pmrpnzb                  =         -1
gr_restrictallmethod        =          3
gr_sanitizedatamode         =          1
gr_sanitizeverbosity        =          5
gr_tilesizex                =         32
gr_tilesizey                =         32
gr_tilesizez                =         32
hy_3torder                  =         -1
hydrocomputedtoption        =         -1
iprocs                      =          1
interpol_order              =          2
irenorm                     =          0
jprocs                      =          1
kprocs                      =          1
lrefine_del                 =          0
lrefine_max                 =          6 [CHANGED]
lrefine_min                 =          1
lrefine_min_init            =          1
max_particles_per_blk       =        100
memory_stat_freq            =     100000
meshcopycount               =          1
min_particles_per_blk       =          1
nbegin                      =          1
nblockx                     =         16 [CHANGED]
nblocky                     =         16 [CHANGED]
nblockz                     =         16 [CHANGED]
nend                        =         60 [CHANGED]
nrefs                       =          2
nsteptotalsts               =          5
order                       =          3 [CHANGED]
outputsplitnum              =          1
plotfileintervalstep        =          0
plotfilenumber              =          0
refine_var_count            =          4
rolling_checkpoint          =      10000
sim_centerrefinelevel       =          1
sim_integralslevel          =         -1
sim_nsubzones               =          7
sweeporder                  =        123
transorder                  =          1
wr_integrals_freq           =          1
limitedslopebeta            =                 0.100E+01
cfl                         =                 0.800E+00
checkpointfileintervaltime  =                 0.000E+00 [CHANGED]
checkpointfileintervalz     =                 0.180+309
cvisc                       =                 0.100E+00
derefine_cutoff_1           =                 0.200E+00
derefine_cutoff_2           =                 0.200E+00
derefine_cutoff_3           =                 0.200E+00
derefine_cutoff_4           =                 0.200E+00
dr_dtmincontinue            =                 0.000E+00
dr_tstepslowstartfactor     =                 0.100E+00
dtinit                      =                 0.100E-09
dtmax                       =                 0.100E+06
dtmin                       =                 0.100E-09
eintswitch                  =                 0.100E-03 [CHANGED]
eos_singlespeciesa          =                 0.100E+01
eos_singlespeciesz          =                 0.100E+01
gamma                       =                 0.140E+01 [CHANGED]
gr_btworkchildscaling       =                 0.100E+01
gr_btworkdefaultleaf        =                 0.200E+01
gr_btworkdefaultpar         =                 0.100E+01
gr_btworklbleaf             =                 0.000E+00
gr_btworklbpar              =                 0.000E+00
gr_btworkubleaf             =                 0.100E+07
gr_btworkubpar              =                 0.100E+07
gr_lrefinemaxredlogbase     =                 0.100E+02
gr_lrefinemaxredradiusfact  =                 0.000E+00
gr_lrefinemaxredtref        =                 0.000E+00
gr_lrefinemaxredtimescale   =                 0.100E+01
gr_lrefmaxtime_1            =                -0.100E+01
gr_lrefmaxtime_10           =                -0.100E+01
gr_lrefmaxtime_11           =                -0.100E+01
gr_lrefmaxtime_12           =                -0.100E+01
gr_lrefmaxtime_13           =                -0.100E+01
gr_lrefmaxtime_14           =                -0.100E+01
gr_lrefmaxtime_15           =                -0.100E+01
gr_lrefmaxtime_16           =                -0.100E+01
gr_lrefmaxtime_17           =                -0.100E+01
gr_lrefmaxtime_18           =                -0.100E+01
gr_lrefmaxtime_19           =                -0.100E+01
gr_lrefmaxtime_2            =                -0.100E+01
gr_lrefmaxtime_20           =                -0.100E+01
gr_lrefmaxtime_3            =                -0.100E+01
gr_lrefmaxtime_4            =                -0.100E+01
gr_lrefmaxtime_5            =                -0.100E+01
gr_lrefmaxtime_6            =                -0.100E+01
gr_lrefmaxtime_7            =                -0.100E+01
gr_lrefmaxtime_8            =                -0.100E+01
gr_lrefmaxtime_9            =                -0.100E+01
hy_cflfallbackfactor        =                 0.900E+00
hy_fpresinmomflux           =                 0.100E+01
hybridorderkappa            =                 0.000E+00
nusts                       =                 0.200E+00 [CHANGED]
plotfileintervaltime        =                 0.000E+00 [CHANGED]
plotfileintervalz           =                 0.180+309
radiusgp                    =                 0.200E+01
refine_cutoff_1             =                 0.800E+00
refine_cutoff_2             =                 0.800E+00
refine_cutoff_3             =                 0.800E+00
refine_cutoff_4             =                 0.800E+00
refine_filter_1             =                 0.100E-01
refine_filter_2             =                 0.100E-01
refine_filter_3             =                 0.100E-01
refine_filter_4             =                 0.100E-01
rss_limit                   =                -0.100E+01
sigmagp                     =                 0.300E+01
sim_derefineradius          =                 0.000E+00
sim_earliestlstime          =                 0.000E+00
sim_expenergy               =                 0.100E+01
sim_largestnormradius       =                 0.180+309
sim_latestlstime            =                 0.180+309
sim_minrhoinit              =                 0.100E-19
sim_pambient                =                 0.100E-04
sim_rinit                   =                 0.137E-01 [CHANGED]
sim_rhoambient              =                 0.100E+01
sim_smallestnormradius      =                 0.000E+00
sim_xctr                    =                 0.500E+00
sim_yctr                    =                 0.500E+00
sim_zctr                    =                 0.500E+00
small                       =                 0.100E-09
smalle                      =                 0.100E-09
smallp                      =                 0.100E-09
smallt                      =                 0.100E-09
smallu                      =                 0.100E-09
smallx                      =                 0.100E-09
smlrho                      =                 0.100E-09
tinitial                    =                 0.000E+00
tiny                        =                 0.100E-15
tmax                        =                 0.500E+06 [CHANGED]
tstep_change_factor         =                 0.200E+01
wall_clock_checkpoint       =                 0.432E+05
wall_clock_time_limit       =                 0.605E+06
x_refine_center             =                 0.000E+00
xmax                        =                 0.100E+01
xmin                        =                 0.000E+00
y_refine_center             =                 0.000E+00
ymax                        =                 0.100E+01
ymin                        =                 0.000E+00
zfinal                      =                 0.000E+00
zinitial                    =                -0.100E+01
z_refine_center             =                 0.000E+00
zmax                        =                 0.100E+01
zmin                        =                 0.000E+00
riemannsolver               = Roe                            [CHANGED]
unitsystem                  = none                          
basenm                      = sedov_                         [CHANGED]
entropyfixmethod            = HARTENHYMAN                   
eosmode                     = dens_ie                       
eosmodeinit                 = dens_ie                       
geometry                    = cartesian                     
gr_pmrpoutputdir            = ./                            
grav_boundary_type          = isolated                      
hy_eosmodegc                = see eosMode                   
log_file                    = sedov.log                      [CHANGED]
output_directory            =                               
pc_unitsbase                = CGS                           
plot_grid_var_1             = none                          
plot_grid_var_10            = none                          
plot_grid_var_11            = none                          
plot_grid_var_12            = none                          
plot_grid_var_13            = none                          
plot_grid_var_14            = none                          
plot_grid_var_15            = none                          
plot_grid_var_16            = none                          
plot_grid_var_17            = none                          
plot_grid_var_18            = none                          
plot_grid_var_19            = none                          
plot_grid_var_2             = none                          
plot_grid_var_20            = none                          
plot_grid_var_21            = none                          
plot_grid_var_22            = none                          
plot_grid_var_23            = none                          
plot_grid_var_24            = none                          
plot_grid_var_25            = none                          
plot_grid_var_26            = none                          
plot_grid_var_27            = none                          
plot_grid_var_28            = none                          
plot_grid_var_29            = none                          
plot_grid_var_3             = none                          
plot_grid_var_30            = none                          
plot_grid_var_31            = none                          
plot_grid_var_32            = none                          
plot_grid_var_33            = none                          
plot_grid_var_34            = none                          
plot_grid_var_35            = none                          
plot_grid_var_36            = none                          
plot_grid_var_37            = none                          
plot_grid_var_38            = none                          
plot_grid_var_39            = none                          
plot_grid_var_4             = none                          
plot_grid_var_40            = none                          
plot_grid_var_41            = none                          
plot_grid_var_42            = none                          
plot_grid_var_43            = none                          
plot_grid_var_44            = none                          
plot_grid_var_45            = none                          
plot_grid_var_46            = none                          
plot_grid_var_47            = none                          
plot_grid_var_48            = none                          
plot_grid_var_49            = none                          
plot_grid_var_5             = none                          
plot_grid_var_50            = none                          
plot_grid_var_51            = none                          
plot_grid_var_52            = none                          
plot_grid_var_53            = none                          
plot_grid_var_54            = none                          
plot_grid_var_55            = none                          
plot_grid_var_56            = none                          
plot_grid_var_57            = none                          
plot_grid_var_58            = none                          
plot_grid_var_59            = none                          
plot_grid_var_6             = none                          
plot_grid_var_60            = none                          
plot_grid_var_61            = none                          
plot_grid_var_62            = none                          
plot_grid_var_63            = none                          
plot_grid_var_64            = none                          
plot_grid_var_65            = none                          
plot_grid_var_66            = none                          
plot_grid_var_67            = none                          
plot_grid_var_68            = none                          
plot_grid_var_69            = none                          
plot_grid_var_7             = none                          
plot_grid_var_70            = none                          
plot_grid_var_71            = none                          
plot_grid_var_72            = none                          
plot_grid_var_73            = none                          
plot_grid_var_74            = none                          
plot_grid_var_75            = none                          
plot_grid_var_76            = none                          
plot_grid_var_77            = none                          
plot_grid_var_78            = none                          
plot_grid_var_8             = none                          
plot_grid_var_9             = none                          
plot_var_1                  = dens                           [CHANGED]
plot_var_10                 = none                          
plot_var_11                 = none                          
plot_var_12                 = none                          
plot_var_13                 = none                          
plot_var_14                 = none                          
plot_var_15                 = none                          
plot_var_16                 = none                          
plot_var_17                 = none                          
plot_var_18                 = none                          
plot_var_2                  = pres                           [CHANGED]
plot_var_3                  = temp                           [CHANGED]
plot_var_4                  = none                          
plot_var_5                  = none                          
plot_var_6                  = none                          
plot_var_7                  = none                          
plot_var_8                  = none                          
plot_var_9                  = none                          
prof_file                   = profile.dat                   
refine_var_1                = dens                           [CHANGED]
refine_var_2                = pres                           [CHANGED]
refine_var_3                = none                          
refine_var_4                = none                          
run_comment                 = Sedov explosion                [CHANGED]
run_number                  = 1                             
sim_proffilename            = /dev/null                      [CHANGED]
slopelimiter                = mc                             [CHANGED]
stats_file                  = flashx.dat                    
wenomethod                  = WENO5                         
xl_boundary_type            = outflow                        [CHANGED]
xr_boundary_type            = outflow                        [CHANGED]
yl_boundary_type            = outflow                        [CHANGED]
yr_boundary_type            = outflow                        [CHANGED]
zl_boundary_type            = outflow                        [CHANGED]
zr_boundary_type            = outflow                        [CHANGED]
csvsummaryallprocs          =  F
eosforriemann               =  F
logsummaryallprocs          =  F
addthermalflux              =  T
allowdtstsdominate          =  F
alwayscomputeuservars       =  T
alwaysrestrictcheckpoint    =  T
charlimiting                =  T
chkguardcellsinput          =  F
chkguardcellsoutput         =  F
conserveangmom              =  F
converttoconsvdformeshcalls =  F
converttoconsvdinmeshinterp =  T
corners                     =  F
dr_printtsteploc            =  T
dr_shortenlaststepbeforetmax =  F
drift_tuples                =  F
eachprocwritesownabortlog   =  F
eachprocwritessummary       =  F
earlyblockdistadjustment    =  T
enablemaskedgcfill          =  F
entropy                     =  F
flux_correct                =  T
flux_correct_perlevel       =  F
geometryoverride            =  F
gr_bcenableapplymixedgds    =  T
gr_bndgcfillneedsprimitivevars =  T
gr_btcustomwork             =  F
gr_btexchangework           =  F
gr_btsortbywork             =  T
gr_enabletiling             =  F
gr_lrefinemaxbytime         =  F
gr_lrefinemaxreddobylogr    =  F
gr_lrefinemaxreddobytime    =  F
gr_pmrpadvancealllevels     =  F
gr_pmrpamrerrorchecking     =  F
gr_pmrpcartesianpm          =  F
gr_pmrpconserve             =  F
gr_pmrpconsvfluxdensities   =  T
gr_pmrpconsvfluxes          =  F
gr_pmrpcurvilinear          =  F
gr_pmrpcurvilinearconserve  =  F
gr_pmrpcylindricalpm        =  F
gr_pmrpdiagonals            =  T
gr_pmrpedgevalue            =  T
gr_pmrpedgevalueinteg       =  F
gr_pmrpemptycells           =  F
gr_pmrpforceconsistency     =  T
gr_pmrplsingularline        =  F
gr_pmrpnopermanentguardcells =  F
gr_pmrppolarpm              =  F
gr_pmrppredcorr             =  F
gr_pmrpsphericalpm          =  F
gr_pmrptimingmpi            =  F
gr_pmrptimingmpix           =  F
gr_pmrpvardt                =  F
gr_usetiling                =  F
hy_fallbacklowercfl         =  F
hy_fullspecmsfluxhandling   =  T
hy_usetiling                =  F
ignoreforcedplot            =  F
io_writemscalarintegrals    =  F
plotfilegridquantitydp      =  F
plotfilemetadatadp          =  F
reducegcellfills            =  F
refine_on_particle_count    =  F
restart                     =  F
shockdetect                 =  F
shocklowercfl               =  F
sim_bcsetbdryvar            =  F
sim_forcecenterderefine     =  F
sim_onelevelintegralsonly   =  F
summaryoutputonly           =  F
threadblocklistbuild        =  F
threaddelepblocklist        =  F
threaddelepwithinblock      =  F
threaddriverblocklist       =  F
threaddriverwithinblock     =  F
threadeoswithinblock        =  F
threadhydroblocklist        =  F
threadhydrowithinblock      =  F
threadraytracebuild         =  F
threadwithinblockbuild      =  F
tmr_suppressinparallel      =  F
typematchedxfer             =  T
unbiased_geometry           =  F
updatehydrofluxes           =  T
useburn                     =  F
usecollectivehdf5           =  T
usedeleptonize              =  F
usegravity                  =  F
useheatad                   =  F
useheater                   =  F
usehydro                    =  T
useimbound                  =  F
useincompns                 =  F
useinlet                    =  F
uselegacylabels             =  T
usemultiphase               =  F
useorchestration            =  F
useoutlet                   =  F
useparticles                =  F
useradtrans                 =  F
usests                      =  F
usestsfordiffusion          =  F
usesolidmechanics           =  F
use_3dfullctu               =  T
use_auxeinteqn              =  T
use_avisc                   =  T [CHANGED]
use_cma_advection           =  F
use_cma_flattening          =  F
use_flash_surr_blks_fill    =  T
use_flattening              =  F
use_gravhalfupdate          =  T
use_hybridorder             =  F
use_reduced_orrery          =  T
use_steepening              =  F
use_upwindtvd               =  F
writestatsummary            =  T
                                                                               
 ==============================================================================
                                                                               
 Known units of measurement:
                                                                               
              Unit                          CGS Value                Base Unit
  1                  cm                     1.0000                           cm
  2                   s                     1.0000                            s
  3                   g                     1.0000                            g
  4                   K                     1.0000                            K
  5                 esu                     1.0000                          esu
  6                 mol                     1.0000                          mol
  7                   m                     100.00                           cm
  8                  km                    1.00000E+05                       cm
  9                  pc                    3.08568E+18                       cm
 10                 kpc                    3.08568E+21                       cm
 11                 Mpc                    3.08568E+24                       cm
 12                 Gpc                    3.08568E+27                       cm
 13                Rsun                    6.96000E+10                       cm
 14                  AU                    1.49598E+13                       cm
 15                  yr                    3.15569E+07                        s
 16                 Myr                    3.15569E+13                        s
 17                 Gyr                    3.15569E+16                        s
 18                  kg                     1000.0                            g
 19                Msun                    1.98892E+33                        g
 20                 amu                    1.66054E-24                        g
 21                  eV                     11605.                            K
 22                   C                    2.99792E+09                      esu
 23                LFLY                    3.08568E+24                       cm
 24                TFLY                    2.05759E+17                        s
 25                MFLY                    9.88470E+45                        g
 26            clLength                    3.08568E+24                       cm
 27              clTime                    3.15569E+16                        s
 28              clMass                    1.98892E+48                        g
 29              clTemp                    1.16045E+07                        K
-----------End of Units--------------------
                                                                               
 Known physical constants:
                                                                               
    Constant Name       Constant Value   cm       s        g        K        esu      mol
  1              Newton    6.67408E-08   3.0     -2.0     -1.0      0.0      0.0      0.0    
  2      speed of light    2.99792E+10   1.0     -1.0      0.0      0.0      0.0      0.0    
  3              Planck    6.62607E-27   2.0     -1.0      1.0      0.0      0.0      0.0    
  4     electron charge    4.80320E-10   0.0      0.0      0.0      0.0      1.0      0.0    
  5       electron mass    9.10938E-28   0.0      0.0      1.0      0.0      0.0      0.0    
  6         proton mass    1.67262E-24   0.0      0.0      1.0      0.0      0.0      0.0    
  7      fine-structure    7.29735E-03   0.0      0.0      0.0      0.0      0.0      0.0    
  8            Avogadro    6.02214E+23   0.0      0.0      0.0      0.0      0.0     -1.0    
  9           Boltzmann    1.38065E-16   2.0     -2.0      1.0     -1.0      0.0      0.0    
 10  ideal gas constant    8.31446E+07   2.0     -2.0      1.0     -1.0      0.0     -1.0    
 11                Wien    0.28978       1.0      0.0      0.0      1.0      0.0      0.0    
 12    Stefan-Boltzmann    5.67037E-05   0.0     -3.0      1.0     -4.0      0.0      0.0    
 13  Radiation Constant    7.56572E-15  -1.0     -2.0      1.0     -4.0      0.0      0.0    
 14                  pi     3.1416       0.0      0.0      0.0      0.0      0.0      0.0    
 15                   e     2.7183       0.0      0.0      0.0      0.0      0.0      0.0    
 16               Euler    0.57722       0.0      0.0      0.0      0.0      0.0      0.0    
 ==============================================================================
                                                                               
 Multifluid database: not configured in
                                                                               
 ==============================================================================
 [ 03-05-2025  12:16:49.373 ] [gr_initGeometry] checking BCs for idir: 1
 [ 03-05-2025  12:16:49.374 ] [gr_initGeometry] checking BCs for idir: 2
 [ 03-05-2025  12:16:49.375 ] [gr_initGeometry] checking BCs for idir: 3
 [ 03-05-2025  12:16:51.089 ] [GRID amr_refine_derefine]: initiating refinement
 [ 03-05-2025  12:16:51.091 ] [GRID amr_refine_derefine]: redist. phase.  tot blks requested: 4096
 [GRID amr_refine_derefine] min blks 4    max blks 5    tot blks 4096
 [GRID amr_refine_derefine] min leaf blks 4    max leaf blks 5    tot leaf blks 4096
 [ 03-05-2025  12:16:51.276 ] [GRID amr_refine_derefine]: refinement complete
 [ 03-05-2025  12:16:51.371 ] [GRID gr_expandDomain]: iteration=1, create level=2
 INFO: Grid_fillGuardCells is ignoring masking.
 [ 03-05-2025  12:16:56.528 ] [mpi_amr_comm_setup]: buffer_dim_send=3349693, buffer_dim_recv=2207173
 [ 03-05-2025  12:16:57.330 ] [GRID amr_refine_derefine]: initiating refinement
 [ 03-05-2025  12:16:57.341 ] [GRID amr_refine_derefine]: redist. phase.  tot blks requested: 4160
 [GRID amr_refine_derefine] min blks 4    max blks 5    tot blks 4160
 [GRID amr_refine_derefine] min leaf blks 4    max leaf blks 5    tot leaf blks 4152
 [ 03-05-2025  12:16:57.464 ] [GRID amr_refine_derefine]: refinement complete
 [ 03-05-2025  12:16:57.473 ] [GRID gr_expandDomain]: iteration=2, create level=3
 [ 03-05-2025  12:17:03.329 ] [GRID amr_refine_derefine]: initiating refinement
 [ 03-05-2025  12:17:03.342 ] [GRID amr_refine_derefine]: redist. phase.  tot blks requested: 4224
 [GRID amr_refine_derefine] min blks 4    max blks 6    tot blks 4224
 [GRID amr_refine_derefine] min leaf blks 3    max leaf blks 5    tot leaf blks 4208
 [ 03-05-2025  12:17:03.460 ] [GRID amr_refine_derefine]: refinement complete
 [ 03-05-2025  12:17:03.468 ] [GRID gr_expandDomain]: iteration=3, create level=4
 [ 03-05-2025  12:17:08.636 ] [mpi_amr_comm_setup]: buffer_dim_send=3423553, buffer_dim_recv=2207173
 [ 03-05-2025  12:17:09.324 ] [GRID amr_refine_derefine]: initiating refinement
 [ 03-05-2025  12:17:09.334 ] [GRID amr_refine_derefine]: redist. phase.  tot blks requested: 4288
 [GRID amr_refine_derefine] min blks 4    max blks 6    tot blks 4288
 [GRID amr_refine_derefine] min leaf blks 3    max leaf blks 5    tot leaf blks 4264
 [ 03-05-2025  12:17:09.449 ] [GRID amr_refine_derefine]: refinement complete
 [ 03-05-2025  12:17:09.457 ] [GRID gr_expandDomain]: iteration=4, create level=5
 [ 03-05-2025  12:17:14.620 ] [mpi_amr_comm_setup]: buffer_dim_send=3422269, buffer_dim_recv=2207173
 [ 03-05-2025  12:17:15.344 ] [GRID amr_refine_derefine]: initiating refinement
 [ 03-05-2025  12:17:15.358 ] [GRID amr_refine_derefine]: redist. phase.  tot blks requested: 6144
 [GRID amr_refine_derefine] min blks 6    max blks 9    tot blks 6144
 [GRID amr_refine_derefine] min leaf blks 5    max leaf blks 7    tot leaf blks 5888
 [ 03-05-2025  12:17:15.494 ] [GRID amr_refine_derefine]: refinement complete
 [ 03-05-2025  12:17:15.504 ] [GRID gr_expandDomain]: iteration=5, create level=6
 [ 03-05-2025  12:17:22.750 ] [mpi_amr_comm_setup]: buffer_dim_send=2974177, buffer_dim_recv=2540365
 [ 03-05-2025  12:17:23.748 ] [GRID amr_refine_derefine]: initiating refinement
 [ 03-05-2025  12:17:23.759 ] [GRID amr_refine_derefine]: redist. phase.  tot blks requested: 9152
 [GRID amr_refine_derefine] min blks 9    max blks 12    tot blks 9152
 [GRID amr_refine_derefine] min leaf blks 7    max leaf blks 10    tot leaf blks 8520
 [ 03-05-2025  12:17:23.951 ] [GRID amr_refine_derefine]: refinement complete
 [ 03-05-2025  12:17:23.960 ] [GRID gr_expandDomain]: iteration=6, create level=6
 [ 03-05-2025  12:17:34.353 ] [mpi_amr_comm_setup]: buffer_dim_send=4843741, buffer_dim_recv=2669029
 [ 03-05-2025  12:17:35.487 ] [GRID gr_expandDomain]: iteration=7, create level=6
 [ 03-05-2025  12:17:47.015 ] [GRID gr_expandDomain]: iteration=8, create level=6
 [ 03-05-2025  12:17:58.417 ] memory: /proc vsize    (MB):     4596.92 (min)       4799.05 (max)       4731.30 (avg)
 [ 03-05-2025  12:17:58.419 ] memory: /proc rss      (MB):     1840.50 (min)       1930.46 (max)       1894.68 (avg)
 [ 03-05-2025  12:17:58.421 ] memory: /proc vsize    (MB):     4596.92 (min)       4799.05 (max)       4731.30 (avg)
 [ 03-05-2025  12:17:58.424 ] memory: /proc rss      (MB):     1840.50 (min)       1930.46 (max)       1894.68 (avg)
 [ 03-05-2025  12:17:58.443 ] memory: /proc vsize    (MB):     4596.92 (min)       4799.05 (max)       4731.30 (avg)
 [ 03-05-2025  12:17:58.447 ] memory: /proc rss      (MB):     1840.50 (min)       1930.46 (max)       1894.68 (avg)
 [ 03-05-2025  12:18:02.084 ] [IO_writeCheckpoint] open: type=checkpoint name=sedov_hdf5_chk_0000
 [ 03-05-2025  12:18:10.334 ] [io_writeData]: wrote    9152          blocks
 [ 03-05-2025  12:18:10.385 ] [IO_writeCheckpoint] close: type=checkpoint name=sedov_hdf5_chk_0000
 [ 03-05-2025  12:18:10.458 ] [IO_writePlotfile] open: type=plotfile name=sedov_hdf5_plt_cnt_0000
 [ 03-05-2025  12:18:11.448 ] [io_writeData]: wrote    9152          blocks
 [ 03-05-2025  12:18:11.476 ] [IO_writePlotfile] close: type=plotfile name=sedov_hdf5_plt_cnt_0000
 [ 03-05-2025  12:18:11.482 ] memory: /proc vsize    (MB):     4616.34 (min)       5013.41 (max)       4740.80 (avg)
 [ 03-05-2025  12:18:11.486 ] memory: /proc rss      (MB):     1847.32 (min)       1937.57 (max)       1903.10 (avg)
 [ 03-05-2025  12:18:11.492 ] [Driver_evolveAll]: Entering evolution loop
 [ 03-05-2025  12:18:11.497 ] step: n=1 t=0.000000E+00 dt=1.000000E-10
 [ 03-05-2025  12:18:15.170 ] step: n=2 t=1.000000E-10 dt=2.000000E-10
 [ 03-05-2025  12:18:21.395 ] step: n=3 t=3.000000E-10 dt=4.000000E-10
 [ 03-05-2025  12:18:25.061 ] step: n=4 t=7.000000E-10 dt=8.000000E-10
 [ 03-05-2025  12:18:31.288 ] step: n=5 t=1.500000E-09 dt=1.600000E-09
 [ 03-05-2025  12:18:34.961 ] step: n=6 t=3.100000E-09 dt=3.200000E-09
 [ 03-05-2025  12:18:41.207 ] step: n=7 t=6.300000E-09 dt=6.400000E-09
 [ 03-05-2025  12:18:44.887 ] step: n=8 t=1.270000E-08 dt=1.280000E-08
 [ 03-05-2025  12:18:51.141 ] step: n=9 t=2.550000E-08 dt=2.560000E-08
 [ 03-05-2025  12:18:54.832 ] step: n=10 t=5.110000E-08 dt=5.120000E-08
 [ 03-05-2025  12:19:05.508 ] [IO_writeCheckpoint] open: type=checkpoint name=sedov_hdf5_chk_0001
 [ 03-05-2025  12:19:12.794 ] [io_writeData]: wrote    9152          blocks
 [ 03-05-2025  12:19:12.800 ] [IO_writeCheckpoint] close: type=checkpoint name=sedov_hdf5_chk_0001
 [ 03-05-2025  12:19:12.805 ] step: n=11 t=1.023000E-07 dt=1.024000E-07
 [ 03-05-2025  12:19:16.492 ] step: n=12 t=2.047000E-07 dt=2.011896E-07
 [ 03-05-2025  12:19:22.740 ] step: n=13 t=4.058896E-07 dt=1.856898E-07
 [ 03-05-2025  12:19:26.424 ] step: n=14 t=5.915794E-07 dt=1.729914E-07
 [ 03-05-2025  12:19:32.719 ] step: n=15 t=7.645708E-07 dt=1.642472E-07
 [ 03-05-2025  12:19:36.411 ] step: n=16 t=9.288179E-07 dt=1.580871E-07
 [ 03-05-2025  12:19:42.681 ] step: n=17 t=1.086905E-06 dt=1.534569E-07
 [ 03-05-2025  12:19:46.385 ] step: n=18 t=1.240362E-06 dt=1.499651E-07
 [ 03-05-2025  12:19:52.654 ] step: n=19 t=1.390327E-06 dt=1.474127E-07
 [ 03-05-2025  12:19:56.342 ] step: n=20 t=1.537740E-06 dt=1.456205E-07
 [ 03-05-2025  12:20:06.789 ] [IO_writeCheckpoint] open: type=checkpoint name=sedov_hdf5_chk_0002
 [ 03-05-2025  12:20:10.395 ] [io_writeData]: wrote    9152          blocks
 [ 03-05-2025  12:20:10.403 ] [IO_writeCheckpoint] close: type=checkpoint name=sedov_hdf5_chk_0002
 [ 03-05-2025  12:20:10.405 ] step: n=21 t=1.683360E-06 dt=1.444985E-07
 [ 03-05-2025  12:20:14.095 ] step: n=22 t=1.827859E-06 dt=1.441710E-07
 [ 03-05-2025  12:20:20.393 ] step: n=23 t=1.972030E-06 dt=1.441286E-07
 [ 03-05-2025  12:20:24.089 ] step: n=24 t=2.116158E-06 dt=1.441099E-07
 [ 03-05-2025  12:20:30.366 ] step: n=25 t=2.260268E-06 dt=1.441302E-07
 [ 03-05-2025  12:20:34.067 ] step: n=26 t=2.404398E-06 dt=1.442588E-07
 [ 03-05-2025  12:20:40.304 ] [GRID amr_refine_derefine]: initiating refinement
 [ 03-05-2025  12:20:40.315 ] [GRID amr_refine_derefine]: redist. phase.  tot blks requested: 9536
 [GRID amr_refine_derefine] min blks 10    max blks 13    tot blks 9536
 [GRID amr_refine_derefine] min leaf blks 8    max leaf blks 11    tot leaf blks 8856
 [ 03-05-2025  12:20:40.530 ] [GRID amr_refine_derefine]: refinement complete
 [ 03-05-2025  12:20:40.939 ] step: n=27 t=2.548657E-06 dt=1.444833E-07
 [ 03-05-2025  12:20:40.941 ] [mpi_amr_comm_setup]: buffer_dim_send=4300885, buffer_dim_recv=2669029
 [ 03-05-2025  12:20:44.757 ] step: n=28 t=2.693141E-06 dt=1.448057E-07
 [ 03-05-2025  12:20:51.252 ] step: n=29 t=2.837946E-06 dt=1.450172E-07
 [ 03-05-2025  12:20:55.066 ] step: n=30 t=2.982964E-06 dt=1.450055E-07
 [ 03-05-2025  12:21:06.064 ] [IO_writeCheckpoint] open: type=checkpoint name=sedov_hdf5_chk_0003
 [ 03-05-2025  12:21:09.732 ] [io_writeData]: wrote    9536          blocks
 [ 03-05-2025  12:21:09.747 ] [IO_writeCheckpoint] close: type=checkpoint name=sedov_hdf5_chk_0003
 [ 03-05-2025  12:21:09.750 ] step: n=31 t=3.127969E-06 dt=1.449474E-07
 [ 03-05-2025  12:21:13.572 ] step: n=32 t=3.272916E-06 dt=1.449259E-07
 [ 03-05-2025  12:21:20.141 ] step: n=33 t=3.417842E-06 dt=1.447113E-07
 [ 03-05-2025  12:21:23.954 ] step: n=34 t=3.562554E-06 dt=1.446418E-07
 [ 03-05-2025  12:21:30.520 ] step: n=35 t=3.707195E-06 dt=1.446455E-07
 [ 03-05-2025  12:21:34.334 ] step: n=36 t=3.851841E-06 dt=1.446573E-07
 [ 03-05-2025  12:21:40.899 ] step: n=37 t=3.996498E-06 dt=1.446767E-07
 [ 03-05-2025  12:21:44.710 ] step: n=38 t=4.141175E-06 dt=1.447318E-07
 [ 03-05-2025  12:21:51.272 ] step: n=39 t=4.285907E-06 dt=1.447598E-07
 [ 03-05-2025  12:21:55.085 ] step: n=40 t=4.430666E-06 dt=1.447127E-07
 [ 03-05-2025  12:22:06.103 ] [IO_writeCheckpoint] open: type=checkpoint name=sedov_hdf5_chk_0004
 [ 03-05-2025  12:22:09.724 ] [io_writeData]: wrote    9536          blocks
 [ 03-05-2025  12:22:09.733 ] [IO_writeCheckpoint] close: type=checkpoint name=sedov_hdf5_chk_0004
 [ 03-05-2025  12:22:09.738 ] step: n=41 t=4.575379E-06 dt=1.446812E-07
 [ 03-05-2025  12:22:13.562 ] step: n=42 t=4.720060E-06 dt=1.446456E-07
 [ 03-05-2025  12:22:20.136 ] step: n=43 t=4.864706E-06 dt=1.446294E-07
 [ 03-05-2025  12:22:23.949 ] step: n=44 t=5.009335E-06 dt=1.446250E-07
 [ 03-05-2025  12:22:30.512 ] step: n=45 t=5.153960E-06 dt=1.445216E-07
 [ 03-05-2025  12:22:34.324 ] step: n=46 t=5.298482E-06 dt=1.444823E-07
 [ 03-05-2025  12:22:40.811 ] step: n=47 t=5.442964E-06 dt=1.444551E-07
 [ 03-05-2025  12:22:44.621 ] step: n=48 t=5.587419E-06 dt=1.444288E-07
 [ 03-05-2025  12:22:51.199 ] step: n=49 t=5.731848E-06 dt=1.444159E-07
 [ 03-05-2025  12:22:55.015 ] step: n=50 t=5.876264E-06 dt=1.444089E-07
 [ 03-05-2025  12:23:06.138 ] [IO_writeCheckpoint] open: type=checkpoint name=sedov_hdf5_chk_0005
 [ 03-05-2025  12:23:09.895 ] [io_writeData]: wrote    9536          blocks
 [ 03-05-2025  12:23:09.901 ] [IO_writeCheckpoint] close: type=checkpoint name=sedov_hdf5_chk_0005
 [ 03-05-2025  12:23:09.903 ] step: n=51 t=6.020673E-06 dt=1.443103E-07
 [ 03-05-2025  12:23:13.728 ] step: n=52 t=6.164983E-06 dt=1.442630E-07
 [ 03-05-2025  12:23:20.294 ] step: n=53 t=6.309246E-06 dt=1.442278E-07
 [ 03-05-2025  12:23:24.107 ] step: n=54 t=6.453474E-06 dt=1.441955E-07
 [ 03-05-2025  12:23:30.656 ] step: n=55 t=6.597670E-06 dt=1.441758E-07
 [ 03-05-2025  12:23:34.460 ] step: n=56 t=6.741845E-06 dt=1.441499E-07
 [ 03-05-2025  12:23:41.021 ] step: n=57 t=6.885995E-06 dt=1.440523E-07
 [ 03-05-2025  12:23:44.839 ] step: n=58 t=7.030048E-06 dt=1.439965E-07
 [ 03-05-2025  12:23:51.390 ] step: n=59 t=7.174044E-06 dt=1.439601E-07
 [ 03-05-2025  12:23:55.194 ] step: n=60 t=7.318004E-06 dt=1.439284E-07
 [ 03-05-2025  12:24:06.278 ] [IO_writeCheckpoint] open: type=checkpoint name=sedov_hdf5_chk_0006
 [ 03-05-2025  12:24:10.105 ] [io_writeData]: wrote    9536          blocks
 [ 03-05-2025  12:24:10.112 ] [IO_writeCheckpoint] close: type=checkpoint name=sedov_hdf5_chk_0006
 [ 03-05-2025  12:24:10.114 ] [Driver_evolveAll]: Exiting evolution loop
 [ 03-05-2025  12:24:10.247 ] [IO_writePlotfile] open: type=plotfile name=sedov_forced_hdf5_plt_cnt_0000
 [ 03-05-2025  12:24:13.618 ] [io_writeData]: wrote    9536          blocks
 [ 03-05-2025  12:24:13.754 ] [IO_writePlotfile] close: type=plotfile name=sedov_forced_hdf5_plt_cnt_0000
 [ 03-05-2025  12:24:13.825 ] memory: /proc vsize    (MB):     4628.01 (min)       5019.10 (max)       4779.10 (avg)
 [ 03-05-2025  12:24:13.869 ] memory: /proc rss      (MB):     1961.01 (min)       2063.27 (max)       2003.14 (avg)
 ==============================================================================
 perf_summary: code performance summary for process            0
                      beginning : 03-05-2025  12:16:49
                         ending : 03-05-2025  12:24:13
   seconds in monitoring period :              444.545
      number of evolution steps :                   60
 ------------------------------------------------------------------------------
 accounting unit                       time sec  num calls   secs avg  time pct
 ------------------------------------------------------------------------------
 initialization                         82.123      1          82.123    18.473
  eos                                    0.197      8           0.025     0.044
  guardcell internal                     2.578      7           0.368     0.580
   amr_guardcell                         2.446      7           0.349     0.550
   eos gc                                0.000      7           0.000     0.000
  writeCheckpoint                       11.921      1          11.921     2.682
   restrictAll                           3.229      1           3.229     0.726
  writePlotfile                          1.087      1           1.087     0.245
 writePlotfile                           3.618      1           3.618     0.814
 evolution                             358.619      1         358.619    80.671
  Hydro                                167.284     60           2.788    37.630
   Head                                 37.068     60           0.618     8.338
    guardcell internal                  37.067     60           0.618     8.338
     amr_guardcell                      34.315     60           0.572     7.719
     eos gc                              0.002     60           0.000     0.000
   compute fluxes                      124.645     60           2.077    28.039
    hy_computeFluxes                   124.643    600           0.208    28.038
     RiemannState                      106.575    600           0.178    23.974
     getFaceFlux                        17.916    600           0.030     4.030
   conserveFluxes                        0.042     60           0.001     0.010
   update solution                       5.465     60           0.091     1.229
    update solution body                 5.464    600           0.009     1.229
     unsplitUpdate                       2.093    600           0.003     0.471
  sourceTerms                            0.000     60           0.000     0.000
  Particles_advance                      0.000     60           0.000     0.000
  Gravity potential                      0.000     60           0.000     0.000
  IO_output                            109.420    120           0.912    24.614
   diagnostics                          56.771    120           0.473    12.771
   checkpointing                        52.515      6           8.752    11.813
    writeCheckpoint                     52.504      6           8.751    11.811
     restrictAll                        21.881      6           3.647     4.922
  Grid_updateRefinement                 80.575     60           1.343    18.125
   eos                                   0.071      1           0.071     0.016
   tree                                 80.504     60           1.342    18.109
    markRefineDerefine                  21.386     30           0.713     4.811
     guardcell internal                 18.898     30           0.630     4.251
      amr_guardcell                     17.599     30           0.587     3.959
      eos gc                             0.001     30           0.000     0.000
    amr_refine_derefine                 57.977     30           1.933    13.042
    updateData                           0.000     30           0.000     0.000
   updateParticleRefinement              0.000      1           0.000     0.000
  Driver_computeDt                       1.102     60           0.018     0.248
 ==============================================================================
 [ 03-05-2025  12:24:14.061 ] [Timers_getSummary]: Not writing timer max/min/avg values because not all processors had same timers
 [ 03-05-2025  12:24:14.187 ] LOGFILE_END: FLASH run complete.
 FLASH log file:  03-05-2025  12:24:24.958    Run number:  1
 ==============================================================================
 Number of MPI tasks:                896
 MPI version:                          3
 MPI subversion:                       1
 Dimensionality:                       3
 Max Number of Blocks/Proc:          200
 Number x zones:                      32
 Number y zones:                      32
 Number z zones:                      32
 Setup stamp:     Fri Nov 1 14:03:57 2024
 Build stamp:     Fri Nov 1 14:04:23 2024
 System info:     Linux corona211 4.18.0-553.22.1.1toss.t4.x86_64 #1 SMP Tue Sep 24 16:50:00 PDT 2
 Version:         Flash-X 1.0 (heads/main-0-g6040ba49-dirty)                                      
 Build directory: /usr/workspace/ather1/Flash-X/sedov
 Setup syntax:    /usr/workspace/ather1/Flash-X/bin/setup.py Sedov -auto -3d -nxb=32 -nyb=32 -nzb=32 +parallelio -objdir=/usr/workspace/ather1/Flash-X/sedov
 f compiler flags: mpif90 -ggdb -c -O2 -fdefault-real-8 -fdefault-double-8 -Wuninitialized -fallow-argument-mismatch -fallow-argument-mismatch -DMAXBLOCKS=200 -DNXB=32 -DNYB=32 -DNZB=32 -DN_DIM=3
 c compiler flags:    mpicc -I/p/lustre2/ather1/hdf5-1.14.4-3/install/include -DH5_USE_18_API -ggdb -c -O2 -Wuninitialized -D_FORTIFY_SOURCE=2 -DMAXBLOCKS=200 -DNXB=32 -DNYB=32 -DNZB=32 -DN_DIM=3
 ==============================================================================
 Comment:  Sedov explosion
 ==============================================================================
 FLASH Units used:
   Driver/DriverMain/Unsplit
   Grid/GridBoundaryConditions
   Grid/GridMain/AMR/Paramesh4/PM4_package/flash_avoid_orrery
   Grid/GridMain/AMR/Paramesh4/PM4_package/headers
   Grid/GridMain/AMR/Paramesh4/PM4_package/source
   Grid/GridMain/AMR/Paramesh4/PM4_package/utilities/multigrid
   Grid/GridMain/AMR/Paramesh4/interpolation/prolong
   Grid/GridMain/AMR/Paramesh4/levelFlux
   Grid/localAPI
   IO/IOMain/hdf5/parallel/PM
   IO/localAPI
   PhysicalConstants/PhysicalConstantsMain
   RuntimeParameters/RuntimeParametersMain
   Simulation/SimulationMain/Sedov
   TimeAdvance/TimeAdvanceMain/StrangSplit
   flashUtilities/contiguousConversion
   flashUtilities/general
   flashUtilities/interpolation/oneDim
   flashUtilities/nameValueLL
   flashUtilities/sorting/quicksort
   flashUtilities/system/memoryUsage/legacy
   monitors/Logfile/LogfileMain
   monitors/Timers/TimersMain/MPINative
   physics/Eos/EosMain/Gamma
   physics/Hydro/HydroMain/unsplit/OnlyHydro
   physics/Hydro/HydroMain/unsplit/levelFlux
   physics/Hydro/localAPI
 ==============================================================================
 RuntimeParameters:
                                                                               
 ==============================================================================
bndpriorityone              =          1
bndprioritythree            =          3
bndprioritytwo              =          2
checkpointfileintervalstep  =         10 [CHANGED]
checkpointfilenumber        =          0
dr_abortpause               =          2
dr_dtminbelowaction         =          1
drift_break_inst            =          0
drift_trunc_mantissa        =          2
drift_verbose_inst          =          0
eos_entrelescalechoice      =          6
eos_loglevel                =        700
fileformatversion           =          9
forcedplotfilenumber        =          0
gr_lrefmaxtimevalue_1       =         -1
gr_lrefmaxtimevalue_10      =         -1
gr_lrefmaxtimevalue_11      =         -1
gr_lrefmaxtimevalue_12      =         -1
gr_lrefmaxtimevalue_13      =         -1
gr_lrefmaxtimevalue_14      =         -1
gr_lrefmaxtimevalue_15      =         -1
gr_lrefmaxtimevalue_16      =         -1
gr_lrefmaxtimevalue_17      =         -1
gr_lrefmaxtimevalue_18      =         -1
gr_lrefmaxtimevalue_19      =         -1
gr_lrefmaxtimevalue_2       =         -1
gr_lrefmaxtimevalue_20      =         -1
gr_lrefmaxtimevalue_3       =         -1
gr_lrefmaxtimevalue_4       =         -1
gr_lrefmaxtimevalue_5       =         -1
gr_lrefmaxtimevalue_6       =         -1
gr_lrefmaxtimevalue_7       =         -1
gr_lrefmaxtimevalue_8       =         -1
gr_lrefmaxtimevalue_9       =         -1
gr_pmrpdivergencefree       =         -1
gr_pmrpifaceoff             =          0
gr_pmrpl2p5d                =          0
gr_pmrpmaxblocks            =         -1
gr_pmrpmflags               =          1
gr_pmrpnboundaries          =          6
gr_pmrpndim                 =          3
gr_pmrpnedgevar1            =         -1
gr_pmrpnfacevar             =         -1
gr_pmrpnfielddivf           =         -1
gr_pmrpnfluxvar             =         -1
gr_pmrpnguard               =         -1
gr_pmrpnguardwork           =         -1
gr_pmrpnvar                 =         -1
gr_pmrpnvarwork             =          1
gr_pmrpnvarcorn             =          0
gr_pmrpnvaredge             =          0
gr_pmrpnxb                  =         -1
gr_pmrpnyb                  =         -1
gr_pmrpnzb                  =         -1
gr_restrictallmethod        =          3
gr_sanitizedatamode         =          1
gr_sanitizeverbosity        =          5
gr_tilesizex                =         32
gr_tilesizey                =         32
gr_tilesizez                =         32
hy_3torder                  =         -1
hydrocomputedtoption        =         -1
iprocs                      =          1
interpol_order              =          2
irenorm                     =          0
jprocs                      =          1
kprocs                      =          1
lrefine_del                 =          0
lrefine_max                 =          6 [CHANGED]
lrefine_min                 =          1
lrefine_min_init            =          1
max_particles_per_blk       =        100
memory_stat_freq            =     100000
meshcopycount               =          1
min_particles_per_blk       =          1
nbegin                      =          1
nblockx                     =         16 [CHANGED]
nblocky                     =         16 [CHANGED]
nblockz                     =         16 [CHANGED]
nend                        =         60 [CHANGED]
nrefs                       =          2
nsteptotalsts               =          5
order                       =          3 [CHANGED]
outputsplitnum              =          1
plotfileintervalstep        =          0
plotfilenumber              =          0
refine_var_count            =          4
rolling_checkpoint          =      10000
sim_centerrefinelevel       =          1
sim_integralslevel          =         -1
sim_nsubzones               =          7
sweeporder                  =        123
transorder                  =          1
wr_integrals_freq           =          1
limitedslopebeta            =                 0.100E+01
cfl                         =                 0.800E+00
checkpointfileintervaltime  =                 0.000E+00 [CHANGED]
checkpointfileintervalz     =                 0.180+309
cvisc                       =                 0.100E+00
derefine_cutoff_1           =                 0.200E+00
derefine_cutoff_2           =                 0.200E+00
derefine_cutoff_3           =                 0.200E+00
derefine_cutoff_4           =                 0.200E+00
dr_dtmincontinue            =                 0.000E+00
dr_tstepslowstartfactor     =                 0.100E+00
dtinit                      =                 0.100E-09
dtmax                       =                 0.100E+06
dtmin                       =                 0.100E-09
eintswitch                  =                 0.100E-03 [CHANGED]
eos_singlespeciesa          =                 0.100E+01
eos_singlespeciesz          =                 0.100E+01
gamma                       =                 0.140E+01 [CHANGED]
gr_btworkchildscaling       =                 0.100E+01
gr_btworkdefaultleaf        =                 0.200E+01
gr_btworkdefaultpar         =                 0.100E+01
gr_btworklbleaf             =                 0.000E+00
gr_btworklbpar              =                 0.000E+00
gr_btworkubleaf             =                 0.100E+07
gr_btworkubpar              =                 0.100E+07
gr_lrefinemaxredlogbase     =                 0.100E+02
gr_lrefinemaxredradiusfact  =                 0.000E+00
gr_lrefinemaxredtref        =                 0.000E+00
gr_lrefinemaxredtimescale   =                 0.100E+01
gr_lrefmaxtime_1            =                -0.100E+01
gr_lrefmaxtime_10           =                -0.100E+01
gr_lrefmaxtime_11           =                -0.100E+01
gr_lrefmaxtime_12           =                -0.100E+01
gr_lrefmaxtime_13           =                -0.100E+01
gr_lrefmaxtime_14           =                -0.100E+01
gr_lrefmaxtime_15           =                -0.100E+01
gr_lrefmaxtime_16           =                -0.100E+01
gr_lrefmaxtime_17           =                -0.100E+01
gr_lrefmaxtime_18           =                -0.100E+01
gr_lrefmaxtime_19           =                -0.100E+01
gr_lrefmaxtime_2            =                -0.100E+01
gr_lrefmaxtime_20           =                -0.100E+01
gr_lrefmaxtime_3            =                -0.100E+01
gr_lrefmaxtime_4            =                -0.100E+01
gr_lrefmaxtime_5            =                -0.100E+01
gr_lrefmaxtime_6            =                -0.100E+01
gr_lrefmaxtime_7            =                -0.100E+01
gr_lrefmaxtime_8            =                -0.100E+01
gr_lrefmaxtime_9            =                -0.100E+01
hy_cflfallbackfactor        =                 0.900E+00
hy_fpresinmomflux           =                 0.100E+01
hybridorderkappa            =                 0.000E+00
nusts                       =                 0.200E+00 [CHANGED]
plotfileintervaltime        =                 0.000E+00 [CHANGED]
plotfileintervalz           =                 0.180+309
radiusgp                    =                 0.200E+01
refine_cutoff_1             =                 0.800E+00
refine_cutoff_2             =                 0.800E+00
refine_cutoff_3             =                 0.800E+00
refine_cutoff_4             =                 0.800E+00
refine_filter_1             =                 0.100E-01
refine_filter_2             =                 0.100E-01
refine_filter_3             =                 0.100E-01
refine_filter_4             =                 0.100E-01
rss_limit                   =                -0.100E+01
sigmagp                     =                 0.300E+01
sim_derefineradius          =                 0.000E+00
sim_earliestlstime          =                 0.000E+00
sim_expenergy               =                 0.100E+01
sim_largestnormradius       =                 0.180+309
sim_latestlstime            =                 0.180+309
sim_minrhoinit              =                 0.100E-19
sim_pambient                =                 0.100E-04
sim_rinit                   =                 0.137E-01 [CHANGED]
sim_rhoambient              =                 0.100E+01
sim_smallestnormradius      =                 0.000E+00
sim_xctr                    =                 0.500E+00
sim_yctr                    =                 0.500E+00
sim_zctr                    =                 0.500E+00
small                       =                 0.100E-09
smalle                      =                 0.100E-09
smallp                      =                 0.100E-09
smallt                      =                 0.100E-09
smallu                      =                 0.100E-09
smallx                      =                 0.100E-09
smlrho                      =                 0.100E-09
tinitial                    =                 0.000E+00
tiny                        =                 0.100E-15
tmax                        =                 0.500E+06 [CHANGED]
tstep_change_factor         =                 0.200E+01
wall_clock_checkpoint       =                 0.432E+05
wall_clock_time_limit       =                 0.605E+06
x_refine_center             =                 0.000E+00
xmax                        =                 0.100E+01
xmin                        =                 0.000E+00
y_refine_center             =                 0.000E+00
ymax                        =                 0.100E+01
ymin                        =                 0.000E+00
zfinal                      =                 0.000E+00
zinitial                    =                -0.100E+01
z_refine_center             =                 0.000E+00
zmax                        =                 0.100E+01
zmin                        =                 0.000E+00
riemannsolver               = Roe                            [CHANGED]
unitsystem                  = none                          
basenm                      = sedov_                         [CHANGED]
entropyfixmethod            = HARTENHYMAN                   
eosmode                     = dens_ie                       
eosmodeinit                 = dens_ie                       
geometry                    = cartesian                     
gr_pmrpoutputdir            = ./                            
grav_boundary_type          = isolated                      
hy_eosmodegc                = see eosMode                   
log_file                    = sedov.log                      [CHANGED]
output_directory            =                               
pc_unitsbase                = CGS                           
plot_grid_var_1             = none                          
plot_grid_var_10            = none                          
plot_grid_var_11            = none                          
plot_grid_var_12            = none                          
plot_grid_var_13            = none                          
plot_grid_var_14            = none                          
plot_grid_var_15            = none                          
plot_grid_var_16            = none                          
plot_grid_var_17            = none                          
plot_grid_var_18            = none                          
plot_grid_var_19            = none                          
plot_grid_var_2             = none                          
plot_grid_var_20            = none                          
plot_grid_var_21            = none                          
plot_grid_var_22            = none                          
plot_grid_var_23            = none                          
plot_grid_var_24            = none                          
plot_grid_var_25            = none                          
plot_grid_var_26            = none                          
plot_grid_var_27            = none                          
plot_grid_var_28            = none                          
plot_grid_var_29            = none                          
plot_grid_var_3             = none                          
plot_grid_var_30            = none                          
plot_grid_var_31            = none                          
plot_grid_var_32            = none                          
plot_grid_var_33            = none                          
plot_grid_var_34            = none                          
plot_grid_var_35            = none                          
plot_grid_var_36            = none                          
plot_grid_var_37            = none                          
plot_grid_var_38            = none                          
plot_grid_var_39            = none                          
plot_grid_var_4             = none                          
plot_grid_var_40            = none                          
plot_grid_var_41            = none                          
plot_grid_var_42            = none                          
plot_grid_var_43            = none                          
plot_grid_var_44            = none                          
plot_grid_var_45            = none                          
plot_grid_var_46            = none                          
plot_grid_var_47            = none                          
plot_grid_var_48            = none                          
plot_grid_var_49            = none                          
plot_grid_var_5             = none                          
plot_grid_var_50            = none                          
plot_grid_var_51            = none                          
plot_grid_var_52            = none                          
plot_grid_var_53            = none                          
plot_grid_var_54            = none                          
plot_grid_var_55            = none                          
plot_grid_var_56            = none                          
plot_grid_var_57            = none                          
plot_grid_var_58            = none                          
plot_grid_var_59            = none                          
plot_grid_var_6             = none                          
plot_grid_var_60            = none                          
plot_grid_var_61            = none                          
plot_grid_var_62            = none                          
plot_grid_var_63            = none                          
plot_grid_var_64            = none                          
plot_grid_var_65            = none                          
plot_grid_var_66            = none                          
plot_grid_var_67            = none                          
plot_grid_var_68            = none                          
plot_grid_var_69            = none                          
plot_grid_var_7             = none                          
plot_grid_var_70            = none                          
plot_grid_var_71            = none                          
plot_grid_var_72            = none                          
plot_grid_var_73            = none                          
plot_grid_var_74            = none                          
plot_grid_var_75            = none                          
plot_grid_var_76            = none                          
plot_grid_var_77            = none                          
plot_grid_var_78            = none                          
plot_grid_var_8             = none                          
plot_grid_var_9             = none                          
plot_var_1                  = dens                           [CHANGED]
plot_var_10                 = none                          
plot_var_11                 = none                          
plot_var_12                 = none                          
plot_var_13                 = none                          
plot_var_14                 = none                          
plot_var_15                 = none                          
plot_var_16                 = none                          
plot_var_17                 = none                          
plot_var_18                 = none                          
plot_var_2                  = pres                           [CHANGED]
plot_var_3                  = temp                           [CHANGED]
plot_var_4                  = none                          
plot_var_5                  = none                          
plot_var_6                  = none                          
plot_var_7                  = none                          
plot_var_8                  = none                          
plot_var_9                  = none                          
prof_file                   = profile.dat                   
refine_var_1                = dens                           [CHANGED]
refine_var_2                = pres                           [CHANGED]
refine_var_3                = none                          
refine_var_4                = none                          
run_comment                 = Sedov explosion                [CHANGED]
run_number                  = 1                             
sim_proffilename            = /dev/null                      [CHANGED]
slopelimiter                = mc                             [CHANGED]
stats_file                  = flashx.dat                    
wenomethod                  = WENO5                         
xl_boundary_type            = outflow                        [CHANGED]
xr_boundary_type            = outflow                        [CHANGED]
yl_boundary_type            = outflow                        [CHANGED]
yr_boundary_type            = outflow                        [CHANGED]
zl_boundary_type            = outflow                        [CHANGED]
zr_boundary_type            = outflow                        [CHANGED]
csvsummaryallprocs          =  F
eosforriemann               =  F
logsummaryallprocs          =  F
addthermalflux              =  T
allowdtstsdominate          =  F
alwayscomputeuservars       =  T
alwaysrestrictcheckpoint    =  T
charlimiting                =  T
chkguardcellsinput          =  F
chkguardcellsoutput         =  F
conserveangmom              =  F
converttoconsvdformeshcalls =  F
converttoconsvdinmeshinterp =  T
corners                     =  F
dr_printtsteploc            =  T
dr_shortenlaststepbeforetmax =  F
drift_tuples                =  F
eachprocwritesownabortlog   =  F
eachprocwritessummary       =  F
earlyblockdistadjustment    =  T
enablemaskedgcfill          =  F
entropy                     =  F
flux_correct                =  T
flux_correct_perlevel       =  F
geometryoverride            =  F
gr_bcenableapplymixedgds    =  T
gr_bndgcfillneedsprimitivevars =  T
gr_btcustomwork             =  F
gr_btexchangework           =  F
gr_btsortbywork             =  T
gr_enabletiling             =  F
gr_lrefinemaxbytime         =  F
gr_lrefinemaxreddobylogr    =  F
gr_lrefinemaxreddobytime    =  F
gr_pmrpadvancealllevels     =  F
gr_pmrpamrerrorchecking     =  F
gr_pmrpcartesianpm          =  F
gr_pmrpconserve             =  F
gr_pmrpconsvfluxdensities   =  T
gr_pmrpconsvfluxes          =  F
gr_pmrpcurvilinear          =  F
gr_pmrpcurvilinearconserve  =  F
gr_pmrpcylindricalpm        =  F
gr_pmrpdiagonals            =  T
gr_pmrpedgevalue            =  T
gr_pmrpedgevalueinteg       =  F
gr_pmrpemptycells           =  F
gr_pmrpforceconsistency     =  T
gr_pmrplsingularline        =  F
gr_pmrpnopermanentguardcells =  F
gr_pmrppolarpm              =  F
gr_pmrppredcorr             =  F
gr_pmrpsphericalpm          =  F
gr_pmrptimingmpi            =  F
gr_pmrptimingmpix           =  F
gr_pmrpvardt                =  F
gr_usetiling                =  F
hy_fallbacklowercfl         =  F
hy_fullspecmsfluxhandling   =  T
hy_usetiling                =  F
ignoreforcedplot            =  F
io_writemscalarintegrals    =  F
plotfilegridquantitydp      =  F
plotfilemetadatadp          =  F
reducegcellfills            =  F
refine_on_particle_count    =  F
restart                     =  F
shockdetect                 =  F
shocklowercfl               =  F
sim_bcsetbdryvar            =  F
sim_forcecenterderefine     =  F
sim_onelevelintegralsonly   =  F
summaryoutputonly           =  F
threadblocklistbuild        =  F
threaddelepblocklist        =  F
threaddelepwithinblock      =  F
threaddriverblocklist       =  F
threaddriverwithinblock     =  F
threadeoswithinblock        =  F
threadhydroblocklist        =  F
threadhydrowithinblock      =  F
threadraytracebuild         =  F
threadwithinblockbuild      =  F
tmr_suppressinparallel      =  F
typematchedxfer             =  T
unbiased_geometry           =  F
updatehydrofluxes           =  T
useburn                     =  F
usecollectivehdf5           =  T
usedeleptonize              =  F
usegravity                  =  F
useheatad                   =  F
useheater                   =  F
usehydro                    =  T
useimbound                  =  F
useincompns                 =  F
useinlet                    =  F
uselegacylabels             =  T
usemultiphase               =  F
useorchestration            =  F
useoutlet                   =  F
useparticles                =  F
useradtrans                 =  F
usests                      =  F
usestsfordiffusion          =  F
usesolidmechanics           =  F
use_3dfullctu               =  T
use_auxeinteqn              =  T
use_avisc                   =  T [CHANGED]
use_cma_advection           =  F
use_cma_flattening          =  F
use_flash_surr_blks_fill    =  T
use_flattening              =  F
use_gravhalfupdate          =  T
use_hybridorder             =  F
use_reduced_orrery          =  T
use_steepening              =  F
use_upwindtvd               =  F
writestatsummary            =  T
                                                                               
 ==============================================================================
                                                                               
 Known units of measurement:
                                                                               
              Unit                          CGS Value                Base Unit
  1                  cm                     1.0000                           cm
  2                   s                     1.0000                            s
  3                   g                     1.0000                            g
  4                   K                     1.0000                            K
  5                 esu                     1.0000                          esu
  6                 mol                     1.0000                          mol
  7                   m                     100.00                           cm
  8                  km                    1.00000E+05                       cm
  9                  pc                    3.08568E+18                       cm
 10                 kpc                    3.08568E+21                       cm
 11                 Mpc                    3.08568E+24                       cm
 12                 Gpc                    3.08568E+27                       cm
 13                Rsun                    6.96000E+10                       cm
 14                  AU                    1.49598E+13                       cm
 15                  yr                    3.15569E+07                        s
 16                 Myr                    3.15569E+13                        s
 17                 Gyr                    3.15569E+16                        s
 18                  kg                     1000.0                            g
 19                Msun                    1.98892E+33                        g
 20                 amu                    1.66054E-24                        g
 21                  eV                     11605.                            K
 22                   C                    2.99792E+09                      esu
 23                LFLY                    3.08568E+24                       cm
 24                TFLY                    2.05759E+17                        s
 25                MFLY                    9.88470E+45                        g
 26            clLength                    3.08568E+24                       cm
 27              clTime                    3.15569E+16                        s
 28              clMass                    1.98892E+48                        g
 29              clTemp                    1.16045E+07                        K
-----------End of Units--------------------
                                                                               
 Known physical constants:
                                                                               
    Constant Name       Constant Value   cm       s        g        K        esu      mol
  1              Newton    6.67408E-08   3.0     -2.0     -1.0      0.0      0.0      0.0    
  2      speed of light    2.99792E+10   1.0     -1.0      0.0      0.0      0.0      0.0    
  3              Planck    6.62607E-27   2.0     -1.0      1.0      0.0      0.0      0.0    
  4     electron charge    4.80320E-10   0.0      0.0      0.0      0.0      1.0      0.0    
  5       electron mass    9.10938E-28   0.0      0.0      1.0      0.0      0.0      0.0    
  6         proton mass    1.67262E-24   0.0      0.0      1.0      0.0      0.0      0.0    
  7      fine-structure    7.29735E-03   0.0      0.0      0.0      0.0      0.0      0.0    
  8            Avogadro    6.02214E+23   0.0      0.0      0.0      0.0      0.0     -1.0    
  9           Boltzmann    1.38065E-16   2.0     -2.0      1.0     -1.0      0.0      0.0    
 10  ideal gas constant    8.31446E+07   2.0     -2.0      1.0     -1.0      0.0     -1.0    
 11                Wien    0.28978       1.0      0.0      0.0      1.0      0.0      0.0    
 12    Stefan-Boltzmann    5.67037E-05   0.0     -3.0      1.0     -4.0      0.0      0.0    
 13  Radiation Constant    7.56572E-15  -1.0     -2.0      1.0     -4.0      0.0      0.0    
 14                  pi     3.1416       0.0      0.0      0.0      0.0      0.0      0.0    
 15                   e     2.7183       0.0      0.0      0.0      0.0      0.0      0.0    
 16               Euler    0.57722       0.0      0.0      0.0      0.0      0.0      0.0    
 ==============================================================================
                                                                               
 Multifluid database: not configured in
                                                                               
 ==============================================================================
 [ 03-05-2025  12:24:24.968 ] [gr_initGeometry] checking BCs for idir: 1
 [ 03-05-2025  12:24:24.970 ] [gr_initGeometry] checking BCs for idir: 2
 [ 03-05-2025  12:24:24.972 ] [gr_initGeometry] checking BCs for idir: 3
 [ 03-05-2025  12:24:26.749 ] [GRID amr_refine_derefine]: initiating refinement
 [ 03-05-2025  12:24:27.661 ] [GRID amr_refine_derefine]: redist. phase.  tot blks requested: 4096
 [GRID amr_refine_derefine] min blks 4    max blks 5    tot blks 4096
 [GRID amr_refine_derefine] min leaf blks 4    max leaf blks 5    tot leaf blks 4096
 [ 03-05-2025  12:24:28.514 ] [GRID amr_refine_derefine]: refinement complete
 [ 03-05-2025  12:24:28.658 ] [GRID gr_expandDomain]: iteration=1, create level=2
 INFO: Grid_fillGuardCells is ignoring masking.
 [ 03-05-2025  12:24:33.831 ] [mpi_amr_comm_setup]: buffer_dim_send=3349693, buffer_dim_recv=2207173
 [ 03-05-2025  12:24:34.740 ] [GRID amr_refine_derefine]: initiating refinement
 [ 03-05-2025  12:24:34.752 ] [GRID amr_refine_derefine]: redist. phase.  tot blks requested: 4160
 [GRID amr_refine_derefine] min blks 4    max blks 5    tot blks 4160
 [GRID amr_refine_derefine] min leaf blks 4    max leaf blks 5    tot leaf blks 4152
 [ 03-05-2025  12:24:34.880 ] [GRID amr_refine_derefine]: refinement complete
 [ 03-05-2025  12:24:34.888 ] [GRID gr_expandDomain]: iteration=2, create level=3
 [ 03-05-2025  12:24:40.775 ] [GRID amr_refine_derefine]: initiating refinement
 [ 03-05-2025  12:24:40.787 ] [GRID amr_refine_derefine]: redist. phase.  tot blks requested: 4224
 [GRID amr_refine_derefine] min blks 4    max blks 6    tot blks 4224
 [GRID amr_refine_derefine] min leaf blks 3    max leaf blks 5    tot leaf blks 4208
 [ 03-05-2025  12:24:40.904 ] [GRID amr_refine_derefine]: refinement complete
 [ 03-05-2025  12:24:40.911 ] [GRID gr_expandDomain]: iteration=3, create level=4
 [ 03-05-2025  12:24:46.080 ] [mpi_amr_comm_setup]: buffer_dim_send=3423553, buffer_dim_recv=2207173
 [ 03-05-2025  12:24:46.770 ] [GRID amr_refine_derefine]: initiating refinement
 [ 03-05-2025  12:24:46.777 ] [GRID amr_refine_derefine]: redist. phase.  tot blks requested: 4288
 [GRID amr_refine_derefine] min blks 4    max blks 6    tot blks 4288
 [GRID amr_refine_derefine] min leaf blks 3    max leaf blks 5    tot leaf blks 4264
 [ 03-05-2025  12:24:46.891 ] [GRID amr_refine_derefine]: refinement complete
 [ 03-05-2025  12:24:46.899 ] [GRID gr_expandDomain]: iteration=4, create level=5
 [ 03-05-2025  12:24:52.143 ] [mpi_amr_comm_setup]: buffer_dim_send=3422269, buffer_dim_recv=2207173
 [ 03-05-2025  12:24:53.054 ] [GRID amr_refine_derefine]: initiating refinement
 [ 03-05-2025  12:24:53.068 ] [GRID amr_refine_derefine]: redist. phase.  tot blks requested: 6144
 [GRID amr_refine_derefine] min blks 6    max blks 9    tot blks 6144
 [GRID amr_refine_derefine] min leaf blks 5    max leaf blks 7    tot leaf blks 5888
 [ 03-05-2025  12:24:53.214 ] [GRID amr_refine_derefine]: refinement complete
 [ 03-05-2025  12:24:53.223 ] [GRID gr_expandDomain]: iteration=5, create level=6
 [ 03-05-2025  12:25:00.786 ] [mpi_amr_comm_setup]: buffer_dim_send=2974177, buffer_dim_recv=2540365
 [ 03-05-2025  12:25:01.951 ] [GRID amr_refine_derefine]: initiating refinement
 [ 03-05-2025  12:25:01.964 ] [GRID amr_refine_derefine]: redist. phase.  tot blks requested: 9152
 [GRID amr_refine_derefine] min blks 9    max blks 12    tot blks 9152
 [GRID amr_refine_derefine] min leaf blks 7    max leaf blks 10    tot leaf blks 8520
 [ 03-05-2025  12:25:02.167 ] [GRID amr_refine_derefine]: refinement complete
 [ 03-05-2025  12:25:02.177 ] [GRID gr_expandDomain]: iteration=6, create level=6
 [ 03-05-2025  12:25:13.056 ] [mpi_amr_comm_setup]: buffer_dim_send=4843741, buffer_dim_recv=2669029
 [ 03-05-2025  12:25:14.564 ] [GRID gr_expandDomain]: iteration=7, create level=6
 [ 03-05-2025  12:25:26.955 ] [GRID gr_expandDomain]: iteration=8, create level=6
 [ 03-05-2025  12:25:38.777 ] memory: /proc vsize    (MB):     4596.92 (min)       4799.05 (max)       4731.24 (avg)
 [ 03-05-2025  12:25:38.780 ] memory: /proc rss      (MB):     1840.88 (min)       1930.65 (max)       1894.79 (avg)
 [ 03-05-2025  12:25:38.783 ] memory: /proc vsize    (MB):     4596.92 (min)       4799.05 (max)       4731.24 (avg)
 [ 03-05-2025  12:25:38.785 ] memory: /proc rss      (MB):     1840.88 (min)       1930.65 (max)       1894.79 (avg)
 [ 03-05-2025  12:25:38.804 ] memory: /proc vsize    (MB):     4596.92 (min)       4799.05 (max)       4731.24 (avg)
 [ 03-05-2025  12:25:38.807 ] memory: /proc rss      (MB):     1840.88 (min)       1930.65 (max)       1894.79 (avg)
 [ 03-05-2025  12:25:42.282 ] [IO_writeCheckpoint] open: type=checkpoint name=sedov_hdf5_chk_0000
 [ 03-05-2025  12:25:50.691 ] [io_writeData]: wrote    9152          blocks
 [ 03-05-2025  12:25:50.726 ] [IO_writeCheckpoint] close: type=checkpoint name=sedov_hdf5_chk_0000
 [ 03-05-2025  12:25:50.795 ] [IO_writePlotfile] open: type=plotfile name=sedov_hdf5_plt_cnt_0000
 [ 03-05-2025  12:25:51.763 ] [io_writeData]: wrote    9152          blocks
 [ 03-05-2025  12:25:51.800 ] [IO_writePlotfile] close: type=plotfile name=sedov_hdf5_plt_cnt_0000
 [ 03-05-2025  12:25:51.804 ] memory: /proc vsize    (MB):     4616.34 (min)       5013.41 (max)       4740.78 (avg)
 [ 03-05-2025  12:25:51.808 ] memory: /proc rss      (MB):     1847.36 (min)       1937.68 (max)       1903.17 (avg)
 [ 03-05-2025  12:25:51.813 ] [Driver_evolveAll]: Entering evolution loop
 [ 03-05-2025  12:25:51.817 ] step: n=1 t=0.000000E+00 dt=1.000000E-10
 [ 03-05-2025  12:25:55.508 ] step: n=2 t=1.000000E-10 dt=2.000000E-10
 [ 03-05-2025  12:26:01.724 ] step: n=3 t=3.000000E-10 dt=4.000000E-10
 [ 03-05-2025  12:26:05.398 ] step: n=4 t=7.000000E-10 dt=8.000000E-10
 [ 03-05-2025  12:26:11.624 ] step: n=5 t=1.500000E-09 dt=1.600000E-09
 [ 03-05-2025  12:26:15.295 ] step: n=6 t=3.100000E-09 dt=3.200000E-09
 [ 03-05-2025  12:26:21.517 ] step: n=7 t=6.300000E-09 dt=6.400000E-09
 [ 03-05-2025  12:26:25.187 ] step: n=8 t=1.270000E-08 dt=1.280000E-08
 [ 03-05-2025  12:26:31.425 ] step: n=9 t=2.550000E-08 dt=2.560000E-08
 [ 03-05-2025  12:26:35.100 ] step: n=10 t=5.110000E-08 dt=5.120000E-08
 [ 03-05-2025  12:26:45.733 ] [IO_writeCheckpoint] open: type=checkpoint name=sedov_hdf5_chk_0001
 [ 03-05-2025  12:26:53.252 ] [io_writeData]: wrote    9152          blocks
 [ 03-05-2025  12:26:53.258 ] [IO_writeCheckpoint] close: type=checkpoint name=sedov_hdf5_chk_0001
 [ 03-05-2025  12:26:53.262 ] step: n=11 t=1.023000E-07 dt=1.024000E-07
 [ 03-05-2025  12:26:56.954 ] step: n=12 t=2.047000E-07 dt=2.011896E-07
 [ 03-05-2025  12:27:03.217 ] step: n=13 t=4.058896E-07 dt=1.856898E-07
 [ 03-05-2025  12:27:06.896 ] step: n=14 t=5.915794E-07 dt=1.729914E-07
 [ 03-05-2025  12:27:13.156 ] step: n=15 t=7.645708E-07 dt=1.642472E-07
 [ 03-05-2025  12:27:16.839 ] step: n=16 t=9.288179E-07 dt=1.580871E-07
 [ 03-05-2025  12:27:23.088 ] step: n=17 t=1.086905E-06 dt=1.534569E-07
 [ 03-05-2025  12:27:26.777 ] step: n=18 t=1.240362E-06 dt=1.499651E-07
 [ 03-05-2025  12:27:33.076 ] step: n=19 t=1.390327E-06 dt=1.474127E-07
 [ 03-05-2025  12:27:36.754 ] step: n=20 t=1.537740E-06 dt=1.456205E-07
 [ 03-05-2025  12:27:47.260 ] [IO_writeCheckpoint] open: type=checkpoint name=sedov_hdf5_chk_0002
 [ 03-05-2025  12:27:50.876 ] [io_writeData]: wrote    9152          blocks
 [ 03-05-2025  12:27:50.884 ] [IO_writeCheckpoint] close: type=checkpoint name=sedov_hdf5_chk_0002
 [ 03-05-2025  12:27:50.887 ] step: n=21 t=1.683360E-06 dt=1.444985E-07
 [ 03-05-2025  12:27:54.595 ] step: n=22 t=1.827859E-06 dt=1.441710E-07
 [ 03-05-2025  12:28:00.878 ] step: n=23 t=1.972030E-06 dt=1.441286E-07
 [ 03-05-2025  12:28:04.564 ] step: n=24 t=2.116158E-06 dt=1.441099E-07
 [ 03-05-2025  12:28:10.828 ] step: n=25 t=2.260268E-06 dt=1.441302E-07
 [ 03-05-2025  12:28:14.524 ] step: n=26 t=2.404398E-06 dt=1.442588E-07
 [ 03-05-2025  12:28:20.754 ] [GRID amr_refine_derefine]: initiating refinement
 [ 03-05-2025  12:28:20.765 ] [GRID amr_refine_derefine]: redist. phase.  tot blks requested: 9536
 [GRID amr_refine_derefine] min blks 10    max blks 13    tot blks 9536
 [GRID amr_refine_derefine] min leaf blks 8    max leaf blks 11    tot leaf blks 8856
 [ 03-05-2025  12:28:20.978 ] [GRID amr_refine_derefine]: refinement complete
 [ 03-05-2025  12:28:21.397 ] step: n=27 t=2.548657E-06 dt=1.444833E-07
 [ 03-05-2025  12:28:21.401 ] [mpi_amr_comm_setup]: buffer_dim_send=4300885, buffer_dim_recv=2669029
 [ 03-05-2025  12:28:25.216 ] step: n=28 t=2.693141E-06 dt=1.448057E-07
 [ 03-05-2025  12:28:31.781 ] step: n=29 t=2.837946E-06 dt=1.450172E-07
 [ 03-05-2025  12:28:35.586 ] step: n=30 t=2.982964E-06 dt=1.450055E-07
 [ 03-05-2025  12:28:46.797 ] [IO_writeCheckpoint] open: type=checkpoint name=sedov_hdf5_chk_0003
 [ 03-05-2025  12:28:50.496 ] [io_writeData]: wrote    9536          blocks
 [ 03-05-2025  12:28:50.504 ] [IO_writeCheckpoint] close: type=checkpoint name=sedov_hdf5_chk_0003
 [ 03-05-2025  12:28:50.508 ] step: n=31 t=3.127969E-06 dt=1.449474E-07
 [ 03-05-2025  12:28:54.329 ] step: n=32 t=3.272916E-06 dt=1.449259E-07
 [ 03-05-2025  12:29:00.895 ] step: n=33 t=3.417842E-06 dt=1.447113E-07
 [ 03-05-2025  12:29:04.702 ] step: n=34 t=3.562554E-06 dt=1.446418E-07
 [ 03-05-2025  12:29:11.276 ] step: n=35 t=3.707195E-06 dt=1.446455E-07
 [ 03-05-2025  12:29:15.094 ] step: n=36 t=3.851841E-06 dt=1.446573E-07
 [ 03-05-2025  12:29:21.595 ] step: n=37 t=3.996498E-06 dt=1.446767E-07
 [ 03-05-2025  12:29:25.403 ] step: n=38 t=4.141175E-06 dt=1.447318E-07
 [ 03-05-2025  12:29:31.998 ] step: n=39 t=4.285907E-06 dt=1.447598E-07
 [ 03-05-2025  12:29:35.813 ] step: n=40 t=4.430666E-06 dt=1.447127E-07
 [ 03-05-2025  12:29:46.934 ] [IO_writeCheckpoint] open: type=checkpoint name=sedov_hdf5_chk_0004
 [ 03-05-2025  12:29:50.691 ] [io_writeData]: wrote    9536          blocks
 [ 03-05-2025  12:29:50.698 ] [IO_writeCheckpoint] close: type=checkpoint name=sedov_hdf5_chk_0004
 [ 03-05-2025  12:29:50.702 ] step: n=41 t=4.575379E-06 dt=1.446812E-07
 [ 03-05-2025  12:29:54.527 ] step: n=42 t=4.720060E-06 dt=1.446456E-07
 [ 03-05-2025  12:30:01.110 ] step: n=43 t=4.864706E-06 dt=1.446294E-07
 [ 03-05-2025  12:30:04.932 ] step: n=44 t=5.009335E-06 dt=1.446250E-07
 [ 03-05-2025  12:30:11.503 ] step: n=45 t=5.153960E-06 dt=1.445216E-07
 [ 03-05-2025  12:30:15.318 ] step: n=46 t=5.298482E-06 dt=1.444823E-07
 [ 03-05-2025  12:30:21.849 ] step: n=47 t=5.442964E-06 dt=1.444551E-07
 [ 03-05-2025  12:30:25.664 ] step: n=48 t=5.587419E-06 dt=1.444288E-07
 [ 03-05-2025  12:30:32.241 ] step: n=49 t=5.731848E-06 dt=1.444159E-07
 [ 03-05-2025  12:30:36.060 ] step: n=50 t=5.876264E-06 dt=1.444089E-07
 [ 03-05-2025  12:30:47.150 ] [IO_writeCheckpoint] open: type=checkpoint name=sedov_hdf5_chk_0005
 [ 03-05-2025  12:30:50.945 ] [io_writeData]: wrote    9536          blocks
 [ 03-05-2025  12:30:50.952 ] [IO_writeCheckpoint] close: type=checkpoint name=sedov_hdf5_chk_0005
 [ 03-05-2025  12:30:50.954 ] step: n=51 t=6.020673E-06 dt=1.443103E-07
 [ 03-05-2025  12:30:54.774 ] step: n=52 t=6.164983E-06 dt=1.442630E-07
 [ 03-05-2025  12:31:01.329 ] step: n=53 t=6.309246E-06 dt=1.442278E-07
 [ 03-05-2025  12:31:05.139 ] step: n=54 t=6.453474E-06 dt=1.441955E-07
 [ 03-05-2025  12:31:11.715 ] step: n=55 t=6.597670E-06 dt=1.441758E-07
 [ 03-05-2025  12:31:15.529 ] step: n=56 t=6.741845E-06 dt=1.441499E-07
 [ 03-05-2025  12:31:22.009 ] step: n=57 t=6.885995E-06 dt=1.440523E-07
 [ 03-05-2025  12:31:25.821 ] step: n=58 t=7.030048E-06 dt=1.439965E-07
 [ 03-05-2025  12:31:32.378 ] step: n=59 t=7.174044E-06 dt=1.439601E-07
 [ 03-05-2025  12:31:36.186 ] step: n=60 t=7.318004E-06 dt=1.439284E-07
 [ 03-05-2025  12:31:47.318 ] [IO_writeCheckpoint] open: type=checkpoint name=sedov_hdf5_chk_0006
 [ 03-05-2025  12:31:50.950 ] [io_writeData]: wrote    9536          blocks
 [ 03-05-2025  12:31:50.957 ] [IO_writeCheckpoint] close: type=checkpoint name=sedov_hdf5_chk_0006
 [ 03-05-2025  12:31:50.961 ] [Driver_evolveAll]: Exiting evolution loop
 [ 03-05-2025  12:31:51.088 ] [IO_writePlotfile] open: type=plotfile name=sedov_forced_hdf5_plt_cnt_0000
 [ 03-05-2025  12:31:54.748 ] [io_writeData]: wrote    9536          blocks
 [ 03-05-2025  12:31:54.934 ] [IO_writePlotfile] close: type=plotfile name=sedov_forced_hdf5_plt_cnt_0000
 [ 03-05-2025  12:31:55.028 ] memory: /proc vsize    (MB):     4628.02 (min)       5019.22 (max)       4778.34 (avg)
 [ 03-05-2025  12:31:55.079 ] memory: /proc rss      (MB):     1961.22 (min)       2067.59 (max)       2002.46 (avg)
 ==============================================================================
 perf_summary: code performance summary for process            0
                      beginning : 03-05-2025  12:24:24
                         ending : 03-05-2025  12:31:55
   seconds in monitoring period :              450.170
      number of evolution steps :                   60
 ------------------------------------------------------------------------------
 accounting unit                       time sec  num calls   secs avg  time pct
 ------------------------------------------------------------------------------
 initialization                         86.853      1          86.853    19.293
  eos                                    0.203      8           0.025     0.045
  guardcell internal                     2.648      7           0.378     0.588
   amr_guardcell                         2.518      7           0.360     0.559
   eos gc                                0.000      7           0.000     0.000
  writeCheckpoint                       11.901      1          11.901     2.644
   restrictAll                           3.277      1           3.277     0.728
  writePlotfile                          1.070      1           1.070     0.238
 writePlotfile                           3.950      1           3.950     0.877
 evolution                             359.143      1         359.143    79.779
  Hydro                                167.368     60           2.789    37.179
   Head                                 37.227     60           0.620     8.269
    guardcell internal                  37.225     60           0.620     8.269
     amr_guardcell                      34.534     60           0.576     7.671
     eos gc                              0.002     60           0.000     0.000
   compute fluxes                      124.493     60           2.075    27.655
    hy_computeFluxes                   124.492    600           0.207    27.654
     RiemannState                      106.435    600           0.177    23.643
     getFaceFlux                        17.909    600           0.030     3.978
   conserveFluxes                        0.043     60           0.001     0.010
   update solution                       5.544     60           0.092     1.232
    update solution body                 5.543    600           0.009     1.231
     unsplitUpdate                       2.105    600           0.004     0.468
  sourceTerms                            0.000     60           0.000     0.000
  Particles_advance                      0.000     60           0.000     0.000
  Gravity potential                      0.000     60           0.000     0.000
  IO_output                            109.745    120           0.915    24.379
   diagnostics                          56.765    120           0.473    12.610
   checkpointing                        52.853      6           8.809    11.741
    writeCheckpoint                     52.842      6           8.807    11.738
     restrictAll                        22.050      6           3.675     4.898
  Grid_updateRefinement                 80.690     60           1.345    17.924
   eos                                   0.071      1           0.071     0.016
   tree                                 80.619     60           1.344    17.908
    markRefineDerefine                  21.541     30           0.718     4.785
     guardcell internal                 18.981     30           0.633     4.216
      amr_guardcell                     17.688     30           0.590     3.929
      eos gc                             0.001     30           0.000     0.000
    amr_refine_derefine                 57.938     30           1.931    12.870
    updateData                           0.000     30           0.000     0.000
   updateParticleRefinement              0.000      1           0.000     0.000
  Driver_computeDt                       1.111     60           0.019     0.247
 ==============================================================================
 [ 03-05-2025  12:31:55.289 ] [Timers_getSummary]: Not writing timer max/min/avg values because not all processors had same timers
 [ 03-05-2025  12:31:55.386 ] LOGFILE_END: FLASH run complete.
 FLASH log file:  03-05-2025  12:32:06.275    Run number:  1
 ==============================================================================
 Number of MPI tasks:                896
 MPI version:                          3
 MPI subversion:                       1
 Dimensionality:                       3
 Max Number of Blocks/Proc:          200
 Number x zones:                      32
 Number y zones:                      32
 Number z zones:                      32
 Setup stamp:     Fri Nov 1 14:03:57 2024
 Build stamp:     Fri Nov 1 14:04:23 2024
 System info:     Linux corona211 4.18.0-553.22.1.1toss.t4.x86_64 #1 SMP Tue Sep 24 16:50:00 PDT 2
 Version:         Flash-X 1.0 (heads/main-0-g6040ba49-dirty)                                      
 Build directory: /usr/workspace/ather1/Flash-X/sedov
 Setup syntax:    /usr/workspace/ather1/Flash-X/bin/setup.py Sedov -auto -3d -nxb=32 -nyb=32 -nzb=32 +parallelio -objdir=/usr/workspace/ather1/Flash-X/sedov
 f compiler flags: mpif90 -ggdb -c -O2 -fdefault-real-8 -fdefault-double-8 -Wuninitialized -fallow-argument-mismatch -fallow-argument-mismatch -DMAXBLOCKS=200 -DNXB=32 -DNYB=32 -DNZB=32 -DN_DIM=3
 c compiler flags:    mpicc -I/p/lustre2/ather1/hdf5-1.14.4-3/install/include -DH5_USE_18_API -ggdb -c -O2 -Wuninitialized -D_FORTIFY_SOURCE=2 -DMAXBLOCKS=200 -DNXB=32 -DNYB=32 -DNZB=32 -DN_DIM=3
 ==============================================================================
 Comment:  Sedov explosion
 ==============================================================================
 FLASH Units used:
   Driver/DriverMain/Unsplit
   Grid/GridBoundaryConditions
   Grid/GridMain/AMR/Paramesh4/PM4_package/flash_avoid_orrery
   Grid/GridMain/AMR/Paramesh4/PM4_package/headers
   Grid/GridMain/AMR/Paramesh4/PM4_package/source
   Grid/GridMain/AMR/Paramesh4/PM4_package/utilities/multigrid
   Grid/GridMain/AMR/Paramesh4/interpolation/prolong
   Grid/GridMain/AMR/Paramesh4/levelFlux
   Grid/localAPI
   IO/IOMain/hdf5/parallel/PM
   IO/localAPI
   PhysicalConstants/PhysicalConstantsMain
   RuntimeParameters/RuntimeParametersMain
   Simulation/SimulationMain/Sedov
   TimeAdvance/TimeAdvanceMain/StrangSplit
   flashUtilities/contiguousConversion
   flashUtilities/general
   flashUtilities/interpolation/oneDim
   flashUtilities/nameValueLL
   flashUtilities/sorting/quicksort
   flashUtilities/system/memoryUsage/legacy
   monitors/Logfile/LogfileMain
   monitors/Timers/TimersMain/MPINative
   physics/Eos/EosMain/Gamma
   physics/Hydro/HydroMain/unsplit/OnlyHydro
   physics/Hydro/HydroMain/unsplit/levelFlux
   physics/Hydro/localAPI
 ==============================================================================
 RuntimeParameters:
                                                                               
 ==============================================================================
bndpriorityone              =          1
bndprioritythree            =          3
bndprioritytwo              =          2
checkpointfileintervalstep  =         10 [CHANGED]
checkpointfilenumber        =          0
dr_abortpause               =          2
dr_dtminbelowaction         =          1
drift_break_inst            =          0
drift_trunc_mantissa        =          2
drift_verbose_inst          =          0
eos_entrelescalechoice      =          6
eos_loglevel                =        700
fileformatversion           =          9
forcedplotfilenumber        =          0
gr_lrefmaxtimevalue_1       =         -1
gr_lrefmaxtimevalue_10      =         -1
gr_lrefmaxtimevalue_11      =         -1
gr_lrefmaxtimevalue_12      =         -1
gr_lrefmaxtimevalue_13      =         -1
gr_lrefmaxtimevalue_14      =         -1
gr_lrefmaxtimevalue_15      =         -1
gr_lrefmaxtimevalue_16      =         -1
gr_lrefmaxtimevalue_17      =         -1
gr_lrefmaxtimevalue_18      =         -1
gr_lrefmaxtimevalue_19      =         -1
gr_lrefmaxtimevalue_2       =         -1
gr_lrefmaxtimevalue_20      =         -1
gr_lrefmaxtimevalue_3       =         -1
gr_lrefmaxtimevalue_4       =         -1
gr_lrefmaxtimevalue_5       =         -1
gr_lrefmaxtimevalue_6       =         -1
gr_lrefmaxtimevalue_7       =         -1
gr_lrefmaxtimevalue_8       =         -1
gr_lrefmaxtimevalue_9       =         -1
gr_pmrpdivergencefree       =         -1
gr_pmrpifaceoff             =          0
gr_pmrpl2p5d                =          0
gr_pmrpmaxblocks            =         -1
gr_pmrpmflags               =          1
gr_pmrpnboundaries          =          6
gr_pmrpndim                 =          3
gr_pmrpnedgevar1            =         -1
gr_pmrpnfacevar             =         -1
gr_pmrpnfielddivf           =         -1
gr_pmrpnfluxvar             =         -1
gr_pmrpnguard               =         -1
gr_pmrpnguardwork           =         -1
gr_pmrpnvar                 =         -1
gr_pmrpnvarwork             =          1
gr_pmrpnvarcorn             =          0
gr_pmrpnvaredge             =          0
gr_pmrpnxb                  =         -1
gr_pmrpnyb                  =         -1
gr_pmrpnzb                  =         -1
gr_restrictallmethod        =          3
gr_sanitizedatamode         =          1
gr_sanitizeverbosity        =          5
gr_tilesizex                =         32
gr_tilesizey                =         32
gr_tilesizez                =         32
hy_3torder                  =         -1
hydrocomputedtoption        =         -1
iprocs                      =          1
interpol_order              =          2
irenorm                     =          0
jprocs                      =          1
kprocs                      =          1
lrefine_del                 =          0
lrefine_max                 =          6 [CHANGED]
lrefine_min                 =          1
lrefine_min_init            =          1
max_particles_per_blk       =        100
memory_stat_freq            =     100000
meshcopycount               =          1
min_particles_per_blk       =          1
nbegin                      =          1
nblockx                     =         16 [CHANGED]
nblocky                     =         16 [CHANGED]
nblockz                     =         16 [CHANGED]
nend                        =         60 [CHANGED]
nrefs                       =          2
nsteptotalsts               =          5
order                       =          3 [CHANGED]
outputsplitnum              =          1
plotfileintervalstep        =          0
plotfilenumber              =          0
refine_var_count            =          4
rolling_checkpoint          =      10000
sim_centerrefinelevel       =          1
sim_integralslevel          =         -1
sim_nsubzones               =          7
sweeporder                  =        123
transorder                  =          1
wr_integrals_freq           =          1
limitedslopebeta            =                 0.100E+01
cfl                         =                 0.800E+00
checkpointfileintervaltime  =                 0.000E+00 [CHANGED]
checkpointfileintervalz     =                 0.180+309
cvisc                       =                 0.100E+00
derefine_cutoff_1           =                 0.200E+00
derefine_cutoff_2           =                 0.200E+00
derefine_cutoff_3           =                 0.200E+00
derefine_cutoff_4           =                 0.200E+00
dr_dtmincontinue            =                 0.000E+00
dr_tstepslowstartfactor     =                 0.100E+00
dtinit                      =                 0.100E-09
dtmax                       =                 0.100E+06
dtmin                       =                 0.100E-09
eintswitch                  =                 0.100E-03 [CHANGED]
eos_singlespeciesa          =                 0.100E+01
eos_singlespeciesz          =                 0.100E+01
gamma                       =                 0.140E+01 [CHANGED]
gr_btworkchildscaling       =                 0.100E+01
gr_btworkdefaultleaf        =                 0.200E+01
gr_btworkdefaultpar         =                 0.100E+01
gr_btworklbleaf             =                 0.000E+00
gr_btworklbpar              =                 0.000E+00
gr_btworkubleaf             =                 0.100E+07
gr_btworkubpar              =                 0.100E+07
gr_lrefinemaxredlogbase     =                 0.100E+02
gr_lrefinemaxredradiusfact  =                 0.000E+00
gr_lrefinemaxredtref        =                 0.000E+00
gr_lrefinemaxredtimescale   =                 0.100E+01
gr_lrefmaxtime_1            =                -0.100E+01
gr_lrefmaxtime_10           =                -0.100E+01
gr_lrefmaxtime_11           =                -0.100E+01
gr_lrefmaxtime_12           =                -0.100E+01
gr_lrefmaxtime_13           =                -0.100E+01
gr_lrefmaxtime_14           =                -0.100E+01
gr_lrefmaxtime_15           =                -0.100E+01
gr_lrefmaxtime_16           =                -0.100E+01
gr_lrefmaxtime_17           =                -0.100E+01
gr_lrefmaxtime_18           =                -0.100E+01
gr_lrefmaxtime_19           =                -0.100E+01
gr_lrefmaxtime_2            =                -0.100E+01
gr_lrefmaxtime_20           =                -0.100E+01
gr_lrefmaxtime_3            =                -0.100E+01
gr_lrefmaxtime_4            =                -0.100E+01
gr_lrefmaxtime_5            =                -0.100E+01
gr_lrefmaxtime_6            =                -0.100E+01
gr_lrefmaxtime_7            =                -0.100E+01
gr_lrefmaxtime_8            =                -0.100E+01
gr_lrefmaxtime_9            =                -0.100E+01
hy_cflfallbackfactor        =                 0.900E+00
hy_fpresinmomflux           =                 0.100E+01
hybridorderkappa            =                 0.000E+00
nusts                       =                 0.200E+00 [CHANGED]
plotfileintervaltime        =                 0.000E+00 [CHANGED]
plotfileintervalz           =                 0.180+309
radiusgp                    =                 0.200E+01
refine_cutoff_1             =                 0.800E+00
refine_cutoff_2             =                 0.800E+00
refine_cutoff_3             =                 0.800E+00
refine_cutoff_4             =                 0.800E+00
refine_filter_1             =                 0.100E-01
refine_filter_2             =                 0.100E-01
refine_filter_3             =                 0.100E-01
refine_filter_4             =                 0.100E-01
rss_limit                   =                -0.100E+01
sigmagp                     =                 0.300E+01
sim_derefineradius          =                 0.000E+00
sim_earliestlstime          =                 0.000E+00
sim_expenergy               =                 0.100E+01
sim_largestnormradius       =                 0.180+309
sim_latestlstime            =                 0.180+309
sim_minrhoinit              =                 0.100E-19
sim_pambient                =                 0.100E-04
sim_rinit                   =                 0.137E-01 [CHANGED]
sim_rhoambient              =                 0.100E+01
sim_smallestnormradius      =                 0.000E+00
sim_xctr                    =                 0.500E+00
sim_yctr                    =                 0.500E+00
sim_zctr                    =                 0.500E+00
small                       =                 0.100E-09
smalle                      =                 0.100E-09
smallp                      =                 0.100E-09
smallt                      =                 0.100E-09
smallu                      =                 0.100E-09
smallx                      =                 0.100E-09
smlrho                      =                 0.100E-09
tinitial                    =                 0.000E+00
tiny                        =                 0.100E-15
tmax                        =                 0.500E+06 [CHANGED]
tstep_change_factor         =                 0.200E+01
wall_clock_checkpoint       =                 0.432E+05
wall_clock_time_limit       =                 0.605E+06
x_refine_center             =                 0.000E+00
xmax                        =                 0.100E+01
xmin                        =                 0.000E+00
y_refine_center             =                 0.000E+00
ymax                        =                 0.100E+01
ymin                        =                 0.000E+00
zfinal                      =                 0.000E+00
zinitial                    =                -0.100E+01
z_refine_center             =                 0.000E+00
zmax                        =                 0.100E+01
zmin                        =                 0.000E+00
riemannsolver               = Roe                            [CHANGED]
unitsystem                  = none                          
basenm                      = sedov_                         [CHANGED]
entropyfixmethod            = HARTENHYMAN                   
eosmode                     = dens_ie                       
eosmodeinit                 = dens_ie                       
geometry                    = cartesian                     
gr_pmrpoutputdir            = ./                            
grav_boundary_type          = isolated                      
hy_eosmodegc                = see eosMode                   
log_file                    = sedov.log                      [CHANGED]
output_directory            =                               
pc_unitsbase                = CGS                           
plot_grid_var_1             = none                          
plot_grid_var_10            = none                          
plot_grid_var_11            = none                          
plot_grid_var_12            = none                          
plot_grid_var_13            = none                          
plot_grid_var_14            = none                          
plot_grid_var_15            = none                          
plot_grid_var_16            = none                          
plot_grid_var_17            = none                          
plot_grid_var_18            = none                          
plot_grid_var_19            = none                          
plot_grid_var_2             = none                          
plot_grid_var_20            = none                          
plot_grid_var_21            = none                          
plot_grid_var_22            = none                          
plot_grid_var_23            = none                          
plot_grid_var_24            = none                          
plot_grid_var_25            = none                          
plot_grid_var_26            = none                          
plot_grid_var_27            = none                          
plot_grid_var_28            = none                          
plot_grid_var_29            = none                          
plot_grid_var_3             = none                          
plot_grid_var_30            = none                          
plot_grid_var_31            = none                          
plot_grid_var_32            = none                          
plot_grid_var_33            = none                          
plot_grid_var_34            = none                          
plot_grid_var_35            = none                          
plot_grid_var_36            = none                          
plot_grid_var_37            = none                          
plot_grid_var_38            = none                          
plot_grid_var_39            = none                          
plot_grid_var_4             = none                          
plot_grid_var_40            = none                          
plot_grid_var_41            = none                          
plot_grid_var_42            = none                          
plot_grid_var_43            = none                          
plot_grid_var_44            = none                          
plot_grid_var_45            = none                          
plot_grid_var_46            = none                          
plot_grid_var_47            = none                          
plot_grid_var_48            = none                          
plot_grid_var_49            = none                          
plot_grid_var_5             = none                          
plot_grid_var_50            = none                          
plot_grid_var_51            = none                          
plot_grid_var_52            = none                          
plot_grid_var_53            = none                          
plot_grid_var_54            = none                          
plot_grid_var_55            = none                          
plot_grid_var_56            = none                          
plot_grid_var_57            = none                          
plot_grid_var_58            = none                          
plot_grid_var_59            = none                          
plot_grid_var_6             = none                          
plot_grid_var_60            = none                          
plot_grid_var_61            = none                          
plot_grid_var_62            = none                          
plot_grid_var_63            = none                          
plot_grid_var_64            = none                          
plot_grid_var_65            = none                          
plot_grid_var_66            = none                          
plot_grid_var_67            = none                          
plot_grid_var_68            = none                          
plot_grid_var_69            = none                          
plot_grid_var_7             = none                          
plot_grid_var_70            = none                          
plot_grid_var_71            = none                          
plot_grid_var_72            = none                          
plot_grid_var_73            = none                          
plot_grid_var_74            = none                          
plot_grid_var_75            = none                          
plot_grid_var_76            = none                          
plot_grid_var_77            = none                          
plot_grid_var_78            = none                          
plot_grid_var_8             = none                          
plot_grid_var_9             = none                          
plot_var_1                  = dens                           [CHANGED]
plot_var_10                 = none                          
plot_var_11                 = none                          
plot_var_12                 = none                          
plot_var_13                 = none                          
plot_var_14                 = none                          
plot_var_15                 = none                          
plot_var_16                 = none                          
plot_var_17                 = none                          
plot_var_18                 = none                          
plot_var_2                  = pres                           [CHANGED]
plot_var_3                  = temp                           [CHANGED]
plot_var_4                  = none                          
plot_var_5                  = none                          
plot_var_6                  = none                          
plot_var_7                  = none                          
plot_var_8                  = none                          
plot_var_9                  = none                          
prof_file                   = profile.dat                   
refine_var_1                = dens                           [CHANGED]
refine_var_2                = pres                           [CHANGED]
refine_var_3                = none                          
refine_var_4                = none                          
run_comment                 = Sedov explosion                [CHANGED]
run_number                  = 1                             
sim_proffilename            = /dev/null                      [CHANGED]
slopelimiter                = mc                             [CHANGED]
stats_file                  = flashx.dat                    
wenomethod                  = WENO5                         
xl_boundary_type            = outflow                        [CHANGED]
xr_boundary_type            = outflow                        [CHANGED]
yl_boundary_type            = outflow                        [CHANGED]
yr_boundary_type            = outflow                        [CHANGED]
zl_boundary_type            = outflow                        [CHANGED]
zr_boundary_type            = outflow                        [CHANGED]
csvsummaryallprocs          =  F
eosforriemann               =  F
logsummaryallprocs          =  F
addthermalflux              =  T
allowdtstsdominate          =  F
alwayscomputeuservars       =  T
alwaysrestrictcheckpoint    =  T
charlimiting                =  T
chkguardcellsinput          =  F
chkguardcellsoutput         =  F
conserveangmom              =  F
converttoconsvdformeshcalls =  F
converttoconsvdinmeshinterp =  T
corners                     =  F
dr_printtsteploc            =  T
dr_shortenlaststepbeforetmax =  F
drift_tuples                =  F
eachprocwritesownabortlog   =  F
eachprocwritessummary       =  F
earlyblockdistadjustment    =  T
enablemaskedgcfill          =  F
entropy                     =  F
flux_correct                =  T
flux_correct_perlevel       =  F
geometryoverride            =  F
gr_bcenableapplymixedgds    =  T
gr_bndgcfillneedsprimitivevars =  T
gr_btcustomwork             =  F
gr_btexchangework           =  F
gr_btsortbywork             =  T
gr_enabletiling             =  F
gr_lrefinemaxbytime         =  F
gr_lrefinemaxreddobylogr    =  F
gr_lrefinemaxreddobytime    =  F
gr_pmrpadvancealllevels     =  F
gr_pmrpamrerrorchecking     =  F
gr_pmrpcartesianpm          =  F
gr_pmrpconserve             =  F
gr_pmrpconsvfluxdensities   =  T
gr_pmrpconsvfluxes          =  F
gr_pmrpcurvilinear          =  F
gr_pmrpcurvilinearconserve  =  F
gr_pmrpcylindricalpm        =  F
gr_pmrpdiagonals            =  T
gr_pmrpedgevalue            =  T
gr_pmrpedgevalueinteg       =  F
gr_pmrpemptycells           =  F
gr_pmrpforceconsistency     =  T
gr_pmrplsingularline        =  F
gr_pmrpnopermanentguardcells =  F
gr_pmrppolarpm              =  F
gr_pmrppredcorr             =  F
gr_pmrpsphericalpm          =  F
gr_pmrptimingmpi            =  F
gr_pmrptimingmpix           =  F
gr_pmrpvardt                =  F
gr_usetiling                =  F
hy_fallbacklowercfl         =  F
hy_fullspecmsfluxhandling   =  T
hy_usetiling                =  F
ignoreforcedplot            =  F
io_writemscalarintegrals    =  F
plotfilegridquantitydp      =  F
plotfilemetadatadp          =  F
reducegcellfills            =  F
refine_on_particle_count    =  F
restart                     =  F
shockdetect                 =  F
shocklowercfl               =  F
sim_bcsetbdryvar            =  F
sim_forcecenterderefine     =  F
sim_onelevelintegralsonly   =  F
summaryoutputonly           =  F
threadblocklistbuild        =  F
threaddelepblocklist        =  F
threaddelepwithinblock      =  F
threaddriverblocklist       =  F
threaddriverwithinblock     =  F
threadeoswithinblock        =  F
threadhydroblocklist        =  F
threadhydrowithinblock      =  F
threadraytracebuild         =  F
threadwithinblockbuild      =  F
tmr_suppressinparallel      =  F
typematchedxfer             =  T
unbiased_geometry           =  F
updatehydrofluxes           =  T
useburn                     =  F
usecollectivehdf5           =  T
usedeleptonize              =  F
usegravity                  =  F
useheatad                   =  F
useheater                   =  F
usehydro                    =  T
useimbound                  =  F
useincompns                 =  F
useinlet                    =  F
uselegacylabels             =  T
usemultiphase               =  F
useorchestration            =  F
useoutlet                   =  F
useparticles                =  F
useradtrans                 =  F
usests                      =  F
usestsfordiffusion          =  F
usesolidmechanics           =  F
use_3dfullctu               =  T
use_auxeinteqn              =  T
use_avisc                   =  T [CHANGED]
use_cma_advection           =  F
use_cma_flattening          =  F
use_flash_surr_blks_fill    =  T
use_flattening              =  F
use_gravhalfupdate          =  T
use_hybridorder             =  F
use_reduced_orrery          =  T
use_steepening              =  F
use_upwindtvd               =  F
writestatsummary            =  T
                                                                               
 ==============================================================================
                                                                               
 Known units of measurement:
                                                                               
              Unit                          CGS Value                Base Unit
  1                  cm                     1.0000                           cm
  2                   s                     1.0000                            s
  3                   g                     1.0000                            g
  4                   K                     1.0000                            K
  5                 esu                     1.0000                          esu
  6                 mol                     1.0000                          mol
  7                   m                     100.00                           cm
  8                  km                    1.00000E+05                       cm
  9                  pc                    3.08568E+18                       cm
 10                 kpc                    3.08568E+21                       cm
 11                 Mpc                    3.08568E+24                       cm
 12                 Gpc                    3.08568E+27                       cm
 13                Rsun                    6.96000E+10                       cm
 14                  AU                    1.49598E+13                       cm
 15                  yr                    3.15569E+07                        s
 16                 Myr                    3.15569E+13                        s
 17                 Gyr                    3.15569E+16                        s
 18                  kg                     1000.0                            g
 19                Msun                    1.98892E+33                        g
 20                 amu                    1.66054E-24                        g
 21                  eV                     11605.                            K
 22                   C                    2.99792E+09                      esu
 23                LFLY                    3.08568E+24                       cm
 24                TFLY                    2.05759E+17                        s
 25                MFLY                    9.88470E+45                        g
 26            clLength                    3.08568E+24                       cm
 27              clTime                    3.15569E+16                        s
 28              clMass                    1.98892E+48                        g
 29              clTemp                    1.16045E+07                        K
-----------End of Units--------------------
                                                                               
 Known physical constants:
                                                                               
    Constant Name       Constant Value   cm       s        g        K        esu      mol
  1              Newton    6.67408E-08   3.0     -2.0     -1.0      0.0      0.0      0.0    
  2      speed of light    2.99792E+10   1.0     -1.0      0.0      0.0      0.0      0.0    
  3              Planck    6.62607E-27   2.0     -1.0      1.0      0.0      0.0      0.0    
  4     electron charge    4.80320E-10   0.0      0.0      0.0      0.0      1.0      0.0    
  5       electron mass    9.10938E-28   0.0      0.0      1.0      0.0      0.0      0.0    
  6         proton mass    1.67262E-24   0.0      0.0      1.0      0.0      0.0      0.0    
  7      fine-structure    7.29735E-03   0.0      0.0      0.0      0.0      0.0      0.0    
  8            Avogadro    6.02214E+23   0.0      0.0      0.0      0.0      0.0     -1.0    
  9           Boltzmann    1.38065E-16   2.0     -2.0      1.0     -1.0      0.0      0.0    
 10  ideal gas constant    8.31446E+07   2.0     -2.0      1.0     -1.0      0.0     -1.0    
 11                Wien    0.28978       1.0      0.0      0.0      1.0      0.0      0.0    
 12    Stefan-Boltzmann    5.67037E-05   0.0     -3.0      1.0     -4.0      0.0      0.0    
 13  Radiation Constant    7.56572E-15  -1.0     -2.0      1.0     -4.0      0.0      0.0    
 14                  pi     3.1416       0.0      0.0      0.0      0.0      0.0      0.0    
 15                   e     2.7183       0.0      0.0      0.0      0.0      0.0      0.0    
 16               Euler    0.57722       0.0      0.0      0.0      0.0      0.0      0.0    
 ==============================================================================
                                                                               
 Multifluid database: not configured in
                                                                               
 ==============================================================================
 [ 03-05-2025  12:32:06.283 ] [gr_initGeometry] checking BCs for idir: 1
 [ 03-05-2025  12:32:06.286 ] [gr_initGeometry] checking BCs for idir: 2
 [ 03-05-2025  12:32:06.288 ] [gr_initGeometry] checking BCs for idir: 3
 [ 03-05-2025  12:32:09.732 ] [GRID amr_refine_derefine]: initiating refinement
 [ 03-05-2025  12:32:09.734 ] [GRID amr_refine_derefine]: redist. phase.  tot blks requested: 4096
 [GRID amr_refine_derefine] min blks 4    max blks 5    tot blks 4096
 [GRID amr_refine_derefine] min leaf blks 4    max leaf blks 5    tot leaf blks 4096
 [ 03-05-2025  12:32:09.911 ] [GRID amr_refine_derefine]: refinement complete
 [ 03-05-2025  12:32:10.016 ] [GRID gr_expandDomain]: iteration=1, create level=2
 INFO: Grid_fillGuardCells is ignoring masking.
 [ 03-05-2025  12:32:15.195 ] [mpi_amr_comm_setup]: buffer_dim_send=3349693, buffer_dim_recv=2207173
 [ 03-05-2025  12:32:16.060 ] [GRID amr_refine_derefine]: initiating refinement
 [ 03-05-2025  12:32:16.072 ] [GRID amr_refine_derefine]: redist. phase.  tot blks requested: 4160
 [GRID amr_refine_derefine] min blks 4    max blks 5    tot blks 4160
 [GRID amr_refine_derefine] min leaf blks 4    max leaf blks 5    tot leaf blks 4152
 [ 03-05-2025  12:32:16.195 ] [GRID amr_refine_derefine]: refinement complete
 [ 03-05-2025  12:32:16.202 ] [GRID gr_expandDomain]: iteration=2, create level=3
 [ 03-05-2025  12:32:22.097 ] [GRID amr_refine_derefine]: initiating refinement
 [ 03-05-2025  12:32:22.110 ] [GRID amr_refine_derefine]: redist. phase.  tot blks requested: 4224
 [GRID amr_refine_derefine] min blks 4    max blks 6    tot blks 4224
 [GRID amr_refine_derefine] min leaf blks 3    max leaf blks 5    tot leaf blks 4208
 [ 03-05-2025  12:32:22.225 ] [GRID amr_refine_derefine]: refinement complete
 [ 03-05-2025  12:32:22.232 ] [GRID gr_expandDomain]: iteration=3, create level=4
 [ 03-05-2025  12:32:27.405 ] [mpi_amr_comm_setup]: buffer_dim_send=3423553, buffer_dim_recv=2207173
 [ 03-05-2025  12:32:28.093 ] [GRID amr_refine_derefine]: initiating refinement
 [ 03-05-2025  12:32:28.099 ] [GRID amr_refine_derefine]: redist. phase.  tot blks requested: 4288
 [GRID amr_refine_derefine] min blks 4    max blks 6    tot blks 4288
 [GRID amr_refine_derefine] min leaf blks 3    max leaf blks 5    tot leaf blks 4264
 [ 03-05-2025  12:32:28.211 ] [GRID amr_refine_derefine]: refinement complete
 [ 03-05-2025  12:32:28.219 ] [GRID gr_expandDomain]: iteration=4, create level=5
 [ 03-05-2025  12:32:33.440 ] [mpi_amr_comm_setup]: buffer_dim_send=3422269, buffer_dim_recv=2207173
 [ 03-05-2025  12:32:34.395 ] [GRID amr_refine_derefine]: initiating refinement
 [ 03-05-2025  12:32:34.409 ] [GRID amr_refine_derefine]: redist. phase.  tot blks requested: 6144
 [GRID amr_refine_derefine] min blks 6    max blks 9    tot blks 6144
 [GRID amr_refine_derefine] min leaf blks 5    max leaf blks 7    tot leaf blks 5888
 [ 03-05-2025  12:32:34.552 ] [GRID amr_refine_derefine]: refinement complete
 [ 03-05-2025  12:32:34.561 ] [GRID gr_expandDomain]: iteration=5, create level=6
 [ 03-05-2025  12:32:42.129 ] [mpi_amr_comm_setup]: buffer_dim_send=2974177, buffer_dim_recv=2540365
 [ 03-05-2025  12:32:43.283 ] [GRID amr_refine_derefine]: initiating refinement
 [ 03-05-2025  12:32:43.295 ] [GRID amr_refine_derefine]: redist. phase.  tot blks requested: 9152
 [GRID amr_refine_derefine] min blks 9    max blks 12    tot blks 9152
 [GRID amr_refine_derefine] min leaf blks 7    max leaf blks 10    tot leaf blks 8520
 [ 03-05-2025  12:32:43.496 ] [GRID amr_refine_derefine]: refinement complete
 [ 03-05-2025  12:32:43.506 ] [GRID gr_expandDomain]: iteration=6, create level=6
 [ 03-05-2025  12:32:54.381 ] [mpi_amr_comm_setup]: buffer_dim_send=4843741, buffer_dim_recv=2669029
 [ 03-05-2025  12:32:55.889 ] [GRID gr_expandDomain]: iteration=7, create level=6
 [ 03-05-2025  12:33:08.275 ] [GRID gr_expandDomain]: iteration=8, create level=6
 [ 03-05-2025  12:33:20.094 ] memory: /proc vsize    (MB):     4596.92 (min)       4799.12 (max)       4731.11 (avg)
 [ 03-05-2025  12:33:20.095 ] memory: /proc rss      (MB):     1840.96 (min)       1930.75 (max)       1894.79 (avg)
 [ 03-05-2025  12:33:20.097 ] memory: /proc vsize    (MB):     4596.92 (min)       4799.12 (max)       4731.11 (avg)
 [ 03-05-2025  12:33:20.099 ] memory: /proc rss      (MB):     1840.96 (min)       1930.75 (max)       1894.79 (avg)
 [ 03-05-2025  12:33:20.118 ] memory: /proc vsize    (MB):     4596.92 (min)       4799.12 (max)       4731.11 (avg)
 [ 03-05-2025  12:33:20.120 ] memory: /proc rss      (MB):     1840.96 (min)       1930.75 (max)       1894.80 (avg)
 [ 03-05-2025  12:33:23.581 ] [IO_writeCheckpoint] open: type=checkpoint name=sedov_hdf5_chk_0000
 [ 03-05-2025  12:33:31.846 ] [io_writeData]: wrote    9152          blocks
 [ 03-05-2025  12:33:31.878 ] [IO_writeCheckpoint] close: type=checkpoint name=sedov_hdf5_chk_0000
 [ 03-05-2025  12:33:31.945 ] [IO_writePlotfile] open: type=plotfile name=sedov_hdf5_plt_cnt_0000
 [ 03-05-2025  12:33:32.911 ] [io_writeData]: wrote    9152          blocks
 [ 03-05-2025  12:33:32.921 ] [IO_writePlotfile] close: type=plotfile name=sedov_hdf5_plt_cnt_0000
 [ 03-05-2025  12:33:32.926 ] memory: /proc vsize    (MB):     4616.34 (min)       5012.54 (max)       4740.65 (avg)
 [ 03-05-2025  12:33:32.930 ] memory: /proc rss      (MB):     1847.29 (min)       1937.72 (max)       1903.17 (avg)
 [ 03-05-2025  12:33:32.935 ] [Driver_evolveAll]: Entering evolution loop
 [ 03-05-2025  12:33:32.940 ] step: n=1 t=0.000000E+00 dt=1.000000E-10
 [ 03-05-2025  12:33:36.624 ] step: n=2 t=1.000000E-10 dt=2.000000E-10
 [ 03-05-2025  12:33:42.850 ] step: n=3 t=3.000000E-10 dt=4.000000E-10
 [ 03-05-2025  12:33:46.505 ] step: n=4 t=7.000000E-10 dt=8.000000E-10
 [ 03-05-2025  12:33:52.740 ] step: n=5 t=1.500000E-09 dt=1.600000E-09
 [ 03-05-2025  12:33:56.412 ] step: n=6 t=3.100000E-09 dt=3.200000E-09
 [ 03-05-2025  12:34:02.657 ] step: n=7 t=6.300000E-09 dt=6.400000E-09
 [ 03-05-2025  12:34:06.321 ] step: n=8 t=1.270000E-08 dt=1.280000E-08
 [ 03-05-2025  12:34:12.577 ] step: n=9 t=2.550000E-08 dt=2.560000E-08
 [ 03-05-2025  12:34:16.255 ] step: n=10 t=5.110000E-08 dt=5.120000E-08
 [ 03-05-2025  12:34:26.924 ] [IO_writeCheckpoint] open: type=checkpoint name=sedov_hdf5_chk_0001
 [ 03-05-2025  12:34:34.324 ] [io_writeData]: wrote    9152          blocks
 [ 03-05-2025  12:34:34.330 ] [IO_writeCheckpoint] close: type=checkpoint name=sedov_hdf5_chk_0001
 [ 03-05-2025  12:34:34.332 ] step: n=11 t=1.023000E-07 dt=1.024000E-07
 [ 03-05-2025  12:34:38.009 ] step: n=12 t=2.047000E-07 dt=2.011896E-07
 [ 03-05-2025  12:34:44.263 ] step: n=13 t=4.058896E-07 dt=1.856898E-07
 [ 03-05-2025  12:34:47.946 ] step: n=14 t=5.915794E-07 dt=1.729914E-07
 [ 03-05-2025  12:34:54.215 ] step: n=15 t=7.645708E-07 dt=1.642472E-07
 [ 03-05-2025  12:34:57.905 ] step: n=16 t=9.288179E-07 dt=1.580871E-07
 [ 03-05-2025  12:35:04.162 ] step: n=17 t=1.086905E-06 dt=1.534569E-07
 [ 03-05-2025  12:35:07.861 ] step: n=18 t=1.240362E-06 dt=1.499651E-07
 [ 03-05-2025  12:35:14.116 ] step: n=19 t=1.390327E-06 dt=1.474127E-07
 [ 03-05-2025  12:35:17.805 ] step: n=20 t=1.537740E-06 dt=1.456205E-07
 [ 03-05-2025  12:35:28.357 ] [IO_writeCheckpoint] open: type=checkpoint name=sedov_hdf5_chk_0002
 [ 03-05-2025  12:35:31.940 ] [io_writeData]: wrote    9152          blocks
 [ 03-05-2025  12:35:31.947 ] [IO_writeCheckpoint] close: type=checkpoint name=sedov_hdf5_chk_0002
 [ 03-05-2025  12:35:31.950 ] step: n=21 t=1.683360E-06 dt=1.444985E-07
 [ 03-05-2025  12:35:35.816 ] step: n=22 t=1.827859E-06 dt=1.441710E-07
 [ 03-05-2025  12:35:41.943 ] step: n=23 t=1.972030E-06 dt=1.441286E-07
 [ 03-05-2025  12:35:45.631 ] step: n=24 t=2.116158E-06 dt=1.441099E-07
 [ 03-05-2025  12:35:51.898 ] step: n=25 t=2.260268E-06 dt=1.441302E-07
 [ 03-05-2025  12:35:55.592 ] step: n=26 t=2.404398E-06 dt=1.442588E-07
 [ 03-05-2025  12:36:01.829 ] [GRID amr_refine_derefine]: initiating refinement
 [ 03-05-2025  12:36:01.842 ] [GRID amr_refine_derefine]: redist. phase.  tot blks requested: 9536
 [GRID amr_refine_derefine] min blks 10    max blks 13    tot blks 9536
 [GRID amr_refine_derefine] min leaf blks 8    max leaf blks 11    tot leaf blks 8856
 [ 03-05-2025  12:36:02.054 ] [GRID amr_refine_derefine]: refinement complete
 [ 03-05-2025  12:36:02.461 ] step: n=27 t=2.548657E-06 dt=1.444833E-07
 [ 03-05-2025  12:36:02.463 ] [mpi_amr_comm_setup]: buffer_dim_send=4300885, buffer_dim_recv=2669029
 [ 03-05-2025  12:36:06.267 ] step: n=28 t=2.693141E-06 dt=1.448057E-07
 [ 03-05-2025  12:36:12.802 ] step: n=29 t=2.837946E-06 dt=1.450172E-07
 [ 03-05-2025  12:36:16.607 ] step: n=30 t=2.982964E-06 dt=1.450055E-07
 [ 03-05-2025  12:36:27.710 ] [IO_writeCheckpoint] open: type=checkpoint name=sedov_hdf5_chk_0003
 [ 03-05-2025  12:36:31.318 ] [io_writeData]: wrote    9536          blocks
 [ 03-05-2025  12:36:31.325 ] [IO_writeCheckpoint] close: type=checkpoint name=sedov_hdf5_chk_0003
 [ 03-05-2025  12:36:31.329 ] step: n=31 t=3.127969E-06 dt=1.449474E-07
 [ 03-05-2025  12:36:35.142 ] step: n=32 t=3.272916E-06 dt=1.449259E-07
 [ 03-05-2025  12:36:41.716 ] step: n=33 t=3.417842E-06 dt=1.447113E-07
 [ 03-05-2025  12:36:45.524 ] step: n=34 t=3.562554E-06 dt=1.446418E-07
 [ 03-05-2025  12:36:52.049 ] step: n=35 t=3.707195E-06 dt=1.446455E-07
 [ 03-05-2025  12:36:55.865 ] step: n=36 t=3.851841E-06 dt=1.446573E-07
 [ 03-05-2025  12:37:02.450 ] step: n=37 t=3.996498E-06 dt=1.446767E-07
 [ 03-05-2025  12:37:06.266 ] step: n=38 t=4.141175E-06 dt=1.447318E-07
 [ 03-05-2025  12:37:12.847 ] step: n=39 t=4.285907E-06 dt=1.447598E-07
 [ 03-05-2025  12:37:16.669 ] step: n=40 t=4.430666E-06 dt=1.447127E-07
 [ 03-05-2025  12:37:27.747 ] [IO_writeCheckpoint] open: type=checkpoint name=sedov_hdf5_chk_0004
 [ 03-05-2025  12:37:31.499 ] [io_writeData]: wrote    9536          blocks
 [ 03-05-2025  12:37:31.507 ] [IO_writeCheckpoint] close: type=checkpoint name=sedov_hdf5_chk_0004
 [ 03-05-2025  12:37:31.510 ] step: n=41 t=4.575379E-06 dt=1.446812E-07
 [ 03-05-2025  12:37:35.655 ] step: n=42 t=4.720060E-06 dt=1.446456E-07
 [ 03-05-2025  12:37:41.912 ] step: n=43 t=4.864706E-06 dt=1.446294E-07
 [ 03-05-2025  12:37:45.732 ] step: n=44 t=5.009335E-06 dt=1.446250E-07
 [ 03-05-2025  12:37:52.238 ] step: n=45 t=5.153960E-06 dt=1.445216E-07
 [ 03-05-2025  12:37:56.058 ] step: n=46 t=5.298482E-06 dt=1.444823E-07
 [ 03-05-2025  12:38:02.632 ] step: n=47 t=5.442964E-06 dt=1.444551E-07
 [ 03-05-2025  12:38:06.447 ] step: n=48 t=5.587419E-06 dt=1.444288E-07
 [ 03-05-2025  12:38:13.032 ] step: n=49 t=5.731848E-06 dt=1.444159E-07
 [ 03-05-2025  12:38:16.852 ] step: n=50 t=5.876264E-06 dt=1.444089E-07
 [ 03-05-2025  12:38:28.364 ] [IO_writeCheckpoint] open: type=checkpoint name=sedov_hdf5_chk_0005
 [ 03-05-2025  12:38:32.134 ] [io_writeData]: wrote    9536          blocks
 [ 03-05-2025  12:38:32.143 ] [IO_writeCheckpoint] close: type=checkpoint name=sedov_hdf5_chk_0005
 [ 03-05-2025  12:38:32.148 ] step: n=51 t=6.020673E-06 dt=1.443103E-07
 [ 03-05-2025  12:38:35.970 ] step: n=52 t=6.164983E-06 dt=1.442630E-07
 [ 03-05-2025  12:38:42.583 ] step: n=53 t=6.309246E-06 dt=1.442278E-07
 [ 03-05-2025  12:38:46.402 ] step: n=54 t=6.453474E-06 dt=1.441955E-07
 [ 03-05-2025  12:38:52.979 ] step: n=55 t=6.597670E-06 dt=1.441758E-07
 [ 03-05-2025  12:38:56.787 ] step: n=56 t=6.741845E-06 dt=1.441499E-07
 [ 03-05-2025  12:39:03.366 ] step: n=57 t=6.885995E-06 dt=1.440523E-07
 [ 03-05-2025  12:39:07.182 ] step: n=58 t=7.030048E-06 dt=1.439965E-07
 [ 03-05-2025  12:39:13.761 ] step: n=59 t=7.174044E-06 dt=1.439601E-07
 [ 03-05-2025  12:39:17.574 ] step: n=60 t=7.318004E-06 dt=1.439284E-07
 [ 03-05-2025  12:39:39.751 ] [IO_writeCheckpoint] open: type=checkpoint name=sedov_hdf5_chk_0006
 [ 03-05-2025  12:39:43.394 ] [io_writeData]: wrote    9536          blocks
 [ 03-05-2025  12:39:43.402 ] [IO_writeCheckpoint] close: type=checkpoint name=sedov_hdf5_chk_0006
 [ 03-05-2025  12:39:43.405 ] [Driver_evolveAll]: Exiting evolution loop
 [ 03-05-2025  12:39:43.534 ] [IO_writePlotfile] open: type=plotfile name=sedov_forced_hdf5_plt_cnt_0000
 [ 03-05-2025  12:39:47.390 ] [io_writeData]: wrote    9536          blocks
 [ 03-05-2025  12:39:47.516 ] [IO_writePlotfile] close: type=plotfile name=sedov_forced_hdf5_plt_cnt_0000
 [ 03-05-2025  12:39:47.578 ] memory: /proc vsize    (MB):     4645.57 (min)       5037.59 (max)       4778.66 (avg)
 [ 03-05-2025  12:39:47.624 ] memory: /proc rss      (MB):     1962.16 (min)       2066.62 (max)       2002.83 (avg)
 ==============================================================================
 perf_summary: code performance summary for process            0
                      beginning : 03-05-2025  12:32:06
                         ending : 03-05-2025  12:39:47
   seconds in monitoring period :              461.397
      number of evolution steps :                   60
 ------------------------------------------------------------------------------
 accounting unit                       time sec  num calls   secs avg  time pct
 ------------------------------------------------------------------------------
 initialization                         86.659      1          86.659    18.782
  eos                                    0.204      8           0.026     0.044
  guardcell internal                     2.610      7           0.373     0.566
   amr_guardcell                         2.478      7           0.354     0.537
   eos gc                                0.000      7           0.000     0.000
  writeCheckpoint                       11.740      1          11.740     2.545
   restrictAll                           3.279      1           3.279     0.711
  writePlotfile                          1.040      1           1.040     0.225
 writePlotfile                           4.087      1           4.087     0.886
 evolution                             370.467      1         370.467    80.292
  Hydro                                167.078     60           2.785    36.211
   Head                                 36.964     60           0.616     8.011
    guardcell internal                  36.962     60           0.616     8.011
     amr_guardcell                      34.287     60           0.571     7.431
     eos gc                              0.002     60           0.000     0.000
   compute fluxes                      124.485     60           2.075    26.980
    hy_computeFluxes                   124.484    600           0.207    26.980
     RiemannState                      106.466    600           0.177    23.075
     getFaceFlux                        17.868    600           0.030     3.873
   conserveFluxes                        0.044     60           0.001     0.009
   update solution                       5.516     60           0.092     1.195
    update solution body                 5.515    600           0.009     1.195
     unsplitUpdate                       2.099    600           0.003     0.455
  sourceTerms                            0.000     60           0.000     0.000
  Particles_advance                      0.000     60           0.000     0.000
  Gravity potential                      0.000     60           0.000     0.000
  IO_output                            120.791    120           1.007    26.180
   diagnostics                          56.525    120           0.471    12.251
   checkpointing                        64.149      6          10.691    13.903
    writeCheckpoint                     64.137      6          10.690    13.901
     restrictAll                        21.978      6           3.663     4.763
  Grid_updateRefinement                 80.787     60           1.346    17.509
   eos                                   0.072      1           0.072     0.016
   tree                                 80.716     60           1.345    17.494
    markRefineDerefine                  21.498     30           0.717     4.659
     guardcell internal                 19.007     30           0.634     4.119
      amr_guardcell                     17.729     30           0.591     3.842
      eos gc                             0.001     30           0.000     0.000
    amr_refine_derefine                 58.083     30           1.936    12.588
    updateData                           0.000     30           0.000     0.000
   updateParticleRefinement              0.000      1           0.000     0.000
  Driver_computeDt                       1.106     60           0.018     0.240
 ==============================================================================
 [ 03-05-2025  12:39:47.856 ] [Timers_getSummary]: Not writing timer max/min/avg values because not all processors had same timers
 [ 03-05-2025  12:39:47.984 ] LOGFILE_END: FLASH run complete.
 FLASH log file:  03-05-2025  12:39:58.740    Run number:  1
 ==============================================================================
 Number of MPI tasks:                896
 MPI version:                          3
 MPI subversion:                       1
 Dimensionality:                       3
 Max Number of Blocks/Proc:          200
 Number x zones:                      32
 Number y zones:                      32
 Number z zones:                      32
 Setup stamp:     Fri Nov 1 14:03:57 2024
 Build stamp:     Fri Nov 1 14:04:23 2024
 System info:     Linux corona211 4.18.0-553.22.1.1toss.t4.x86_64 #1 SMP Tue Sep 24 16:50:00 PDT 2
 Version:         Flash-X 1.0 (heads/main-0-g6040ba49-dirty)                                      
 Build directory: /usr/workspace/ather1/Flash-X/sedov
 Setup syntax:    /usr/workspace/ather1/Flash-X/bin/setup.py Sedov -auto -3d -nxb=32 -nyb=32 -nzb=32 +parallelio -objdir=/usr/workspace/ather1/Flash-X/sedov
 f compiler flags: mpif90 -ggdb -c -O2 -fdefault-real-8 -fdefault-double-8 -Wuninitialized -fallow-argument-mismatch -fallow-argument-mismatch -DMAXBLOCKS=200 -DNXB=32 -DNYB=32 -DNZB=32 -DN_DIM=3
 c compiler flags:    mpicc -I/p/lustre2/ather1/hdf5-1.14.4-3/install/include -DH5_USE_18_API -ggdb -c -O2 -Wuninitialized -D_FORTIFY_SOURCE=2 -DMAXBLOCKS=200 -DNXB=32 -DNYB=32 -DNZB=32 -DN_DIM=3
 ==============================================================================
 Comment:  Sedov explosion
 ==============================================================================
 FLASH Units used:
   Driver/DriverMain/Unsplit
   Grid/GridBoundaryConditions
   Grid/GridMain/AMR/Paramesh4/PM4_package/flash_avoid_orrery
   Grid/GridMain/AMR/Paramesh4/PM4_package/headers
   Grid/GridMain/AMR/Paramesh4/PM4_package/source
   Grid/GridMain/AMR/Paramesh4/PM4_package/utilities/multigrid
   Grid/GridMain/AMR/Paramesh4/interpolation/prolong
   Grid/GridMain/AMR/Paramesh4/levelFlux
   Grid/localAPI
   IO/IOMain/hdf5/parallel/PM
   IO/localAPI
   PhysicalConstants/PhysicalConstantsMain
   RuntimeParameters/RuntimeParametersMain
   Simulation/SimulationMain/Sedov
   TimeAdvance/TimeAdvanceMain/StrangSplit
   flashUtilities/contiguousConversion
   flashUtilities/general
   flashUtilities/interpolation/oneDim
   flashUtilities/nameValueLL
   flashUtilities/sorting/quicksort
   flashUtilities/system/memoryUsage/legacy
   monitors/Logfile/LogfileMain
   monitors/Timers/TimersMain/MPINative
   physics/Eos/EosMain/Gamma
   physics/Hydro/HydroMain/unsplit/OnlyHydro
   physics/Hydro/HydroMain/unsplit/levelFlux
   physics/Hydro/localAPI
 ==============================================================================
 RuntimeParameters:
                                                                               
 ==============================================================================
bndpriorityone              =          1
bndprioritythree            =          3
bndprioritytwo              =          2
checkpointfileintervalstep  =         10 [CHANGED]
checkpointfilenumber        =          0
dr_abortpause               =          2
dr_dtminbelowaction         =          1
drift_break_inst            =          0
drift_trunc_mantissa        =          2
drift_verbose_inst          =          0
eos_entrelescalechoice      =          6
eos_loglevel                =        700
fileformatversion           =          9
forcedplotfilenumber        =          0
gr_lrefmaxtimevalue_1       =         -1
gr_lrefmaxtimevalue_10      =         -1
gr_lrefmaxtimevalue_11      =         -1
gr_lrefmaxtimevalue_12      =         -1
gr_lrefmaxtimevalue_13      =         -1
gr_lrefmaxtimevalue_14      =         -1
gr_lrefmaxtimevalue_15      =         -1
gr_lrefmaxtimevalue_16      =         -1
gr_lrefmaxtimevalue_17      =         -1
gr_lrefmaxtimevalue_18      =         -1
gr_lrefmaxtimevalue_19      =         -1
gr_lrefmaxtimevalue_2       =         -1
gr_lrefmaxtimevalue_20      =         -1
gr_lrefmaxtimevalue_3       =         -1
gr_lrefmaxtimevalue_4       =         -1
gr_lrefmaxtimevalue_5       =         -1
gr_lrefmaxtimevalue_6       =         -1
gr_lrefmaxtimevalue_7       =         -1
gr_lrefmaxtimevalue_8       =         -1
gr_lrefmaxtimevalue_9       =         -1
gr_pmrpdivergencefree       =         -1
gr_pmrpifaceoff             =          0
gr_pmrpl2p5d                =          0
gr_pmrpmaxblocks            =         -1
gr_pmrpmflags               =          1
gr_pmrpnboundaries          =          6
gr_pmrpndim                 =          3
gr_pmrpnedgevar1            =         -1
gr_pmrpnfacevar             =         -1
gr_pmrpnfielddivf           =         -1
gr_pmrpnfluxvar             =         -1
gr_pmrpnguard               =         -1
gr_pmrpnguardwork           =         -1
gr_pmrpnvar                 =         -1
gr_pmrpnvarwork             =          1
gr_pmrpnvarcorn             =          0
gr_pmrpnvaredge             =          0
gr_pmrpnxb                  =         -1
gr_pmrpnyb                  =         -1
gr_pmrpnzb                  =         -1
gr_restrictallmethod        =          3
gr_sanitizedatamode         =          1
gr_sanitizeverbosity        =          5
gr_tilesizex                =         32
gr_tilesizey                =         32
gr_tilesizez                =         32
hy_3torder                  =         -1
hydrocomputedtoption        =         -1
iprocs                      =          1
interpol_order              =          2
irenorm                     =          0
jprocs                      =          1
kprocs                      =          1
lrefine_del                 =          0
lrefine_max                 =          6 [CHANGED]
lrefine_min                 =          1
lrefine_min_init            =          1
max_particles_per_blk       =        100
memory_stat_freq            =     100000
meshcopycount               =          1
min_particles_per_blk       =          1
nbegin                      =          1
nblockx                     =         16 [CHANGED]
nblocky                     =         16 [CHANGED]
nblockz                     =         16 [CHANGED]
nend                        =         60 [CHANGED]
nrefs                       =          2
nsteptotalsts               =          5
order                       =          3 [CHANGED]
outputsplitnum              =          1
plotfileintervalstep        =          0
plotfilenumber              =          0
refine_var_count            =          4
rolling_checkpoint          =      10000
sim_centerrefinelevel       =          1
sim_integralslevel          =         -1
sim_nsubzones               =          7
sweeporder                  =        123
transorder                  =          1
wr_integrals_freq           =          1
limitedslopebeta            =                 0.100E+01
cfl                         =                 0.800E+00
checkpointfileintervaltime  =                 0.000E+00 [CHANGED]
checkpointfileintervalz     =                 0.180+309
cvisc                       =                 0.100E+00
derefine_cutoff_1           =                 0.200E+00
derefine_cutoff_2           =                 0.200E+00
derefine_cutoff_3           =                 0.200E+00
derefine_cutoff_4           =                 0.200E+00
dr_dtmincontinue            =                 0.000E+00
dr_tstepslowstartfactor     =                 0.100E+00
dtinit                      =                 0.100E-09
dtmax                       =                 0.100E+06
dtmin                       =                 0.100E-09
eintswitch                  =                 0.100E-03 [CHANGED]
eos_singlespeciesa          =                 0.100E+01
eos_singlespeciesz          =                 0.100E+01
gamma                       =                 0.140E+01 [CHANGED]
gr_btworkchildscaling       =                 0.100E+01
gr_btworkdefaultleaf        =                 0.200E+01
gr_btworkdefaultpar         =                 0.100E+01
gr_btworklbleaf             =                 0.000E+00
gr_btworklbpar              =                 0.000E+00
gr_btworkubleaf             =                 0.100E+07
gr_btworkubpar              =                 0.100E+07
gr_lrefinemaxredlogbase     =                 0.100E+02
gr_lrefinemaxredradiusfact  =                 0.000E+00
gr_lrefinemaxredtref        =                 0.000E+00
gr_lrefinemaxredtimescale   =                 0.100E+01
gr_lrefmaxtime_1            =                -0.100E+01
gr_lrefmaxtime_10           =                -0.100E+01
gr_lrefmaxtime_11           =                -0.100E+01
gr_lrefmaxtime_12           =                -0.100E+01
gr_lrefmaxtime_13           =                -0.100E+01
gr_lrefmaxtime_14           =                -0.100E+01
gr_lrefmaxtime_15           =                -0.100E+01
gr_lrefmaxtime_16           =                -0.100E+01
gr_lrefmaxtime_17           =                -0.100E+01
gr_lrefmaxtime_18           =                -0.100E+01
gr_lrefmaxtime_19           =                -0.100E+01
gr_lrefmaxtime_2            =                -0.100E+01
gr_lrefmaxtime_20           =                -0.100E+01
gr_lrefmaxtime_3            =                -0.100E+01
gr_lrefmaxtime_4            =                -0.100E+01
gr_lrefmaxtime_5            =                -0.100E+01
gr_lrefmaxtime_6            =                -0.100E+01
gr_lrefmaxtime_7            =                -0.100E+01
gr_lrefmaxtime_8            =                -0.100E+01
gr_lrefmaxtime_9            =                -0.100E+01
hy_cflfallbackfactor        =                 0.900E+00
hy_fpresinmomflux           =                 0.100E+01
hybridorderkappa            =                 0.000E+00
nusts                       =                 0.200E+00 [CHANGED]
plotfileintervaltime        =                 0.000E+00 [CHANGED]
plotfileintervalz           =                 0.180+309
radiusgp                    =                 0.200E+01
refine_cutoff_1             =                 0.800E+00
refine_cutoff_2             =                 0.800E+00
refine_cutoff_3             =                 0.800E+00
refine_cutoff_4             =                 0.800E+00
refine_filter_1             =                 0.100E-01
refine_filter_2             =                 0.100E-01
refine_filter_3             =                 0.100E-01
refine_filter_4             =                 0.100E-01
rss_limit                   =                -0.100E+01
sigmagp                     =                 0.300E+01
sim_derefineradius          =                 0.000E+00
sim_earliestlstime          =                 0.000E+00
sim_expenergy               =                 0.100E+01
sim_largestnormradius       =                 0.180+309
sim_latestlstime            =                 0.180+309
sim_minrhoinit              =                 0.100E-19
sim_pambient                =                 0.100E-04
sim_rinit                   =                 0.137E-01 [CHANGED]
sim_rhoambient              =                 0.100E+01
sim_smallestnormradius      =                 0.000E+00
sim_xctr                    =                 0.500E+00
sim_yctr                    =                 0.500E+00
sim_zctr                    =                 0.500E+00
small                       =                 0.100E-09
smalle                      =                 0.100E-09
smallp                      =                 0.100E-09
smallt                      =                 0.100E-09
smallu                      =                 0.100E-09
smallx                      =                 0.100E-09
smlrho                      =                 0.100E-09
tinitial                    =                 0.000E+00
tiny                        =                 0.100E-15
tmax                        =                 0.500E+06 [CHANGED]
tstep_change_factor         =                 0.200E+01
wall_clock_checkpoint       =                 0.432E+05
wall_clock_time_limit       =                 0.605E+06
x_refine_center             =                 0.000E+00
xmax                        =                 0.100E+01
xmin                        =                 0.000E+00
y_refine_center             =                 0.000E+00
ymax                        =                 0.100E+01
ymin                        =                 0.000E+00
zfinal                      =                 0.000E+00
zinitial                    =                -0.100E+01
z_refine_center             =                 0.000E+00
zmax                        =                 0.100E+01
zmin                        =                 0.000E+00
riemannsolver               = Roe                            [CHANGED]
unitsystem                  = none                          
basenm                      = sedov_                         [CHANGED]
entropyfixmethod            = HARTENHYMAN                   
eosmode                     = dens_ie                       
eosmodeinit                 = dens_ie                       
geometry                    = cartesian                     
gr_pmrpoutputdir            = ./                            
grav_boundary_type          = isolated                      
hy_eosmodegc                = see eosMode                   
log_file                    = sedov.log                      [CHANGED]
output_directory            =                               
pc_unitsbase                = CGS                           
plot_grid_var_1             = none                          
plot_grid_var_10            = none                          
plot_grid_var_11            = none                          
plot_grid_var_12            = none                          
plot_grid_var_13            = none                          
plot_grid_var_14            = none                          
plot_grid_var_15            = none                          
plot_grid_var_16            = none                          
plot_grid_var_17            = none                          
plot_grid_var_18            = none                          
plot_grid_var_19            = none                          
plot_grid_var_2             = none                          
plot_grid_var_20            = none                          
plot_grid_var_21            = none                          
plot_grid_var_22            = none                          
plot_grid_var_23            = none                          
plot_grid_var_24            = none                          
plot_grid_var_25            = none                          
plot_grid_var_26            = none                          
plot_grid_var_27            = none                          
plot_grid_var_28            = none                          
plot_grid_var_29            = none                          
plot_grid_var_3             = none                          
plot_grid_var_30            = none                          
plot_grid_var_31            = none                          
plot_grid_var_32            = none                          
plot_grid_var_33            = none                          
plot_grid_var_34            = none                          
plot_grid_var_35            = none                          
plot_grid_var_36            = none                          
plot_grid_var_37            = none                          
plot_grid_var_38            = none                          
plot_grid_var_39            = none                          
plot_grid_var_4             = none                          
plot_grid_var_40            = none                          
plot_grid_var_41            = none                          
plot_grid_var_42            = none                          
plot_grid_var_43            = none                          
plot_grid_var_44            = none                          
plot_grid_var_45            = none                          
plot_grid_var_46            = none                          
plot_grid_var_47            = none                          
plot_grid_var_48            = none                          
plot_grid_var_49            = none                          
plot_grid_var_5             = none                          
plot_grid_var_50            = none                          
plot_grid_var_51            = none                          
plot_grid_var_52            = none                          
plot_grid_var_53            = none                          
plot_grid_var_54            = none                          
plot_grid_var_55            = none                          
plot_grid_var_56            = none                          
plot_grid_var_57            = none                          
plot_grid_var_58            = none                          
plot_grid_var_59            = none                          
plot_grid_var_6             = none                          
plot_grid_var_60            = none                          
plot_grid_var_61            = none                          
plot_grid_var_62            = none                          
plot_grid_var_63            = none                          
plot_grid_var_64            = none                          
plot_grid_var_65            = none                          
plot_grid_var_66            = none                          
plot_grid_var_67            = none                          
plot_grid_var_68            = none                          
plot_grid_var_69            = none                          
plot_grid_var_7             = none                          
plot_grid_var_70            = none                          
plot_grid_var_71            = none                          
plot_grid_var_72            = none                          
plot_grid_var_73            = none                          
plot_grid_var_74            = none                          
plot_grid_var_75            = none                          
plot_grid_var_76            = none                          
plot_grid_var_77            = none                          
plot_grid_var_78            = none                          
plot_grid_var_8             = none                          
plot_grid_var_9             = none                          
plot_var_1                  = dens                           [CHANGED]
plot_var_10                 = none                          
plot_var_11                 = none                          
plot_var_12                 = none                          
plot_var_13                 = none                          
plot_var_14                 = none                          
plot_var_15                 = none                          
plot_var_16                 = none                          
plot_var_17                 = none                          
plot_var_18                 = none                          
plot_var_2                  = pres                           [CHANGED]
plot_var_3                  = temp                           [CHANGED]
plot_var_4                  = none                          
plot_var_5                  = none                          
plot_var_6                  = none                          
plot_var_7                  = none                          
plot_var_8                  = none                          
plot_var_9                  = none                          
prof_file                   = profile.dat                   
refine_var_1                = dens                           [CHANGED]
refine_var_2                = pres                           [CHANGED]
refine_var_3                = none                          
refine_var_4                = none                          
run_comment                 = Sedov explosion                [CHANGED]
run_number                  = 1                             
sim_proffilename            = /dev/null                      [CHANGED]
slopelimiter                = mc                             [CHANGED]
stats_file                  = flashx.dat                    
wenomethod                  = WENO5                         
xl_boundary_type            = outflow                        [CHANGED]
xr_boundary_type            = outflow                        [CHANGED]
yl_boundary_type            = outflow                        [CHANGED]
yr_boundary_type            = outflow                        [CHANGED]
zl_boundary_type            = outflow                        [CHANGED]
zr_boundary_type            = outflow                        [CHANGED]
csvsummaryallprocs          =  F
eosforriemann               =  F
logsummaryallprocs          =  F
addthermalflux              =  T
allowdtstsdominate          =  F
alwayscomputeuservars       =  T
alwaysrestrictcheckpoint    =  T
charlimiting                =  T
chkguardcellsinput          =  F
chkguardcellsoutput         =  F
conserveangmom              =  F
converttoconsvdformeshcalls =  F
converttoconsvdinmeshinterp =  T
corners                     =  F
dr_printtsteploc            =  T
dr_shortenlaststepbeforetmax =  F
drift_tuples                =  F
eachprocwritesownabortlog   =  F
eachprocwritessummary       =  F
earlyblockdistadjustment    =  T
enablemaskedgcfill          =  F
entropy                     =  F
flux_correct                =  T
flux_correct_perlevel       =  F
geometryoverride            =  F
gr_bcenableapplymixedgds    =  T
gr_bndgcfillneedsprimitivevars =  T
gr_btcustomwork             =  F
gr_btexchangework           =  F
gr_btsortbywork             =  T
gr_enabletiling             =  F
gr_lrefinemaxbytime         =  F
gr_lrefinemaxreddobylogr    =  F
gr_lrefinemaxreddobytime    =  F
gr_pmrpadvancealllevels     =  F
gr_pmrpamrerrorchecking     =  F
gr_pmrpcartesianpm          =  F
gr_pmrpconserve             =  F
gr_pmrpconsvfluxdensities   =  T
gr_pmrpconsvfluxes          =  F
gr_pmrpcurvilinear          =  F
gr_pmrpcurvilinearconserve  =  F
gr_pmrpcylindricalpm        =  F
gr_pmrpdiagonals            =  T
gr_pmrpedgevalue            =  T
gr_pmrpedgevalueinteg       =  F
gr_pmrpemptycells           =  F
gr_pmrpforceconsistency     =  T
gr_pmrplsingularline        =  F
gr_pmrpnopermanentguardcells =  F
gr_pmrppolarpm              =  F
gr_pmrppredcorr             =  F
gr_pmrpsphericalpm          =  F
gr_pmrptimingmpi            =  F
gr_pmrptimingmpix           =  F
gr_pmrpvardt                =  F
gr_usetiling                =  F
hy_fallbacklowercfl         =  F
hy_fullspecmsfluxhandling   =  T
hy_usetiling                =  F
ignoreforcedplot            =  F
io_writemscalarintegrals    =  F
plotfilegridquantitydp      =  F
plotfilemetadatadp          =  F
reducegcellfills            =  F
refine_on_particle_count    =  F
restart                     =  F
shockdetect                 =  F
shocklowercfl               =  F
sim_bcsetbdryvar            =  F
sim_forcecenterderefine     =  F
sim_onelevelintegralsonly   =  F
summaryoutputonly           =  F
threadblocklistbuild        =  F
threaddelepblocklist        =  F
threaddelepwithinblock      =  F
threaddriverblocklist       =  F
threaddriverwithinblock     =  F
threadeoswithinblock        =  F
threadhydroblocklist        =  F
threadhydrowithinblock      =  F
threadraytracebuild         =  F
threadwithinblockbuild      =  F
tmr_suppressinparallel      =  F
typematchedxfer             =  T
unbiased_geometry           =  F
updatehydrofluxes           =  T
useburn                     =  F
usecollectivehdf5           =  T
usedeleptonize              =  F
usegravity                  =  F
useheatad                   =  F
useheater                   =  F
usehydro                    =  T
useimbound                  =  F
useincompns                 =  F
useinlet                    =  F
uselegacylabels             =  T
usemultiphase               =  F
useorchestration            =  F
useoutlet                   =  F
useparticles                =  F
useradtrans                 =  F
usests                      =  F
usestsfordiffusion          =  F
usesolidmechanics           =  F
use_3dfullctu               =  T
use_auxeinteqn              =  T
use_avisc                   =  T [CHANGED]
use_cma_advection           =  F
use_cma_flattening          =  F
use_flash_surr_blks_fill    =  T
use_flattening              =  F
use_gravhalfupdate          =  T
use_hybridorder             =  F
use_reduced_orrery          =  T
use_steepening              =  F
use_upwindtvd               =  F
writestatsummary            =  T
                                                                               
 ==============================================================================
                                                                               
 Known units of measurement:
                                                                               
              Unit                          CGS Value                Base Unit
  1                  cm                     1.0000                           cm
  2                   s                     1.0000                            s
  3                   g                     1.0000                            g
  4                   K                     1.0000                            K
  5                 esu                     1.0000                          esu
  6                 mol                     1.0000                          mol
  7                   m                     100.00                           cm
  8                  km                    1.00000E+05                       cm
  9                  pc                    3.08568E+18                       cm
 10                 kpc                    3.08568E+21                       cm
 11                 Mpc                    3.08568E+24                       cm
 12                 Gpc                    3.08568E+27                       cm
 13                Rsun                    6.96000E+10                       cm
 14                  AU                    1.49598E+13                       cm
 15                  yr                    3.15569E+07                        s
 16                 Myr                    3.15569E+13                        s
 17                 Gyr                    3.15569E+16                        s
 18                  kg                     1000.0                            g
 19                Msun                    1.98892E+33                        g
 20                 amu                    1.66054E-24                        g
 21                  eV                     11605.                            K
 22                   C                    2.99792E+09                      esu
 23                LFLY                    3.08568E+24                       cm
 24                TFLY                    2.05759E+17                        s
 25                MFLY                    9.88470E+45                        g
 26            clLength                    3.08568E+24                       cm
 27              clTime                    3.15569E+16                        s
 28              clMass                    1.98892E+48                        g
 29              clTemp                    1.16045E+07                        K
-----------End of Units--------------------
                                                                               
 Known physical constants:
                                                                               
    Constant Name       Constant Value   cm       s        g        K        esu      mol
  1              Newton    6.67408E-08   3.0     -2.0     -1.0      0.0      0.0      0.0    
  2      speed of light    2.99792E+10   1.0     -1.0      0.0      0.0      0.0      0.0    
  3              Planck    6.62607E-27   2.0     -1.0      1.0      0.0      0.0      0.0    
  4     electron charge    4.80320E-10   0.0      0.0      0.0      0.0      1.0      0.0    
  5       electron mass    9.10938E-28   0.0      0.0      1.0      0.0      0.0      0.0    
  6         proton mass    1.67262E-24   0.0      0.0      1.0      0.0      0.0      0.0    
  7      fine-structure    7.29735E-03   0.0      0.0      0.0      0.0      0.0      0.0    
  8            Avogadro    6.02214E+23   0.0      0.0      0.0      0.0      0.0     -1.0    
  9           Boltzmann    1.38065E-16   2.0     -2.0      1.0     -1.0      0.0      0.0    
 10  ideal gas constant    8.31446E+07   2.0     -2.0      1.0     -1.0      0.0     -1.0    
 11                Wien    0.28978       1.0      0.0      0.0      1.0      0.0      0.0    
 12    Stefan-Boltzmann    5.67037E-05   0.0     -3.0      1.0     -4.0      0.0      0.0    
 13  Radiation Constant    7.56572E-15  -1.0     -2.0      1.0     -4.0      0.0      0.0    
 14                  pi     3.1416       0.0      0.0      0.0      0.0      0.0      0.0    
 15                   e     2.7183       0.0      0.0      0.0      0.0      0.0      0.0    
 16               Euler    0.57722       0.0      0.0      0.0      0.0      0.0      0.0    
 ==============================================================================
                                                                               
 Multifluid database: not configured in
                                                                               
 ==============================================================================
 [ 03-05-2025  12:39:58.748 ] [gr_initGeometry] checking BCs for idir: 1
 [ 03-05-2025  12:39:58.750 ] [gr_initGeometry] checking BCs for idir: 2
 [ 03-05-2025  12:39:58.751 ] [gr_initGeometry] checking BCs for idir: 3
 [ 03-05-2025  12:40:00.437 ] [GRID amr_refine_derefine]: initiating refinement
 [ 03-05-2025  12:40:00.439 ] [GRID amr_refine_derefine]: redist. phase.  tot blks requested: 4096
 [GRID amr_refine_derefine] min blks 4    max blks 5    tot blks 4096
 [GRID amr_refine_derefine] min leaf blks 4    max leaf blks 5    tot leaf blks 4096
 [ 03-05-2025  12:40:00.603 ] [GRID amr_refine_derefine]: refinement complete
 [ 03-05-2025  12:40:00.713 ] [GRID gr_expandDomain]: iteration=1, create level=2
 INFO: Grid_fillGuardCells is ignoring masking.
 [ 03-05-2025  12:40:05.904 ] [mpi_amr_comm_setup]: buffer_dim_send=3349693, buffer_dim_recv=2207173
 [ 03-05-2025  12:40:08.270 ] [GRID amr_refine_derefine]: initiating refinement
 [ 03-05-2025  12:40:08.281 ] [GRID amr_refine_derefine]: redist. phase.  tot blks requested: 4160
 [GRID amr_refine_derefine] min blks 4    max blks 5    tot blks 4160
 [GRID amr_refine_derefine] min leaf blks 4    max leaf blks 5    tot leaf blks 4152
 [ 03-05-2025  12:40:08.406 ] [GRID amr_refine_derefine]: refinement complete
 [ 03-05-2025  12:40:08.414 ] [GRID gr_expandDomain]: iteration=2, create level=3
 [ 03-05-2025  12:40:14.310 ] [GRID amr_refine_derefine]: initiating refinement
 [ 03-05-2025  12:40:14.319 ] [GRID amr_refine_derefine]: redist. phase.  tot blks requested: 4224
 [GRID amr_refine_derefine] min blks 4    max blks 6    tot blks 4224
 [GRID amr_refine_derefine] min leaf blks 3    max leaf blks 5    tot leaf blks 4208
 [ 03-05-2025  12:40:14.435 ] [GRID amr_refine_derefine]: refinement complete
 [ 03-05-2025  12:40:14.442 ] [GRID gr_expandDomain]: iteration=3, create level=4
 [ 03-05-2025  12:40:19.614 ] [mpi_amr_comm_setup]: buffer_dim_send=3423553, buffer_dim_recv=2207173
 [ 03-05-2025  12:40:20.301 ] [GRID amr_refine_derefine]: initiating refinement
 [ 03-05-2025  12:40:20.309 ] [GRID amr_refine_derefine]: redist. phase.  tot blks requested: 4288
 [GRID amr_refine_derefine] min blks 4    max blks 6    tot blks 4288
 [GRID amr_refine_derefine] min leaf blks 3    max leaf blks 5    tot leaf blks 4264
 [ 03-05-2025  12:40:20.425 ] [GRID amr_refine_derefine]: refinement complete
 [ 03-05-2025  12:40:20.433 ] [GRID gr_expandDomain]: iteration=4, create level=5
 [ 03-05-2025  12:40:25.662 ] [mpi_amr_comm_setup]: buffer_dim_send=3422269, buffer_dim_recv=2207173
 [ 03-05-2025  12:40:26.648 ] [GRID amr_refine_derefine]: initiating refinement
 [ 03-05-2025  12:40:26.659 ] [GRID amr_refine_derefine]: redist. phase.  tot blks requested: 6144
 [GRID amr_refine_derefine] min blks 6    max blks 9    tot blks 6144
 [GRID amr_refine_derefine] min leaf blks 5    max leaf blks 7    tot leaf blks 5888
 [ 03-05-2025  12:40:26.805 ] [GRID amr_refine_derefine]: refinement complete
 [ 03-05-2025  12:40:26.815 ] [GRID gr_expandDomain]: iteration=5, create level=6
 [ 03-05-2025  12:40:34.381 ] [mpi_amr_comm_setup]: buffer_dim_send=2974177, buffer_dim_recv=2540365
 [ 03-05-2025  12:40:35.545 ] [GRID amr_refine_derefine]: initiating refinement
 [ 03-05-2025  12:40:35.556 ] [GRID amr_refine_derefine]: redist. phase.  tot blks requested: 9152
 [GRID amr_refine_derefine] min blks 9    max blks 12    tot blks 9152
 [GRID amr_refine_derefine] min leaf blks 7    max leaf blks 10    tot leaf blks 8520
 [ 03-05-2025  12:40:35.752 ] [GRID amr_refine_derefine]: refinement complete
 [ 03-05-2025  12:40:35.761 ] [GRID gr_expandDomain]: iteration=6, create level=6
 [ 03-05-2025  12:40:46.656 ] [mpi_amr_comm_setup]: buffer_dim_send=4843741, buffer_dim_recv=2669029
 [ 03-05-2025  12:40:48.153 ] [GRID gr_expandDomain]: iteration=7, create level=6
 [ 03-05-2025  12:41:00.546 ] [GRID gr_expandDomain]: iteration=8, create level=6
 [ 03-05-2025  12:41:12.367 ] memory: /proc vsize    (MB):     4596.92 (min)       4799.12 (max)       4731.26 (avg)
 [ 03-05-2025  12:41:12.368 ] memory: /proc rss      (MB):     1841.02 (min)       1930.69 (max)       1894.82 (avg)
 [ 03-05-2025  12:41:12.371 ] memory: /proc vsize    (MB):     4596.92 (min)       4799.12 (max)       4731.26 (avg)
 [ 03-05-2025  12:41:12.373 ] memory: /proc rss      (MB):     1841.02 (min)       1930.69 (max)       1894.82 (avg)
 [ 03-05-2025  12:41:12.391 ] memory: /proc vsize    (MB):     4596.92 (min)       4799.12 (max)       4731.26 (avg)
 [ 03-05-2025  12:41:12.393 ] memory: /proc rss      (MB):     1841.02 (min)       1930.69 (max)       1894.82 (avg)
 [ 03-05-2025  12:41:15.856 ] [IO_writeCheckpoint] open: type=checkpoint name=sedov_hdf5_chk_0000
 [ 03-05-2025  12:41:24.316 ] [io_writeData]: wrote    9152          blocks
 [ 03-05-2025  12:41:24.351 ] [IO_writeCheckpoint] close: type=checkpoint name=sedov_hdf5_chk_0000
 [ 03-05-2025  12:41:24.429 ] [IO_writePlotfile] open: type=plotfile name=sedov_hdf5_plt_cnt_0000
 [ 03-05-2025  12:41:25.396 ] [io_writeData]: wrote    9152          blocks
 [ 03-05-2025  12:41:25.407 ] [IO_writePlotfile] close: type=plotfile name=sedov_hdf5_plt_cnt_0000
 [ 03-05-2025  12:41:25.413 ] memory: /proc vsize    (MB):     4616.35 (min)       5013.64 (max)       4740.86 (avg)
 [ 03-05-2025  12:41:25.418 ] memory: /proc rss      (MB):     1847.39 (min)       1937.67 (max)       1903.19 (avg)
 [ 03-05-2025  12:41:25.423 ] [Driver_evolveAll]: Entering evolution loop
 [ 03-05-2025  12:41:25.428 ] step: n=1 t=0.000000E+00 dt=1.000000E-10
 [ 03-05-2025  12:41:29.110 ] step: n=2 t=1.000000E-10 dt=2.000000E-10
 [ 03-05-2025  12:41:35.345 ] step: n=3 t=3.000000E-10 dt=4.000000E-10
 [ 03-05-2025  12:41:39.006 ] step: n=4 t=7.000000E-10 dt=8.000000E-10
 [ 03-05-2025  12:41:45.271 ] step: n=5 t=1.500000E-09 dt=1.600000E-09
 [ 03-05-2025  12:41:48.944 ] step: n=6 t=3.100000E-09 dt=3.200000E-09
 [ 03-05-2025  12:41:55.171 ] step: n=7 t=6.300000E-09 dt=6.400000E-09
 [ 03-05-2025  12:41:58.843 ] step: n=8 t=1.270000E-08 dt=1.280000E-08
 [ 03-05-2025  12:42:05.112 ] step: n=9 t=2.550000E-08 dt=2.560000E-08
 [ 03-05-2025  12:42:08.791 ] step: n=10 t=5.110000E-08 dt=5.120000E-08
 [ 03-05-2025  12:42:19.536 ] [IO_writeCheckpoint] open: type=checkpoint name=sedov_hdf5_chk_0001
 [ 03-05-2025  12:42:26.911 ] [io_writeData]: wrote    9152          blocks
 [ 03-05-2025  12:42:26.917 ] [IO_writeCheckpoint] close: type=checkpoint name=sedov_hdf5_chk_0001
 [ 03-05-2025  12:42:26.921 ] step: n=11 t=1.023000E-07 dt=1.024000E-07
 [ 03-05-2025  12:42:30.602 ] step: n=12 t=2.047000E-07 dt=2.011896E-07
 [ 03-05-2025  12:42:36.890 ] step: n=13 t=4.058896E-07 dt=1.856898E-07
 [ 03-05-2025  12:42:40.571 ] step: n=14 t=5.915794E-07 dt=1.729914E-07
 [ 03-05-2025  12:42:46.839 ] step: n=15 t=7.645708E-07 dt=1.642472E-07
 [ 03-05-2025  12:42:50.530 ] step: n=16 t=9.288179E-07 dt=1.580871E-07
 [ 03-05-2025  12:42:56.786 ] step: n=17 t=1.086905E-06 dt=1.534569E-07
 [ 03-05-2025  12:43:00.479 ] step: n=18 t=1.240362E-06 dt=1.499651E-07
 [ 03-05-2025  12:43:06.740 ] step: n=19 t=1.390327E-06 dt=1.474127E-07
 [ 03-05-2025  12:43:10.428 ] step: n=20 t=1.537740E-06 dt=1.456205E-07
 [ 03-05-2025  12:43:21.797 ] [IO_writeCheckpoint] open: type=checkpoint name=sedov_hdf5_chk_0002
 [ 03-05-2025  12:43:25.447 ] [io_writeData]: wrote    9152          blocks
 [ 03-05-2025  12:43:25.455 ] [IO_writeCheckpoint] close: type=checkpoint name=sedov_hdf5_chk_0002
 [ 03-05-2025  12:43:25.458 ] step: n=21 t=1.683360E-06 dt=1.444985E-07
 [ 03-05-2025  12:43:29.157 ] step: n=22 t=1.827859E-06 dt=1.441710E-07
 [ 03-05-2025  12:43:35.446 ] step: n=23 t=1.972030E-06 dt=1.441286E-07
 [ 03-05-2025  12:43:39.143 ] step: n=24 t=2.116158E-06 dt=1.441099E-07
 [ 03-05-2025  12:43:45.425 ] step: n=25 t=2.260268E-06 dt=1.441302E-07
 [ 03-05-2025  12:43:49.139 ] step: n=26 t=2.404398E-06 dt=1.442588E-07
 [ 03-05-2025  12:43:55.365 ] [GRID amr_refine_derefine]: initiating refinement
 [ 03-05-2025  12:43:55.377 ] [GRID amr_refine_derefine]: redist. phase.  tot blks requested: 9536
 [GRID amr_refine_derefine] min blks 10    max blks 13    tot blks 9536
 [GRID amr_refine_derefine] min leaf blks 8    max leaf blks 11    tot leaf blks 8856
 [ 03-05-2025  12:43:55.586 ] [GRID amr_refine_derefine]: refinement complete
 [ 03-05-2025  12:43:55.996 ] step: n=27 t=2.548657E-06 dt=1.444833E-07
 [ 03-05-2025  12:43:55.998 ] [mpi_amr_comm_setup]: buffer_dim_send=4300885, buffer_dim_recv=2669029
 [ 03-05-2025  12:43:59.813 ] step: n=28 t=2.693141E-06 dt=1.448057E-07
 [ 03-05-2025  12:44:06.389 ] step: n=29 t=2.837946E-06 dt=1.450172E-07
 [ 03-05-2025  12:44:10.199 ] step: n=30 t=2.982964E-06 dt=1.450055E-07
 [ 03-05-2025  12:44:21.323 ] [IO_writeCheckpoint] open: type=checkpoint name=sedov_hdf5_chk_0003
 [ 03-05-2025  12:44:25.082 ] [io_writeData]: wrote    9536          blocks
 [ 03-05-2025  12:44:25.093 ] [IO_writeCheckpoint] close: type=checkpoint name=sedov_hdf5_chk_0003
 [ 03-05-2025  12:44:25.096 ] step: n=31 t=3.127969E-06 dt=1.449474E-07
 [ 03-05-2025  12:44:28.917 ] step: n=32 t=3.272916E-06 dt=1.449259E-07
 [ 03-05-2025  12:44:35.518 ] step: n=33 t=3.417842E-06 dt=1.447113E-07
 [ 03-05-2025  12:44:39.331 ] step: n=34 t=3.562554E-06 dt=1.446418E-07
 [ 03-05-2025  12:44:45.919 ] step: n=35 t=3.707195E-06 dt=1.446455E-07
 [ 03-05-2025  12:44:49.728 ] step: n=36 t=3.851841E-06 dt=1.446573E-07
 [ 03-05-2025  12:44:56.330 ] step: n=37 t=3.996498E-06 dt=1.446767E-07
 [ 03-05-2025  12:45:00.149 ] step: n=38 t=4.141175E-06 dt=1.447318E-07
 [ 03-05-2025  12:45:06.740 ] step: n=39 t=4.285907E-06 dt=1.447598E-07
 [ 03-05-2025  12:45:10.553 ] step: n=40 t=4.430666E-06 dt=1.447127E-07
 [ 03-05-2025  12:45:21.655 ] [IO_writeCheckpoint] open: type=checkpoint name=sedov_hdf5_chk_0004
 [ 03-05-2025  12:45:25.341 ] [io_writeData]: wrote    9536          blocks
 [ 03-05-2025  12:45:25.347 ] [IO_writeCheckpoint] close: type=checkpoint name=sedov_hdf5_chk_0004
 [ 03-05-2025  12:45:25.351 ] step: n=41 t=4.575379E-06 dt=1.446812E-07
 [ 03-05-2025  12:45:29.172 ] step: n=42 t=4.720060E-06 dt=1.446456E-07
 [ 03-05-2025  12:45:35.680 ] step: n=43 t=4.864706E-06 dt=1.446294E-07
 [ 03-05-2025  12:45:39.494 ] step: n=44 t=5.009335E-06 dt=1.446250E-07
 [ 03-05-2025  12:45:45.999 ] step: n=45 t=5.153960E-06 dt=1.445216E-07
 [ 03-05-2025  12:45:49.820 ] step: n=46 t=5.298482E-06 dt=1.444823E-07
 [ 03-05-2025  12:45:56.397 ] step: n=47 t=5.442964E-06 dt=1.444551E-07
 [ 03-05-2025  12:46:00.220 ] step: n=48 t=5.587419E-06 dt=1.444288E-07
 [ 03-05-2025  12:46:06.807 ] step: n=49 t=5.731848E-06 dt=1.444159E-07
 [ 03-05-2025  12:46:10.632 ] step: n=50 t=5.876264E-06 dt=1.444089E-07
 [ 03-05-2025  12:46:21.913 ] [IO_writeCheckpoint] open: type=checkpoint name=sedov_hdf5_chk_0005
 [ 03-05-2025  12:46:25.662 ] [io_writeData]: wrote    9536          blocks
 [ 03-05-2025  12:46:25.672 ] [IO_writeCheckpoint] close: type=checkpoint name=sedov_hdf5_chk_0005
 [ 03-05-2025  12:46:25.675 ] step: n=51 t=6.020673E-06 dt=1.443103E-07
 [ 03-05-2025  12:46:29.499 ] step: n=52 t=6.164983E-06 dt=1.442630E-07
 [ 03-05-2025  12:46:36.096 ] step: n=53 t=6.309246E-06 dt=1.442278E-07
 [ 03-05-2025  12:46:39.915 ] step: n=54 t=6.453474E-06 dt=1.441955E-07
 [ 03-05-2025  12:46:46.418 ] step: n=55 t=6.597670E-06 dt=1.441758E-07
 [ 03-05-2025  12:46:50.234 ] step: n=56 t=6.741845E-06 dt=1.441499E-07
 [ 03-05-2025  12:46:56.796 ] step: n=57 t=6.885995E-06 dt=1.440523E-07
 [ 03-05-2025  12:47:00.623 ] step: n=58 t=7.030048E-06 dt=1.439965E-07
 [ 03-05-2025  12:47:07.162 ] step: n=59 t=7.174044E-06 dt=1.439601E-07
 [ 03-05-2025  12:47:10.976 ] step: n=60 t=7.318004E-06 dt=1.439284E-07
 [ 03-05-2025  12:47:22.039 ] [IO_writeCheckpoint] open: type=checkpoint name=sedov_hdf5_chk_0006
 [ 03-05-2025  12:47:25.811 ] [io_writeData]: wrote    9536          blocks
 [ 03-05-2025  12:47:25.817 ] [IO_writeCheckpoint] close: type=checkpoint name=sedov_hdf5_chk_0006
 [ 03-05-2025  12:47:25.819 ] [Driver_evolveAll]: Exiting evolution loop
 [ 03-05-2025  12:47:25.959 ] [IO_writePlotfile] open: type=plotfile name=sedov_forced_hdf5_plt_cnt_0000
 [ 03-05-2025  12:47:30.438 ] [io_writeData]: wrote    9536          blocks
 [ 03-05-2025  12:47:30.630 ] [IO_writePlotfile] close: type=plotfile name=sedov_forced_hdf5_plt_cnt_0000
 [ 03-05-2025  12:47:30.749 ] memory: /proc vsize    (MB):     4628.05 (min)       5019.33 (max)       4778.37 (avg)
 [ 03-05-2025  12:47:30.807 ] memory: /proc rss      (MB):     1961.16 (min)       2063.28 (max)       2002.54 (avg)
 ==============================================================================
 perf_summary: code performance summary for process            0
                      beginning : 03-05-2025  12:39:58
                         ending : 03-05-2025  12:47:30
   seconds in monitoring period :              452.121
      number of evolution steps :                   60
 ------------------------------------------------------------------------------
 accounting unit                       time sec  num calls   secs avg  time pct
 ------------------------------------------------------------------------------
 initialization                         86.680      1          86.680    19.172
  eos                                    0.204      8           0.026     0.045
  guardcell internal                     2.638      7           0.377     0.583
   amr_guardcell                         2.508      7           0.358     0.555
   eos gc                                0.000      7           0.000     0.000
  writeCheckpoint                       11.940      1          11.940     2.641
   restrictAll                           3.282      1           3.282     0.726
  writePlotfile                          1.052      1           1.052     0.233
 writePlotfile                           4.785      1           4.785     1.058
 evolution                             360.393      1         360.393    79.712
  Hydro                                167.945     60           2.799    37.146
   Head                                 37.539     60           0.626     8.303
    guardcell internal                  37.538     60           0.626     8.303
     amr_guardcell                      34.821     60           0.580     7.702
     eos gc                              0.002     60           0.000     0.000
   compute fluxes                      124.747     60           2.079    27.592
    hy_computeFluxes                   124.746    600           0.208    27.591
     RiemannState                      106.633    600           0.178    23.585
     getFaceFlux                        17.963    600           0.030     3.973
   conserveFluxes                        0.045     60           0.001     0.010
   update solution                       5.545     60           0.092     1.226
    update solution body                 5.544    600           0.009     1.226
     unsplitUpdate                       2.105    600           0.004     0.466
  sourceTerms                            0.000     60           0.000     0.000
  Particles_advance                      0.000     60           0.000     0.000
  Gravity potential                      0.000     60           0.000     0.000
  IO_output                            110.323    120           0.919    24.401
   diagnostics                          56.274    120           0.469    12.447
   checkpointing                        53.927      6           8.988    11.928
    writeCheckpoint                     53.916      6           8.986    11.925
     restrictAll                        22.108      6           3.685     4.890
  Grid_updateRefinement                 80.796     60           1.347    17.870
   eos                                   0.072      1           0.072     0.016
   tree                                 80.724     60           1.345    17.855
    markRefineDerefine                  21.623     30           0.721     4.783
     guardcell internal                 19.112     30           0.637     4.227
      amr_guardcell                     17.875     30           0.596     3.954
      eos gc                             0.001     30           0.000     0.000
    amr_refine_derefine                 57.972     30           1.932    12.822
    updateData                           0.000     30           0.000     0.000
   updateParticleRefinement              0.000      1           0.000     0.000
  Driver_computeDt                       1.108     60           0.018     0.245
 ==============================================================================
 [ 03-05-2025  12:47:31.037 ] [Timers_getSummary]: Not writing timer max/min/avg values because not all processors had same timers
 [ 03-05-2025  12:47:31.184 ] LOGFILE_END: FLASH run complete.
 FLASH log file:  03-05-2025  12:47:41.714    Run number:  1
 ==============================================================================
 Number of MPI tasks:                896
 MPI version:                          3
 MPI subversion:                       1
 Dimensionality:                       3
 Max Number of Blocks/Proc:          200
 Number x zones:                      32
 Number y zones:                      32
 Number z zones:                      32
 Setup stamp:     Fri Nov 1 14:03:57 2024
 Build stamp:     Fri Nov 1 14:04:23 2024
 System info:     Linux corona211 4.18.0-553.22.1.1toss.t4.x86_64 #1 SMP Tue Sep 24 16:50:00 PDT 2
 Version:         Flash-X 1.0 (heads/main-0-g6040ba49-dirty)                                      
 Build directory: /usr/workspace/ather1/Flash-X/sedov
 Setup syntax:    /usr/workspace/ather1/Flash-X/bin/setup.py Sedov -auto -3d -nxb=32 -nyb=32 -nzb=32 +parallelio -objdir=/usr/workspace/ather1/Flash-X/sedov
 f compiler flags: mpif90 -ggdb -c -O2 -fdefault-real-8 -fdefault-double-8 -Wuninitialized -fallow-argument-mismatch -fallow-argument-mismatch -DMAXBLOCKS=200 -DNXB=32 -DNYB=32 -DNZB=32 -DN_DIM=3
 c compiler flags:    mpicc -I/p/lustre2/ather1/hdf5-1.14.4-3/install/include -DH5_USE_18_API -ggdb -c -O2 -Wuninitialized -D_FORTIFY_SOURCE=2 -DMAXBLOCKS=200 -DNXB=32 -DNYB=32 -DNZB=32 -DN_DIM=3
 ==============================================================================
 Comment:  Sedov explosion
 ==============================================================================
 FLASH Units used:
   Driver/DriverMain/Unsplit
   Grid/GridBoundaryConditions
   Grid/GridMain/AMR/Paramesh4/PM4_package/flash_avoid_orrery
   Grid/GridMain/AMR/Paramesh4/PM4_package/headers
   Grid/GridMain/AMR/Paramesh4/PM4_package/source
   Grid/GridMain/AMR/Paramesh4/PM4_package/utilities/multigrid
   Grid/GridMain/AMR/Paramesh4/interpolation/prolong
   Grid/GridMain/AMR/Paramesh4/levelFlux
   Grid/localAPI
   IO/IOMain/hdf5/parallel/PM
   IO/localAPI
   PhysicalConstants/PhysicalConstantsMain
   RuntimeParameters/RuntimeParametersMain
   Simulation/SimulationMain/Sedov
   TimeAdvance/TimeAdvanceMain/StrangSplit
   flashUtilities/contiguousConversion
   flashUtilities/general
   flashUtilities/interpolation/oneDim
   flashUtilities/nameValueLL
   flashUtilities/sorting/quicksort
   flashUtilities/system/memoryUsage/legacy
   monitors/Logfile/LogfileMain
   monitors/Timers/TimersMain/MPINative
   physics/Eos/EosMain/Gamma
   physics/Hydro/HydroMain/unsplit/OnlyHydro
   physics/Hydro/HydroMain/unsplit/levelFlux
   physics/Hydro/localAPI
 ==============================================================================
 RuntimeParameters:
                                                                               
 ==============================================================================
bndpriorityone              =          1
bndprioritythree            =          3
bndprioritytwo              =          2
checkpointfileintervalstep  =         10 [CHANGED]
checkpointfilenumber        =          0
dr_abortpause               =          2
dr_dtminbelowaction         =          1
drift_break_inst            =          0
drift_trunc_mantissa        =          2
drift_verbose_inst          =          0
eos_entrelescalechoice      =          6
eos_loglevel                =        700
fileformatversion           =          9
forcedplotfilenumber        =          0
gr_lrefmaxtimevalue_1       =         -1
gr_lrefmaxtimevalue_10      =         -1
gr_lrefmaxtimevalue_11      =         -1
gr_lrefmaxtimevalue_12      =         -1
gr_lrefmaxtimevalue_13      =         -1
gr_lrefmaxtimevalue_14      =         -1
gr_lrefmaxtimevalue_15      =         -1
gr_lrefmaxtimevalue_16      =         -1
gr_lrefmaxtimevalue_17      =         -1
gr_lrefmaxtimevalue_18      =         -1
gr_lrefmaxtimevalue_19      =         -1
gr_lrefmaxtimevalue_2       =         -1
gr_lrefmaxtimevalue_20      =         -1
gr_lrefmaxtimevalue_3       =         -1
gr_lrefmaxtimevalue_4       =         -1
gr_lrefmaxtimevalue_5       =         -1
gr_lrefmaxtimevalue_6       =         -1
gr_lrefmaxtimevalue_7       =         -1
gr_lrefmaxtimevalue_8       =         -1
gr_lrefmaxtimevalue_9       =         -1
gr_pmrpdivergencefree       =         -1
gr_pmrpifaceoff             =          0
gr_pmrpl2p5d                =          0
gr_pmrpmaxblocks            =         -1
gr_pmrpmflags               =          1
gr_pmrpnboundaries          =          6
gr_pmrpndim                 =          3
gr_pmrpnedgevar1            =         -1
gr_pmrpnfacevar             =         -1
gr_pmrpnfielddivf           =         -1
gr_pmrpnfluxvar             =         -1
gr_pmrpnguard               =         -1
gr_pmrpnguardwork           =         -1
gr_pmrpnvar                 =         -1
gr_pmrpnvarwork             =          1
gr_pmrpnvarcorn             =          0
gr_pmrpnvaredge             =          0
gr_pmrpnxb                  =         -1
gr_pmrpnyb                  =         -1
gr_pmrpnzb                  =         -1
gr_restrictallmethod        =          3
gr_sanitizedatamode         =          1
gr_sanitizeverbosity        =          5
gr_tilesizex                =         32
gr_tilesizey                =         32
gr_tilesizez                =         32
hy_3torder                  =         -1
hydrocomputedtoption        =         -1
iprocs                      =          1
interpol_order              =          2
irenorm                     =          0
jprocs                      =          1
kprocs                      =          1
lrefine_del                 =          0
lrefine_max                 =          6 [CHANGED]
lrefine_min                 =          1
lrefine_min_init            =          1
max_particles_per_blk       =        100
memory_stat_freq            =     100000
meshcopycount               =          1
min_particles_per_blk       =          1
nbegin                      =          1
nblockx                     =         16 [CHANGED]
nblocky                     =         16 [CHANGED]
nblockz                     =         16 [CHANGED]
nend                        =         60 [CHANGED]
nrefs                       =          2
nsteptotalsts               =          5
order                       =          3 [CHANGED]
outputsplitnum              =          1
plotfileintervalstep        =          0
plotfilenumber              =          0
refine_var_count            =          4
rolling_checkpoint          =      10000
sim_centerrefinelevel       =          1
sim_integralslevel          =         -1
sim_nsubzones               =          7
sweeporder                  =        123
transorder                  =          1
wr_integrals_freq           =          1
limitedslopebeta            =                 0.100E+01
cfl                         =                 0.800E+00
checkpointfileintervaltime  =                 0.000E+00 [CHANGED]
checkpointfileintervalz     =                 0.180+309
cvisc                       =                 0.100E+00
derefine_cutoff_1           =                 0.200E+00
derefine_cutoff_2           =                 0.200E+00
derefine_cutoff_3           =                 0.200E+00
derefine_cutoff_4           =                 0.200E+00
dr_dtmincontinue            =                 0.000E+00
dr_tstepslowstartfactor     =                 0.100E+00
dtinit                      =                 0.100E-09
dtmax                       =                 0.100E+06
dtmin                       =                 0.100E-09
eintswitch                  =                 0.100E-03 [CHANGED]
eos_singlespeciesa          =                 0.100E+01
eos_singlespeciesz          =                 0.100E+01
gamma                       =                 0.140E+01 [CHANGED]
gr_btworkchildscaling       =                 0.100E+01
gr_btworkdefaultleaf        =                 0.200E+01
gr_btworkdefaultpar         =                 0.100E+01
gr_btworklbleaf             =                 0.000E+00
gr_btworklbpar              =                 0.000E+00
gr_btworkubleaf             =                 0.100E+07
gr_btworkubpar              =                 0.100E+07
gr_lrefinemaxredlogbase     =                 0.100E+02
gr_lrefinemaxredradiusfact  =                 0.000E+00
gr_lrefinemaxredtref        =                 0.000E+00
gr_lrefinemaxredtimescale   =                 0.100E+01
gr_lrefmaxtime_1            =                -0.100E+01
gr_lrefmaxtime_10           =                -0.100E+01
gr_lrefmaxtime_11           =                -0.100E+01
gr_lrefmaxtime_12           =                -0.100E+01
gr_lrefmaxtime_13           =                -0.100E+01
gr_lrefmaxtime_14           =                -0.100E+01
gr_lrefmaxtime_15           =                -0.100E+01
gr_lrefmaxtime_16           =                -0.100E+01
gr_lrefmaxtime_17           =                -0.100E+01
gr_lrefmaxtime_18           =                -0.100E+01
gr_lrefmaxtime_19           =                -0.100E+01
gr_lrefmaxtime_2            =                -0.100E+01
gr_lrefmaxtime_20           =                -0.100E+01
gr_lrefmaxtime_3            =                -0.100E+01
gr_lrefmaxtime_4            =                -0.100E+01
gr_lrefmaxtime_5            =                -0.100E+01
gr_lrefmaxtime_6            =                -0.100E+01
gr_lrefmaxtime_7            =                -0.100E+01
gr_lrefmaxtime_8            =                -0.100E+01
gr_lrefmaxtime_9            =                -0.100E+01
hy_cflfallbackfactor        =                 0.900E+00
hy_fpresinmomflux           =                 0.100E+01
hybridorderkappa            =                 0.000E+00
nusts                       =                 0.200E+00 [CHANGED]
plotfileintervaltime        =                 0.000E+00 [CHANGED]
plotfileintervalz           =                 0.180+309
radiusgp                    =                 0.200E+01
refine_cutoff_1             =                 0.800E+00
refine_cutoff_2             =                 0.800E+00
refine_cutoff_3             =                 0.800E+00
refine_cutoff_4             =                 0.800E+00
refine_filter_1             =                 0.100E-01
refine_filter_2             =                 0.100E-01
refine_filter_3             =                 0.100E-01
refine_filter_4             =                 0.100E-01
rss_limit                   =                -0.100E+01
sigmagp                     =                 0.300E+01
sim_derefineradius          =                 0.000E+00
sim_earliestlstime          =                 0.000E+00
sim_expenergy               =                 0.100E+01
sim_largestnormradius       =                 0.180+309
sim_latestlstime            =                 0.180+309
sim_minrhoinit              =                 0.100E-19
sim_pambient                =                 0.100E-04
sim_rinit                   =                 0.137E-01 [CHANGED]
sim_rhoambient              =                 0.100E+01
sim_smallestnormradius      =                 0.000E+00
sim_xctr                    =                 0.500E+00
sim_yctr                    =                 0.500E+00
sim_zctr                    =                 0.500E+00
small                       =                 0.100E-09
smalle                      =                 0.100E-09
smallp                      =                 0.100E-09
smallt                      =                 0.100E-09
smallu                      =                 0.100E-09
smallx                      =                 0.100E-09
smlrho                      =                 0.100E-09
tinitial                    =                 0.000E+00
tiny                        =                 0.100E-15
tmax                        =                 0.500E+06 [CHANGED]
tstep_change_factor         =                 0.200E+01
wall_clock_checkpoint       =                 0.432E+05
wall_clock_time_limit       =                 0.605E+06
x_refine_center             =                 0.000E+00
xmax                        =                 0.100E+01
xmin                        =                 0.000E+00
y_refine_center             =                 0.000E+00
ymax                        =                 0.100E+01
ymin                        =                 0.000E+00
zfinal                      =                 0.000E+00
zinitial                    =                -0.100E+01
z_refine_center             =                 0.000E+00
zmax                        =                 0.100E+01
zmin                        =                 0.000E+00
riemannsolver               = Roe                            [CHANGED]
unitsystem                  = none                          
basenm                      = sedov_                         [CHANGED]
entropyfixmethod            = HARTENHYMAN                   
eosmode                     = dens_ie                       
eosmodeinit                 = dens_ie                       
geometry                    = cartesian                     
gr_pmrpoutputdir            = ./                            
grav_boundary_type          = isolated                      
hy_eosmodegc                = see eosMode                   
log_file                    = sedov.log                      [CHANGED]
output_directory            =                               
pc_unitsbase                = CGS                           
plot_grid_var_1             = none                          
plot_grid_var_10            = none                          
plot_grid_var_11            = none                          
plot_grid_var_12            = none                          
plot_grid_var_13            = none                          
plot_grid_var_14            = none                          
plot_grid_var_15            = none                          
plot_grid_var_16            = none                          
plot_grid_var_17            = none                          
plot_grid_var_18            = none                          
plot_grid_var_19            = none                          
plot_grid_var_2             = none                          
plot_grid_var_20            = none                          
plot_grid_var_21            = none                          
plot_grid_var_22            = none                          
plot_grid_var_23            = none                          
plot_grid_var_24            = none                          
plot_grid_var_25            = none                          
plot_grid_var_26            = none                          
plot_grid_var_27            = none                          
plot_grid_var_28            = none                          
plot_grid_var_29            = none                          
plot_grid_var_3             = none                          
plot_grid_var_30            = none                          
plot_grid_var_31            = none                          
plot_grid_var_32            = none                          
plot_grid_var_33            = none                          
plot_grid_var_34            = none                          
plot_grid_var_35            = none                          
plot_grid_var_36            = none                          
plot_grid_var_37            = none                          
plot_grid_var_38            = none                          
plot_grid_var_39            = none                          
plot_grid_var_4             = none                          
plot_grid_var_40            = none                          
plot_grid_var_41            = none                          
plot_grid_var_42            = none                          
plot_grid_var_43            = none                          
plot_grid_var_44            = none                          
plot_grid_var_45            = none                          
plot_grid_var_46            = none                          
plot_grid_var_47            = none                          
plot_grid_var_48            = none                          
plot_grid_var_49            = none                          
plot_grid_var_5             = none                          
plot_grid_var_50            = none                          
plot_grid_var_51            = none                          
plot_grid_var_52            = none                          
plot_grid_var_53            = none                          
plot_grid_var_54            = none                          
plot_grid_var_55            = none                          
plot_grid_var_56            = none                          
plot_grid_var_57            = none                          
plot_grid_var_58            = none                          
plot_grid_var_59            = none                          
plot_grid_var_6             = none                          
plot_grid_var_60            = none                          
plot_grid_var_61            = none                          
plot_grid_var_62            = none                          
plot_grid_var_63            = none                          
plot_grid_var_64            = none                          
plot_grid_var_65            = none                          
plot_grid_var_66            = none                          
plot_grid_var_67            = none                          
plot_grid_var_68            = none                          
plot_grid_var_69            = none                          
plot_grid_var_7             = none                          
plot_grid_var_70            = none                          
plot_grid_var_71            = none                          
plot_grid_var_72            = none                          
plot_grid_var_73            = none                          
plot_grid_var_74            = none                          
plot_grid_var_75            = none                          
plot_grid_var_76            = none                          
plot_grid_var_77            = none                          
plot_grid_var_78            = none                          
plot_grid_var_8             = none                          
plot_grid_var_9             = none                          
plot_var_1                  = dens                           [CHANGED]
plot_var_10                 = none                          
plot_var_11                 = none                          
plot_var_12                 = none                          
plot_var_13                 = none                          
plot_var_14                 = none                          
plot_var_15                 = none                          
plot_var_16                 = none                          
plot_var_17                 = none                          
plot_var_18                 = none                          
plot_var_2                  = pres                           [CHANGED]
plot_var_3                  = temp                           [CHANGED]
plot_var_4                  = none                          
plot_var_5                  = none                          
plot_var_6                  = none                          
plot_var_7                  = none                          
plot_var_8                  = none                          
plot_var_9                  = none                          
prof_file                   = profile.dat                   
refine_var_1                = dens                           [CHANGED]
refine_var_2                = pres                           [CHANGED]
refine_var_3                = none                          
refine_var_4                = none                          
run_comment                 = Sedov explosion                [CHANGED]
run_number                  = 1                             
sim_proffilename            = /dev/null                      [CHANGED]
slopelimiter                = mc                             [CHANGED]
stats_file                  = flashx.dat                    
wenomethod                  = WENO5                         
xl_boundary_type            = outflow                        [CHANGED]
xr_boundary_type            = outflow                        [CHANGED]
yl_boundary_type            = outflow                        [CHANGED]
yr_boundary_type            = outflow                        [CHANGED]
zl_boundary_type            = outflow                        [CHANGED]
zr_boundary_type            = outflow                        [CHANGED]
csvsummaryallprocs          =  F
eosforriemann               =  F
logsummaryallprocs          =  F
addthermalflux              =  T
allowdtstsdominate          =  F
alwayscomputeuservars       =  T
alwaysrestrictcheckpoint    =  T
charlimiting                =  T
chkguardcellsinput          =  F
chkguardcellsoutput         =  F
conserveangmom              =  F
converttoconsvdformeshcalls =  F
converttoconsvdinmeshinterp =  T
corners                     =  F
dr_printtsteploc            =  T
dr_shortenlaststepbeforetmax =  F
drift_tuples                =  F
eachprocwritesownabortlog   =  F
eachprocwritessummary       =  F
earlyblockdistadjustment    =  T
enablemaskedgcfill          =  F
entropy                     =  F
flux_correct                =  T
flux_correct_perlevel       =  F
geometryoverride            =  F
gr_bcenableapplymixedgds    =  T
gr_bndgcfillneedsprimitivevars =  T
gr_btcustomwork             =  F
gr_btexchangework           =  F
gr_btsortbywork             =  T
gr_enabletiling             =  F
gr_lrefinemaxbytime         =  F
gr_lrefinemaxreddobylogr    =  F
gr_lrefinemaxreddobytime    =  F
gr_pmrpadvancealllevels     =  F
gr_pmrpamrerrorchecking     =  F
gr_pmrpcartesianpm          =  F
gr_pmrpconserve             =  F
gr_pmrpconsvfluxdensities   =  T
gr_pmrpconsvfluxes          =  F
gr_pmrpcurvilinear          =  F
gr_pmrpcurvilinearconserve  =  F
gr_pmrpcylindricalpm        =  F
gr_pmrpdiagonals            =  T
gr_pmrpedgevalue            =  T
gr_pmrpedgevalueinteg       =  F
gr_pmrpemptycells           =  F
gr_pmrpforceconsistency     =  T
gr_pmrplsingularline        =  F
gr_pmrpnopermanentguardcells =  F
gr_pmrppolarpm              =  F
gr_pmrppredcorr             =  F
gr_pmrpsphericalpm          =  F
gr_pmrptimingmpi            =  F
gr_pmrptimingmpix           =  F
gr_pmrpvardt                =  F
gr_usetiling                =  F
hy_fallbacklowercfl         =  F
hy_fullspecmsfluxhandling   =  T
hy_usetiling                =  F
ignoreforcedplot            =  F
io_writemscalarintegrals    =  F
plotfilegridquantitydp      =  F
plotfilemetadatadp          =  F
reducegcellfills            =  F
refine_on_particle_count    =  F
restart                     =  F
shockdetect                 =  F
shocklowercfl               =  F
sim_bcsetbdryvar            =  F
sim_forcecenterderefine     =  F
sim_onelevelintegralsonly   =  F
summaryoutputonly           =  F
threadblocklistbuild        =  F
threaddelepblocklist        =  F
threaddelepwithinblock      =  F
threaddriverblocklist       =  F
threaddriverwithinblock     =  F
threadeoswithinblock        =  F
threadhydroblocklist        =  F
threadhydrowithinblock      =  F
threadraytracebuild         =  F
threadwithinblockbuild      =  F
tmr_suppressinparallel      =  F
typematchedxfer             =  T
unbiased_geometry           =  F
updatehydrofluxes           =  T
useburn                     =  F
usecollectivehdf5           =  T
usedeleptonize              =  F
usegravity                  =  F
useheatad                   =  F
useheater                   =  F
usehydro                    =  T
useimbound                  =  F
useincompns                 =  F
useinlet                    =  F
uselegacylabels             =  T
usemultiphase               =  F
useorchestration            =  F
useoutlet                   =  F
useparticles                =  F
useradtrans                 =  F
usests                      =  F
usestsfordiffusion          =  F
usesolidmechanics           =  F
use_3dfullctu               =  T
use_auxeinteqn              =  T
use_avisc                   =  T [CHANGED]
use_cma_advection           =  F
use_cma_flattening          =  F
use_flash_surr_blks_fill    =  T
use_flattening              =  F
use_gravhalfupdate          =  T
use_hybridorder             =  F
use_reduced_orrery          =  T
use_steepening              =  F
use_upwindtvd               =  F
writestatsummary            =  T
                                                                               
 ==============================================================================
                                                                               
 Known units of measurement:
                                                                               
              Unit                          CGS Value                Base Unit
  1                  cm                     1.0000                           cm
  2                   s                     1.0000                            s
  3                   g                     1.0000                            g
  4                   K                     1.0000                            K
  5                 esu                     1.0000                          esu
  6                 mol                     1.0000                          mol
  7                   m                     100.00                           cm
  8                  km                    1.00000E+05                       cm
  9                  pc                    3.08568E+18                       cm
 10                 kpc                    3.08568E+21                       cm
 11                 Mpc                    3.08568E+24                       cm
 12                 Gpc                    3.08568E+27                       cm
 13                Rsun                    6.96000E+10                       cm
 14                  AU                    1.49598E+13                       cm
 15                  yr                    3.15569E+07                        s
 16                 Myr                    3.15569E+13                        s
 17                 Gyr                    3.15569E+16                        s
 18                  kg                     1000.0                            g
 19                Msun                    1.98892E+33                        g
 20                 amu                    1.66054E-24                        g
 21                  eV                     11605.                            K
 22                   C                    2.99792E+09                      esu
 23                LFLY                    3.08568E+24                       cm
 24                TFLY                    2.05759E+17                        s
 25                MFLY                    9.88470E+45                        g
 26            clLength                    3.08568E+24                       cm
 27              clTime                    3.15569E+16                        s
 28              clMass                    1.98892E+48                        g
 29              clTemp                    1.16045E+07                        K
-----------End of Units--------------------
                                                                               
 Known physical constants:
                                                                               
    Constant Name       Constant Value   cm       s        g        K        esu      mol
  1              Newton    6.67408E-08   3.0     -2.0     -1.0      0.0      0.0      0.0    
  2      speed of light    2.99792E+10   1.0     -1.0      0.0      0.0      0.0      0.0    
  3              Planck    6.62607E-27   2.0     -1.0      1.0      0.0      0.0      0.0    
  4     electron charge    4.80320E-10   0.0      0.0      0.0      0.0      1.0      0.0    
  5       electron mass    9.10938E-28   0.0      0.0      1.0      0.0      0.0      0.0    
  6         proton mass    1.67262E-24   0.0      0.0      1.0      0.0      0.0      0.0    
  7      fine-structure    7.29735E-03   0.0      0.0      0.0      0.0      0.0      0.0    
  8            Avogadro    6.02214E+23   0.0      0.0      0.0      0.0      0.0     -1.0    
  9           Boltzmann    1.38065E-16   2.0     -2.0      1.0     -1.0      0.0      0.0    
 10  ideal gas constant    8.31446E+07   2.0     -2.0      1.0     -1.0      0.0     -1.0    
 11                Wien    0.28978       1.0      0.0      0.0      1.0      0.0      0.0    
 12    Stefan-Boltzmann    5.67037E-05   0.0     -3.0      1.0     -4.0      0.0      0.0    
 13  Radiation Constant    7.56572E-15  -1.0     -2.0      1.0     -4.0      0.0      0.0    
 14                  pi     3.1416       0.0      0.0      0.0      0.0      0.0      0.0    
 15                   e     2.7183       0.0      0.0      0.0      0.0      0.0      0.0    
 16               Euler    0.57722       0.0      0.0      0.0      0.0      0.0      0.0    
 ==============================================================================
                                                                               
 Multifluid database: not configured in
                                                                               
 ==============================================================================
 [ 03-05-2025  12:47:41.723 ] [gr_initGeometry] checking BCs for idir: 1
 [ 03-05-2025  12:47:41.725 ] [gr_initGeometry] checking BCs for idir: 2
 [ 03-05-2025  12:47:41.726 ] [gr_initGeometry] checking BCs for idir: 3
 [ 03-05-2025  12:47:45.056 ] [GRID amr_refine_derefine]: initiating refinement
 [ 03-05-2025  12:47:45.058 ] [GRID amr_refine_derefine]: redist. phase.  tot blks requested: 4096
 [GRID amr_refine_derefine] min blks 4    max blks 5    tot blks 4096
 [GRID amr_refine_derefine] min leaf blks 4    max leaf blks 5    tot leaf blks 4096
 [ 03-05-2025  12:47:45.238 ] [GRID amr_refine_derefine]: refinement complete
 [ 03-05-2025  12:47:45.382 ] [GRID gr_expandDomain]: iteration=1, create level=2
 INFO: Grid_fillGuardCells is ignoring masking.
 [ 03-05-2025  12:47:50.568 ] [mpi_amr_comm_setup]: buffer_dim_send=3349693, buffer_dim_recv=2207173
 [ 03-05-2025  12:47:51.506 ] [GRID amr_refine_derefine]: initiating refinement
 [ 03-05-2025  12:47:51.517 ] [GRID amr_refine_derefine]: redist. phase.  tot blks requested: 4160
 [GRID amr_refine_derefine] min blks 4    max blks 5    tot blks 4160
 [GRID amr_refine_derefine] min leaf blks 4    max leaf blks 5    tot leaf blks 4152
 [ 03-05-2025  12:47:51.646 ] [GRID amr_refine_derefine]: refinement complete
 [ 03-05-2025  12:47:51.654 ] [GRID gr_expandDomain]: iteration=2, create level=3
 [ 03-05-2025  12:47:57.548 ] [GRID amr_refine_derefine]: initiating refinement
 [ 03-05-2025  12:47:57.559 ] [GRID amr_refine_derefine]: redist. phase.  tot blks requested: 4224
 [GRID amr_refine_derefine] min blks 4    max blks 6    tot blks 4224
 [GRID amr_refine_derefine] min leaf blks 3    max leaf blks 5    tot leaf blks 4208
 [ 03-05-2025  12:47:57.677 ] [GRID amr_refine_derefine]: refinement complete
 [ 03-05-2025  12:47:57.685 ] [GRID gr_expandDomain]: iteration=3, create level=4
 [ 03-05-2025  12:48:02.862 ] [mpi_amr_comm_setup]: buffer_dim_send=3423553, buffer_dim_recv=2207173
 [ 03-05-2025  12:48:03.541 ] [GRID amr_refine_derefine]: initiating refinement
 [ 03-05-2025  12:48:03.550 ] [GRID amr_refine_derefine]: redist. phase.  tot blks requested: 4288
 [GRID amr_refine_derefine] min blks 4    max blks 6    tot blks 4288
 [GRID amr_refine_derefine] min leaf blks 3    max leaf blks 5    tot leaf blks 4264
 [ 03-05-2025  12:48:03.666 ] [GRID amr_refine_derefine]: refinement complete
 [ 03-05-2025  12:48:03.674 ] [GRID gr_expandDomain]: iteration=4, create level=5
 [ 03-05-2025  12:48:08.998 ] [mpi_amr_comm_setup]: buffer_dim_send=3422269, buffer_dim_recv=2207173
 [ 03-05-2025  12:48:09.848 ] [GRID amr_refine_derefine]: initiating refinement
 [ 03-05-2025  12:48:09.861 ] [GRID amr_refine_derefine]: redist. phase.  tot blks requested: 6144
 [GRID amr_refine_derefine] min blks 6    max blks 9    tot blks 6144
 [GRID amr_refine_derefine] min leaf blks 5    max leaf blks 7    tot leaf blks 5888
 [ 03-05-2025  12:48:10.007 ] [GRID amr_refine_derefine]: refinement complete
 [ 03-05-2025  12:48:10.018 ] [GRID gr_expandDomain]: iteration=5, create level=6
 [ 03-05-2025  12:48:17.597 ] [mpi_amr_comm_setup]: buffer_dim_send=2974177, buffer_dim_recv=2540365
 [ 03-05-2025  12:48:18.751 ] [GRID amr_refine_derefine]: initiating refinement
 [ 03-05-2025  12:48:18.763 ] [GRID amr_refine_derefine]: redist. phase.  tot blks requested: 9152
 [GRID amr_refine_derefine] min blks 9    max blks 12    tot blks 9152
 [GRID amr_refine_derefine] min leaf blks 7    max leaf blks 10    tot leaf blks 8520
 [ 03-05-2025  12:48:18.970 ] [GRID amr_refine_derefine]: refinement complete
 [ 03-05-2025  12:48:18.983 ] [GRID gr_expandDomain]: iteration=6, create level=6
 [ 03-05-2025  12:48:29.870 ] [mpi_amr_comm_setup]: buffer_dim_send=4843741, buffer_dim_recv=2669029
 [ 03-05-2025  12:48:31.370 ] [GRID gr_expandDomain]: iteration=7, create level=6
 [ 03-05-2025  12:48:43.759 ] [GRID gr_expandDomain]: iteration=8, create level=6
 [ 03-05-2025  12:48:55.583 ] memory: /proc vsize    (MB):     4596.92 (min)       4799.12 (max)       4731.02 (avg)
 [ 03-05-2025  12:48:55.586 ] memory: /proc rss      (MB):     1840.99 (min)       1930.54 (max)       1894.79 (avg)
 [ 03-05-2025  12:48:55.589 ] memory: /proc vsize    (MB):     4596.92 (min)       4799.12 (max)       4731.02 (avg)
 [ 03-05-2025  12:48:55.593 ] memory: /proc rss      (MB):     1840.99 (min)       1930.54 (max)       1894.79 (avg)
 [ 03-05-2025  12:48:55.611 ] memory: /proc vsize    (MB):     4596.92 (min)       4799.12 (max)       4731.02 (avg)
 [ 03-05-2025  12:48:55.615 ] memory: /proc rss      (MB):     1840.99 (min)       1930.54 (max)       1894.79 (avg)
 [ 03-05-2025  12:48:59.062 ] [IO_writeCheckpoint] open: type=checkpoint name=sedov_hdf5_chk_0000
 [ 03-05-2025  12:49:07.442 ] [io_writeData]: wrote    9152          blocks
 [ 03-05-2025  12:49:07.477 ] [IO_writeCheckpoint] close: type=checkpoint name=sedov_hdf5_chk_0000
 [ 03-05-2025  12:49:07.552 ] [IO_writePlotfile] open: type=plotfile name=sedov_hdf5_plt_cnt_0000
 [ 03-05-2025  12:49:08.571 ] [io_writeData]: wrote    9152          blocks
 [ 03-05-2025  12:49:08.583 ] [IO_writePlotfile] close: type=plotfile name=sedov_hdf5_plt_cnt_0000
 [ 03-05-2025  12:49:08.589 ] memory: /proc vsize    (MB):     4616.34 (min)       5013.41 (max)       4740.56 (avg)
 [ 03-05-2025  12:49:08.593 ] memory: /proc rss      (MB):     1847.41 (min)       1937.66 (max)       1903.16 (avg)
 [ 03-05-2025  12:49:08.598 ] [Driver_evolveAll]: Entering evolution loop
 [ 03-05-2025  12:49:08.604 ] step: n=1 t=0.000000E+00 dt=1.000000E-10
 [ 03-05-2025  12:49:12.278 ] step: n=2 t=1.000000E-10 dt=2.000000E-10
 [ 03-05-2025  12:49:18.542 ] step: n=3 t=3.000000E-10 dt=4.000000E-10
 [ 03-05-2025  12:49:22.215 ] step: n=4 t=7.000000E-10 dt=8.000000E-10
 [ 03-05-2025  12:49:28.450 ] step: n=5 t=1.500000E-09 dt=1.600000E-09
 [ 03-05-2025  12:49:32.125 ] step: n=6 t=3.100000E-09 dt=3.200000E-09
 [ 03-05-2025  12:49:38.374 ] step: n=7 t=6.300000E-09 dt=6.400000E-09
 [ 03-05-2025  12:49:42.049 ] step: n=8 t=1.270000E-08 dt=1.280000E-08
 [ 03-05-2025  12:49:48.312 ] step: n=9 t=2.550000E-08 dt=2.560000E-08
 [ 03-05-2025  12:49:51.996 ] step: n=10 t=5.110000E-08 dt=5.120000E-08
 [ 03-05-2025  12:50:02.675 ] [IO_writeCheckpoint] open: type=checkpoint name=sedov_hdf5_chk_0001
 [ 03-05-2025  12:50:10.144 ] [io_writeData]: wrote    9152          blocks
 [ 03-05-2025  12:50:10.149 ] [IO_writeCheckpoint] close: type=checkpoint name=sedov_hdf5_chk_0001
 [ 03-05-2025  12:50:10.153 ] step: n=11 t=1.023000E-07 dt=1.024000E-07
 [ 03-05-2025  12:50:13.844 ] step: n=12 t=2.047000E-07 dt=2.011896E-07
 [ 03-05-2025  12:50:20.110 ] step: n=13 t=4.058896E-07 dt=1.856898E-07
 [ 03-05-2025  12:50:23.800 ] step: n=14 t=5.915794E-07 dt=1.729914E-07
 [ 03-05-2025  12:50:30.096 ] step: n=15 t=7.645708E-07 dt=1.642472E-07
 [ 03-05-2025  12:50:33.791 ] step: n=16 t=9.288179E-07 dt=1.580871E-07
 [ 03-05-2025  12:50:40.059 ] step: n=17 t=1.086905E-06 dt=1.534569E-07
 [ 03-05-2025  12:50:43.764 ] step: n=18 t=1.240362E-06 dt=1.499651E-07
 [ 03-05-2025  12:50:50.048 ] step: n=19 t=1.390327E-06 dt=1.474127E-07
 [ 03-05-2025  12:50:53.747 ] step: n=20 t=1.537740E-06 dt=1.456205E-07
 [ 03-05-2025  12:51:04.304 ] [IO_writeCheckpoint] open: type=checkpoint name=sedov_hdf5_chk_0002
 [ 03-05-2025  12:51:07.910 ] [io_writeData]: wrote    9152          blocks
 [ 03-05-2025  12:51:07.918 ] [IO_writeCheckpoint] close: type=checkpoint name=sedov_hdf5_chk_0002
 [ 03-05-2025  12:51:07.922 ] step: n=21 t=1.683360E-06 dt=1.444985E-07
 [ 03-05-2025  12:51:11.624 ] step: n=22 t=1.827859E-06 dt=1.441710E-07
 [ 03-05-2025  12:51:17.915 ] step: n=23 t=1.972030E-06 dt=1.441286E-07
 [ 03-05-2025  12:51:21.605 ] step: n=24 t=2.116158E-06 dt=1.441099E-07
 [ 03-05-2025  12:51:27.881 ] step: n=25 t=2.260268E-06 dt=1.441302E-07
 [ 03-05-2025  12:51:31.579 ] step: n=26 t=2.404398E-06 dt=1.442588E-07
 [ 03-05-2025  12:51:37.811 ] [GRID amr_refine_derefine]: initiating refinement
 [ 03-05-2025  12:51:37.823 ] [GRID amr_refine_derefine]: redist. phase.  tot blks requested: 9536
 [GRID amr_refine_derefine] min blks 10    max blks 13    tot blks 9536
 [GRID amr_refine_derefine] min leaf blks 8    max leaf blks 11    tot leaf blks 8856
 [ 03-05-2025  12:51:38.030 ] [GRID amr_refine_derefine]: refinement complete
 [ 03-05-2025  12:51:38.442 ] step: n=27 t=2.548657E-06 dt=1.444833E-07
 [ 03-05-2025  12:51:38.446 ] [mpi_amr_comm_setup]: buffer_dim_send=4300885, buffer_dim_recv=2669029
 [ 03-05-2025  12:51:42.256 ] step: n=28 t=2.693141E-06 dt=1.448057E-07
 [ 03-05-2025  12:51:48.835 ] step: n=29 t=2.837946E-06 dt=1.450172E-07
 [ 03-05-2025  12:51:52.650 ] step: n=30 t=2.982964E-06 dt=1.450055E-07
 [ 03-05-2025  12:52:03.778 ] [IO_writeCheckpoint] open: type=checkpoint name=sedov_hdf5_chk_0003
 [ 03-05-2025  12:52:07.485 ] [io_writeData]: wrote    9536          blocks
 [ 03-05-2025  12:52:07.492 ] [IO_writeCheckpoint] close: type=checkpoint name=sedov_hdf5_chk_0003
 [ 03-05-2025  12:52:07.496 ] step: n=31 t=3.127969E-06 dt=1.449474E-07
 [ 03-05-2025  12:52:11.311 ] step: n=32 t=3.272916E-06 dt=1.449259E-07
 [ 03-05-2025  12:52:17.852 ] step: n=33 t=3.417842E-06 dt=1.447113E-07
 [ 03-05-2025  12:52:21.679 ] step: n=34 t=3.562554E-06 dt=1.446418E-07
 [ 03-05-2025  12:52:28.190 ] step: n=35 t=3.707195E-06 dt=1.446455E-07
 [ 03-05-2025  12:52:32.006 ] step: n=36 t=3.851841E-06 dt=1.446573E-07
 [ 03-05-2025  12:52:38.606 ] step: n=37 t=3.996498E-06 dt=1.446767E-07
 [ 03-05-2025  12:52:42.429 ] step: n=38 t=4.141175E-06 dt=1.447318E-07
 [ 03-05-2025  12:52:49.017 ] step: n=39 t=4.285907E-06 dt=1.447598E-07
 [ 03-05-2025  12:52:52.843 ] step: n=40 t=4.430666E-06 dt=1.447127E-07
 [ 03-05-2025  12:53:04.025 ] [IO_writeCheckpoint] open: type=checkpoint name=sedov_hdf5_chk_0004
 [ 03-05-2025  12:53:07.722 ] [io_writeData]: wrote    9536          blocks
 [ 03-05-2025  12:53:07.730 ] [IO_writeCheckpoint] close: type=checkpoint name=sedov_hdf5_chk_0004
 [ 03-05-2025  12:53:07.735 ] step: n=41 t=4.575379E-06 dt=1.446812E-07
 [ 03-05-2025  12:53:11.557 ] step: n=42 t=4.720060E-06 dt=1.446456E-07
 [ 03-05-2025  12:53:18.310 ] step: n=43 t=4.864706E-06 dt=1.446294E-07
 [ 03-05-2025  12:53:22.141 ] step: n=44 t=5.009335E-06 dt=1.446250E-07
 [ 03-05-2025  12:53:28.648 ] step: n=45 t=5.153960E-06 dt=1.445216E-07
 [ 03-05-2025  12:53:32.471 ] step: n=46 t=5.298482E-06 dt=1.444823E-07
 [ 03-05-2025  12:53:39.062 ] step: n=47 t=5.442964E-06 dt=1.444551E-07
 [ 03-05-2025  12:53:42.886 ] step: n=48 t=5.587419E-06 dt=1.444288E-07
 [ 03-05-2025  12:53:49.401 ] step: n=49 t=5.731848E-06 dt=1.444159E-07
 [ 03-05-2025  12:53:53.225 ] step: n=50 t=5.876264E-06 dt=1.444089E-07
 [ 03-05-2025  12:54:04.397 ] [IO_writeCheckpoint] open: type=checkpoint name=sedov_hdf5_chk_0005
 [ 03-05-2025  12:54:08.034 ] [io_writeData]: wrote    9536          blocks
 [ 03-05-2025  12:54:08.041 ] [IO_writeCheckpoint] close: type=checkpoint name=sedov_hdf5_chk_0005
 [ 03-05-2025  12:54:08.045 ] step: n=51 t=6.020673E-06 dt=1.443103E-07
 [ 03-05-2025  12:54:11.870 ] step: n=52 t=6.164983E-06 dt=1.442630E-07
 [ 03-05-2025  12:54:18.417 ] step: n=53 t=6.309246E-06 dt=1.442278E-07
 [ 03-05-2025  12:54:22.248 ] step: n=54 t=6.453474E-06 dt=1.441955E-07
 [ 03-05-2025  12:54:28.842 ] step: n=55 t=6.597670E-06 dt=1.441758E-07
 [ 03-05-2025  12:54:32.661 ] step: n=56 t=6.741845E-06 dt=1.441499E-07
 [ 03-05-2025  12:54:39.248 ] step: n=57 t=6.885995E-06 dt=1.440523E-07
 [ 03-05-2025  12:54:43.065 ] step: n=58 t=7.030048E-06 dt=1.439965E-07
 [ 03-05-2025  12:54:49.617 ] step: n=59 t=7.174044E-06 dt=1.439601E-07
 [ 03-05-2025  12:54:53.437 ] step: n=60 t=7.318004E-06 dt=1.439284E-07
 [ 03-05-2025  12:55:04.591 ] [IO_writeCheckpoint] open: type=checkpoint name=sedov_hdf5_chk_0006
 [ 03-05-2025  12:55:08.262 ] [io_writeData]: wrote    9536          blocks
 [ 03-05-2025  12:55:08.270 ] [IO_writeCheckpoint] close: type=checkpoint name=sedov_hdf5_chk_0006
 [ 03-05-2025  12:55:08.275 ] [Driver_evolveAll]: Exiting evolution loop
 [ 03-05-2025  12:55:08.406 ] [IO_writePlotfile] open: type=plotfile name=sedov_forced_hdf5_plt_cnt_0000
 [ 03-05-2025  12:55:13.136 ] [io_writeData]: wrote    9536          blocks
 [ 03-05-2025  12:55:13.359 ] [IO_writePlotfile] close: type=plotfile name=sedov_forced_hdf5_plt_cnt_0000
 [ 03-05-2025  12:55:13.442 ] memory: /proc vsize    (MB):     4645.67 (min)       5019.11 (max)       4778.55 (avg)
 [ 03-05-2025  12:55:13.500 ] memory: /proc rss      (MB):     1959.81 (min)       2063.21 (max)       2002.60 (avg)
 ==============================================================================
 perf_summary: code performance summary for process            0
                      beginning : 03-05-2025  12:47:41
                         ending : 03-05-2025  12:55:13
   seconds in monitoring period :              451.842
      number of evolution steps :                   60
 ------------------------------------------------------------------------------
 accounting unit                       time sec  num calls   secs avg  time pct
 ------------------------------------------------------------------------------
 initialization                         86.882      1          86.882    19.228
  eos                                    0.204      8           0.026     0.045
  guardcell internal                     2.580      7           0.369     0.571
   amr_guardcell                         2.450      7           0.350     0.542
   eos gc                                0.000      7           0.000     0.000
  writeCheckpoint                       11.846      1          11.846     2.622
   restrictAll                           3.268      1           3.268     0.723
  writePlotfile                          1.102      1           1.102     0.244
 writePlotfile                           5.058      1           5.058     1.119
 evolution                             359.672      1         359.672    79.601
  Hydro                                167.540     60           2.792    37.079
   Head                                 37.127     60           0.619     8.217
    guardcell internal                  37.125     60           0.619     8.216
     amr_guardcell                      34.364     60           0.573     7.605
     eos gc                              0.002     60           0.000     0.000
   compute fluxes                      124.768     60           2.079    27.613
    hy_computeFluxes                   124.766    600           0.208    27.613
     RiemannState                      106.699    600           0.178    23.614
     getFaceFlux                        17.918    600           0.030     3.966
   conserveFluxes                        0.044     60           0.001     0.010
   update solution                       5.540     60           0.092     1.226
    update solution body                 5.539    600           0.009     1.226
     unsplitUpdate                       2.111    600           0.004     0.467
  sourceTerms                            0.000     60           0.000     0.000
  Particles_advance                      0.000     60           0.000     0.000
  Gravity potential                      0.000     60           0.000     0.000
  IO_output                            110.054    120           0.917    24.357
   diagnostics                          57.047    120           0.475    12.625
   checkpointing                        52.868      6           8.811    11.701
    writeCheckpoint                     52.855      6           8.809    11.698
     restrictAll                        22.250      6           3.708     4.924
  Grid_updateRefinement                 80.723     60           1.345    17.865
   eos                                   0.071      1           0.071     0.016
   tree                                 80.652     60           1.344    17.850
    markRefineDerefine                  21.622     30           0.721     4.785
     guardcell internal                 19.180     30           0.639     4.245
      amr_guardcell                     17.905     30           0.597     3.963
      eos gc                             0.001     30           0.000     0.000
    amr_refine_derefine                 57.896     30           1.930    12.813
    updateData                           0.000     30           0.000     0.000
   updateParticleRefinement              0.000      1           0.000     0.000
  Driver_computeDt                       1.111     60           0.019     0.246
 ==============================================================================
 [ 03-05-2025  12:55:13.729 ] [Timers_getSummary]: Not writing timer max/min/avg values because not all processors had same timers
 [ 03-05-2025  12:55:13.881 ] LOGFILE_END: FLASH run complete.
 FLASH log file:  03-05-2025  12:55:24.644    Run number:  1
 ==============================================================================
 Number of MPI tasks:                896
 MPI version:                          3
 MPI subversion:                       1
 Dimensionality:                       3
 Max Number of Blocks/Proc:          200
 Number x zones:                      32
 Number y zones:                      32
 Number z zones:                      32
 Setup stamp:     Fri Nov 1 14:03:57 2024
 Build stamp:     Fri Nov 1 14:04:23 2024
 System info:     Linux corona211 4.18.0-553.22.1.1toss.t4.x86_64 #1 SMP Tue Sep 24 16:50:00 PDT 2
 Version:         Flash-X 1.0 (heads/main-0-g6040ba49-dirty)                                      
 Build directory: /usr/workspace/ather1/Flash-X/sedov
 Setup syntax:    /usr/workspace/ather1/Flash-X/bin/setup.py Sedov -auto -3d -nxb=32 -nyb=32 -nzb=32 +parallelio -objdir=/usr/workspace/ather1/Flash-X/sedov
 f compiler flags: mpif90 -ggdb -c -O2 -fdefault-real-8 -fdefault-double-8 -Wuninitialized -fallow-argument-mismatch -fallow-argument-mismatch -DMAXBLOCKS=200 -DNXB=32 -DNYB=32 -DNZB=32 -DN_DIM=3
 c compiler flags:    mpicc -I/p/lustre2/ather1/hdf5-1.14.4-3/install/include -DH5_USE_18_API -ggdb -c -O2 -Wuninitialized -D_FORTIFY_SOURCE=2 -DMAXBLOCKS=200 -DNXB=32 -DNYB=32 -DNZB=32 -DN_DIM=3
 ==============================================================================
 Comment:  Sedov explosion
 ==============================================================================
 FLASH Units used:
   Driver/DriverMain/Unsplit
   Grid/GridBoundaryConditions
   Grid/GridMain/AMR/Paramesh4/PM4_package/flash_avoid_orrery
   Grid/GridMain/AMR/Paramesh4/PM4_package/headers
   Grid/GridMain/AMR/Paramesh4/PM4_package/source
   Grid/GridMain/AMR/Paramesh4/PM4_package/utilities/multigrid
   Grid/GridMain/AMR/Paramesh4/interpolation/prolong
   Grid/GridMain/AMR/Paramesh4/levelFlux
   Grid/localAPI
   IO/IOMain/hdf5/parallel/PM
   IO/localAPI
   PhysicalConstants/PhysicalConstantsMain
   RuntimeParameters/RuntimeParametersMain
   Simulation/SimulationMain/Sedov
   TimeAdvance/TimeAdvanceMain/StrangSplit
   flashUtilities/contiguousConversion
   flashUtilities/general
   flashUtilities/interpolation/oneDim
   flashUtilities/nameValueLL
   flashUtilities/sorting/quicksort
   flashUtilities/system/memoryUsage/legacy
   monitors/Logfile/LogfileMain
   monitors/Timers/TimersMain/MPINative
   physics/Eos/EosMain/Gamma
   physics/Hydro/HydroMain/unsplit/OnlyHydro
   physics/Hydro/HydroMain/unsplit/levelFlux
   physics/Hydro/localAPI
 ==============================================================================
 RuntimeParameters:
                                                                               
 ==============================================================================
bndpriorityone              =          1
bndprioritythree            =          3
bndprioritytwo              =          2
checkpointfileintervalstep  =         10 [CHANGED]
checkpointfilenumber        =          0
dr_abortpause               =          2
dr_dtminbelowaction         =          1
drift_break_inst            =          0
drift_trunc_mantissa        =          2
drift_verbose_inst          =          0
eos_entrelescalechoice      =          6
eos_loglevel                =        700
fileformatversion           =          9
forcedplotfilenumber        =          0
gr_lrefmaxtimevalue_1       =         -1
gr_lrefmaxtimevalue_10      =         -1
gr_lrefmaxtimevalue_11      =         -1
gr_lrefmaxtimevalue_12      =         -1
gr_lrefmaxtimevalue_13      =         -1
gr_lrefmaxtimevalue_14      =         -1
gr_lrefmaxtimevalue_15      =         -1
gr_lrefmaxtimevalue_16      =         -1
gr_lrefmaxtimevalue_17      =         -1
gr_lrefmaxtimevalue_18      =         -1
gr_lrefmaxtimevalue_19      =         -1
gr_lrefmaxtimevalue_2       =         -1
gr_lrefmaxtimevalue_20      =         -1
gr_lrefmaxtimevalue_3       =         -1
gr_lrefmaxtimevalue_4       =         -1
gr_lrefmaxtimevalue_5       =         -1
gr_lrefmaxtimevalue_6       =         -1
gr_lrefmaxtimevalue_7       =         -1
gr_lrefmaxtimevalue_8       =         -1
gr_lrefmaxtimevalue_9       =         -1
gr_pmrpdivergencefree       =         -1
gr_pmrpifaceoff             =          0
gr_pmrpl2p5d                =          0
gr_pmrpmaxblocks            =         -1
gr_pmrpmflags               =          1
gr_pmrpnboundaries          =          6
gr_pmrpndim                 =          3
gr_pmrpnedgevar1            =         -1
gr_pmrpnfacevar             =         -1
gr_pmrpnfielddivf           =         -1
gr_pmrpnfluxvar             =         -1
gr_pmrpnguard               =         -1
gr_pmrpnguardwork           =         -1
gr_pmrpnvar                 =         -1
gr_pmrpnvarwork             =          1
gr_pmrpnvarcorn             =          0
gr_pmrpnvaredge             =          0
gr_pmrpnxb                  =         -1
gr_pmrpnyb                  =         -1
gr_pmrpnzb                  =         -1
gr_restrictallmethod        =          3
gr_sanitizedatamode         =          1
gr_sanitizeverbosity        =          5
gr_tilesizex                =         32
gr_tilesizey                =         32
gr_tilesizez                =         32
hy_3torder                  =         -1
hydrocomputedtoption        =         -1
iprocs                      =          1
interpol_order              =          2
irenorm                     =          0
jprocs                      =          1
kprocs                      =          1
lrefine_del                 =          0
lrefine_max                 =          6 [CHANGED]
lrefine_min                 =          1
lrefine_min_init            =          1
max_particles_per_blk       =        100
memory_stat_freq            =     100000
meshcopycount               =          1
min_particles_per_blk       =          1
nbegin                      =          1
nblockx                     =         16 [CHANGED]
nblocky                     =         16 [CHANGED]
nblockz                     =         16 [CHANGED]
nend                        =         60 [CHANGED]
nrefs                       =          2
nsteptotalsts               =          5
order                       =          3 [CHANGED]
outputsplitnum              =          1
plotfileintervalstep        =          0
plotfilenumber              =          0
refine_var_count            =          4
rolling_checkpoint          =      10000
sim_centerrefinelevel       =          1
sim_integralslevel          =         -1
sim_nsubzones               =          7
sweeporder                  =        123
transorder                  =          1
wr_integrals_freq           =          1
limitedslopebeta            =                 0.100E+01
cfl                         =                 0.800E+00
checkpointfileintervaltime  =                 0.000E+00 [CHANGED]
checkpointfileintervalz     =                 0.180+309
cvisc                       =                 0.100E+00
derefine_cutoff_1           =                 0.200E+00
derefine_cutoff_2           =                 0.200E+00
derefine_cutoff_3           =                 0.200E+00
derefine_cutoff_4           =                 0.200E+00
dr_dtmincontinue            =                 0.000E+00
dr_tstepslowstartfactor     =                 0.100E+00
dtinit                      =                 0.100E-09
dtmax                       =                 0.100E+06
dtmin                       =                 0.100E-09
eintswitch                  =                 0.100E-03 [CHANGED]
eos_singlespeciesa          =                 0.100E+01
eos_singlespeciesz          =                 0.100E+01
gamma                       =                 0.140E+01 [CHANGED]
gr_btworkchildscaling       =                 0.100E+01
gr_btworkdefaultleaf        =                 0.200E+01
gr_btworkdefaultpar         =                 0.100E+01
gr_btworklbleaf             =                 0.000E+00
gr_btworklbpar              =                 0.000E+00
gr_btworkubleaf             =                 0.100E+07
gr_btworkubpar              =                 0.100E+07
gr_lrefinemaxredlogbase     =                 0.100E+02
gr_lrefinemaxredradiusfact  =                 0.000E+00
gr_lrefinemaxredtref        =                 0.000E+00
gr_lrefinemaxredtimescale   =                 0.100E+01
gr_lrefmaxtime_1            =                -0.100E+01
gr_lrefmaxtime_10           =                -0.100E+01
gr_lrefmaxtime_11           =                -0.100E+01
gr_lrefmaxtime_12           =                -0.100E+01
gr_lrefmaxtime_13           =                -0.100E+01
gr_lrefmaxtime_14           =                -0.100E+01
gr_lrefmaxtime_15           =                -0.100E+01
gr_lrefmaxtime_16           =                -0.100E+01
gr_lrefmaxtime_17           =                -0.100E+01
gr_lrefmaxtime_18           =                -0.100E+01
gr_lrefmaxtime_19           =                -0.100E+01
gr_lrefmaxtime_2            =                -0.100E+01
gr_lrefmaxtime_20           =                -0.100E+01
gr_lrefmaxtime_3            =                -0.100E+01
gr_lrefmaxtime_4            =                -0.100E+01
gr_lrefmaxtime_5            =                -0.100E+01
gr_lrefmaxtime_6            =                -0.100E+01
gr_lrefmaxtime_7            =                -0.100E+01
gr_lrefmaxtime_8            =                -0.100E+01
gr_lrefmaxtime_9            =                -0.100E+01
hy_cflfallbackfactor        =                 0.900E+00
hy_fpresinmomflux           =                 0.100E+01
hybridorderkappa            =                 0.000E+00
nusts                       =                 0.200E+00 [CHANGED]
plotfileintervaltime        =                 0.000E+00 [CHANGED]
plotfileintervalz           =                 0.180+309
radiusgp                    =                 0.200E+01
refine_cutoff_1             =                 0.800E+00
refine_cutoff_2             =                 0.800E+00
refine_cutoff_3             =                 0.800E+00
refine_cutoff_4             =                 0.800E+00
refine_filter_1             =                 0.100E-01
refine_filter_2             =                 0.100E-01
refine_filter_3             =                 0.100E-01
refine_filter_4             =                 0.100E-01
rss_limit                   =                -0.100E+01
sigmagp                     =                 0.300E+01
sim_derefineradius          =                 0.000E+00
sim_earliestlstime          =                 0.000E+00
sim_expenergy               =                 0.100E+01
sim_largestnormradius       =                 0.180+309
sim_latestlstime            =                 0.180+309
sim_minrhoinit              =                 0.100E-19
sim_pambient                =                 0.100E-04
sim_rinit                   =                 0.137E-01 [CHANGED]
sim_rhoambient              =                 0.100E+01
sim_smallestnormradius      =                 0.000E+00
sim_xctr                    =                 0.500E+00
sim_yctr                    =                 0.500E+00
sim_zctr                    =                 0.500E+00
small                       =                 0.100E-09
smalle                      =                 0.100E-09
smallp                      =                 0.100E-09
smallt                      =                 0.100E-09
smallu                      =                 0.100E-09
smallx                      =                 0.100E-09
smlrho                      =                 0.100E-09
tinitial                    =                 0.000E+00
tiny                        =                 0.100E-15
tmax                        =                 0.500E+06 [CHANGED]
tstep_change_factor         =                 0.200E+01
wall_clock_checkpoint       =                 0.432E+05
wall_clock_time_limit       =                 0.605E+06
x_refine_center             =                 0.000E+00
xmax                        =                 0.100E+01
xmin                        =                 0.000E+00
y_refine_center             =                 0.000E+00
ymax                        =                 0.100E+01
ymin                        =                 0.000E+00
zfinal                      =                 0.000E+00
zinitial                    =                -0.100E+01
z_refine_center             =                 0.000E+00
zmax                        =                 0.100E+01
zmin                        =                 0.000E+00
riemannsolver               = Roe                            [CHANGED]
unitsystem                  = none                          
basenm                      = sedov_                         [CHANGED]
entropyfixmethod            = HARTENHYMAN                   
eosmode                     = dens_ie                       
eosmodeinit                 = dens_ie                       
geometry                    = cartesian                     
gr_pmrpoutputdir            = ./                            
grav_boundary_type          = isolated                      
hy_eosmodegc                = see eosMode                   
log_file                    = sedov.log                      [CHANGED]
output_directory            =                               
pc_unitsbase                = CGS                           
plot_grid_var_1             = none                          
plot_grid_var_10            = none                          
plot_grid_var_11            = none                          
plot_grid_var_12            = none                          
plot_grid_var_13            = none                          
plot_grid_var_14            = none                          
plot_grid_var_15            = none                          
plot_grid_var_16            = none                          
plot_grid_var_17            = none                          
plot_grid_var_18            = none                          
plot_grid_var_19            = none                          
plot_grid_var_2             = none                          
plot_grid_var_20            = none                          
plot_grid_var_21            = none                          
plot_grid_var_22            = none                          
plot_grid_var_23            = none                          
plot_grid_var_24            = none                          
plot_grid_var_25            = none                          
plot_grid_var_26            = none                          
plot_grid_var_27            = none                          
plot_grid_var_28            = none                          
plot_grid_var_29            = none                          
plot_grid_var_3             = none                          
plot_grid_var_30            = none                          
plot_grid_var_31            = none                          
plot_grid_var_32            = none                          
plot_grid_var_33            = none                          
plot_grid_var_34            = none                          
plot_grid_var_35            = none                          
plot_grid_var_36            = none                          
plot_grid_var_37            = none                          
plot_grid_var_38            = none                          
plot_grid_var_39            = none                          
plot_grid_var_4             = none                          
plot_grid_var_40            = none                          
plot_grid_var_41            = none                          
plot_grid_var_42            = none                          
plot_grid_var_43            = none                          
plot_grid_var_44            = none                          
plot_grid_var_45            = none                          
plot_grid_var_46            = none                          
plot_grid_var_47            = none                          
plot_grid_var_48            = none                          
plot_grid_var_49            = none                          
plot_grid_var_5             = none                          
plot_grid_var_50            = none                          
plot_grid_var_51            = none                          
plot_grid_var_52            = none                          
plot_grid_var_53            = none                          
plot_grid_var_54            = none                          
plot_grid_var_55            = none                          
plot_grid_var_56            = none                          
plot_grid_var_57            = none                          
plot_grid_var_58            = none                          
plot_grid_var_59            = none                          
plot_grid_var_6             = none                          
plot_grid_var_60            = none                          
plot_grid_var_61            = none                          
plot_grid_var_62            = none                          
plot_grid_var_63            = none                          
plot_grid_var_64            = none                          
plot_grid_var_65            = none                          
plot_grid_var_66            = none                          
plot_grid_var_67            = none                          
plot_grid_var_68            = none                          
plot_grid_var_69            = none                          
plot_grid_var_7             = none                          
plot_grid_var_70            = none                          
plot_grid_var_71            = none                          
plot_grid_var_72            = none                          
plot_grid_var_73            = none                          
plot_grid_var_74            = none                          
plot_grid_var_75            = none                          
plot_grid_var_76            = none                          
plot_grid_var_77            = none                          
plot_grid_var_78            = none                          
plot_grid_var_8             = none                          
plot_grid_var_9             = none                          
plot_var_1                  = dens                           [CHANGED]
plot_var_10                 = none                          
plot_var_11                 = none                          
plot_var_12                 = none                          
plot_var_13                 = none                          
plot_var_14                 = none                          
plot_var_15                 = none                          
plot_var_16                 = none                          
plot_var_17                 = none                          
plot_var_18                 = none                          
plot_var_2                  = pres                           [CHANGED]
plot_var_3                  = temp                           [CHANGED]
plot_var_4                  = none                          
plot_var_5                  = none                          
plot_var_6                  = none                          
plot_var_7                  = none                          
plot_var_8                  = none                          
plot_var_9                  = none                          
prof_file                   = profile.dat                   
refine_var_1                = dens                           [CHANGED]
refine_var_2                = pres                           [CHANGED]
refine_var_3                = none                          
refine_var_4                = none                          
run_comment                 = Sedov explosion                [CHANGED]
run_number                  = 1                             
sim_proffilename            = /dev/null                      [CHANGED]
slopelimiter                = mc                             [CHANGED]
stats_file                  = flashx.dat                    
wenomethod                  = WENO5                         
xl_boundary_type            = outflow                        [CHANGED]
xr_boundary_type            = outflow                        [CHANGED]
yl_boundary_type            = outflow                        [CHANGED]
yr_boundary_type            = outflow                        [CHANGED]
zl_boundary_type            = outflow                        [CHANGED]
zr_boundary_type            = outflow                        [CHANGED]
csvsummaryallprocs          =  F
eosforriemann               =  F
logsummaryallprocs          =  F
addthermalflux              =  T
allowdtstsdominate          =  F
alwayscomputeuservars       =  T
alwaysrestrictcheckpoint    =  T
charlimiting                =  T
chkguardcellsinput          =  F
chkguardcellsoutput         =  F
conserveangmom              =  F
converttoconsvdformeshcalls =  F
converttoconsvdinmeshinterp =  T
corners                     =  F
dr_printtsteploc            =  T
dr_shortenlaststepbeforetmax =  F
drift_tuples                =  F
eachprocwritesownabortlog   =  F
eachprocwritessummary       =  F
earlyblockdistadjustment    =  T
enablemaskedgcfill          =  F
entropy                     =  F
flux_correct                =  T
flux_correct_perlevel       =  F
geometryoverride            =  F
gr_bcenableapplymixedgds    =  T
gr_bndgcfillneedsprimitivevars =  T
gr_btcustomwork             =  F
gr_btexchangework           =  F
gr_btsortbywork             =  T
gr_enabletiling             =  F
gr_lrefinemaxbytime         =  F
gr_lrefinemaxreddobylogr    =  F
gr_lrefinemaxreddobytime    =  F
gr_pmrpadvancealllevels     =  F
gr_pmrpamrerrorchecking     =  F
gr_pmrpcartesianpm          =  F
gr_pmrpconserve             =  F
gr_pmrpconsvfluxdensities   =  T
gr_pmrpconsvfluxes          =  F
gr_pmrpcurvilinear          =  F
gr_pmrpcurvilinearconserve  =  F
gr_pmrpcylindricalpm        =  F
gr_pmrpdiagonals            =  T
gr_pmrpedgevalue            =  T
gr_pmrpedgevalueinteg       =  F
gr_pmrpemptycells           =  F
gr_pmrpforceconsistency     =  T
gr_pmrplsingularline        =  F
gr_pmrpnopermanentguardcells =  F
gr_pmrppolarpm              =  F
gr_pmrppredcorr             =  F
gr_pmrpsphericalpm          =  F
gr_pmrptimingmpi            =  F
gr_pmrptimingmpix           =  F
gr_pmrpvardt                =  F
gr_usetiling                =  F
hy_fallbacklowercfl         =  F
hy_fullspecmsfluxhandling   =  T
hy_usetiling                =  F
ignoreforcedplot            =  F
io_writemscalarintegrals    =  F
plotfilegridquantitydp      =  F
plotfilemetadatadp          =  F
reducegcellfills            =  F
refine_on_particle_count    =  F
restart                     =  F
shockdetect                 =  F
shocklowercfl               =  F
sim_bcsetbdryvar            =  F
sim_forcecenterderefine     =  F
sim_onelevelintegralsonly   =  F
summaryoutputonly           =  F
threadblocklistbuild        =  F
threaddelepblocklist        =  F
threaddelepwithinblock      =  F
threaddriverblocklist       =  F
threaddriverwithinblock     =  F
threadeoswithinblock        =  F
threadhydroblocklist        =  F
threadhydrowithinblock      =  F
threadraytracebuild         =  F
threadwithinblockbuild      =  F
tmr_suppressinparallel      =  F
typematchedxfer             =  T
unbiased_geometry           =  F
updatehydrofluxes           =  T
useburn                     =  F
usecollectivehdf5           =  T
usedeleptonize              =  F
usegravity                  =  F
useheatad                   =  F
useheater                   =  F
usehydro                    =  T
useimbound                  =  F
useincompns                 =  F
useinlet                    =  F
uselegacylabels             =  T
usemultiphase               =  F
useorchestration            =  F
useoutlet                   =  F
useparticles                =  F
useradtrans                 =  F
usests                      =  F
usestsfordiffusion          =  F
usesolidmechanics           =  F
use_3dfullctu               =  T
use_auxeinteqn              =  T
use_avisc                   =  T [CHANGED]
use_cma_advection           =  F
use_cma_flattening          =  F
use_flash_surr_blks_fill    =  T
use_flattening              =  F
use_gravhalfupdate          =  T
use_hybridorder             =  F
use_reduced_orrery          =  T
use_steepening              =  F
use_upwindtvd               =  F
writestatsummary            =  T
                                                                               
 ==============================================================================
                                                                               
 Known units of measurement:
                                                                               
              Unit                          CGS Value                Base Unit
  1                  cm                     1.0000                           cm
  2                   s                     1.0000                            s
  3                   g                     1.0000                            g
  4                   K                     1.0000                            K
  5                 esu                     1.0000                          esu
  6                 mol                     1.0000                          mol
  7                   m                     100.00                           cm
  8                  km                    1.00000E+05                       cm
  9                  pc                    3.08568E+18                       cm
 10                 kpc                    3.08568E+21                       cm
 11                 Mpc                    3.08568E+24                       cm
 12                 Gpc                    3.08568E+27                       cm
 13                Rsun                    6.96000E+10                       cm
 14                  AU                    1.49598E+13                       cm
 15                  yr                    3.15569E+07                        s
 16                 Myr                    3.15569E+13                        s
 17                 Gyr                    3.15569E+16                        s
 18                  kg                     1000.0                            g
 19                Msun                    1.98892E+33                        g
 20                 amu                    1.66054E-24                        g
 21                  eV                     11605.                            K
 22                   C                    2.99792E+09                      esu
 23                LFLY                    3.08568E+24                       cm
 24                TFLY                    2.05759E+17                        s
 25                MFLY                    9.88470E+45                        g
 26            clLength                    3.08568E+24                       cm
 27              clTime                    3.15569E+16                        s
 28              clMass                    1.98892E+48                        g
 29              clTemp                    1.16045E+07                        K
-----------End of Units--------------------
                                                                               
 Known physical constants:
                                                                               
    Constant Name       Constant Value   cm       s        g        K        esu      mol
  1              Newton    6.67408E-08   3.0     -2.0     -1.0      0.0      0.0      0.0    
  2      speed of light    2.99792E+10   1.0     -1.0      0.0      0.0      0.0      0.0    
  3              Planck    6.62607E-27   2.0     -1.0      1.0      0.0      0.0      0.0    
  4     electron charge    4.80320E-10   0.0      0.0      0.0      0.0      1.0      0.0    
  5       electron mass    9.10938E-28   0.0      0.0      1.0      0.0      0.0      0.0    
  6         proton mass    1.67262E-24   0.0      0.0      1.0      0.0      0.0      0.0    
  7      fine-structure    7.29735E-03   0.0      0.0      0.0      0.0      0.0      0.0    
  8            Avogadro    6.02214E+23   0.0      0.0      0.0      0.0      0.0     -1.0    
  9           Boltzmann    1.38065E-16   2.0     -2.0      1.0     -1.0      0.0      0.0    
 10  ideal gas constant    8.31446E+07   2.0     -2.0      1.0     -1.0      0.0     -1.0    
 11                Wien    0.28978       1.0      0.0      0.0      1.0      0.0      0.0    
 12    Stefan-Boltzmann    5.67037E-05   0.0     -3.0      1.0     -4.0      0.0      0.0    
 13  Radiation Constant    7.56572E-15  -1.0     -2.0      1.0     -4.0      0.0      0.0    
 14                  pi     3.1416       0.0      0.0      0.0      0.0      0.0      0.0    
 15                   e     2.7183       0.0      0.0      0.0      0.0      0.0      0.0    
 16               Euler    0.57722       0.0      0.0      0.0      0.0      0.0      0.0    
 ==============================================================================
                                                                               
 Multifluid database: not configured in
                                                                               
 ==============================================================================
 [ 03-05-2025  12:55:24.652 ] [gr_initGeometry] checking BCs for idir: 1
 [ 03-05-2025  12:55:24.654 ] [gr_initGeometry] checking BCs for idir: 2
 [ 03-05-2025  12:55:24.657 ] [gr_initGeometry] checking BCs for idir: 3
 [ 03-05-2025  12:55:26.345 ] [GRID amr_refine_derefine]: initiating refinement
 [ 03-05-2025  12:55:26.348 ] [GRID amr_refine_derefine]: redist. phase.  tot blks requested: 4096
 [GRID amr_refine_derefine] min blks 4    max blks 5    tot blks 4096
 [GRID amr_refine_derefine] min leaf blks 4    max leaf blks 5    tot leaf blks 4096
 [ 03-05-2025  12:55:26.524 ] [GRID amr_refine_derefine]: refinement complete
 [ 03-05-2025  12:55:26.628 ] [GRID gr_expandDomain]: iteration=1, create level=2
 INFO: Grid_fillGuardCells is ignoring masking.
 [ 03-05-2025  12:55:31.823 ] [mpi_amr_comm_setup]: buffer_dim_send=3349693, buffer_dim_recv=2207173
 [ 03-05-2025  12:55:34.213 ] [GRID amr_refine_derefine]: initiating refinement
 [ 03-05-2025  12:55:34.226 ] [GRID amr_refine_derefine]: redist. phase.  tot blks requested: 4160
 [GRID amr_refine_derefine] min blks 4    max blks 5    tot blks 4160
 [GRID amr_refine_derefine] min leaf blks 4    max leaf blks 5    tot leaf blks 4152
 [ 03-05-2025  12:55:34.352 ] [GRID amr_refine_derefine]: refinement complete
 [ 03-05-2025  12:55:34.360 ] [GRID gr_expandDomain]: iteration=2, create level=3
 [ 03-05-2025  12:55:40.256 ] [GRID amr_refine_derefine]: initiating refinement
 [ 03-05-2025  12:55:40.267 ] [GRID amr_refine_derefine]: redist. phase.  tot blks requested: 4224
 [GRID amr_refine_derefine] min blks 4    max blks 6    tot blks 4224
 [GRID amr_refine_derefine] min leaf blks 3    max leaf blks 5    tot leaf blks 4208
 [ 03-05-2025  12:55:40.387 ] [GRID amr_refine_derefine]: refinement complete
 [ 03-05-2025  12:55:40.394 ] [GRID gr_expandDomain]: iteration=3, create level=4
 [ 03-05-2025  12:55:45.575 ] [mpi_amr_comm_setup]: buffer_dim_send=3423553, buffer_dim_recv=2207173
 [ 03-05-2025  12:55:46.260 ] [GRID amr_refine_derefine]: initiating refinement
 [ 03-05-2025  12:55:46.268 ] [GRID amr_refine_derefine]: redist. phase.  tot blks requested: 4288
 [GRID amr_refine_derefine] min blks 4    max blks 6    tot blks 4288
 [GRID amr_refine_derefine] min leaf blks 3    max leaf blks 5    tot leaf blks 4264
 [ 03-05-2025  12:55:46.383 ] [GRID amr_refine_derefine]: refinement complete
 [ 03-05-2025  12:55:46.391 ] [GRID gr_expandDomain]: iteration=4, create level=5
 [ 03-05-2025  12:55:51.641 ] [mpi_amr_comm_setup]: buffer_dim_send=3422269, buffer_dim_recv=2207173
 [ 03-05-2025  12:55:52.596 ] [GRID amr_refine_derefine]: initiating refinement
 [ 03-05-2025  12:55:52.609 ] [GRID amr_refine_derefine]: redist. phase.  tot blks requested: 6144
 [GRID amr_refine_derefine] min blks 6    max blks 9    tot blks 6144
 [GRID amr_refine_derefine] min leaf blks 5    max leaf blks 7    tot leaf blks 5888
 [ 03-05-2025  12:55:52.755 ] [GRID amr_refine_derefine]: refinement complete
 [ 03-05-2025  12:55:52.765 ] [GRID gr_expandDomain]: iteration=5, create level=6
 [ 03-05-2025  12:56:00.351 ] [mpi_amr_comm_setup]: buffer_dim_send=2974177, buffer_dim_recv=2540365
 [ 03-05-2025  12:56:01.495 ] [GRID amr_refine_derefine]: initiating refinement
 [ 03-05-2025  12:56:01.506 ] [GRID amr_refine_derefine]: redist. phase.  tot blks requested: 9152
 [GRID amr_refine_derefine] min blks 9    max blks 12    tot blks 9152
 [GRID amr_refine_derefine] min leaf blks 7    max leaf blks 10    tot leaf blks 8520
 [ 03-05-2025  12:56:01.712 ] [GRID amr_refine_derefine]: refinement complete
 [ 03-05-2025  12:56:01.722 ] [GRID gr_expandDomain]: iteration=6, create level=6
 [ 03-05-2025  12:56:12.617 ] [mpi_amr_comm_setup]: buffer_dim_send=4843741, buffer_dim_recv=2669029
 [ 03-05-2025  12:56:14.114 ] [GRID gr_expandDomain]: iteration=7, create level=6
 [ 03-05-2025  12:56:26.502 ] [GRID gr_expandDomain]: iteration=8, create level=6
 [ 03-05-2025  12:56:38.325 ] memory: /proc vsize    (MB):     4596.92 (min)       4799.12 (max)       4731.20 (avg)
 [ 03-05-2025  12:56:38.328 ] memory: /proc rss      (MB):     1840.82 (min)       1930.76 (max)       1894.74 (avg)
 [ 03-05-2025  12:56:38.331 ] memory: /proc vsize    (MB):     4596.92 (min)       4799.12 (max)       4731.20 (avg)
 [ 03-05-2025  12:56:38.335 ] memory: /proc rss      (MB):     1840.82 (min)       1930.76 (max)       1894.74 (avg)
 [ 03-05-2025  12:56:38.352 ] memory: /proc vsize    (MB):     4596.92 (min)       4799.12 (max)       4731.20 (avg)
 [ 03-05-2025  12:56:38.356 ] memory: /proc rss      (MB):     1840.82 (min)       1930.76 (max)       1894.74 (avg)
 [ 03-05-2025  12:56:41.787 ] [IO_writeCheckpoint] open: type=checkpoint name=sedov_hdf5_chk_0000
 [ 03-05-2025  12:56:49.476 ] [io_writeData]: wrote    9152          blocks
 [ 03-05-2025  12:56:49.490 ] [IO_writeCheckpoint] close: type=checkpoint name=sedov_hdf5_chk_0000
 [ 03-05-2025  12:56:49.553 ] [IO_writePlotfile] open: type=plotfile name=sedov_hdf5_plt_cnt_0000
 [ 03-05-2025  12:56:50.380 ] [io_writeData]: wrote    9152          blocks
 [ 03-05-2025  12:56:50.390 ] [IO_writePlotfile] close: type=plotfile name=sedov_hdf5_plt_cnt_0000
 [ 03-05-2025  12:56:50.394 ] memory: /proc vsize    (MB):     4616.34 (min)       5010.87 (max)       4740.62 (avg)
 [ 03-05-2025  12:56:50.397 ] memory: /proc rss      (MB):     1847.23 (min)       1937.77 (max)       1903.13 (avg)
 [ 03-05-2025  12:56:50.400 ] [Driver_evolveAll]: Entering evolution loop
 [ 03-05-2025  12:56:50.403 ] step: n=1 t=0.000000E+00 dt=1.000000E-10
 [ 03-05-2025  12:56:54.099 ] step: n=2 t=1.000000E-10 dt=2.000000E-10
 [ 03-05-2025  12:57:00.340 ] step: n=3 t=3.000000E-10 dt=4.000000E-10
 [ 03-05-2025  12:57:04.008 ] step: n=4 t=7.000000E-10 dt=8.000000E-10
 [ 03-05-2025  12:57:10.249 ] step: n=5 t=1.500000E-09 dt=1.600000E-09
 [ 03-05-2025  12:57:13.931 ] step: n=6 t=3.100000E-09 dt=3.200000E-09
 [ 03-05-2025  12:57:20.178 ] step: n=7 t=6.300000E-09 dt=6.400000E-09
 [ 03-05-2025  12:57:23.852 ] step: n=8 t=1.270000E-08 dt=1.280000E-08
 [ 03-05-2025  12:57:30.133 ] step: n=9 t=2.550000E-08 dt=2.560000E-08
 [ 03-05-2025  12:57:33.824 ] step: n=10 t=5.110000E-08 dt=5.120000E-08
 [ 03-05-2025  12:57:43.797 ] [IO_writeCheckpoint] open: type=checkpoint name=sedov_hdf5_chk_0001
 [ 03-05-2025  12:57:51.160 ] [io_writeData]: wrote    9152          blocks
 [ 03-05-2025  12:57:51.167 ] [IO_writeCheckpoint] close: type=checkpoint name=sedov_hdf5_chk_0001
 [ 03-05-2025  12:57:51.172 ] step: n=11 t=1.023000E-07 dt=1.024000E-07
 [ 03-05-2025  12:57:54.867 ] step: n=12 t=2.047000E-07 dt=2.011896E-07
 [ 03-05-2025  12:58:01.153 ] step: n=13 t=4.058896E-07 dt=1.856898E-07
 [ 03-05-2025  12:58:04.836 ] step: n=14 t=5.915794E-07 dt=1.729914E-07
 [ 03-05-2025  12:58:11.141 ] step: n=15 t=7.645708E-07 dt=1.642472E-07
 [ 03-05-2025  12:58:14.829 ] step: n=16 t=9.288179E-07 dt=1.580871E-07
 [ 03-05-2025  12:58:21.073 ] step: n=17 t=1.086905E-06 dt=1.534569E-07
 [ 03-05-2025  12:58:24.766 ] step: n=18 t=1.240362E-06 dt=1.499651E-07
 [ 03-05-2025  12:58:31.073 ] step: n=19 t=1.390327E-06 dt=1.474127E-07
 [ 03-05-2025  12:58:34.773 ] step: n=20 t=1.537740E-06 dt=1.456205E-07
 [ 03-05-2025  12:58:44.709 ] [IO_writeCheckpoint] open: type=checkpoint name=sedov_hdf5_chk_0002
 [ 03-05-2025  12:58:52.140 ] [io_writeData]: wrote    9152          blocks
 [ 03-05-2025  12:58:52.147 ] [IO_writeCheckpoint] close: type=checkpoint name=sedov_hdf5_chk_0002
 [ 03-05-2025  12:58:52.151 ] step: n=21 t=1.683360E-06 dt=1.444985E-07
 [ 03-05-2025  12:58:55.863 ] step: n=22 t=1.827859E-06 dt=1.441710E-07
 [ 03-05-2025  12:59:02.123 ] step: n=23 t=1.972030E-06 dt=1.441286E-07
 [ 03-05-2025  12:59:05.821 ] step: n=24 t=2.116158E-06 dt=1.441099E-07
 [ 03-05-2025  12:59:12.155 ] step: n=25 t=2.260268E-06 dt=1.441302E-07
 [ 03-05-2025  12:59:15.869 ] step: n=26 t=2.404398E-06 dt=1.442588E-07
 [ 03-05-2025  12:59:22.151 ] [GRID amr_refine_derefine]: initiating refinement
 [ 03-05-2025  12:59:22.162 ] [GRID amr_refine_derefine]: redist. phase.  tot blks requested: 9536
 [GRID amr_refine_derefine] min blks 10    max blks 13    tot blks 9536
 [GRID amr_refine_derefine] min leaf blks 8    max leaf blks 11    tot leaf blks 8856
 [ 03-05-2025  12:59:22.372 ] [GRID amr_refine_derefine]: refinement complete
 [ 03-05-2025  12:59:22.784 ] step: n=27 t=2.548657E-06 dt=1.444833E-07
 [ 03-05-2025  12:59:22.787 ] [mpi_amr_comm_setup]: buffer_dim_send=4300885, buffer_dim_recv=2669029
 [ 03-05-2025  12:59:26.626 ] step: n=28 t=2.693141E-06 dt=1.448057E-07
 [ 03-05-2025  12:59:33.158 ] step: n=29 t=2.837946E-06 dt=1.450172E-07
 [ 03-05-2025  12:59:36.992 ] step: n=30 t=2.982964E-06 dt=1.450055E-07
 [ 03-05-2025  12:59:47.318 ] [IO_writeCheckpoint] open: type=checkpoint name=sedov_hdf5_chk_0003
 [ 03-05-2025  12:59:55.022 ] [io_writeData]: wrote    9536          blocks
 [ 03-05-2025  12:59:55.032 ] [IO_writeCheckpoint] close: type=checkpoint name=sedov_hdf5_chk_0003
 [ 03-05-2025  12:59:55.035 ] step: n=31 t=3.127969E-06 dt=1.449474E-07
 [ 03-05-2025  12:59:58.879 ] step: n=32 t=3.272916E-06 dt=1.449259E-07
 [ 03-05-2025  13:00:05.494 ] step: n=33 t=3.417842E-06 dt=1.447113E-07
 [ 03-05-2025  13:00:09.327 ] step: n=34 t=3.562554E-06 dt=1.446418E-07
 [ 03-05-2025  13:00:15.938 ] step: n=35 t=3.707195E-06 dt=1.446455E-07
 [ 03-05-2025  13:00:19.767 ] step: n=36 t=3.851841E-06 dt=1.446573E-07
 [ 03-05-2025  13:00:26.391 ] step: n=37 t=3.996498E-06 dt=1.446767E-07
 [ 03-05-2025  13:00:30.226 ] step: n=38 t=4.141175E-06 dt=1.447318E-07
 [ 03-05-2025  13:00:36.812 ] step: n=39 t=4.285907E-06 dt=1.447598E-07
 [ 03-05-2025  13:00:40.640 ] step: n=40 t=4.430666E-06 dt=1.447127E-07
 [ 03-05-2025  13:00:50.978 ] [IO_writeCheckpoint] open: type=checkpoint name=sedov_hdf5_chk_0004
 [ 03-05-2025  13:00:58.745 ] [io_writeData]: wrote    9536          blocks
 [ 03-05-2025  13:00:58.758 ] [IO_writeCheckpoint] close: type=checkpoint name=sedov_hdf5_chk_0004
 [ 03-05-2025  13:00:58.762 ] step: n=41 t=4.575379E-06 dt=1.446812E-07
 [ 03-05-2025  13:01:02.625 ] step: n=42 t=4.720060E-06 dt=1.446456E-07
 [ 03-05-2025  13:01:09.255 ] step: n=43 t=4.864706E-06 dt=1.446294E-07
 [ 03-05-2025  13:01:13.099 ] step: n=44 t=5.009335E-06 dt=1.446250E-07
 [ 03-05-2025  13:01:19.741 ] step: n=45 t=5.153960E-06 dt=1.445216E-07
 [ 03-05-2025  13:01:23.582 ] step: n=46 t=5.298482E-06 dt=1.444823E-07
 [ 03-05-2025  13:01:30.201 ] step: n=47 t=5.442964E-06 dt=1.444551E-07
 [ 03-05-2025  13:01:34.035 ] step: n=48 t=5.587419E-06 dt=1.444288E-07
 [ 03-05-2025  13:01:40.657 ] step: n=49 t=5.731848E-06 dt=1.444159E-07
 [ 03-05-2025  13:01:44.495 ] step: n=50 t=5.876264E-06 dt=1.444089E-07
 [ 03-05-2025  13:01:54.734 ] [IO_writeCheckpoint] open: type=checkpoint name=sedov_hdf5_chk_0005
 [ 03-05-2025  13:02:02.380 ] [io_writeData]: wrote    9536          blocks
 [ 03-05-2025  13:02:02.389 ] [IO_writeCheckpoint] close: type=checkpoint name=sedov_hdf5_chk_0005
 [ 03-05-2025  13:02:02.393 ] step: n=51 t=6.020673E-06 dt=1.443103E-07
 [ 03-05-2025  13:02:06.251 ] step: n=52 t=6.164983E-06 dt=1.442630E-07
 [ 03-05-2025  13:02:12.865 ] step: n=53 t=6.309246E-06 dt=1.442278E-07
 [ 03-05-2025  13:02:16.702 ] step: n=54 t=6.453474E-06 dt=1.441955E-07
 [ 03-05-2025  13:02:23.308 ] step: n=55 t=6.597670E-06 dt=1.441758E-07
 [ 03-05-2025  13:02:27.139 ] step: n=56 t=6.741845E-06 dt=1.441499E-07
 [ 03-05-2025  13:02:33.756 ] step: n=57 t=6.885995E-06 dt=1.440523E-07
 [ 03-05-2025  13:02:37.580 ] step: n=58 t=7.030048E-06 dt=1.439965E-07
 [ 03-05-2025  13:02:44.187 ] step: n=59 t=7.174044E-06 dt=1.439601E-07
 [ 03-05-2025  13:02:48.017 ] step: n=60 t=7.318004E-06 dt=1.439284E-07
 [ 03-05-2025  13:02:58.336 ] [IO_writeCheckpoint] open: type=checkpoint name=sedov_hdf5_chk_0006
 [ 03-05-2025  13:03:05.920 ] [io_writeData]: wrote    9536          blocks
 [ 03-05-2025  13:03:05.932 ] [IO_writeCheckpoint] close: type=checkpoint name=sedov_hdf5_chk_0006
 [ 03-05-2025  13:03:05.936 ] [Driver_evolveAll]: Exiting evolution loop
 [ 03-05-2025  13:03:06.001 ] [IO_writePlotfile] open: type=plotfile name=sedov_forced_hdf5_plt_cnt_0000
 [ 03-05-2025  13:03:06.836 ] [io_writeData]: wrote    9536          blocks
 [ 03-05-2025  13:03:06.847 ] [IO_writePlotfile] close: type=plotfile name=sedov_forced_hdf5_plt_cnt_0000
 [ 03-05-2025  13:03:06.850 ] memory: /proc vsize    (MB):     4627.73 (min)       5035.90 (max)       4760.56 (avg)
 [ 03-05-2025  13:03:06.851 ] memory: /proc rss      (MB):     1961.00 (min)       2063.18 (max)       1999.76 (avg)
 ==============================================================================
 perf_summary: code performance summary for process            0
                      beginning : 03-05-2025  12:55:24
                         ending : 03-05-2025  13:03:06
   seconds in monitoring period :              462.209
      number of evolution steps :                   60
 ------------------------------------------------------------------------------
 accounting unit                       time sec  num calls   secs avg  time pct
 ------------------------------------------------------------------------------
 initialization                         85.754      1          85.754    18.553
  eos                                    0.204      8           0.026     0.044
  guardcell internal                     2.585      7           0.369     0.559
   amr_guardcell                         2.454      7           0.351     0.531
   eos gc                                0.000      7           0.000     0.000
  writeCheckpoint                       11.118      1          11.118     2.405
   restrictAll                           3.254      1           3.254     0.704
  writePlotfile                          0.898      1           0.898     0.194
 writePlotfile                           0.908      1           0.908     0.196
 evolution                             375.534      1         375.534    81.248
  Hydro                                167.839     60           2.797    36.312
   Head                                 37.654     60           0.628     8.147
    guardcell internal                  37.653     60           0.628     8.146
     amr_guardcell                      34.970     60           0.583     7.566
     eos gc                              0.002     60           0.000     0.000
   compute fluxes                      124.450     60           2.074    26.925
    hy_computeFluxes                   124.448    600           0.207    26.925
     RiemannState                      106.552    600           0.178    23.053
     getFaceFlux                        17.747    600           0.030     3.840
   conserveFluxes                        0.046     60           0.001     0.010
   update solution                       5.625     60           0.094     1.217
    update solution body                 5.623    600           0.009     1.217
     unsplitUpdate                       2.113    600           0.004     0.457
  sourceTerms                            0.000     60           0.000     0.000
  Particles_advance                      0.000     60           0.000     0.000
  Gravity potential                      0.000     60           0.000     0.000
  IO_output                            124.926    120           1.041    27.028
   diagnostics                          57.123    120           0.476    12.359
   checkpointing                        67.680      6          11.280    14.643
    writeCheckpoint                     67.668      6          11.278    14.640
     restrictAll                        21.674      6           3.612     4.689
  Grid_updateRefinement                 81.443     60           1.357    17.620
   eos                                   0.073      1           0.073     0.016
   tree                                 81.370     60           1.356    17.605
    markRefineDerefine                  21.314     30           0.710     4.611
     guardcell internal                 18.772     30           0.626     4.061
      amr_guardcell                     17.447     30           0.582     3.775
      eos gc                             0.001     30           0.000     0.000
    amr_refine_derefine                 58.930     30           1.964    12.750
    updateData                           0.000     30           0.000     0.000
   updateParticleRefinement              0.000      1           0.000     0.000
  Driver_computeDt                       1.105     60           0.018     0.239
 ==============================================================================
 [ 03-05-2025  13:03:06.889 ] [Timers_getSummary]: Not writing timer max/min/avg values because not all processors had same timers
 [ 03-05-2025  13:03:06.973 ] LOGFILE_END: FLASH run complete.
 FLASH log file:  03-05-2025  13:03:16.840    Run number:  1
 ==============================================================================
 Number of MPI tasks:                896
 MPI version:                          3
 MPI subversion:                       1
 Dimensionality:                       3
 Max Number of Blocks/Proc:          200
 Number x zones:                      32
 Number y zones:                      32
 Number z zones:                      32
 Setup stamp:     Fri Nov 1 14:03:57 2024
 Build stamp:     Fri Nov 1 14:04:23 2024
 System info:     Linux corona211 4.18.0-553.22.1.1toss.t4.x86_64 #1 SMP Tue Sep 24 16:50:00 PDT 2
 Version:         Flash-X 1.0 (heads/main-0-g6040ba49-dirty)                                      
 Build directory: /usr/workspace/ather1/Flash-X/sedov
 Setup syntax:    /usr/workspace/ather1/Flash-X/bin/setup.py Sedov -auto -3d -nxb=32 -nyb=32 -nzb=32 +parallelio -objdir=/usr/workspace/ather1/Flash-X/sedov
 f compiler flags: mpif90 -ggdb -c -O2 -fdefault-real-8 -fdefault-double-8 -Wuninitialized -fallow-argument-mismatch -fallow-argument-mismatch -DMAXBLOCKS=200 -DNXB=32 -DNYB=32 -DNZB=32 -DN_DIM=3
 c compiler flags:    mpicc -I/p/lustre2/ather1/hdf5-1.14.4-3/install/include -DH5_USE_18_API -ggdb -c -O2 -Wuninitialized -D_FORTIFY_SOURCE=2 -DMAXBLOCKS=200 -DNXB=32 -DNYB=32 -DNZB=32 -DN_DIM=3
 ==============================================================================
 Comment:  Sedov explosion
 ==============================================================================
 FLASH Units used:
   Driver/DriverMain/Unsplit
   Grid/GridBoundaryConditions
   Grid/GridMain/AMR/Paramesh4/PM4_package/flash_avoid_orrery
   Grid/GridMain/AMR/Paramesh4/PM4_package/headers
   Grid/GridMain/AMR/Paramesh4/PM4_package/source
   Grid/GridMain/AMR/Paramesh4/PM4_package/utilities/multigrid
   Grid/GridMain/AMR/Paramesh4/interpolation/prolong
   Grid/GridMain/AMR/Paramesh4/levelFlux
   Grid/localAPI
   IO/IOMain/hdf5/parallel/PM
   IO/localAPI
   PhysicalConstants/PhysicalConstantsMain
   RuntimeParameters/RuntimeParametersMain
   Simulation/SimulationMain/Sedov
   TimeAdvance/TimeAdvanceMain/StrangSplit
   flashUtilities/contiguousConversion
   flashUtilities/general
   flashUtilities/interpolation/oneDim
   flashUtilities/nameValueLL
   flashUtilities/sorting/quicksort
   flashUtilities/system/memoryUsage/legacy
   monitors/Logfile/LogfileMain
   monitors/Timers/TimersMain/MPINative
   physics/Eos/EosMain/Gamma
   physics/Hydro/HydroMain/unsplit/OnlyHydro
   physics/Hydro/HydroMain/unsplit/levelFlux
   physics/Hydro/localAPI
 ==============================================================================
 RuntimeParameters:
                                                                               
 ==============================================================================
bndpriorityone              =          1
bndprioritythree            =          3
bndprioritytwo              =          2
checkpointfileintervalstep  =         10 [CHANGED]
checkpointfilenumber        =          0
dr_abortpause               =          2
dr_dtminbelowaction         =          1
drift_break_inst            =          0
drift_trunc_mantissa        =          2
drift_verbose_inst          =          0
eos_entrelescalechoice      =          6
eos_loglevel                =        700
fileformatversion           =          9
forcedplotfilenumber        =          0
gr_lrefmaxtimevalue_1       =         -1
gr_lrefmaxtimevalue_10      =         -1
gr_lrefmaxtimevalue_11      =         -1
gr_lrefmaxtimevalue_12      =         -1
gr_lrefmaxtimevalue_13      =         -1
gr_lrefmaxtimevalue_14      =         -1
gr_lrefmaxtimevalue_15      =         -1
gr_lrefmaxtimevalue_16      =         -1
gr_lrefmaxtimevalue_17      =         -1
gr_lrefmaxtimevalue_18      =         -1
gr_lrefmaxtimevalue_19      =         -1
gr_lrefmaxtimevalue_2       =         -1
gr_lrefmaxtimevalue_20      =         -1
gr_lrefmaxtimevalue_3       =         -1
gr_lrefmaxtimevalue_4       =         -1
gr_lrefmaxtimevalue_5       =         -1
gr_lrefmaxtimevalue_6       =         -1
gr_lrefmaxtimevalue_7       =         -1
gr_lrefmaxtimevalue_8       =         -1
gr_lrefmaxtimevalue_9       =         -1
gr_pmrpdivergencefree       =         -1
gr_pmrpifaceoff             =          0
gr_pmrpl2p5d                =          0
gr_pmrpmaxblocks            =         -1
gr_pmrpmflags               =          1
gr_pmrpnboundaries          =          6
gr_pmrpndim                 =          3
gr_pmrpnedgevar1            =         -1
gr_pmrpnfacevar             =         -1
gr_pmrpnfielddivf           =         -1
gr_pmrpnfluxvar             =         -1
gr_pmrpnguard               =         -1
gr_pmrpnguardwork           =         -1
gr_pmrpnvar                 =         -1
gr_pmrpnvarwork             =          1
gr_pmrpnvarcorn             =          0
gr_pmrpnvaredge             =          0
gr_pmrpnxb                  =         -1
gr_pmrpnyb                  =         -1
gr_pmrpnzb                  =         -1
gr_restrictallmethod        =          3
gr_sanitizedatamode         =          1
gr_sanitizeverbosity        =          5
gr_tilesizex                =         32
gr_tilesizey                =         32
gr_tilesizez                =         32
hy_3torder                  =         -1
hydrocomputedtoption        =         -1
iprocs                      =          1
interpol_order              =          2
irenorm                     =          0
jprocs                      =          1
kprocs                      =          1
lrefine_del                 =          0
lrefine_max                 =          6 [CHANGED]
lrefine_min                 =          1
lrefine_min_init            =          1
max_particles_per_blk       =        100
memory_stat_freq            =     100000
meshcopycount               =          1
min_particles_per_blk       =          1
nbegin                      =          1
nblockx                     =         16 [CHANGED]
nblocky                     =         16 [CHANGED]
nblockz                     =         16 [CHANGED]
nend                        =         60 [CHANGED]
nrefs                       =          2
nsteptotalsts               =          5
order                       =          3 [CHANGED]
outputsplitnum              =          1
plotfileintervalstep        =          0
plotfilenumber              =          0
refine_var_count            =          4
rolling_checkpoint          =      10000
sim_centerrefinelevel       =          1
sim_integralslevel          =         -1
sim_nsubzones               =          7
sweeporder                  =        123
transorder                  =          1
wr_integrals_freq           =          1
limitedslopebeta            =                 0.100E+01
cfl                         =                 0.800E+00
checkpointfileintervaltime  =                 0.000E+00 [CHANGED]
checkpointfileintervalz     =                 0.180+309
cvisc                       =                 0.100E+00
derefine_cutoff_1           =                 0.200E+00
derefine_cutoff_2           =                 0.200E+00
derefine_cutoff_3           =                 0.200E+00
derefine_cutoff_4           =                 0.200E+00
dr_dtmincontinue            =                 0.000E+00
dr_tstepslowstartfactor     =                 0.100E+00
dtinit                      =                 0.100E-09
dtmax                       =                 0.100E+06
dtmin                       =                 0.100E-09
eintswitch                  =                 0.100E-03 [CHANGED]
eos_singlespeciesa          =                 0.100E+01
eos_singlespeciesz          =                 0.100E+01
gamma                       =                 0.140E+01 [CHANGED]
gr_btworkchildscaling       =                 0.100E+01
gr_btworkdefaultleaf        =                 0.200E+01
gr_btworkdefaultpar         =                 0.100E+01
gr_btworklbleaf             =                 0.000E+00
gr_btworklbpar              =                 0.000E+00
gr_btworkubleaf             =                 0.100E+07
gr_btworkubpar              =                 0.100E+07
gr_lrefinemaxredlogbase     =                 0.100E+02
gr_lrefinemaxredradiusfact  =                 0.000E+00
gr_lrefinemaxredtref        =                 0.000E+00
gr_lrefinemaxredtimescale   =                 0.100E+01
gr_lrefmaxtime_1            =                -0.100E+01
gr_lrefmaxtime_10           =                -0.100E+01
gr_lrefmaxtime_11           =                -0.100E+01
gr_lrefmaxtime_12           =                -0.100E+01
gr_lrefmaxtime_13           =                -0.100E+01
gr_lrefmaxtime_14           =                -0.100E+01
gr_lrefmaxtime_15           =                -0.100E+01
gr_lrefmaxtime_16           =                -0.100E+01
gr_lrefmaxtime_17           =                -0.100E+01
gr_lrefmaxtime_18           =                -0.100E+01
gr_lrefmaxtime_19           =                -0.100E+01
gr_lrefmaxtime_2            =                -0.100E+01
gr_lrefmaxtime_20           =                -0.100E+01
gr_lrefmaxtime_3            =                -0.100E+01
gr_lrefmaxtime_4            =                -0.100E+01
gr_lrefmaxtime_5            =                -0.100E+01
gr_lrefmaxtime_6            =                -0.100E+01
gr_lrefmaxtime_7            =                -0.100E+01
gr_lrefmaxtime_8            =                -0.100E+01
gr_lrefmaxtime_9            =                -0.100E+01
hy_cflfallbackfactor        =                 0.900E+00
hy_fpresinmomflux           =                 0.100E+01
hybridorderkappa            =                 0.000E+00
nusts                       =                 0.200E+00 [CHANGED]
plotfileintervaltime        =                 0.000E+00 [CHANGED]
plotfileintervalz           =                 0.180+309
radiusgp                    =                 0.200E+01
refine_cutoff_1             =                 0.800E+00
refine_cutoff_2             =                 0.800E+00
refine_cutoff_3             =                 0.800E+00
refine_cutoff_4             =                 0.800E+00
refine_filter_1             =                 0.100E-01
refine_filter_2             =                 0.100E-01
refine_filter_3             =                 0.100E-01
refine_filter_4             =                 0.100E-01
rss_limit                   =                -0.100E+01
sigmagp                     =                 0.300E+01
sim_derefineradius          =                 0.000E+00
sim_earliestlstime          =                 0.000E+00
sim_expenergy               =                 0.100E+01
sim_largestnormradius       =                 0.180+309
sim_latestlstime            =                 0.180+309
sim_minrhoinit              =                 0.100E-19
sim_pambient                =                 0.100E-04
sim_rinit                   =                 0.137E-01 [CHANGED]
sim_rhoambient              =                 0.100E+01
sim_smallestnormradius      =                 0.000E+00
sim_xctr                    =                 0.500E+00
sim_yctr                    =                 0.500E+00
sim_zctr                    =                 0.500E+00
small                       =                 0.100E-09
smalle                      =                 0.100E-09
smallp                      =                 0.100E-09
smallt                      =                 0.100E-09
smallu                      =                 0.100E-09
smallx                      =                 0.100E-09
smlrho                      =                 0.100E-09
tinitial                    =                 0.000E+00
tiny                        =                 0.100E-15
tmax                        =                 0.500E+06 [CHANGED]
tstep_change_factor         =                 0.200E+01
wall_clock_checkpoint       =                 0.432E+05
wall_clock_time_limit       =                 0.605E+06
x_refine_center             =                 0.000E+00
xmax                        =                 0.100E+01
xmin                        =                 0.000E+00
y_refine_center             =                 0.000E+00
ymax                        =                 0.100E+01
ymin                        =                 0.000E+00
zfinal                      =                 0.000E+00
zinitial                    =                -0.100E+01
z_refine_center             =                 0.000E+00
zmax                        =                 0.100E+01
zmin                        =                 0.000E+00
riemannsolver               = Roe                            [CHANGED]
unitsystem                  = none                          
basenm                      = sedov_                         [CHANGED]
entropyfixmethod            = HARTENHYMAN                   
eosmode                     = dens_ie                       
eosmodeinit                 = dens_ie                       
geometry                    = cartesian                     
gr_pmrpoutputdir            = ./                            
grav_boundary_type          = isolated                      
hy_eosmodegc                = see eosMode                   
log_file                    = sedov.log                      [CHANGED]
output_directory            =                               
pc_unitsbase                = CGS                           
plot_grid_var_1             = none                          
plot_grid_var_10            = none                          
plot_grid_var_11            = none                          
plot_grid_var_12            = none                          
plot_grid_var_13            = none                          
plot_grid_var_14            = none                          
plot_grid_var_15            = none                          
plot_grid_var_16            = none                          
plot_grid_var_17            = none                          
plot_grid_var_18            = none                          
plot_grid_var_19            = none                          
plot_grid_var_2             = none                          
plot_grid_var_20            = none                          
plot_grid_var_21            = none                          
plot_grid_var_22            = none                          
plot_grid_var_23            = none                          
plot_grid_var_24            = none                          
plot_grid_var_25            = none                          
plot_grid_var_26            = none                          
plot_grid_var_27            = none                          
plot_grid_var_28            = none                          
plot_grid_var_29            = none                          
plot_grid_var_3             = none                          
plot_grid_var_30            = none                          
plot_grid_var_31            = none                          
plot_grid_var_32            = none                          
plot_grid_var_33            = none                          
plot_grid_var_34            = none                          
plot_grid_var_35            = none                          
plot_grid_var_36            = none                          
plot_grid_var_37            = none                          
plot_grid_var_38            = none                          
plot_grid_var_39            = none                          
plot_grid_var_4             = none                          
plot_grid_var_40            = none                          
plot_grid_var_41            = none                          
plot_grid_var_42            = none                          
plot_grid_var_43            = none                          
plot_grid_var_44            = none                          
plot_grid_var_45            = none                          
plot_grid_var_46            = none                          
plot_grid_var_47            = none                          
plot_grid_var_48            = none                          
plot_grid_var_49            = none                          
plot_grid_var_5             = none                          
plot_grid_var_50            = none                          
plot_grid_var_51            = none                          
plot_grid_var_52            = none                          
plot_grid_var_53            = none                          
plot_grid_var_54            = none                          
plot_grid_var_55            = none                          
plot_grid_var_56            = none                          
plot_grid_var_57            = none                          
plot_grid_var_58            = none                          
plot_grid_var_59            = none                          
plot_grid_var_6             = none                          
plot_grid_var_60            = none                          
plot_grid_var_61            = none                          
plot_grid_var_62            = none                          
plot_grid_var_63            = none                          
plot_grid_var_64            = none                          
plot_grid_var_65            = none                          
plot_grid_var_66            = none                          
plot_grid_var_67            = none                          
plot_grid_var_68            = none                          
plot_grid_var_69            = none                          
plot_grid_var_7             = none                          
plot_grid_var_70            = none                          
plot_grid_var_71            = none                          
plot_grid_var_72            = none                          
plot_grid_var_73            = none                          
plot_grid_var_74            = none                          
plot_grid_var_75            = none                          
plot_grid_var_76            = none                          
plot_grid_var_77            = none                          
plot_grid_var_78            = none                          
plot_grid_var_8             = none                          
plot_grid_var_9             = none                          
plot_var_1                  = dens                           [CHANGED]
plot_var_10                 = none                          
plot_var_11                 = none                          
plot_var_12                 = none                          
plot_var_13                 = none                          
plot_var_14                 = none                          
plot_var_15                 = none                          
plot_var_16                 = none                          
plot_var_17                 = none                          
plot_var_18                 = none                          
plot_var_2                  = pres                           [CHANGED]
plot_var_3                  = temp                           [CHANGED]
plot_var_4                  = none                          
plot_var_5                  = none                          
plot_var_6                  = none                          
plot_var_7                  = none                          
plot_var_8                  = none                          
plot_var_9                  = none                          
prof_file                   = profile.dat                   
refine_var_1                = dens                           [CHANGED]
refine_var_2                = pres                           [CHANGED]
refine_var_3                = none                          
refine_var_4                = none                          
run_comment                 = Sedov explosion                [CHANGED]
run_number                  = 1                             
sim_proffilename            = /dev/null                      [CHANGED]
slopelimiter                = mc                             [CHANGED]
stats_file                  = flashx.dat                    
wenomethod                  = WENO5                         
xl_boundary_type            = outflow                        [CHANGED]
xr_boundary_type            = outflow                        [CHANGED]
yl_boundary_type            = outflow                        [CHANGED]
yr_boundary_type            = outflow                        [CHANGED]
zl_boundary_type            = outflow                        [CHANGED]
zr_boundary_type            = outflow                        [CHANGED]
csvsummaryallprocs          =  F
eosforriemann               =  F
logsummaryallprocs          =  F
addthermalflux              =  T
allowdtstsdominate          =  F
alwayscomputeuservars       =  T
alwaysrestrictcheckpoint    =  T
charlimiting                =  T
chkguardcellsinput          =  F
chkguardcellsoutput         =  F
conserveangmom              =  F
converttoconsvdformeshcalls =  F
converttoconsvdinmeshinterp =  T
corners                     =  F
dr_printtsteploc            =  T
dr_shortenlaststepbeforetmax =  F
drift_tuples                =  F
eachprocwritesownabortlog   =  F
eachprocwritessummary       =  F
earlyblockdistadjustment    =  T
enablemaskedgcfill          =  F
entropy                     =  F
flux_correct                =  T
flux_correct_perlevel       =  F
geometryoverride            =  F
gr_bcenableapplymixedgds    =  T
gr_bndgcfillneedsprimitivevars =  T
gr_btcustomwork             =  F
gr_btexchangework           =  F
gr_btsortbywork             =  T
gr_enabletiling             =  F
gr_lrefinemaxbytime         =  F
gr_lrefinemaxreddobylogr    =  F
gr_lrefinemaxreddobytime    =  F
gr_pmrpadvancealllevels     =  F
gr_pmrpamrerrorchecking     =  F
gr_pmrpcartesianpm          =  F
gr_pmrpconserve             =  F
gr_pmrpconsvfluxdensities   =  T
gr_pmrpconsvfluxes          =  F
gr_pmrpcurvilinear          =  F
gr_pmrpcurvilinearconserve  =  F
gr_pmrpcylindricalpm        =  F
gr_pmrpdiagonals            =  T
gr_pmrpedgevalue            =  T
gr_pmrpedgevalueinteg       =  F
gr_pmrpemptycells           =  F
gr_pmrpforceconsistency     =  T
gr_pmrplsingularline        =  F
gr_pmrpnopermanentguardcells =  F
gr_pmrppolarpm              =  F
gr_pmrppredcorr             =  F
gr_pmrpsphericalpm          =  F
gr_pmrptimingmpi            =  F
gr_pmrptimingmpix           =  F
gr_pmrpvardt                =  F
gr_usetiling                =  F
hy_fallbacklowercfl         =  F
hy_fullspecmsfluxhandling   =  T
hy_usetiling                =  F
ignoreforcedplot            =  F
io_writemscalarintegrals    =  F
plotfilegridquantitydp      =  F
plotfilemetadatadp          =  F
reducegcellfills            =  F
refine_on_particle_count    =  F
restart                     =  F
shockdetect                 =  F
shocklowercfl               =  F
sim_bcsetbdryvar            =  F
sim_forcecenterderefine     =  F
sim_onelevelintegralsonly   =  F
summaryoutputonly           =  F
threadblocklistbuild        =  F
threaddelepblocklist        =  F
threaddelepwithinblock      =  F
threaddriverblocklist       =  F
threaddriverwithinblock     =  F
threadeoswithinblock        =  F
threadhydroblocklist        =  F
threadhydrowithinblock      =  F
threadraytracebuild         =  F
threadwithinblockbuild      =  F
tmr_suppressinparallel      =  F
typematchedxfer             =  T
unbiased_geometry           =  F
updatehydrofluxes           =  T
useburn                     =  F
usecollectivehdf5           =  T
usedeleptonize              =  F
usegravity                  =  F
useheatad                   =  F
useheater                   =  F
usehydro                    =  T
useimbound                  =  F
useincompns                 =  F
useinlet                    =  F
uselegacylabels             =  T
usemultiphase               =  F
useorchestration            =  F
useoutlet                   =  F
useparticles                =  F
useradtrans                 =  F
usests                      =  F
usestsfordiffusion          =  F
usesolidmechanics           =  F
use_3dfullctu               =  T
use_auxeinteqn              =  T
use_avisc                   =  T [CHANGED]
use_cma_advection           =  F
use_cma_flattening          =  F
use_flash_surr_blks_fill    =  T
use_flattening              =  F
use_gravhalfupdate          =  T
use_hybridorder             =  F
use_reduced_orrery          =  T
use_steepening              =  F
use_upwindtvd               =  F
writestatsummary            =  T
                                                                               
 ==============================================================================
                                                                               
 Known units of measurement:
                                                                               
              Unit                          CGS Value                Base Unit
  1                  cm                     1.0000                           cm
  2                   s                     1.0000                            s
  3                   g                     1.0000                            g
  4                   K                     1.0000                            K
  5                 esu                     1.0000                          esu
  6                 mol                     1.0000                          mol
  7                   m                     100.00                           cm
  8                  km                    1.00000E+05                       cm
  9                  pc                    3.08568E+18                       cm
 10                 kpc                    3.08568E+21                       cm
 11                 Mpc                    3.08568E+24                       cm
 12                 Gpc                    3.08568E+27                       cm
 13                Rsun                    6.96000E+10                       cm
 14                  AU                    1.49598E+13                       cm
 15                  yr                    3.15569E+07                        s
 16                 Myr                    3.15569E+13                        s
 17                 Gyr                    3.15569E+16                        s
 18                  kg                     1000.0                            g
 19                Msun                    1.98892E+33                        g
 20                 amu                    1.66054E-24                        g
 21                  eV                     11605.                            K
 22                   C                    2.99792E+09                      esu
 23                LFLY                    3.08568E+24                       cm
 24                TFLY                    2.05759E+17                        s
 25                MFLY                    9.88470E+45                        g
 26            clLength                    3.08568E+24                       cm
 27              clTime                    3.15569E+16                        s
 28              clMass                    1.98892E+48                        g
 29              clTemp                    1.16045E+07                        K
-----------End of Units--------------------
                                                                               
 Known physical constants:
                                                                               
    Constant Name       Constant Value   cm       s        g        K        esu      mol
  1              Newton    6.67408E-08   3.0     -2.0     -1.0      0.0      0.0      0.0    
  2      speed of light    2.99792E+10   1.0     -1.0      0.0      0.0      0.0      0.0    
  3              Planck    6.62607E-27   2.0     -1.0      1.0      0.0      0.0      0.0    
  4     electron charge    4.80320E-10   0.0      0.0      0.0      0.0      1.0      0.0    
  5       electron mass    9.10938E-28   0.0      0.0      1.0      0.0      0.0      0.0    
  6         proton mass    1.67262E-24   0.0      0.0      1.0      0.0      0.0      0.0    
  7      fine-structure    7.29735E-03   0.0      0.0      0.0      0.0      0.0      0.0    
  8            Avogadro    6.02214E+23   0.0      0.0      0.0      0.0      0.0     -1.0    
  9           Boltzmann    1.38065E-16   2.0     -2.0      1.0     -1.0      0.0      0.0    
 10  ideal gas constant    8.31446E+07   2.0     -2.0      1.0     -1.0      0.0     -1.0    
 11                Wien    0.28978       1.0      0.0      0.0      1.0      0.0      0.0    
 12    Stefan-Boltzmann    5.67037E-05   0.0     -3.0      1.0     -4.0      0.0      0.0    
 13  Radiation Constant    7.56572E-15  -1.0     -2.0      1.0     -4.0      0.0      0.0    
 14                  pi     3.1416       0.0      0.0      0.0      0.0      0.0      0.0    
 15                   e     2.7183       0.0      0.0      0.0      0.0      0.0      0.0    
 16               Euler    0.57722       0.0      0.0      0.0      0.0      0.0      0.0    
 ==============================================================================
                                                                               
 Multifluid database: not configured in
                                                                               
 ==============================================================================
 [ 03-05-2025  13:03:16.847 ] [gr_initGeometry] checking BCs for idir: 1
 [ 03-05-2025  13:03:16.850 ] [gr_initGeometry] checking BCs for idir: 2
 [ 03-05-2025  13:03:16.852 ] [gr_initGeometry] checking BCs for idir: 3
 [ 03-05-2025  13:03:18.619 ] [GRID amr_refine_derefine]: initiating refinement
 [ 03-05-2025  13:03:18.622 ] [GRID amr_refine_derefine]: redist. phase.  tot blks requested: 4096
 [GRID amr_refine_derefine] min blks 4    max blks 5    tot blks 4096
 [GRID amr_refine_derefine] min leaf blks 4    max leaf blks 5    tot leaf blks 4096
 [ 03-05-2025  13:03:18.794 ] [GRID amr_refine_derefine]: refinement complete
 [ 03-05-2025  13:03:18.893 ] [GRID gr_expandDomain]: iteration=1, create level=2
 INFO: Grid_fillGuardCells is ignoring masking.
 [ 03-05-2025  13:03:24.038 ] [mpi_amr_comm_setup]: buffer_dim_send=3349693, buffer_dim_recv=2207173
 [ 03-05-2025  13:03:25.839 ] [GRID amr_refine_derefine]: initiating refinement
 [ 03-05-2025  13:03:25.852 ] [GRID amr_refine_derefine]: redist. phase.  tot blks requested: 4160
 [GRID amr_refine_derefine] min blks 4    max blks 5    tot blks 4160
 [GRID amr_refine_derefine] min leaf blks 4    max leaf blks 5    tot leaf blks 4152
 [ 03-05-2025  13:03:25.978 ] [GRID amr_refine_derefine]: refinement complete
 [ 03-05-2025  13:03:25.986 ] [GRID gr_expandDomain]: iteration=2, create level=3
 [ 03-05-2025  13:03:31.886 ] [GRID amr_refine_derefine]: initiating refinement
 [ 03-05-2025  13:03:31.900 ] [GRID amr_refine_derefine]: redist. phase.  tot blks requested: 4224
 [GRID amr_refine_derefine] min blks 4    max blks 6    tot blks 4224
 [GRID amr_refine_derefine] min leaf blks 3    max leaf blks 5    tot leaf blks 4208
 [ 03-05-2025  13:03:32.019 ] [GRID amr_refine_derefine]: refinement complete
 [ 03-05-2025  13:03:32.027 ] [GRID gr_expandDomain]: iteration=3, create level=4
 [ 03-05-2025  13:03:37.208 ] [mpi_amr_comm_setup]: buffer_dim_send=3423553, buffer_dim_recv=2207173
 [ 03-05-2025  13:03:38.013 ] [GRID amr_refine_derefine]: initiating refinement
 [ 03-05-2025  13:03:38.020 ] [GRID amr_refine_derefine]: redist. phase.  tot blks requested: 4288
 [GRID amr_refine_derefine] min blks 4    max blks 6    tot blks 4288
 [GRID amr_refine_derefine] min leaf blks 3    max leaf blks 5    tot leaf blks 4264
 [ 03-05-2025  13:03:38.141 ] [GRID amr_refine_derefine]: refinement complete
 [ 03-05-2025  13:03:38.148 ] [GRID gr_expandDomain]: iteration=4, create level=5
 [ 03-05-2025  13:03:43.510 ] [mpi_amr_comm_setup]: buffer_dim_send=3422269, buffer_dim_recv=2207173
 [ 03-05-2025  13:03:44.392 ] [GRID amr_refine_derefine]: initiating refinement
 [ 03-05-2025  13:03:44.404 ] [GRID amr_refine_derefine]: redist. phase.  tot blks requested: 6144
 [GRID amr_refine_derefine] min blks 6    max blks 9    tot blks 6144
 [GRID amr_refine_derefine] min leaf blks 5    max leaf blks 7    tot leaf blks 5888
 [ 03-05-2025  13:03:44.550 ] [GRID amr_refine_derefine]: refinement complete
 [ 03-05-2025  13:03:44.561 ] [GRID gr_expandDomain]: iteration=5, create level=6
 [ 03-05-2025  13:03:52.146 ] [mpi_amr_comm_setup]: buffer_dim_send=2974177, buffer_dim_recv=2540365
 [ 03-05-2025  13:03:53.290 ] [GRID amr_refine_derefine]: initiating refinement
 [ 03-05-2025  13:03:53.301 ] [GRID amr_refine_derefine]: redist. phase.  tot blks requested: 9152
 [GRID amr_refine_derefine] min blks 9    max blks 12    tot blks 9152
 [GRID amr_refine_derefine] min leaf blks 7    max leaf blks 10    tot leaf blks 8520
 [ 03-05-2025  13:03:53.511 ] [GRID amr_refine_derefine]: refinement complete
 [ 03-05-2025  13:03:53.522 ] [GRID gr_expandDomain]: iteration=6, create level=6
 [ 03-05-2025  13:04:04.406 ] [mpi_amr_comm_setup]: buffer_dim_send=4843741, buffer_dim_recv=2669029
 [ 03-05-2025  13:04:05.909 ] [GRID gr_expandDomain]: iteration=7, create level=6
 [ 03-05-2025  13:04:18.297 ] [GRID gr_expandDomain]: iteration=8, create level=6
 [ 03-05-2025  13:04:30.122 ] memory: /proc vsize    (MB):     4596.92 (min)       4799.05 (max)       4731.20 (avg)
 [ 03-05-2025  13:04:30.124 ] memory: /proc rss      (MB):     1840.93 (min)       1930.77 (max)       1894.80 (avg)
 [ 03-05-2025  13:04:30.127 ] memory: /proc vsize    (MB):     4596.92 (min)       4799.05 (max)       4731.20 (avg)
 [ 03-05-2025  13:04:30.131 ] memory: /proc rss      (MB):     1840.93 (min)       1930.77 (max)       1894.80 (avg)
 [ 03-05-2025  13:04:30.148 ] memory: /proc vsize    (MB):     4596.92 (min)       4799.05 (max)       4731.20 (avg)
 [ 03-05-2025  13:04:30.151 ] memory: /proc rss      (MB):     1840.93 (min)       1930.77 (max)       1894.80 (avg)
 [ 03-05-2025  13:04:33.679 ] [IO_writeCheckpoint] open: type=checkpoint name=sedov_hdf5_chk_0000
 [ 03-05-2025  13:04:41.158 ] [io_writeData]: wrote    9152          blocks
 [ 03-05-2025  13:04:41.174 ] [IO_writeCheckpoint] close: type=checkpoint name=sedov_hdf5_chk_0000
 [ 03-05-2025  13:04:41.241 ] [IO_writePlotfile] open: type=plotfile name=sedov_hdf5_plt_cnt_0000
 [ 03-05-2025  13:04:42.007 ] [io_writeData]: wrote    9152          blocks
 [ 03-05-2025  13:04:42.020 ] [IO_writePlotfile] close: type=plotfile name=sedov_hdf5_plt_cnt_0000
 [ 03-05-2025  13:04:42.024 ] memory: /proc vsize    (MB):     4616.34 (min)       5010.90 (max)       4740.62 (avg)
 [ 03-05-2025  13:04:42.028 ] memory: /proc rss      (MB):     1847.28 (min)       1937.75 (max)       1903.12 (avg)
 [ 03-05-2025  13:04:42.032 ] [Driver_evolveAll]: Entering evolution loop
 [ 03-05-2025  13:04:42.035 ] step: n=1 t=0.000000E+00 dt=1.000000E-10
 [ 03-05-2025  13:04:45.727 ] step: n=2 t=1.000000E-10 dt=2.000000E-10
 [ 03-05-2025  13:04:51.974 ] step: n=3 t=3.000000E-10 dt=4.000000E-10
 [ 03-05-2025  13:04:55.656 ] step: n=4 t=7.000000E-10 dt=8.000000E-10
 [ 03-05-2025  13:05:01.907 ] step: n=5 t=1.500000E-09 dt=1.600000E-09
 [ 03-05-2025  13:05:05.599 ] step: n=6 t=3.100000E-09 dt=3.200000E-09
 [ 03-05-2025  13:05:11.885 ] step: n=7 t=6.300000E-09 dt=6.400000E-09
 [ 03-05-2025  13:05:15.572 ] step: n=8 t=1.270000E-08 dt=1.280000E-08
 [ 03-05-2025  13:05:21.863 ] step: n=9 t=2.550000E-08 dt=2.560000E-08
 [ 03-05-2025  13:05:25.654 ] step: n=10 t=5.110000E-08 dt=5.120000E-08
 [ 03-05-2025  13:05:35.647 ] [IO_writeCheckpoint] open: type=checkpoint name=sedov_hdf5_chk_0001
 [ 03-05-2025  13:05:43.145 ] [io_writeData]: wrote    9152          blocks
 [ 03-05-2025  13:05:43.153 ] [IO_writeCheckpoint] close: type=checkpoint name=sedov_hdf5_chk_0001
 [ 03-05-2025  13:05:43.157 ] step: n=11 t=1.023000E-07 dt=1.024000E-07
 [ 03-05-2025  13:05:46.855 ] step: n=12 t=2.047000E-07 dt=2.011896E-07
 [ 03-05-2025  13:05:53.138 ] step: n=13 t=4.058896E-07 dt=1.856898E-07
 [ 03-05-2025  13:05:56.819 ] step: n=14 t=5.915794E-07 dt=1.729914E-07
 [ 03-05-2025  13:06:03.132 ] step: n=15 t=7.645708E-07 dt=1.642472E-07
 [ 03-05-2025  13:06:06.841 ] step: n=16 t=9.288179E-07 dt=1.580871E-07
 [ 03-05-2025  13:06:13.135 ] step: n=17 t=1.086905E-06 dt=1.534569E-07
 [ 03-05-2025  13:06:16.841 ] step: n=18 t=1.240362E-06 dt=1.499651E-07
 [ 03-05-2025  13:06:23.125 ] step: n=19 t=1.390327E-06 dt=1.474127E-07
 [ 03-05-2025  13:06:26.829 ] step: n=20 t=1.537740E-06 dt=1.456205E-07
 [ 03-05-2025  13:06:36.702 ] [IO_writeCheckpoint] open: type=checkpoint name=sedov_hdf5_chk_0002
 [ 03-05-2025  13:06:43.995 ] [io_writeData]: wrote    9152          blocks
 [ 03-05-2025  13:06:44.002 ] [IO_writeCheckpoint] close: type=checkpoint name=sedov_hdf5_chk_0002
 [ 03-05-2025  13:06:44.007 ] step: n=21 t=1.683360E-06 dt=1.444985E-07
 [ 03-05-2025  13:06:47.707 ] step: n=22 t=1.827859E-06 dt=1.441710E-07
 [ 03-05-2025  13:06:54.004 ] step: n=23 t=1.972030E-06 dt=1.441286E-07
 [ 03-05-2025  13:06:57.705 ] step: n=24 t=2.116158E-06 dt=1.441099E-07
 [ 03-05-2025  13:07:04.003 ] step: n=25 t=2.260268E-06 dt=1.441302E-07
 [ 03-05-2025  13:07:07.708 ] step: n=26 t=2.404398E-06 dt=1.442588E-07
 [ 03-05-2025  13:07:13.961 ] [GRID amr_refine_derefine]: initiating refinement
 [ 03-05-2025  13:07:13.973 ] [GRID amr_refine_derefine]: redist. phase.  tot blks requested: 9536
 [GRID amr_refine_derefine] min blks 10    max blks 13    tot blks 9536
 [GRID amr_refine_derefine] min leaf blks 8    max leaf blks 11    tot leaf blks 8856
 [ 03-05-2025  13:07:14.188 ] [GRID amr_refine_derefine]: refinement complete
 [ 03-05-2025  13:07:14.598 ] step: n=27 t=2.548657E-06 dt=1.444833E-07
 [ 03-05-2025  13:07:14.601 ] [mpi_amr_comm_setup]: buffer_dim_send=4300885, buffer_dim_recv=2669029
 [ 03-05-2025  13:07:18.431 ] step: n=28 t=2.693141E-06 dt=1.448057E-07
 [ 03-05-2025  13:07:25.029 ] step: n=29 t=2.837946E-06 dt=1.450172E-07
 [ 03-05-2025  13:07:28.867 ] step: n=30 t=2.982964E-06 dt=1.450055E-07
 [ 03-05-2025  13:07:39.042 ] [IO_writeCheckpoint] open: type=checkpoint name=sedov_hdf5_chk_0003
 [ 03-05-2025  13:07:46.866 ] [io_writeData]: wrote    9536          blocks
 [ 03-05-2025  13:07:46.875 ] [IO_writeCheckpoint] close: type=checkpoint name=sedov_hdf5_chk_0003
 [ 03-05-2025  13:07:46.877 ] step: n=31 t=3.127969E-06 dt=1.449474E-07
 [ 03-05-2025  13:07:50.714 ] step: n=32 t=3.272916E-06 dt=1.449259E-07
 [ 03-05-2025  13:07:57.210 ] step: n=33 t=3.417842E-06 dt=1.447113E-07
 [ 03-05-2025  13:08:01.048 ] step: n=34 t=3.562554E-06 dt=1.446418E-07
 [ 03-05-2025  13:08:07.637 ] step: n=35 t=3.707195E-06 dt=1.446455E-07
 [ 03-05-2025  13:08:11.464 ] step: n=36 t=3.851841E-06 dt=1.446573E-07
 [ 03-05-2025  13:08:17.960 ] step: n=37 t=3.996498E-06 dt=1.446767E-07
 [ 03-05-2025  13:08:21.792 ] step: n=38 t=4.141175E-06 dt=1.447318E-07
 [ 03-05-2025  13:08:28.391 ] step: n=39 t=4.285907E-06 dt=1.447598E-07
 [ 03-05-2025  13:08:32.227 ] step: n=40 t=4.430666E-06 dt=1.447127E-07
 [ 03-05-2025  13:08:42.487 ] [IO_writeCheckpoint] open: type=checkpoint name=sedov_hdf5_chk_0004
 [ 03-05-2025  13:08:50.017 ] [io_writeData]: wrote    9536          blocks
 [ 03-05-2025  13:08:50.027 ] [IO_writeCheckpoint] close: type=checkpoint name=sedov_hdf5_chk_0004
 [ 03-05-2025  13:08:50.030 ] step: n=41 t=4.575379E-06 dt=1.446812E-07
 [ 03-05-2025  13:08:53.865 ] step: n=42 t=4.720060E-06 dt=1.446456E-07
 [ 03-05-2025  13:09:00.402 ] step: n=43 t=4.864706E-06 dt=1.446294E-07
 [ 03-05-2025  13:09:04.238 ] step: n=44 t=5.009335E-06 dt=1.446250E-07
 [ 03-05-2025  13:09:10.860 ] step: n=45 t=5.153960E-06 dt=1.445216E-07
 [ 03-05-2025  13:09:14.694 ] step: n=46 t=5.298482E-06 dt=1.444823E-07
 [ 03-05-2025  13:09:21.247 ] step: n=47 t=5.442964E-06 dt=1.444551E-07
 [ 03-05-2025  13:09:25.083 ] step: n=48 t=5.587419E-06 dt=1.444288E-07
 [ 03-05-2025  13:09:31.591 ] step: n=49 t=5.731848E-06 dt=1.444159E-07
 [ 03-05-2025  13:09:35.424 ] step: n=50 t=5.876264E-06 dt=1.444089E-07
 [ 03-05-2025  13:09:45.622 ] [IO_writeCheckpoint] open: type=checkpoint name=sedov_hdf5_chk_0005
 [ 03-05-2025  13:09:53.301 ] [io_writeData]: wrote    9536          blocks
 [ 03-05-2025  13:09:53.312 ] [IO_writeCheckpoint] close: type=checkpoint name=sedov_hdf5_chk_0005
 [ 03-05-2025  13:09:53.316 ] step: n=51 t=6.020673E-06 dt=1.443103E-07
 [ 03-05-2025  13:09:57.151 ] step: n=52 t=6.164983E-06 dt=1.442630E-07
 [ 03-05-2025  13:10:03.690 ] step: n=53 t=6.309246E-06 dt=1.442278E-07
 [ 03-05-2025  13:10:07.519 ] step: n=54 t=6.453474E-06 dt=1.441955E-07
 [ 03-05-2025  13:10:14.044 ] step: n=55 t=6.597670E-06 dt=1.441758E-07
 [ 03-05-2025  13:10:17.877 ] step: n=56 t=6.741845E-06 dt=1.441499E-07
 [ 03-05-2025  13:10:24.474 ] step: n=57 t=6.885995E-06 dt=1.440523E-07
 [ 03-05-2025  13:10:28.301 ] step: n=58 t=7.030048E-06 dt=1.439965E-07
 [ 03-05-2025  13:10:34.811 ] step: n=59 t=7.174044E-06 dt=1.439601E-07
 [ 03-05-2025  13:10:38.639 ] step: n=60 t=7.318004E-06 dt=1.439284E-07
 [ 03-05-2025  13:10:48.893 ] [IO_writeCheckpoint] open: type=checkpoint name=sedov_hdf5_chk_0006
 [ 03-05-2025  13:10:56.543 ] [io_writeData]: wrote    9536          blocks
 [ 03-05-2025  13:10:56.553 ] [IO_writeCheckpoint] close: type=checkpoint name=sedov_hdf5_chk_0006
 [ 03-05-2025  13:10:56.558 ] [Driver_evolveAll]: Exiting evolution loop
 [ 03-05-2025  13:10:56.610 ] [IO_writePlotfile] open: type=plotfile name=sedov_forced_hdf5_plt_cnt_0000
 [ 03-05-2025  13:10:57.419 ] [io_writeData]: wrote    9536          blocks
 [ 03-05-2025  13:10:57.451 ] [IO_writePlotfile] close: type=plotfile name=sedov_forced_hdf5_plt_cnt_0000
 [ 03-05-2025  13:10:57.454 ] memory: /proc vsize    (MB):     4627.79 (min)       5035.90 (max)       4760.43 (avg)
 [ 03-05-2025  13:10:57.456 ] memory: /proc rss      (MB):     1961.27 (min)       2062.54 (max)       1999.46 (avg)
 ==============================================================================
 perf_summary: code performance summary for process            0
                      beginning : 03-05-2025  13:03:16
                         ending : 03-05-2025  13:10:57
   seconds in monitoring period :              460.617
      number of evolution steps :                   60
 ------------------------------------------------------------------------------
 accounting unit                       time sec  num calls   secs avg  time pct
 ------------------------------------------------------------------------------
 initialization                         85.190      1          85.190    18.495
  eos                                    0.204      8           0.026     0.044
  guardcell internal                     2.577      7           0.368     0.559
   amr_guardcell                         2.447      7           0.350     0.531
   eos gc                                0.000      7           0.000     0.000
  writeCheckpoint                       11.005      1          11.005     2.389
   restrictAll                           3.361      1           3.361     0.730
  writePlotfile                          0.843      1           0.843     0.183
 writePlotfile                           0.891      1           0.891     0.193
 evolution                             374.523      1         374.523    81.309
  Hydro                                167.594     60           2.793    36.385
   Head                                 37.229     60           0.620     8.082
    guardcell internal                  37.227     60           0.620     8.082
     amr_guardcell                      34.494     60           0.575     7.489
     eos gc                              0.002     60           0.000     0.000
   compute fluxes                      124.601     60           2.077    27.051
    hy_computeFluxes                   124.599    600           0.208    27.051
     RiemannState                      106.711    600           0.178    23.167
     getFaceFlux                        17.736    600           0.030     3.851
   conserveFluxes                        0.045     60           0.001     0.010
   update solution                       5.648     60           0.094     1.226
    update solution body                 5.647    600           0.009     1.226
     unsplitUpdate                       2.116    600           0.004     0.459
  sourceTerms                            0.000     60           0.000     0.000
  Particles_advance                      0.000     60           0.000     0.000
  Gravity potential                      0.000     60           0.000     0.000
  IO_output                            125.041    120           1.042    27.146
   diagnostics                          57.441    120           0.479    12.471
   checkpointing                        67.478      6          11.246    14.649
    writeCheckpoint                     67.465      6          11.244    14.647
     restrictAll                        21.525      6           3.587     4.673
  Grid_updateRefinement                 80.561     60           1.343    17.490
   eos                                   0.072      1           0.072     0.016
   tree                                 80.488     60           1.341    17.474
    markRefineDerefine                  21.492     30           0.716     4.666
     guardcell internal                 18.967     30           0.632     4.118
      amr_guardcell                     17.665     30           0.589     3.835
      eos gc                             0.001     30           0.000     0.000
    amr_refine_derefine                 57.861     30           1.929    12.562
    updateData                           0.000     30           0.000     0.000
   updateParticleRefinement              0.000      1           0.000     0.000
  Driver_computeDt                       1.102     60           0.018     0.239
 ==============================================================================
 [ 03-05-2025  13:10:57.496 ] [Timers_getSummary]: Not writing timer max/min/avg values because not all processors had same timers
 [ 03-05-2025  13:10:57.572 ] LOGFILE_END: FLASH run complete.
 FLASH log file:  03-05-2025  13:11:07.415    Run number:  1
 ==============================================================================
 Number of MPI tasks:                896
 MPI version:                          3
 MPI subversion:                       1
 Dimensionality:                       3
 Max Number of Blocks/Proc:          200
 Number x zones:                      32
 Number y zones:                      32
 Number z zones:                      32
 Setup stamp:     Fri Nov 1 14:03:57 2024
 Build stamp:     Fri Nov 1 14:04:23 2024
 System info:     Linux corona211 4.18.0-553.22.1.1toss.t4.x86_64 #1 SMP Tue Sep 24 16:50:00 PDT 2
 Version:         Flash-X 1.0 (heads/main-0-g6040ba49-dirty)                                      
 Build directory: /usr/workspace/ather1/Flash-X/sedov
 Setup syntax:    /usr/workspace/ather1/Flash-X/bin/setup.py Sedov -auto -3d -nxb=32 -nyb=32 -nzb=32 +parallelio -objdir=/usr/workspace/ather1/Flash-X/sedov
 f compiler flags: mpif90 -ggdb -c -O2 -fdefault-real-8 -fdefault-double-8 -Wuninitialized -fallow-argument-mismatch -fallow-argument-mismatch -DMAXBLOCKS=200 -DNXB=32 -DNYB=32 -DNZB=32 -DN_DIM=3
 c compiler flags:    mpicc -I/p/lustre2/ather1/hdf5-1.14.4-3/install/include -DH5_USE_18_API -ggdb -c -O2 -Wuninitialized -D_FORTIFY_SOURCE=2 -DMAXBLOCKS=200 -DNXB=32 -DNYB=32 -DNZB=32 -DN_DIM=3
 ==============================================================================
 Comment:  Sedov explosion
 ==============================================================================
 FLASH Units used:
   Driver/DriverMain/Unsplit
   Grid/GridBoundaryConditions
   Grid/GridMain/AMR/Paramesh4/PM4_package/flash_avoid_orrery
   Grid/GridMain/AMR/Paramesh4/PM4_package/headers
   Grid/GridMain/AMR/Paramesh4/PM4_package/source
   Grid/GridMain/AMR/Paramesh4/PM4_package/utilities/multigrid
   Grid/GridMain/AMR/Paramesh4/interpolation/prolong
   Grid/GridMain/AMR/Paramesh4/levelFlux
   Grid/localAPI
   IO/IOMain/hdf5/parallel/PM
   IO/localAPI
   PhysicalConstants/PhysicalConstantsMain
   RuntimeParameters/RuntimeParametersMain
   Simulation/SimulationMain/Sedov
   TimeAdvance/TimeAdvanceMain/StrangSplit
   flashUtilities/contiguousConversion
   flashUtilities/general
   flashUtilities/interpolation/oneDim
   flashUtilities/nameValueLL
   flashUtilities/sorting/quicksort
   flashUtilities/system/memoryUsage/legacy
   monitors/Logfile/LogfileMain
   monitors/Timers/TimersMain/MPINative
   physics/Eos/EosMain/Gamma
   physics/Hydro/HydroMain/unsplit/OnlyHydro
   physics/Hydro/HydroMain/unsplit/levelFlux
   physics/Hydro/localAPI
 ==============================================================================
 RuntimeParameters:
                                                                               
 ==============================================================================
bndpriorityone              =          1
bndprioritythree            =          3
bndprioritytwo              =          2
checkpointfileintervalstep  =         10 [CHANGED]
checkpointfilenumber        =          0
dr_abortpause               =          2
dr_dtminbelowaction         =          1
drift_break_inst            =          0
drift_trunc_mantissa        =          2
drift_verbose_inst          =          0
eos_entrelescalechoice      =          6
eos_loglevel                =        700
fileformatversion           =          9
forcedplotfilenumber        =          0
gr_lrefmaxtimevalue_1       =         -1
gr_lrefmaxtimevalue_10      =         -1
gr_lrefmaxtimevalue_11      =         -1
gr_lrefmaxtimevalue_12      =         -1
gr_lrefmaxtimevalue_13      =         -1
gr_lrefmaxtimevalue_14      =         -1
gr_lrefmaxtimevalue_15      =         -1
gr_lrefmaxtimevalue_16      =         -1
gr_lrefmaxtimevalue_17      =         -1
gr_lrefmaxtimevalue_18      =         -1
gr_lrefmaxtimevalue_19      =         -1
gr_lrefmaxtimevalue_2       =         -1
gr_lrefmaxtimevalue_20      =         -1
gr_lrefmaxtimevalue_3       =         -1
gr_lrefmaxtimevalue_4       =         -1
gr_lrefmaxtimevalue_5       =         -1
gr_lrefmaxtimevalue_6       =         -1
gr_lrefmaxtimevalue_7       =         -1
gr_lrefmaxtimevalue_8       =         -1
gr_lrefmaxtimevalue_9       =         -1
gr_pmrpdivergencefree       =         -1
gr_pmrpifaceoff             =          0
gr_pmrpl2p5d                =          0
gr_pmrpmaxblocks            =         -1
gr_pmrpmflags               =          1
gr_pmrpnboundaries          =          6
gr_pmrpndim                 =          3
gr_pmrpnedgevar1            =         -1
gr_pmrpnfacevar             =         -1
gr_pmrpnfielddivf           =         -1
gr_pmrpnfluxvar             =         -1
gr_pmrpnguard               =         -1
gr_pmrpnguardwork           =         -1
gr_pmrpnvar                 =         -1
gr_pmrpnvarwork             =          1
gr_pmrpnvarcorn             =          0
gr_pmrpnvaredge             =          0
gr_pmrpnxb                  =         -1
gr_pmrpnyb                  =         -1
gr_pmrpnzb                  =         -1
gr_restrictallmethod        =          3
gr_sanitizedatamode         =          1
gr_sanitizeverbosity        =          5
gr_tilesizex                =         32
gr_tilesizey                =         32
gr_tilesizez                =         32
hy_3torder                  =         -1
hydrocomputedtoption        =         -1
iprocs                      =          1
interpol_order              =          2
irenorm                     =          0
jprocs                      =          1
kprocs                      =          1
lrefine_del                 =          0
lrefine_max                 =          6 [CHANGED]
lrefine_min                 =          1
lrefine_min_init            =          1
max_particles_per_blk       =        100
memory_stat_freq            =     100000
meshcopycount               =          1
min_particles_per_blk       =          1
nbegin                      =          1
nblockx                     =         16 [CHANGED]
nblocky                     =         16 [CHANGED]
nblockz                     =         16 [CHANGED]
nend                        =         60 [CHANGED]
nrefs                       =          2
nsteptotalsts               =          5
order                       =          3 [CHANGED]
outputsplitnum              =          1
plotfileintervalstep        =          0
plotfilenumber              =          0
refine_var_count            =          4
rolling_checkpoint          =      10000
sim_centerrefinelevel       =          1
sim_integralslevel          =         -1
sim_nsubzones               =          7
sweeporder                  =        123
transorder                  =          1
wr_integrals_freq           =          1
limitedslopebeta            =                 0.100E+01
cfl                         =                 0.800E+00
checkpointfileintervaltime  =                 0.000E+00 [CHANGED]
checkpointfileintervalz     =                 0.180+309
cvisc                       =                 0.100E+00
derefine_cutoff_1           =                 0.200E+00
derefine_cutoff_2           =                 0.200E+00
derefine_cutoff_3           =                 0.200E+00
derefine_cutoff_4           =                 0.200E+00
dr_dtmincontinue            =                 0.000E+00
dr_tstepslowstartfactor     =                 0.100E+00
dtinit                      =                 0.100E-09
dtmax                       =                 0.100E+06
dtmin                       =                 0.100E-09
eintswitch                  =                 0.100E-03 [CHANGED]
eos_singlespeciesa          =                 0.100E+01
eos_singlespeciesz          =                 0.100E+01
gamma                       =                 0.140E+01 [CHANGED]
gr_btworkchildscaling       =                 0.100E+01
gr_btworkdefaultleaf        =                 0.200E+01
gr_btworkdefaultpar         =                 0.100E+01
gr_btworklbleaf             =                 0.000E+00
gr_btworklbpar              =                 0.000E+00
gr_btworkubleaf             =                 0.100E+07
gr_btworkubpar              =                 0.100E+07
gr_lrefinemaxredlogbase     =                 0.100E+02
gr_lrefinemaxredradiusfact  =                 0.000E+00
gr_lrefinemaxredtref        =                 0.000E+00
gr_lrefinemaxredtimescale   =                 0.100E+01
gr_lrefmaxtime_1            =                -0.100E+01
gr_lrefmaxtime_10           =                -0.100E+01
gr_lrefmaxtime_11           =                -0.100E+01
gr_lrefmaxtime_12           =                -0.100E+01
gr_lrefmaxtime_13           =                -0.100E+01
gr_lrefmaxtime_14           =                -0.100E+01
gr_lrefmaxtime_15           =                -0.100E+01
gr_lrefmaxtime_16           =                -0.100E+01
gr_lrefmaxtime_17           =                -0.100E+01
gr_lrefmaxtime_18           =                -0.100E+01
gr_lrefmaxtime_19           =                -0.100E+01
gr_lrefmaxtime_2            =                -0.100E+01
gr_lrefmaxtime_20           =                -0.100E+01
gr_lrefmaxtime_3            =                -0.100E+01
gr_lrefmaxtime_4            =                -0.100E+01
gr_lrefmaxtime_5            =                -0.100E+01
gr_lrefmaxtime_6            =                -0.100E+01
gr_lrefmaxtime_7            =                -0.100E+01
gr_lrefmaxtime_8            =                -0.100E+01
gr_lrefmaxtime_9            =                -0.100E+01
hy_cflfallbackfactor        =                 0.900E+00
hy_fpresinmomflux           =                 0.100E+01
hybridorderkappa            =                 0.000E+00
nusts                       =                 0.200E+00 [CHANGED]
plotfileintervaltime        =                 0.000E+00 [CHANGED]
plotfileintervalz           =                 0.180+309
radiusgp                    =                 0.200E+01
refine_cutoff_1             =                 0.800E+00
refine_cutoff_2             =                 0.800E+00
refine_cutoff_3             =                 0.800E+00
refine_cutoff_4             =                 0.800E+00
refine_filter_1             =                 0.100E-01
refine_filter_2             =                 0.100E-01
refine_filter_3             =                 0.100E-01
refine_filter_4             =                 0.100E-01
rss_limit                   =                -0.100E+01
sigmagp                     =                 0.300E+01
sim_derefineradius          =                 0.000E+00
sim_earliestlstime          =                 0.000E+00
sim_expenergy               =                 0.100E+01
sim_largestnormradius       =                 0.180+309
sim_latestlstime            =                 0.180+309
sim_minrhoinit              =                 0.100E-19
sim_pambient                =                 0.100E-04
sim_rinit                   =                 0.137E-01 [CHANGED]
sim_rhoambient              =                 0.100E+01
sim_smallestnormradius      =                 0.000E+00
sim_xctr                    =                 0.500E+00
sim_yctr                    =                 0.500E+00
sim_zctr                    =                 0.500E+00
small                       =                 0.100E-09
smalle                      =                 0.100E-09
smallp                      =                 0.100E-09
smallt                      =                 0.100E-09
smallu                      =                 0.100E-09
smallx                      =                 0.100E-09
smlrho                      =                 0.100E-09
tinitial                    =                 0.000E+00
tiny                        =                 0.100E-15
tmax                        =                 0.500E+06 [CHANGED]
tstep_change_factor         =                 0.200E+01
wall_clock_checkpoint       =                 0.432E+05
wall_clock_time_limit       =                 0.605E+06
x_refine_center             =                 0.000E+00
xmax                        =                 0.100E+01
xmin                        =                 0.000E+00
y_refine_center             =                 0.000E+00
ymax                        =                 0.100E+01
ymin                        =                 0.000E+00
zfinal                      =                 0.000E+00
zinitial                    =                -0.100E+01
z_refine_center             =                 0.000E+00
zmax                        =                 0.100E+01
zmin                        =                 0.000E+00
riemannsolver               = Roe                            [CHANGED]
unitsystem                  = none                          
basenm                      = sedov_                         [CHANGED]
entropyfixmethod            = HARTENHYMAN                   
eosmode                     = dens_ie                       
eosmodeinit                 = dens_ie                       
geometry                    = cartesian                     
gr_pmrpoutputdir            = ./                            
grav_boundary_type          = isolated                      
hy_eosmodegc                = see eosMode                   
log_file                    = sedov.log                      [CHANGED]
output_directory            =                               
pc_unitsbase                = CGS                           
plot_grid_var_1             = none                          
plot_grid_var_10            = none                          
plot_grid_var_11            = none                          
plot_grid_var_12            = none                          
plot_grid_var_13            = none                          
plot_grid_var_14            = none                          
plot_grid_var_15            = none                          
plot_grid_var_16            = none                          
plot_grid_var_17            = none                          
plot_grid_var_18            = none                          
plot_grid_var_19            = none                          
plot_grid_var_2             = none                          
plot_grid_var_20            = none                          
plot_grid_var_21            = none                          
plot_grid_var_22            = none                          
plot_grid_var_23            = none                          
plot_grid_var_24            = none                          
plot_grid_var_25            = none                          
plot_grid_var_26            = none                          
plot_grid_var_27            = none                          
plot_grid_var_28            = none                          
plot_grid_var_29            = none                          
plot_grid_var_3             = none                          
plot_grid_var_30            = none                          
plot_grid_var_31            = none                          
plot_grid_var_32            = none                          
plot_grid_var_33            = none                          
plot_grid_var_34            = none                          
plot_grid_var_35            = none                          
plot_grid_var_36            = none                          
plot_grid_var_37            = none                          
plot_grid_var_38            = none                          
plot_grid_var_39            = none                          
plot_grid_var_4             = none                          
plot_grid_var_40            = none                          
plot_grid_var_41            = none                          
plot_grid_var_42            = none                          
plot_grid_var_43            = none                          
plot_grid_var_44            = none                          
plot_grid_var_45            = none                          
plot_grid_var_46            = none                          
plot_grid_var_47            = none                          
plot_grid_var_48            = none                          
plot_grid_var_49            = none                          
plot_grid_var_5             = none                          
plot_grid_var_50            = none                          
plot_grid_var_51            = none                          
plot_grid_var_52            = none                          
plot_grid_var_53            = none                          
plot_grid_var_54            = none                          
plot_grid_var_55            = none                          
plot_grid_var_56            = none                          
plot_grid_var_57            = none                          
plot_grid_var_58            = none                          
plot_grid_var_59            = none                          
plot_grid_var_6             = none                          
plot_grid_var_60            = none                          
plot_grid_var_61            = none                          
plot_grid_var_62            = none                          
plot_grid_var_63            = none                          
plot_grid_var_64            = none                          
plot_grid_var_65            = none                          
plot_grid_var_66            = none                          
plot_grid_var_67            = none                          
plot_grid_var_68            = none                          
plot_grid_var_69            = none                          
plot_grid_var_7             = none                          
plot_grid_var_70            = none                          
plot_grid_var_71            = none                          
plot_grid_var_72            = none                          
plot_grid_var_73            = none                          
plot_grid_var_74            = none                          
plot_grid_var_75            = none                          
plot_grid_var_76            = none                          
plot_grid_var_77            = none                          
plot_grid_var_78            = none                          
plot_grid_var_8             = none                          
plot_grid_var_9             = none                          
plot_var_1                  = dens                           [CHANGED]
plot_var_10                 = none                          
plot_var_11                 = none                          
plot_var_12                 = none                          
plot_var_13                 = none                          
plot_var_14                 = none                          
plot_var_15                 = none                          
plot_var_16                 = none                          
plot_var_17                 = none                          
plot_var_18                 = none                          
plot_var_2                  = pres                           [CHANGED]
plot_var_3                  = temp                           [CHANGED]
plot_var_4                  = none                          
plot_var_5                  = none                          
plot_var_6                  = none                          
plot_var_7                  = none                          
plot_var_8                  = none                          
plot_var_9                  = none                          
prof_file                   = profile.dat                   
refine_var_1                = dens                           [CHANGED]
refine_var_2                = pres                           [CHANGED]
refine_var_3                = none                          
refine_var_4                = none                          
run_comment                 = Sedov explosion                [CHANGED]
run_number                  = 1                             
sim_proffilename            = /dev/null                      [CHANGED]
slopelimiter                = mc                             [CHANGED]
stats_file                  = flashx.dat                    
wenomethod                  = WENO5                         
xl_boundary_type            = outflow                        [CHANGED]
xr_boundary_type            = outflow                        [CHANGED]
yl_boundary_type            = outflow                        [CHANGED]
yr_boundary_type            = outflow                        [CHANGED]
zl_boundary_type            = outflow                        [CHANGED]
zr_boundary_type            = outflow                        [CHANGED]
csvsummaryallprocs          =  F
eosforriemann               =  F
logsummaryallprocs          =  F
addthermalflux              =  T
allowdtstsdominate          =  F
alwayscomputeuservars       =  T
alwaysrestrictcheckpoint    =  T
charlimiting                =  T
chkguardcellsinput          =  F
chkguardcellsoutput         =  F
conserveangmom              =  F
converttoconsvdformeshcalls =  F
converttoconsvdinmeshinterp =  T
corners                     =  F
dr_printtsteploc            =  T
dr_shortenlaststepbeforetmax =  F
drift_tuples                =  F
eachprocwritesownabortlog   =  F
eachprocwritessummary       =  F
earlyblockdistadjustment    =  T
enablemaskedgcfill          =  F
entropy                     =  F
flux_correct                =  T
flux_correct_perlevel       =  F
geometryoverride            =  F
gr_bcenableapplymixedgds    =  T
gr_bndgcfillneedsprimitivevars =  T
gr_btcustomwork             =  F
gr_btexchangework           =  F
gr_btsortbywork             =  T
gr_enabletiling             =  F
gr_lrefinemaxbytime         =  F
gr_lrefinemaxreddobylogr    =  F
gr_lrefinemaxreddobytime    =  F
gr_pmrpadvancealllevels     =  F
gr_pmrpamrerrorchecking     =  F
gr_pmrpcartesianpm          =  F
gr_pmrpconserve             =  F
gr_pmrpconsvfluxdensities   =  T
gr_pmrpconsvfluxes          =  F
gr_pmrpcurvilinear          =  F
gr_pmrpcurvilinearconserve  =  F
gr_pmrpcylindricalpm        =  F
gr_pmrpdiagonals            =  T
gr_pmrpedgevalue            =  T
gr_pmrpedgevalueinteg       =  F
gr_pmrpemptycells           =  F
gr_pmrpforceconsistency     =  T
gr_pmrplsingularline        =  F
gr_pmrpnopermanentguardcells =  F
gr_pmrppolarpm              =  F
gr_pmrppredcorr             =  F
gr_pmrpsphericalpm          =  F
gr_pmrptimingmpi            =  F
gr_pmrptimingmpix           =  F
gr_pmrpvardt                =  F
gr_usetiling                =  F
hy_fallbacklowercfl         =  F
hy_fullspecmsfluxhandling   =  T
hy_usetiling                =  F
ignoreforcedplot            =  F
io_writemscalarintegrals    =  F
plotfilegridquantitydp      =  F
plotfilemetadatadp          =  F
reducegcellfills            =  F
refine_on_particle_count    =  F
restart                     =  F
shockdetect                 =  F
shocklowercfl               =  F
sim_bcsetbdryvar            =  F
sim_forcecenterderefine     =  F
sim_onelevelintegralsonly   =  F
summaryoutputonly           =  F
threadblocklistbuild        =  F
threaddelepblocklist        =  F
threaddelepwithinblock      =  F
threaddriverblocklist       =  F
threaddriverwithinblock     =  F
threadeoswithinblock        =  F
threadhydroblocklist        =  F
threadhydrowithinblock      =  F
threadraytracebuild         =  F
threadwithinblockbuild      =  F
tmr_suppressinparallel      =  F
typematchedxfer             =  T
unbiased_geometry           =  F
updatehydrofluxes           =  T
useburn                     =  F
usecollectivehdf5           =  T
usedeleptonize              =  F
usegravity                  =  F
useheatad                   =  F
useheater                   =  F
usehydro                    =  T
useimbound                  =  F
useincompns                 =  F
useinlet                    =  F
uselegacylabels             =  T
usemultiphase               =  F
useorchestration            =  F
useoutlet                   =  F
useparticles                =  F
useradtrans                 =  F
usests                      =  F
usestsfordiffusion          =  F
usesolidmechanics           =  F
use_3dfullctu               =  T
use_auxeinteqn              =  T
use_avisc                   =  T [CHANGED]
use_cma_advection           =  F
use_cma_flattening          =  F
use_flash_surr_blks_fill    =  T
use_flattening              =  F
use_gravhalfupdate          =  T
use_hybridorder             =  F
use_reduced_orrery          =  T
use_steepening              =  F
use_upwindtvd               =  F
writestatsummary            =  T
                                                                               
 ==============================================================================
                                                                               
 Known units of measurement:
                                                                               
              Unit                          CGS Value                Base Unit
  1                  cm                     1.0000                           cm
  2                   s                     1.0000                            s
  3                   g                     1.0000                            g
  4                   K                     1.0000                            K
  5                 esu                     1.0000                          esu
  6                 mol                     1.0000                          mol
  7                   m                     100.00                           cm
  8                  km                    1.00000E+05                       cm
  9                  pc                    3.08568E+18                       cm
 10                 kpc                    3.08568E+21                       cm
 11                 Mpc                    3.08568E+24                       cm
 12                 Gpc                    3.08568E+27                       cm
 13                Rsun                    6.96000E+10                       cm
 14                  AU                    1.49598E+13                       cm
 15                  yr                    3.15569E+07                        s
 16                 Myr                    3.15569E+13                        s
 17                 Gyr                    3.15569E+16                        s
 18                  kg                     1000.0                            g
 19                Msun                    1.98892E+33                        g
 20                 amu                    1.66054E-24                        g
 21                  eV                     11605.                            K
 22                   C                    2.99792E+09                      esu
 23                LFLY                    3.08568E+24                       cm
 24                TFLY                    2.05759E+17                        s
 25                MFLY                    9.88470E+45                        g
 26            clLength                    3.08568E+24                       cm
 27              clTime                    3.15569E+16                        s
 28              clMass                    1.98892E+48                        g
 29              clTemp                    1.16045E+07                        K
-----------End of Units--------------------
                                                                               
 Known physical constants:
                                                                               
    Constant Name       Constant Value   cm       s        g        K        esu      mol
  1              Newton    6.67408E-08   3.0     -2.0     -1.0      0.0      0.0      0.0    
  2      speed of light    2.99792E+10   1.0     -1.0      0.0      0.0      0.0      0.0    
  3              Planck    6.62607E-27   2.0     -1.0      1.0      0.0      0.0      0.0    
  4     electron charge    4.80320E-10   0.0      0.0      0.0      0.0      1.0      0.0    
  5       electron mass    9.10938E-28   0.0      0.0      1.0      0.0      0.0      0.0    
  6         proton mass    1.67262E-24   0.0      0.0      1.0      0.0      0.0      0.0    
  7      fine-structure    7.29735E-03   0.0      0.0      0.0      0.0      0.0      0.0    
  8            Avogadro    6.02214E+23   0.0      0.0      0.0      0.0      0.0     -1.0    
  9           Boltzmann    1.38065E-16   2.0     -2.0      1.0     -1.0      0.0      0.0    
 10  ideal gas constant    8.31446E+07   2.0     -2.0      1.0     -1.0      0.0     -1.0    
 11                Wien    0.28978       1.0      0.0      0.0      1.0      0.0      0.0    
 12    Stefan-Boltzmann    5.67037E-05   0.0     -3.0      1.0     -4.0      0.0      0.0    
 13  Radiation Constant    7.56572E-15  -1.0     -2.0      1.0     -4.0      0.0      0.0    
 14                  pi     3.1416       0.0      0.0      0.0      0.0      0.0      0.0    
 15                   e     2.7183       0.0      0.0      0.0      0.0      0.0      0.0    
 16               Euler    0.57722       0.0      0.0      0.0      0.0      0.0      0.0    
 ==============================================================================
                                                                               
 Multifluid database: not configured in
                                                                               
 ==============================================================================
 [ 03-05-2025  13:11:07.424 ] [gr_initGeometry] checking BCs for idir: 1
 [ 03-05-2025  13:11:07.426 ] [gr_initGeometry] checking BCs for idir: 2
 [ 03-05-2025  13:11:07.428 ] [gr_initGeometry] checking BCs for idir: 3
 [ 03-05-2025  13:11:09.424 ] [GRID amr_refine_derefine]: initiating refinement
 [ 03-05-2025  13:11:09.426 ] [GRID amr_refine_derefine]: redist. phase.  tot blks requested: 4096
 [GRID amr_refine_derefine] min blks 4    max blks 5    tot blks 4096
 [GRID amr_refine_derefine] min leaf blks 4    max leaf blks 5    tot leaf blks 4096
 [ 03-05-2025  13:11:09.605 ] [GRID amr_refine_derefine]: refinement complete
 [ 03-05-2025  13:11:09.713 ] [GRID gr_expandDomain]: iteration=1, create level=2
 INFO: Grid_fillGuardCells is ignoring masking.
 [ 03-05-2025  13:11:14.885 ] [mpi_amr_comm_setup]: buffer_dim_send=3349693, buffer_dim_recv=2207173
 [ 03-05-2025  13:11:16.088 ] [GRID amr_refine_derefine]: initiating refinement
 [ 03-05-2025  13:11:16.098 ] [GRID amr_refine_derefine]: redist. phase.  tot blks requested: 4160
 [GRID amr_refine_derefine] min blks 4    max blks 5    tot blks 4160
 [GRID amr_refine_derefine] min leaf blks 4    max leaf blks 5    tot leaf blks 4152
 [ 03-05-2025  13:11:16.228 ] [GRID amr_refine_derefine]: refinement complete
 [ 03-05-2025  13:11:16.236 ] [GRID gr_expandDomain]: iteration=2, create level=3
 [ 03-05-2025  13:11:22.135 ] [GRID amr_refine_derefine]: initiating refinement
 [ 03-05-2025  13:11:22.147 ] [GRID amr_refine_derefine]: redist. phase.  tot blks requested: 4224
 [GRID amr_refine_derefine] min blks 4    max blks 6    tot blks 4224
 [GRID amr_refine_derefine] min leaf blks 3    max leaf blks 5    tot leaf blks 4208
 [ 03-05-2025  13:11:22.268 ] [GRID amr_refine_derefine]: refinement complete
 [ 03-05-2025  13:11:22.276 ] [GRID gr_expandDomain]: iteration=3, create level=4
 [ 03-05-2025  13:11:27.450 ] [mpi_amr_comm_setup]: buffer_dim_send=3423553, buffer_dim_recv=2207173
 [ 03-05-2025  13:11:28.181 ] [GRID amr_refine_derefine]: initiating refinement
 [ 03-05-2025  13:11:28.189 ] [GRID amr_refine_derefine]: redist. phase.  tot blks requested: 4288
 [GRID amr_refine_derefine] min blks 4    max blks 6    tot blks 4288
 [GRID amr_refine_derefine] min leaf blks 3    max leaf blks 5    tot leaf blks 4264
 [ 03-05-2025  13:11:28.307 ] [GRID amr_refine_derefine]: refinement complete
 [ 03-05-2025  13:11:28.316 ] [GRID gr_expandDomain]: iteration=4, create level=5
 [ 03-05-2025  13:11:33.649 ] [mpi_amr_comm_setup]: buffer_dim_send=3422269, buffer_dim_recv=2207173
 [ 03-05-2025  13:11:34.473 ] [GRID amr_refine_derefine]: initiating refinement
 [ 03-05-2025  13:11:34.486 ] [GRID amr_refine_derefine]: redist. phase.  tot blks requested: 6144
 [GRID amr_refine_derefine] min blks 6    max blks 9    tot blks 6144
 [GRID amr_refine_derefine] min leaf blks 5    max leaf blks 7    tot leaf blks 5888
 [ 03-05-2025  13:11:34.634 ] [GRID amr_refine_derefine]: refinement complete
 [ 03-05-2025  13:11:34.645 ] [GRID gr_expandDomain]: iteration=5, create level=6
 [ 03-05-2025  13:11:42.216 ] [mpi_amr_comm_setup]: buffer_dim_send=2974177, buffer_dim_recv=2540365
 [ 03-05-2025  13:11:43.376 ] [GRID amr_refine_derefine]: initiating refinement
 [ 03-05-2025  13:11:43.387 ] [GRID amr_refine_derefine]: redist. phase.  tot blks requested: 9152
 [GRID amr_refine_derefine] min blks 9    max blks 12    tot blks 9152
 [GRID amr_refine_derefine] min leaf blks 7    max leaf blks 10    tot leaf blks 8520
 [ 03-05-2025  13:11:43.586 ] [GRID amr_refine_derefine]: refinement complete
 [ 03-05-2025  13:11:43.597 ] [GRID gr_expandDomain]: iteration=6, create level=6
 [ 03-05-2025  13:11:54.480 ] [mpi_amr_comm_setup]: buffer_dim_send=4843741, buffer_dim_recv=2669029
 [ 03-05-2025  13:11:55.994 ] [GRID gr_expandDomain]: iteration=7, create level=6
 [ 03-05-2025  13:12:08.393 ] [GRID gr_expandDomain]: iteration=8, create level=6
 [ 03-05-2025  13:12:20.222 ] memory: /proc vsize    (MB):     4596.92 (min)       4799.05 (max)       4731.11 (avg)
 [ 03-05-2025  13:12:20.225 ] memory: /proc rss      (MB):     1841.00 (min)       1929.10 (max)       1894.80 (avg)
 [ 03-05-2025  13:12:20.228 ] memory: /proc vsize    (MB):     4596.92 (min)       4799.05 (max)       4731.11 (avg)
 [ 03-05-2025  13:12:20.232 ] memory: /proc rss      (MB):     1841.00 (min)       1929.10 (max)       1894.80 (avg)
 [ 03-05-2025  13:12:20.250 ] memory: /proc vsize    (MB):     4596.92 (min)       4799.05 (max)       4731.11 (avg)
 [ 03-05-2025  13:12:20.254 ] memory: /proc rss      (MB):     1841.00 (min)       1929.10 (max)       1894.80 (avg)
 [ 03-05-2025  13:12:23.767 ] [IO_writeCheckpoint] open: type=checkpoint name=sedov_hdf5_chk_0000
 [ 03-05-2025  13:12:31.511 ] [io_writeData]: wrote    9152          blocks
 [ 03-05-2025  13:12:31.525 ] [IO_writeCheckpoint] close: type=checkpoint name=sedov_hdf5_chk_0000
 [ 03-05-2025  13:12:31.588 ] [IO_writePlotfile] open: type=plotfile name=sedov_hdf5_plt_cnt_0000
 [ 03-05-2025  13:12:32.369 ] [io_writeData]: wrote    9152          blocks
 [ 03-05-2025  13:12:32.395 ] [IO_writePlotfile] close: type=plotfile name=sedov_hdf5_plt_cnt_0000
 [ 03-05-2025  13:12:32.398 ] memory: /proc vsize    (MB):     4616.34 (min)       5011.20 (max)       4740.54 (avg)
 [ 03-05-2025  13:12:32.401 ] memory: /proc rss      (MB):     1847.31 (min)       1936.20 (max)       1903.12 (avg)
 [ 03-05-2025  13:12:32.403 ] [Driver_evolveAll]: Entering evolution loop
 [ 03-05-2025  13:12:32.406 ] step: n=1 t=0.000000E+00 dt=1.000000E-10
 [ 03-05-2025  13:12:36.091 ] step: n=2 t=1.000000E-10 dt=2.000000E-10
 [ 03-05-2025  13:12:42.345 ] step: n=3 t=3.000000E-10 dt=4.000000E-10
 [ 03-05-2025  13:12:46.014 ] step: n=4 t=7.000000E-10 dt=8.000000E-10
 [ 03-05-2025  13:12:52.270 ] step: n=5 t=1.500000E-09 dt=1.600000E-09
 [ 03-05-2025  13:12:55.963 ] step: n=6 t=3.100000E-09 dt=3.200000E-09
 [ 03-05-2025  13:13:02.234 ] step: n=7 t=6.300000E-09 dt=6.400000E-09
 [ 03-05-2025  13:13:05.924 ] step: n=8 t=1.270000E-08 dt=1.280000E-08
 [ 03-05-2025  13:13:12.214 ] step: n=9 t=2.550000E-08 dt=2.560000E-08
 [ 03-05-2025  13:13:15.907 ] step: n=10 t=5.110000E-08 dt=5.120000E-08
 [ 03-05-2025  13:13:25.824 ] [IO_writeCheckpoint] open: type=checkpoint name=sedov_hdf5_chk_0001
 [ 03-05-2025  13:13:33.246 ] [io_writeData]: wrote    9152          blocks
 [ 03-05-2025  13:13:33.253 ] [IO_writeCheckpoint] close: type=checkpoint name=sedov_hdf5_chk_0001
 [ 03-05-2025  13:13:33.256 ] step: n=11 t=1.023000E-07 dt=1.024000E-07
 [ 03-05-2025  13:13:36.957 ] step: n=12 t=2.047000E-07 dt=2.011896E-07
 [ 03-05-2025  13:13:43.239 ] step: n=13 t=4.058896E-07 dt=1.856898E-07
 [ 03-05-2025  13:13:46.945 ] step: n=14 t=5.915794E-07 dt=1.729914E-07
 [ 03-05-2025  13:13:53.238 ] step: n=15 t=7.645708E-07 dt=1.642472E-07
 [ 03-05-2025  13:13:56.940 ] step: n=16 t=9.288179E-07 dt=1.580871E-07
 [ 03-05-2025  13:14:03.221 ] step: n=17 t=1.086905E-06 dt=1.534569E-07
 [ 03-05-2025  13:14:06.935 ] step: n=18 t=1.240362E-06 dt=1.499651E-07
 [ 03-05-2025  13:14:13.235 ] step: n=19 t=1.390327E-06 dt=1.474127E-07
 [ 03-05-2025  13:14:16.933 ] step: n=20 t=1.537740E-06 dt=1.456205E-07
 [ 03-05-2025  13:14:26.776 ] [IO_writeCheckpoint] open: type=checkpoint name=sedov_hdf5_chk_0002
 [ 03-05-2025  13:14:34.239 ] [io_writeData]: wrote    9152          blocks
 [ 03-05-2025  13:14:34.244 ] [IO_writeCheckpoint] close: type=checkpoint name=sedov_hdf5_chk_0002
 [ 03-05-2025  13:14:34.246 ] step: n=21 t=1.683360E-06 dt=1.444985E-07
 [ 03-05-2025  13:14:37.945 ] step: n=22 t=1.827859E-06 dt=1.441710E-07
 [ 03-05-2025  13:14:44.236 ] step: n=23 t=1.972030E-06 dt=1.441286E-07
 [ 03-05-2025  13:14:47.937 ] step: n=24 t=2.116158E-06 dt=1.441099E-07
 [ 03-05-2025  13:14:54.224 ] step: n=25 t=2.260268E-06 dt=1.441302E-07
 [ 03-05-2025  13:14:57.932 ] step: n=26 t=2.404398E-06 dt=1.442588E-07
 [ 03-05-2025  13:15:04.174 ] [GRID amr_refine_derefine]: initiating refinement
 [ 03-05-2025  13:15:04.182 ] [GRID amr_refine_derefine]: redist. phase.  tot blks requested: 9536
 [GRID amr_refine_derefine] min blks 10    max blks 13    tot blks 9536
 [GRID amr_refine_derefine] min leaf blks 8    max leaf blks 11    tot leaf blks 8856
 [ 03-05-2025  13:15:04.389 ] [GRID amr_refine_derefine]: refinement complete
 [ 03-05-2025  13:15:04.797 ] step: n=27 t=2.548657E-06 dt=1.444833E-07
 [ 03-05-2025  13:15:04.797 ] [mpi_amr_comm_setup]: buffer_dim_send=4300885, buffer_dim_recv=2669029
 [ 03-05-2025  13:15:08.627 ] step: n=28 t=2.693141E-06 dt=1.448057E-07
 [ 03-05-2025  13:15:15.180 ] step: n=29 t=2.837946E-06 dt=1.450172E-07
 [ 03-05-2025  13:15:19.009 ] step: n=30 t=2.982964E-06 dt=1.450055E-07
 [ 03-05-2025  13:15:29.195 ] [IO_writeCheckpoint] open: type=checkpoint name=sedov_hdf5_chk_0003
 [ 03-05-2025  13:15:36.893 ] [io_writeData]: wrote    9536          blocks
 [ 03-05-2025  13:15:36.902 ] [IO_writeCheckpoint] close: type=checkpoint name=sedov_hdf5_chk_0003
 [ 03-05-2025  13:15:36.903 ] step: n=31 t=3.127969E-06 dt=1.449474E-07
 [ 03-05-2025  13:15:40.736 ] step: n=32 t=3.272916E-06 dt=1.449259E-07
 [ 03-05-2025  13:15:47.326 ] step: n=33 t=3.417842E-06 dt=1.447113E-07
 [ 03-05-2025  13:15:51.159 ] step: n=34 t=3.562554E-06 dt=1.446418E-07
 [ 03-05-2025  13:15:57.684 ] step: n=35 t=3.707195E-06 dt=1.446455E-07
 [ 03-05-2025  13:16:01.519 ] step: n=36 t=3.851841E-06 dt=1.446573E-07
 [ 03-05-2025  13:16:08.031 ] step: n=37 t=3.996498E-06 dt=1.446767E-07
 [ 03-05-2025  13:16:11.857 ] step: n=38 t=4.141175E-06 dt=1.447318E-07
 [ 03-05-2025  13:16:18.460 ] step: n=39 t=4.285907E-06 dt=1.447598E-07
 [ 03-05-2025  13:16:22.287 ] step: n=40 t=4.430666E-06 dt=1.447127E-07
 [ 03-05-2025  13:16:32.608 ] [IO_writeCheckpoint] open: type=checkpoint name=sedov_hdf5_chk_0004
 [ 03-05-2025  13:16:40.500 ] [io_writeData]: wrote    9536          blocks
 [ 03-05-2025  13:16:40.536 ] [IO_writeCheckpoint] close: type=checkpoint name=sedov_hdf5_chk_0004
 [ 03-05-2025  13:16:40.538 ] step: n=41 t=4.575379E-06 dt=1.446812E-07
 [ 03-05-2025  13:16:44.371 ] step: n=42 t=4.720060E-06 dt=1.446456E-07
 [ 03-05-2025  13:16:50.881 ] step: n=43 t=4.864706E-06 dt=1.446294E-07
 [ 03-05-2025  13:16:54.715 ] step: n=44 t=5.009335E-06 dt=1.446250E-07
 [ 03-05-2025  13:17:01.306 ] step: n=45 t=5.153960E-06 dt=1.445216E-07
 [ 03-05-2025  13:17:05.135 ] step: n=46 t=5.298482E-06 dt=1.444823E-07
 [ 03-05-2025  13:17:11.650 ] step: n=47 t=5.442964E-06 dt=1.444551E-07
 [ 03-05-2025  13:17:15.478 ] step: n=48 t=5.587419E-06 dt=1.444288E-07
 [ 03-05-2025  13:17:22.069 ] step: n=49 t=5.731848E-06 dt=1.444159E-07
 [ 03-05-2025  13:17:25.893 ] step: n=50 t=5.876264E-06 dt=1.444089E-07
 [ 03-05-2025  13:17:36.169 ] [IO_writeCheckpoint] open: type=checkpoint name=sedov_hdf5_chk_0005
 [ 03-05-2025  13:17:43.888 ] [io_writeData]: wrote    9536          blocks
 [ 03-05-2025  13:17:43.897 ] [IO_writeCheckpoint] close: type=checkpoint name=sedov_hdf5_chk_0005
 [ 03-05-2025  13:17:43.898 ] step: n=51 t=6.020673E-06 dt=1.443103E-07
 [ 03-05-2025  13:17:47.734 ] step: n=52 t=6.164983E-06 dt=1.442630E-07
 [ 03-05-2025  13:17:54.342 ] step: n=53 t=6.309246E-06 dt=1.442278E-07
 [ 03-05-2025  13:17:58.173 ] step: n=54 t=6.453474E-06 dt=1.441955E-07
 [ 03-05-2025  13:18:04.680 ] step: n=55 t=6.597670E-06 dt=1.441758E-07
 [ 03-05-2025  13:18:08.509 ] step: n=56 t=6.741845E-06 dt=1.441499E-07
 [ 03-05-2025  13:18:15.020 ] step: n=57 t=6.885995E-06 dt=1.440523E-07
 [ 03-05-2025  13:18:18.847 ] step: n=58 t=7.030048E-06 dt=1.439965E-07
 [ 03-05-2025  13:18:25.402 ] step: n=59 t=7.174044E-06 dt=1.439601E-07
 [ 03-05-2025  13:18:29.225 ] step: n=60 t=7.318004E-06 dt=1.439284E-07
 [ 03-05-2025  13:18:39.419 ] [IO_writeCheckpoint] open: type=checkpoint name=sedov_hdf5_chk_0006
 [ 03-05-2025  13:18:46.989 ] [io_writeData]: wrote    9536          blocks
 [ 03-05-2025  13:18:46.993 ] [IO_writeCheckpoint] close: type=checkpoint name=sedov_hdf5_chk_0006
 [ 03-05-2025  13:18:46.994 ] [Driver_evolveAll]: Exiting evolution loop
 [ 03-05-2025  13:18:47.061 ] [IO_writePlotfile] open: type=plotfile name=sedov_forced_hdf5_plt_cnt_0000
 [ 03-05-2025  13:18:47.900 ] [io_writeData]: wrote    9536          blocks
 [ 03-05-2025  13:18:47.907 ] [IO_writePlotfile] close: type=plotfile name=sedov_forced_hdf5_plt_cnt_0000
 [ 03-05-2025  13:18:47.908 ] memory: /proc vsize    (MB):     4627.78 (min)       5018.77 (max)       4760.59 (avg)
 [ 03-05-2025  13:18:47.908 ] memory: /proc rss      (MB):     1961.09 (min)       2066.33 (max)       1999.50 (avg)
 ==============================================================================
 perf_summary: code performance summary for process            0
                      beginning : 03-05-2025  13:11:07
                         ending : 03-05-2025  13:18:47
   seconds in monitoring period :              460.493
      number of evolution steps :                   60
 ------------------------------------------------------------------------------
 accounting unit                       time sec  num calls   secs avg  time pct
 ------------------------------------------------------------------------------
 initialization                         84.987      1          84.987    18.456
  eos                                    0.204      8           0.026     0.044
  guardcell internal                     2.568      7           0.367     0.558
   amr_guardcell                         2.436      7           0.348     0.529
   eos gc                                0.000      7           0.000     0.000
  writeCheckpoint                       11.253      1          11.253     2.444
   restrictAll                           3.343      1           3.343     0.726
  writePlotfile                          0.868      1           0.868     0.188
 writePlotfile                           0.912      1           0.912     0.198
 evolution                             374.590      1         374.590    81.345
  Hydro                                167.669     60           2.794    36.411
   Head                                 37.471     60           0.625     8.137
    guardcell internal                  37.470     60           0.624     8.137
     amr_guardcell                      34.728     60           0.579     7.542
     eos gc                              0.002     60           0.000     0.000
   compute fluxes                      124.498     60           2.075    27.036
    hy_computeFluxes                   124.496    600           0.207    27.035
     RiemannState                      106.654    600           0.178    23.161
     getFaceFlux                        17.689    600           0.029     3.841
   conserveFluxes                        0.045     60           0.001     0.010
   update solution                       5.596     60           0.093     1.215
    update solution body                 5.595    600           0.009     1.215
     unsplitUpdate                       2.110    600           0.004     0.458
  sourceTerms                            0.000     60           0.000     0.000
  Particles_advance                      0.000     60           0.000     0.000
  Gravity potential                      0.000     60           0.000     0.000
  IO_output                            125.305    120           1.044    27.211
   diagnostics                          57.429    120           0.479    12.471
   checkpointing                        67.827      6          11.304    14.729
    writeCheckpoint                     67.823      6          11.304    14.728
     restrictAll                        21.498      6           3.583     4.668
  Grid_updateRefinement                 80.427     60           1.340    17.465
   eos                                   0.072      1           0.072     0.016
   tree                                 80.355     60           1.339    17.450
    markRefineDerefine                  21.383     30           0.713     4.643
     guardcell internal                 18.828     30           0.628     4.089
      amr_guardcell                     17.513     30           0.584     3.803
      eos gc                             0.001     30           0.000     0.000
    amr_refine_derefine                 57.846     30           1.928    12.562
    updateData                           0.000     30           0.000     0.000
   updateParticleRefinement              0.000      1           0.000     0.000
  Driver_computeDt                       1.116     60           0.019     0.242
 ==============================================================================
 [ 03-05-2025  13:18:47.910 ] [Timers_getSummary]: Not writing timer max/min/avg values because not all processors had same timers
 [ 03-05-2025  13:18:47.910 ] LOGFILE_END: FLASH run complete.
 FLASH log file:  03-05-2025  13:18:58.089    Run number:  1
 ==============================================================================
 Number of MPI tasks:                896
 MPI version:                          3
 MPI subversion:                       1
 Dimensionality:                       3
 Max Number of Blocks/Proc:          200
 Number x zones:                      32
 Number y zones:                      32
 Number z zones:                      32
 Setup stamp:     Fri Nov 1 14:03:57 2024
 Build stamp:     Fri Nov 1 14:04:23 2024
 System info:     Linux corona211 4.18.0-553.22.1.1toss.t4.x86_64 #1 SMP Tue Sep 24 16:50:00 PDT 2
 Version:         Flash-X 1.0 (heads/main-0-g6040ba49-dirty)                                      
 Build directory: /usr/workspace/ather1/Flash-X/sedov
 Setup syntax:    /usr/workspace/ather1/Flash-X/bin/setup.py Sedov -auto -3d -nxb=32 -nyb=32 -nzb=32 +parallelio -objdir=/usr/workspace/ather1/Flash-X/sedov
 f compiler flags: mpif90 -ggdb -c -O2 -fdefault-real-8 -fdefault-double-8 -Wuninitialized -fallow-argument-mismatch -fallow-argument-mismatch -DMAXBLOCKS=200 -DNXB=32 -DNYB=32 -DNZB=32 -DN_DIM=3
 c compiler flags:    mpicc -I/p/lustre2/ather1/hdf5-1.14.4-3/install/include -DH5_USE_18_API -ggdb -c -O2 -Wuninitialized -D_FORTIFY_SOURCE=2 -DMAXBLOCKS=200 -DNXB=32 -DNYB=32 -DNZB=32 -DN_DIM=3
 ==============================================================================
 Comment:  Sedov explosion
 ==============================================================================
 FLASH Units used:
   Driver/DriverMain/Unsplit
   Grid/GridBoundaryConditions
   Grid/GridMain/AMR/Paramesh4/PM4_package/flash_avoid_orrery
   Grid/GridMain/AMR/Paramesh4/PM4_package/headers
   Grid/GridMain/AMR/Paramesh4/PM4_package/source
   Grid/GridMain/AMR/Paramesh4/PM4_package/utilities/multigrid
   Grid/GridMain/AMR/Paramesh4/interpolation/prolong
   Grid/GridMain/AMR/Paramesh4/levelFlux
   Grid/localAPI
   IO/IOMain/hdf5/parallel/PM
   IO/localAPI
   PhysicalConstants/PhysicalConstantsMain
   RuntimeParameters/RuntimeParametersMain
   Simulation/SimulationMain/Sedov
   TimeAdvance/TimeAdvanceMain/StrangSplit
   flashUtilities/contiguousConversion
   flashUtilities/general
   flashUtilities/interpolation/oneDim
   flashUtilities/nameValueLL
   flashUtilities/sorting/quicksort
   flashUtilities/system/memoryUsage/legacy
   monitors/Logfile/LogfileMain
   monitors/Timers/TimersMain/MPINative
   physics/Eos/EosMain/Gamma
   physics/Hydro/HydroMain/unsplit/OnlyHydro
   physics/Hydro/HydroMain/unsplit/levelFlux
   physics/Hydro/localAPI
 ==============================================================================
 RuntimeParameters:
                                                                               
 ==============================================================================
bndpriorityone              =          1
bndprioritythree            =          3
bndprioritytwo              =          2
checkpointfileintervalstep  =         10 [CHANGED]
checkpointfilenumber        =          0
dr_abortpause               =          2
dr_dtminbelowaction         =          1
drift_break_inst            =          0
drift_trunc_mantissa        =          2
drift_verbose_inst          =          0
eos_entrelescalechoice      =          6
eos_loglevel                =        700
fileformatversion           =          9
forcedplotfilenumber        =          0
gr_lrefmaxtimevalue_1       =         -1
gr_lrefmaxtimevalue_10      =         -1
gr_lrefmaxtimevalue_11      =         -1
gr_lrefmaxtimevalue_12      =         -1
gr_lrefmaxtimevalue_13      =         -1
gr_lrefmaxtimevalue_14      =         -1
gr_lrefmaxtimevalue_15      =         -1
gr_lrefmaxtimevalue_16      =         -1
gr_lrefmaxtimevalue_17      =         -1
gr_lrefmaxtimevalue_18      =         -1
gr_lrefmaxtimevalue_19      =         -1
gr_lrefmaxtimevalue_2       =         -1
gr_lrefmaxtimevalue_20      =         -1
gr_lrefmaxtimevalue_3       =         -1
gr_lrefmaxtimevalue_4       =         -1
gr_lrefmaxtimevalue_5       =         -1
gr_lrefmaxtimevalue_6       =         -1
gr_lrefmaxtimevalue_7       =         -1
gr_lrefmaxtimevalue_8       =         -1
gr_lrefmaxtimevalue_9       =         -1
gr_pmrpdivergencefree       =         -1
gr_pmrpifaceoff             =          0
gr_pmrpl2p5d                =          0
gr_pmrpmaxblocks            =         -1
gr_pmrpmflags               =          1
gr_pmrpnboundaries          =          6
gr_pmrpndim                 =          3
gr_pmrpnedgevar1            =         -1
gr_pmrpnfacevar             =         -1
gr_pmrpnfielddivf           =         -1
gr_pmrpnfluxvar             =         -1
gr_pmrpnguard               =         -1
gr_pmrpnguardwork           =         -1
gr_pmrpnvar                 =         -1
gr_pmrpnvarwork             =          1
gr_pmrpnvarcorn             =          0
gr_pmrpnvaredge             =          0
gr_pmrpnxb                  =         -1
gr_pmrpnyb                  =         -1
gr_pmrpnzb                  =         -1
gr_restrictallmethod        =          3
gr_sanitizedatamode         =          1
gr_sanitizeverbosity        =          5
gr_tilesizex                =         32
gr_tilesizey                =         32
gr_tilesizez                =         32
hy_3torder                  =         -1
hydrocomputedtoption        =         -1
iprocs                      =          1
interpol_order              =          2
irenorm                     =          0
jprocs                      =          1
kprocs                      =          1
lrefine_del                 =          0
lrefine_max                 =          6 [CHANGED]
lrefine_min                 =          1
lrefine_min_init            =          1
max_particles_per_blk       =        100
memory_stat_freq            =     100000
meshcopycount               =          1
min_particles_per_blk       =          1
nbegin                      =          1
nblockx                     =         16 [CHANGED]
nblocky                     =         16 [CHANGED]
nblockz                     =         16 [CHANGED]
nend                        =         60 [CHANGED]
nrefs                       =          2
nsteptotalsts               =          5
order                       =          3 [CHANGED]
outputsplitnum              =          1
plotfileintervalstep        =          0
plotfilenumber              =          0
refine_var_count            =          4
rolling_checkpoint          =      10000
sim_centerrefinelevel       =          1
sim_integralslevel          =         -1
sim_nsubzones               =          7
sweeporder                  =        123
transorder                  =          1
wr_integrals_freq           =          1
limitedslopebeta            =                 0.100E+01
cfl                         =                 0.800E+00
checkpointfileintervaltime  =                 0.000E+00 [CHANGED]
checkpointfileintervalz     =                 0.180+309
cvisc                       =                 0.100E+00
derefine_cutoff_1           =                 0.200E+00
derefine_cutoff_2           =                 0.200E+00
derefine_cutoff_3           =                 0.200E+00
derefine_cutoff_4           =                 0.200E+00
dr_dtmincontinue            =                 0.000E+00
dr_tstepslowstartfactor     =                 0.100E+00
dtinit                      =                 0.100E-09
dtmax                       =                 0.100E+06
dtmin                       =                 0.100E-09
eintswitch                  =                 0.100E-03 [CHANGED]
eos_singlespeciesa          =                 0.100E+01
eos_singlespeciesz          =                 0.100E+01
gamma                       =                 0.140E+01 [CHANGED]
gr_btworkchildscaling       =                 0.100E+01
gr_btworkdefaultleaf        =                 0.200E+01
gr_btworkdefaultpar         =                 0.100E+01
gr_btworklbleaf             =                 0.000E+00
gr_btworklbpar              =                 0.000E+00
gr_btworkubleaf             =                 0.100E+07
gr_btworkubpar              =                 0.100E+07
gr_lrefinemaxredlogbase     =                 0.100E+02
gr_lrefinemaxredradiusfact  =                 0.000E+00
gr_lrefinemaxredtref        =                 0.000E+00
gr_lrefinemaxredtimescale   =                 0.100E+01
gr_lrefmaxtime_1            =                -0.100E+01
gr_lrefmaxtime_10           =                -0.100E+01
gr_lrefmaxtime_11           =                -0.100E+01
gr_lrefmaxtime_12           =                -0.100E+01
gr_lrefmaxtime_13           =                -0.100E+01
gr_lrefmaxtime_14           =                -0.100E+01
gr_lrefmaxtime_15           =                -0.100E+01
gr_lrefmaxtime_16           =                -0.100E+01
gr_lrefmaxtime_17           =                -0.100E+01
gr_lrefmaxtime_18           =                -0.100E+01
gr_lrefmaxtime_19           =                -0.100E+01
gr_lrefmaxtime_2            =                -0.100E+01
gr_lrefmaxtime_20           =                -0.100E+01
gr_lrefmaxtime_3            =                -0.100E+01
gr_lrefmaxtime_4            =                -0.100E+01
gr_lrefmaxtime_5            =                -0.100E+01
gr_lrefmaxtime_6            =                -0.100E+01
gr_lrefmaxtime_7            =                -0.100E+01
gr_lrefmaxtime_8            =                -0.100E+01
gr_lrefmaxtime_9            =                -0.100E+01
hy_cflfallbackfactor        =                 0.900E+00
hy_fpresinmomflux           =                 0.100E+01
hybridorderkappa            =                 0.000E+00
nusts                       =                 0.200E+00 [CHANGED]
plotfileintervaltime        =                 0.000E+00 [CHANGED]
plotfileintervalz           =                 0.180+309
radiusgp                    =                 0.200E+01
refine_cutoff_1             =                 0.800E+00
refine_cutoff_2             =                 0.800E+00
refine_cutoff_3             =                 0.800E+00
refine_cutoff_4             =                 0.800E+00
refine_filter_1             =                 0.100E-01
refine_filter_2             =                 0.100E-01
refine_filter_3             =                 0.100E-01
refine_filter_4             =                 0.100E-01
rss_limit                   =                -0.100E+01
sigmagp                     =                 0.300E+01
sim_derefineradius          =                 0.000E+00
sim_earliestlstime          =                 0.000E+00
sim_expenergy               =                 0.100E+01
sim_largestnormradius       =                 0.180+309
sim_latestlstime            =                 0.180+309
sim_minrhoinit              =                 0.100E-19
sim_pambient                =                 0.100E-04
sim_rinit                   =                 0.137E-01 [CHANGED]
sim_rhoambient              =                 0.100E+01
sim_smallestnormradius      =                 0.000E+00
sim_xctr                    =                 0.500E+00
sim_yctr                    =                 0.500E+00
sim_zctr                    =                 0.500E+00
small                       =                 0.100E-09
smalle                      =                 0.100E-09
smallp                      =                 0.100E-09
smallt                      =                 0.100E-09
smallu                      =                 0.100E-09
smallx                      =                 0.100E-09
smlrho                      =                 0.100E-09
tinitial                    =                 0.000E+00
tiny                        =                 0.100E-15
tmax                        =                 0.500E+06 [CHANGED]
tstep_change_factor         =                 0.200E+01
wall_clock_checkpoint       =                 0.432E+05
wall_clock_time_limit       =                 0.605E+06
x_refine_center             =                 0.000E+00
xmax                        =                 0.100E+01
xmin                        =                 0.000E+00
y_refine_center             =                 0.000E+00
ymax                        =                 0.100E+01
ymin                        =                 0.000E+00
zfinal                      =                 0.000E+00
zinitial                    =                -0.100E+01
z_refine_center             =                 0.000E+00
zmax                        =                 0.100E+01
zmin                        =                 0.000E+00
riemannsolver               = Roe                            [CHANGED]
unitsystem                  = none                          
basenm                      = sedov_                         [CHANGED]
entropyfixmethod            = HARTENHYMAN                   
eosmode                     = dens_ie                       
eosmodeinit                 = dens_ie                       
geometry                    = cartesian                     
gr_pmrpoutputdir            = ./                            
grav_boundary_type          = isolated                      
hy_eosmodegc                = see eosMode                   
log_file                    = sedov.log                      [CHANGED]
output_directory            =                               
pc_unitsbase                = CGS                           
plot_grid_var_1             = none                          
plot_grid_var_10            = none                          
plot_grid_var_11            = none                          
plot_grid_var_12            = none                          
plot_grid_var_13            = none                          
plot_grid_var_14            = none                          
plot_grid_var_15            = none                          
plot_grid_var_16            = none                          
plot_grid_var_17            = none                          
plot_grid_var_18            = none                          
plot_grid_var_19            = none                          
plot_grid_var_2             = none                          
plot_grid_var_20            = none                          
plot_grid_var_21            = none                          
plot_grid_var_22            = none                          
plot_grid_var_23            = none                          
plot_grid_var_24            = none                          
plot_grid_var_25            = none                          
plot_grid_var_26            = none                          
plot_grid_var_27            = none                          
plot_grid_var_28            = none                          
plot_grid_var_29            = none                          
plot_grid_var_3             = none                          
plot_grid_var_30            = none                          
plot_grid_var_31            = none                          
plot_grid_var_32            = none                          
plot_grid_var_33            = none                          
plot_grid_var_34            = none                          
plot_grid_var_35            = none                          
plot_grid_var_36            = none                          
plot_grid_var_37            = none                          
plot_grid_var_38            = none                          
plot_grid_var_39            = none                          
plot_grid_var_4             = none                          
plot_grid_var_40            = none                          
plot_grid_var_41            = none                          
plot_grid_var_42            = none                          
plot_grid_var_43            = none                          
plot_grid_var_44            = none                          
plot_grid_var_45            = none                          
plot_grid_var_46            = none                          
plot_grid_var_47            = none                          
plot_grid_var_48            = none                          
plot_grid_var_49            = none                          
plot_grid_var_5             = none                          
plot_grid_var_50            = none                          
plot_grid_var_51            = none                          
plot_grid_var_52            = none                          
plot_grid_var_53            = none                          
plot_grid_var_54            = none                          
plot_grid_var_55            = none                          
plot_grid_var_56            = none                          
plot_grid_var_57            = none                          
plot_grid_var_58            = none                          
plot_grid_var_59            = none                          
plot_grid_var_6             = none                          
plot_grid_var_60            = none                          
plot_grid_var_61            = none                          
plot_grid_var_62            = none                          
plot_grid_var_63            = none                          
plot_grid_var_64            = none                          
plot_grid_var_65            = none                          
plot_grid_var_66            = none                          
plot_grid_var_67            = none                          
plot_grid_var_68            = none                          
plot_grid_var_69            = none                          
plot_grid_var_7             = none                          
plot_grid_var_70            = none                          
plot_grid_var_71            = none                          
plot_grid_var_72            = none                          
plot_grid_var_73            = none                          
plot_grid_var_74            = none                          
plot_grid_var_75            = none                          
plot_grid_var_76            = none                          
plot_grid_var_77            = none                          
plot_grid_var_78            = none                          
plot_grid_var_8             = none                          
plot_grid_var_9             = none                          
plot_var_1                  = dens                           [CHANGED]
plot_var_10                 = none                          
plot_var_11                 = none                          
plot_var_12                 = none                          
plot_var_13                 = none                          
plot_var_14                 = none                          
plot_var_15                 = none                          
plot_var_16                 = none                          
plot_var_17                 = none                          
plot_var_18                 = none                          
plot_var_2                  = pres                           [CHANGED]
plot_var_3                  = temp                           [CHANGED]
plot_var_4                  = none                          
plot_var_5                  = none                          
plot_var_6                  = none                          
plot_var_7                  = none                          
plot_var_8                  = none                          
plot_var_9                  = none                          
prof_file                   = profile.dat                   
refine_var_1                = dens                           [CHANGED]
refine_var_2                = pres                           [CHANGED]
refine_var_3                = none                          
refine_var_4                = none                          
run_comment                 = Sedov explosion                [CHANGED]
run_number                  = 1                             
sim_proffilename            = /dev/null                      [CHANGED]
slopelimiter                = mc                             [CHANGED]
stats_file                  = flashx.dat                    
wenomethod                  = WENO5                         
xl_boundary_type            = outflow                        [CHANGED]
xr_boundary_type            = outflow                        [CHANGED]
yl_boundary_type            = outflow                        [CHANGED]
yr_boundary_type            = outflow                        [CHANGED]
zl_boundary_type            = outflow                        [CHANGED]
zr_boundary_type            = outflow                        [CHANGED]
csvsummaryallprocs          =  F
eosforriemann               =  F
logsummaryallprocs          =  F
addthermalflux              =  T
allowdtstsdominate          =  F
alwayscomputeuservars       =  T
alwaysrestrictcheckpoint    =  T
charlimiting                =  T
chkguardcellsinput          =  F
chkguardcellsoutput         =  F
conserveangmom              =  F
converttoconsvdformeshcalls =  F
converttoconsvdinmeshinterp =  T
corners                     =  F
dr_printtsteploc            =  T
dr_shortenlaststepbeforetmax =  F
drift_tuples                =  F
eachprocwritesownabortlog   =  F
eachprocwritessummary       =  F
earlyblockdistadjustment    =  T
enablemaskedgcfill          =  F
entropy                     =  F
flux_correct                =  T
flux_correct_perlevel       =  F
geometryoverride            =  F
gr_bcenableapplymixedgds    =  T
gr_bndgcfillneedsprimitivevars =  T
gr_btcustomwork             =  F
gr_btexchangework           =  F
gr_btsortbywork             =  T
gr_enabletiling             =  F
gr_lrefinemaxbytime         =  F
gr_lrefinemaxreddobylogr    =  F
gr_lrefinemaxreddobytime    =  F
gr_pmrpadvancealllevels     =  F
gr_pmrpamrerrorchecking     =  F
gr_pmrpcartesianpm          =  F
gr_pmrpconserve             =  F
gr_pmrpconsvfluxdensities   =  T
gr_pmrpconsvfluxes          =  F
gr_pmrpcurvilinear          =  F
gr_pmrpcurvilinearconserve  =  F
gr_pmrpcylindricalpm        =  F
gr_pmrpdiagonals            =  T
gr_pmrpedgevalue            =  T
gr_pmrpedgevalueinteg       =  F
gr_pmrpemptycells           =  F
gr_pmrpforceconsistency     =  T
gr_pmrplsingularline        =  F
gr_pmrpnopermanentguardcells =  F
gr_pmrppolarpm              =  F
gr_pmrppredcorr             =  F
gr_pmrpsphericalpm          =  F
gr_pmrptimingmpi            =  F
gr_pmrptimingmpix           =  F
gr_pmrpvardt                =  F
gr_usetiling                =  F
hy_fallbacklowercfl         =  F
hy_fullspecmsfluxhandling   =  T
hy_usetiling                =  F
ignoreforcedplot            =  F
io_writemscalarintegrals    =  F
plotfilegridquantitydp      =  F
plotfilemetadatadp          =  F
reducegcellfills            =  F
refine_on_particle_count    =  F
restart                     =  F
shockdetect                 =  F
shocklowercfl               =  F
sim_bcsetbdryvar            =  F
sim_forcecenterderefine     =  F
sim_onelevelintegralsonly   =  F
summaryoutputonly           =  F
threadblocklistbuild        =  F
threaddelepblocklist        =  F
threaddelepwithinblock      =  F
threaddriverblocklist       =  F
threaddriverwithinblock     =  F
threadeoswithinblock        =  F
threadhydroblocklist        =  F
threadhydrowithinblock      =  F
threadraytracebuild         =  F
threadwithinblockbuild      =  F
tmr_suppressinparallel      =  F
typematchedxfer             =  T
unbiased_geometry           =  F
updatehydrofluxes           =  T
useburn                     =  F
usecollectivehdf5           =  T
usedeleptonize              =  F
usegravity                  =  F
useheatad                   =  F
useheater                   =  F
usehydro                    =  T
useimbound                  =  F
useincompns                 =  F
useinlet                    =  F
uselegacylabels             =  T
usemultiphase               =  F
useorchestration            =  F
useoutlet                   =  F
useparticles                =  F
useradtrans                 =  F
usests                      =  F
usestsfordiffusion          =  F
usesolidmechanics           =  F
use_3dfullctu               =  T
use_auxeinteqn              =  T
use_avisc                   =  T [CHANGED]
use_cma_advection           =  F
use_cma_flattening          =  F
use_flash_surr_blks_fill    =  T
use_flattening              =  F
use_gravhalfupdate          =  T
use_hybridorder             =  F
use_reduced_orrery          =  T
use_steepening              =  F
use_upwindtvd               =  F
writestatsummary            =  T
                                                                               
 ==============================================================================
                                                                               
 Known units of measurement:
                                                                               
              Unit                          CGS Value                Base Unit
  1                  cm                     1.0000                           cm
  2                   s                     1.0000                            s
  3                   g                     1.0000                            g
  4                   K                     1.0000                            K
  5                 esu                     1.0000                          esu
  6                 mol                     1.0000                          mol
  7                   m                     100.00                           cm
  8                  km                    1.00000E+05                       cm
  9                  pc                    3.08568E+18                       cm
 10                 kpc                    3.08568E+21                       cm
 11                 Mpc                    3.08568E+24                       cm
 12                 Gpc                    3.08568E+27                       cm
 13                Rsun                    6.96000E+10                       cm
 14                  AU                    1.49598E+13                       cm
 15                  yr                    3.15569E+07                        s
 16                 Myr                    3.15569E+13                        s
 17                 Gyr                    3.15569E+16                        s
 18                  kg                     1000.0                            g
 19                Msun                    1.98892E+33                        g
 20                 amu                    1.66054E-24                        g
 21                  eV                     11605.                            K
 22                   C                    2.99792E+09                      esu
 23                LFLY                    3.08568E+24                       cm
 24                TFLY                    2.05759E+17                        s
 25                MFLY                    9.88470E+45                        g
 26            clLength                    3.08568E+24                       cm
 27              clTime                    3.15569E+16                        s
 28              clMass                    1.98892E+48                        g
 29              clTemp                    1.16045E+07                        K
-----------End of Units--------------------
                                                                               
 Known physical constants:
                                                                               
    Constant Name       Constant Value   cm       s        g        K        esu      mol
  1              Newton    6.67408E-08   3.0     -2.0     -1.0      0.0      0.0      0.0    
  2      speed of light    2.99792E+10   1.0     -1.0      0.0      0.0      0.0      0.0    
  3              Planck    6.62607E-27   2.0     -1.0      1.0      0.0      0.0      0.0    
  4     electron charge    4.80320E-10   0.0      0.0      0.0      0.0      1.0      0.0    
  5       electron mass    9.10938E-28   0.0      0.0      1.0      0.0      0.0      0.0    
  6         proton mass    1.67262E-24   0.0      0.0      1.0      0.0      0.0      0.0    
  7      fine-structure    7.29735E-03   0.0      0.0      0.0      0.0      0.0      0.0    
  8            Avogadro    6.02214E+23   0.0      0.0      0.0      0.0      0.0     -1.0    
  9           Boltzmann    1.38065E-16   2.0     -2.0      1.0     -1.0      0.0      0.0    
 10  ideal gas constant    8.31446E+07   2.0     -2.0      1.0     -1.0      0.0     -1.0    
 11                Wien    0.28978       1.0      0.0      0.0      1.0      0.0      0.0    
 12    Stefan-Boltzmann    5.67037E-05   0.0     -3.0      1.0     -4.0      0.0      0.0    
 13  Radiation Constant    7.56572E-15  -1.0     -2.0      1.0     -4.0      0.0      0.0    
 14                  pi     3.1416       0.0      0.0      0.0      0.0      0.0      0.0    
 15                   e     2.7183       0.0      0.0      0.0      0.0      0.0      0.0    
 16               Euler    0.57722       0.0      0.0      0.0      0.0      0.0      0.0    
 ==============================================================================
                                                                               
 Multifluid database: not configured in
                                                                               
 ==============================================================================
 [ 03-05-2025  13:18:58.090 ] [gr_initGeometry] checking BCs for idir: 1
 [ 03-05-2025  13:18:58.090 ] [gr_initGeometry] checking BCs for idir: 2
 [ 03-05-2025  13:18:58.090 ] [gr_initGeometry] checking BCs for idir: 3
 [ 03-05-2025  13:18:59.774 ] [GRID amr_refine_derefine]: initiating refinement
 [ 03-05-2025  13:18:59.775 ] [GRID amr_refine_derefine]: redist. phase.  tot blks requested: 4096
 [GRID amr_refine_derefine] min blks 4    max blks 5    tot blks 4096
 [GRID amr_refine_derefine] min leaf blks 4    max leaf blks 5    tot leaf blks 4096
 [ 03-05-2025  13:18:59.945 ] [GRID amr_refine_derefine]: refinement complete
 [ 03-05-2025  13:19:00.043 ] [GRID gr_expandDomain]: iteration=1, create level=2
 INFO: Grid_fillGuardCells is ignoring masking.
 [ 03-05-2025  13:19:05.223 ] [mpi_amr_comm_setup]: buffer_dim_send=3349693, buffer_dim_recv=2207173
 [ 03-05-2025  13:19:06.716 ] [GRID amr_refine_derefine]: initiating refinement
 [ 03-05-2025  13:19:06.727 ] [GRID amr_refine_derefine]: redist. phase.  tot blks requested: 4160
 [GRID amr_refine_derefine] min blks 4    max blks 5    tot blks 4160
 [GRID amr_refine_derefine] min leaf blks 4    max leaf blks 5    tot leaf blks 4152
 [ 03-05-2025  13:19:06.848 ] [GRID amr_refine_derefine]: refinement complete
 [ 03-05-2025  13:19:06.850 ] [GRID gr_expandDomain]: iteration=2, create level=3
 [ 03-05-2025  13:19:12.756 ] [GRID amr_refine_derefine]: initiating refinement
 [ 03-05-2025  13:19:12.766 ] [GRID amr_refine_derefine]: redist. phase.  tot blks requested: 4224
 [GRID amr_refine_derefine] min blks 4    max blks 6    tot blks 4224
 [GRID amr_refine_derefine] min leaf blks 3    max leaf blks 5    tot leaf blks 4208
 [ 03-05-2025  13:19:12.878 ] [GRID amr_refine_derefine]: refinement complete
 [ 03-05-2025  13:19:12.880 ] [GRID gr_expandDomain]: iteration=3, create level=4
 [ 03-05-2025  13:19:18.053 ] [mpi_amr_comm_setup]: buffer_dim_send=3423553, buffer_dim_recv=2207173
 [ 03-05-2025  13:19:18.807 ] [GRID amr_refine_derefine]: initiating refinement
 [ 03-05-2025  13:19:18.811 ] [GRID amr_refine_derefine]: redist. phase.  tot blks requested: 4288
 [GRID amr_refine_derefine] min blks 4    max blks 6    tot blks 4288
 [GRID amr_refine_derefine] min leaf blks 3    max leaf blks 5    tot leaf blks 4264
 [ 03-05-2025  13:19:18.918 ] [GRID amr_refine_derefine]: refinement complete
 [ 03-05-2025  13:19:18.920 ] [GRID gr_expandDomain]: iteration=4, create level=5
 [ 03-05-2025  13:19:24.209 ] [mpi_amr_comm_setup]: buffer_dim_send=3422269, buffer_dim_recv=2207173
 [ 03-05-2025  13:19:25.101 ] [GRID amr_refine_derefine]: initiating refinement
 [ 03-05-2025  13:19:25.110 ] [GRID amr_refine_derefine]: redist. phase.  tot blks requested: 6144
 [GRID amr_refine_derefine] min blks 6    max blks 9    tot blks 6144
 [GRID amr_refine_derefine] min leaf blks 5    max leaf blks 7    tot leaf blks 5888
 [ 03-05-2025  13:19:25.250 ] [GRID amr_refine_derefine]: refinement complete
 [ 03-05-2025  13:19:25.254 ] [GRID gr_expandDomain]: iteration=5, create level=6
 [ 03-05-2025  13:19:32.834 ] [mpi_amr_comm_setup]: buffer_dim_send=2974177, buffer_dim_recv=2540365
 [ 03-05-2025  13:19:33.994 ] [GRID amr_refine_derefine]: initiating refinement
 [ 03-05-2025  13:19:34.006 ] [GRID amr_refine_derefine]: redist. phase.  tot blks requested: 9152
 [GRID amr_refine_derefine] min blks 9    max blks 12    tot blks 9152
 [GRID amr_refine_derefine] min leaf blks 7    max leaf blks 10    tot leaf blks 8520
 [ 03-05-2025  13:19:34.200 ] [GRID amr_refine_derefine]: refinement complete
 [ 03-05-2025  13:19:34.205 ] [GRID gr_expandDomain]: iteration=6, create level=6
 [ 03-05-2025  13:19:45.090 ] [mpi_amr_comm_setup]: buffer_dim_send=4843741, buffer_dim_recv=2669029
 [ 03-05-2025  13:19:46.602 ] [GRID gr_expandDomain]: iteration=7, create level=6
 [ 03-05-2025  13:19:58.993 ] [GRID gr_expandDomain]: iteration=8, create level=6
 [ 03-05-2025  13:20:10.826 ] memory: /proc vsize    (MB):     4596.92 (min)       4799.12 (max)       4731.42 (avg)
 [ 03-05-2025  13:20:10.826 ] memory: /proc rss      (MB):     1840.82 (min)       1930.64 (max)       1894.82 (avg)
 [ 03-05-2025  13:20:10.827 ] memory: /proc vsize    (MB):     4596.92 (min)       4799.12 (max)       4731.42 (avg)
 [ 03-05-2025  13:20:10.827 ] memory: /proc rss      (MB):     1840.82 (min)       1930.64 (max)       1894.82 (avg)
 [ 03-05-2025  13:20:10.847 ] memory: /proc vsize    (MB):     4596.92 (min)       4799.12 (max)       4731.42 (avg)
 [ 03-05-2025  13:20:10.847 ] memory: /proc rss      (MB):     1840.82 (min)       1930.64 (max)       1894.82 (avg)
 [ 03-05-2025  13:20:14.400 ] [IO_writeCheckpoint] open: type=checkpoint name=sedov_hdf5_chk_0000
 [ 03-05-2025  13:20:22.186 ] [io_writeData]: wrote    9152          blocks
 [ 03-05-2025  13:20:22.200 ] [IO_writeCheckpoint] close: type=checkpoint name=sedov_hdf5_chk_0000
 [ 03-05-2025  13:20:22.271 ] [IO_writePlotfile] open: type=plotfile name=sedov_hdf5_plt_cnt_0000
 [ 03-05-2025  13:20:23.043 ] [io_writeData]: wrote    9152          blocks
 [ 03-05-2025  13:20:23.053 ] [IO_writePlotfile] close: type=plotfile name=sedov_hdf5_plt_cnt_0000
 [ 03-05-2025  13:20:23.054 ] memory: /proc vsize    (MB):     4620.50 (min)       5011.85 (max)       4740.83 (avg)
 [ 03-05-2025  13:20:23.055 ] memory: /proc rss      (MB):     1847.24 (min)       1937.70 (max)       1903.13 (avg)
 [ 03-05-2025  13:20:23.055 ] [Driver_evolveAll]: Entering evolution loop
 [ 03-05-2025  13:20:23.055 ] step: n=1 t=0.000000E+00 dt=1.000000E-10
 [ 03-05-2025  13:20:26.773 ] step: n=2 t=1.000000E-10 dt=2.000000E-10
 [ 03-05-2025  13:20:33.037 ] step: n=3 t=3.000000E-10 dt=4.000000E-10
 [ 03-05-2025  13:20:36.721 ] step: n=4 t=7.000000E-10 dt=8.000000E-10
 [ 03-05-2025  13:20:42.977 ] step: n=5 t=1.500000E-09 dt=1.600000E-09
 [ 03-05-2025  13:20:46.659 ] step: n=6 t=3.100000E-09 dt=3.200000E-09
 [ 03-05-2025  13:20:52.928 ] step: n=7 t=6.300000E-09 dt=6.400000E-09
 [ 03-05-2025  13:20:56.618 ] step: n=8 t=1.270000E-08 dt=1.280000E-08
 [ 03-05-2025  13:21:02.907 ] step: n=9 t=2.550000E-08 dt=2.560000E-08
 [ 03-05-2025  13:21:06.608 ] step: n=10 t=5.110000E-08 dt=5.120000E-08
 [ 03-05-2025  13:21:16.551 ] [IO_writeCheckpoint] open: type=checkpoint name=sedov_hdf5_chk_0001
 [ 03-05-2025  13:21:24.185 ] [io_writeData]: wrote    9152          blocks
 [ 03-05-2025  13:21:24.190 ] [IO_writeCheckpoint] close: type=checkpoint name=sedov_hdf5_chk_0001
 [ 03-05-2025  13:21:24.192 ] step: n=11 t=1.023000E-07 dt=1.024000E-07
 [ 03-05-2025  13:21:27.884 ] step: n=12 t=2.047000E-07 dt=2.011896E-07
 [ 03-05-2025  13:21:34.202 ] step: n=13 t=4.058896E-07 dt=1.856898E-07
 [ 03-05-2025  13:21:37.900 ] step: n=14 t=5.915794E-07 dt=1.729914E-07
 [ 03-05-2025  13:21:44.185 ] step: n=15 t=7.645708E-07 dt=1.642472E-07
 [ 03-05-2025  13:21:47.878 ] step: n=16 t=9.288179E-07 dt=1.580871E-07
 [ 03-05-2025  13:21:54.143 ] step: n=17 t=1.086905E-06 dt=1.534569E-07
 [ 03-05-2025  13:21:57.856 ] step: n=18 t=1.240362E-06 dt=1.499651E-07
 [ 03-05-2025  13:22:04.167 ] step: n=19 t=1.390327E-06 dt=1.474127E-07
 [ 03-05-2025  13:22:07.865 ] step: n=20 t=1.537740E-06 dt=1.456205E-07
 [ 03-05-2025  13:22:17.899 ] [IO_writeCheckpoint] open: type=checkpoint name=sedov_hdf5_chk_0002
 [ 03-05-2025  13:22:25.488 ] [io_writeData]: wrote    9152          blocks
 [ 03-05-2025  13:22:25.522 ] [IO_writeCheckpoint] close: type=checkpoint name=sedov_hdf5_chk_0002
 [ 03-05-2025  13:22:25.523 ] step: n=21 t=1.683360E-06 dt=1.444985E-07
 [ 03-05-2025  13:22:29.210 ] step: n=22 t=1.827859E-06 dt=1.441710E-07
 [ 03-05-2025  13:22:35.509 ] step: n=23 t=1.972030E-06 dt=1.441286E-07
 [ 03-05-2025  13:22:39.213 ] step: n=24 t=2.116158E-06 dt=1.441099E-07
 [ 03-05-2025  13:22:45.478 ] step: n=25 t=2.260268E-06 dt=1.441302E-07
 [ 03-05-2025  13:22:49.187 ] step: n=26 t=2.404398E-06 dt=1.442588E-07
 [ 03-05-2025  13:22:55.423 ] [GRID amr_refine_derefine]: initiating refinement
 [ 03-05-2025  13:22:55.432 ] [GRID amr_refine_derefine]: redist. phase.  tot blks requested: 9536
 [GRID amr_refine_derefine] min blks 10    max blks 13    tot blks 9536
 [GRID amr_refine_derefine] min leaf blks 8    max leaf blks 11    tot leaf blks 8856
 [ 03-05-2025  13:22:55.632 ] [GRID amr_refine_derefine]: refinement complete
 [ 03-05-2025  13:22:56.039 ] step: n=27 t=2.548657E-06 dt=1.444833E-07
 [ 03-05-2025  13:22:56.039 ] [mpi_amr_comm_setup]: buffer_dim_send=4300885, buffer_dim_recv=2669029
 [ 03-05-2025  13:22:59.885 ] step: n=28 t=2.693141E-06 dt=1.448057E-07
 [ 03-05-2025  13:23:06.471 ] step: n=29 t=2.837946E-06 dt=1.450172E-07
 [ 03-05-2025  13:23:10.315 ] step: n=30 t=2.982964E-06 dt=1.450055E-07
 [ 03-05-2025  13:23:20.531 ] [IO_writeCheckpoint] open: type=checkpoint name=sedov_hdf5_chk_0003
 [ 03-05-2025  13:23:28.234 ] [io_writeData]: wrote    9536          blocks
 [ 03-05-2025  13:23:28.241 ] [IO_writeCheckpoint] close: type=checkpoint name=sedov_hdf5_chk_0003
 [ 03-05-2025  13:23:28.242 ] step: n=31 t=3.127969E-06 dt=1.449474E-07
 [ 03-05-2025  13:23:32.088 ] step: n=32 t=3.272916E-06 dt=1.449259E-07
 [ 03-05-2025  13:23:38.660 ] step: n=33 t=3.417842E-06 dt=1.447113E-07
 [ 03-05-2025  13:23:42.512 ] step: n=34 t=3.562554E-06 dt=1.446418E-07
 [ 03-05-2025  13:23:49.073 ] step: n=35 t=3.707195E-06 dt=1.446455E-07
 [ 03-05-2025  13:23:52.924 ] step: n=36 t=3.851841E-06 dt=1.446573E-07
 [ 03-05-2025  13:23:59.530 ] step: n=37 t=3.996498E-06 dt=1.446767E-07
 [ 03-05-2025  13:24:03.383 ] step: n=38 t=4.141175E-06 dt=1.447318E-07
 [ 03-05-2025  13:24:10.019 ] step: n=39 t=4.285907E-06 dt=1.447598E-07
 [ 03-05-2025  13:24:13.866 ] step: n=40 t=4.430666E-06 dt=1.447127E-07
 [ 03-05-2025  13:24:24.197 ] [IO_writeCheckpoint] open: type=checkpoint name=sedov_hdf5_chk_0004
 [ 03-05-2025  13:24:31.974 ] [io_writeData]: wrote    9536          blocks
 [ 03-05-2025  13:24:31.982 ] [IO_writeCheckpoint] close: type=checkpoint name=sedov_hdf5_chk_0004
 [ 03-05-2025  13:24:31.984 ] step: n=41 t=4.575379E-06 dt=1.446812E-07
 [ 03-05-2025  13:24:35.841 ] step: n=42 t=4.720060E-06 dt=1.446456E-07
 [ 03-05-2025  13:24:42.385 ] step: n=43 t=4.864706E-06 dt=1.446294E-07
 [ 03-05-2025  13:24:46.238 ] step: n=44 t=5.009335E-06 dt=1.446250E-07
 [ 03-05-2025  13:24:52.854 ] step: n=45 t=5.153960E-06 dt=1.445216E-07
 [ 03-05-2025  13:24:56.692 ] step: n=46 t=5.298482E-06 dt=1.444823E-07
 [ 03-05-2025  13:25:03.303 ] step: n=47 t=5.442964E-06 dt=1.444551E-07
 [ 03-05-2025  13:25:07.154 ] step: n=48 t=5.587419E-06 dt=1.444288E-07
 [ 03-05-2025  13:25:13.774 ] step: n=49 t=5.731848E-06 dt=1.444159E-07
 [ 03-05-2025  13:25:17.626 ] step: n=50 t=5.876264E-06 dt=1.444089E-07
 [ 03-05-2025  13:25:27.877 ] [IO_writeCheckpoint] open: type=checkpoint name=sedov_hdf5_chk_0005
 [ 03-05-2025  13:25:35.464 ] [io_writeData]: wrote    9536          blocks
 [ 03-05-2025  13:25:35.469 ] [IO_writeCheckpoint] close: type=checkpoint name=sedov_hdf5_chk_0005
 [ 03-05-2025  13:25:35.470 ] step: n=51 t=6.020673E-06 dt=1.443103E-07
 [ 03-05-2025  13:25:39.302 ] step: n=52 t=6.164983E-06 dt=1.442630E-07
 [ 03-05-2025  13:25:45.938 ] step: n=53 t=6.309246E-06 dt=1.442278E-07
 [ 03-05-2025  13:25:49.785 ] step: n=54 t=6.453474E-06 dt=1.441955E-07
 [ 03-05-2025  13:25:56.400 ] step: n=55 t=6.597670E-06 dt=1.441758E-07
 [ 03-05-2025  13:26:00.234 ] step: n=56 t=6.741845E-06 dt=1.441499E-07
 [ 03-05-2025  13:26:06.848 ] step: n=57 t=6.885995E-06 dt=1.440523E-07
 [ 03-05-2025  13:26:10.688 ] step: n=58 t=7.030048E-06 dt=1.439965E-07
 [ 03-05-2025  13:26:17.229 ] step: n=59 t=7.174044E-06 dt=1.439601E-07
 [ 03-05-2025  13:26:21.058 ] step: n=60 t=7.318004E-06 dt=1.439284E-07
 [ 03-05-2025  13:26:31.397 ] [IO_writeCheckpoint] open: type=checkpoint name=sedov_hdf5_chk_0006
 [ 03-05-2025  13:26:39.069 ] [io_writeData]: wrote    9536          blocks
 [ 03-05-2025  13:26:39.078 ] [IO_writeCheckpoint] close: type=checkpoint name=sedov_hdf5_chk_0006
 [ 03-05-2025  13:26:39.080 ] [Driver_evolveAll]: Exiting evolution loop
 [ 03-05-2025  13:26:39.150 ] [IO_writePlotfile] open: type=plotfile name=sedov_forced_hdf5_plt_cnt_0000
 [ 03-05-2025  13:26:39.962 ] [io_writeData]: wrote    9536          blocks
 [ 03-05-2025  13:26:39.990 ] [IO_writePlotfile] close: type=plotfile name=sedov_forced_hdf5_plt_cnt_0000
 [ 03-05-2025  13:26:39.990 ] memory: /proc vsize    (MB):     4627.86 (min)       5018.77 (max)       4760.49 (avg)
 [ 03-05-2025  13:26:39.990 ] memory: /proc rss      (MB):     1959.30 (min)       2060.94 (max)       1997.97 (avg)
 ==============================================================================
 perf_summary: code performance summary for process            0
                      beginning : 03-05-2025  13:18:58
                         ending : 03-05-2025  13:26:39
   seconds in monitoring period :              461.902
      number of evolution steps :                   60
 ------------------------------------------------------------------------------
 accounting unit                       time sec  num calls   secs avg  time pct
 ------------------------------------------------------------------------------
 initialization                         84.966      1          84.966    18.395
  eos                                    0.204      8           0.025     0.044
  guardcell internal                     2.606      7           0.372     0.564
   amr_guardcell                         2.473      7           0.353     0.535
   eos gc                                0.000      7           0.000     0.000
  writeCheckpoint                       11.332      1          11.332     2.453
   restrictAll                           3.344      1           3.344     0.724
  writePlotfile                          0.852      1           0.852     0.184
 writePlotfile                           0.909      1           0.909     0.197
 evolution                             376.025      1         376.025    81.408
  Hydro                                168.077     60           2.801    36.388
   Head                                 37.175     60           0.620     8.048
    guardcell internal                  37.174     60           0.620     8.048
     amr_guardcell                      34.439     60           0.574     7.456
     eos gc                              0.002     60           0.000     0.000
   compute fluxes                      125.162     60           2.086    27.097
    hy_computeFluxes                   125.160    600           0.209    27.097
     RiemannState                      107.278    600           0.179    23.225
     getFaceFlux                        17.731    600           0.030     3.839
   conserveFluxes                        0.046     60           0.001     0.010
   update solution                       5.626     60           0.094     1.218
    update solution body                 5.625    600           0.009     1.218
     unsplitUpdate                       2.119    600           0.004     0.459
  sourceTerms                            0.000     60           0.000     0.000
  Particles_advance                      0.000     60           0.000     0.000
  Gravity potential                      0.000     60           0.000     0.000
  IO_output                            125.828    120           1.049    27.241
   diagnostics                          57.571    120           0.480    12.464
   checkpointing                        68.225      6          11.371    14.770
    writeCheckpoint                     68.223      6          11.371    14.770
     restrictAll                        21.601      6           3.600     4.677
  Grid_updateRefinement                 80.985     60           1.350    17.533
   eos                                   0.073      1           0.073     0.016
   tree                                 80.912     60           1.349    17.517
    markRefineDerefine                  21.351     30           0.712     4.622
     guardcell internal                 18.805     30           0.627     4.071
      amr_guardcell                     17.483     30           0.583     3.785
      eos gc                             0.001     30           0.000     0.000
    amr_refine_derefine                 58.438     30           1.948    12.652
    updateData                           0.000     30           0.000     0.000
   updateParticleRefinement              0.000      1           0.000     0.000
  Driver_computeDt                       1.116     60           0.019     0.242
 ==============================================================================
 [ 03-05-2025  13:26:39.993 ] [Timers_getSummary]: Not writing timer max/min/avg values because not all processors had same timers
 [ 03-05-2025  13:26:39.993 ] LOGFILE_END: FLASH run complete.
 FLASH log file:  03-05-2025  13:26:48.814    Run number:  1
 ==============================================================================
 Number of MPI tasks:                896
 MPI version:                          3
 MPI subversion:                       1
 Dimensionality:                       3
 Max Number of Blocks/Proc:          200
 Number x zones:                      32
 Number y zones:                      32
 Number z zones:                      32
 Setup stamp:     Fri Nov 1 14:03:57 2024
 Build stamp:     Fri Nov 1 14:04:23 2024
 System info:     Linux corona211 4.18.0-553.22.1.1toss.t4.x86_64 #1 SMP Tue Sep 24 16:50:00 PDT 2
 Version:         Flash-X 1.0 (heads/main-0-g6040ba49-dirty)                                      
 Build directory: /usr/workspace/ather1/Flash-X/sedov
 Setup syntax:    /usr/workspace/ather1/Flash-X/bin/setup.py Sedov -auto -3d -nxb=32 -nyb=32 -nzb=32 +parallelio -objdir=/usr/workspace/ather1/Flash-X/sedov
 f compiler flags: mpif90 -ggdb -c -O2 -fdefault-real-8 -fdefault-double-8 -Wuninitialized -fallow-argument-mismatch -fallow-argument-mismatch -DMAXBLOCKS=200 -DNXB=32 -DNYB=32 -DNZB=32 -DN_DIM=3
 c compiler flags:    mpicc -I/p/lustre2/ather1/hdf5-1.14.4-3/install/include -DH5_USE_18_API -ggdb -c -O2 -Wuninitialized -D_FORTIFY_SOURCE=2 -DMAXBLOCKS=200 -DNXB=32 -DNYB=32 -DNZB=32 -DN_DIM=3
 ==============================================================================
 Comment:  Sedov explosion
 ==============================================================================
 FLASH Units used:
   Driver/DriverMain/Unsplit
   Grid/GridBoundaryConditions
   Grid/GridMain/AMR/Paramesh4/PM4_package/flash_avoid_orrery
   Grid/GridMain/AMR/Paramesh4/PM4_package/headers
   Grid/GridMain/AMR/Paramesh4/PM4_package/source
   Grid/GridMain/AMR/Paramesh4/PM4_package/utilities/multigrid
   Grid/GridMain/AMR/Paramesh4/interpolation/prolong
   Grid/GridMain/AMR/Paramesh4/levelFlux
   Grid/localAPI
   IO/IOMain/hdf5/parallel/PM
   IO/localAPI
   PhysicalConstants/PhysicalConstantsMain
   RuntimeParameters/RuntimeParametersMain
   Simulation/SimulationMain/Sedov
   TimeAdvance/TimeAdvanceMain/StrangSplit
   flashUtilities/contiguousConversion
   flashUtilities/general
   flashUtilities/interpolation/oneDim
   flashUtilities/nameValueLL
   flashUtilities/sorting/quicksort
   flashUtilities/system/memoryUsage/legacy
   monitors/Logfile/LogfileMain
   monitors/Timers/TimersMain/MPINative
   physics/Eos/EosMain/Gamma
   physics/Hydro/HydroMain/unsplit/OnlyHydro
   physics/Hydro/HydroMain/unsplit/levelFlux
   physics/Hydro/localAPI
 ==============================================================================
 RuntimeParameters:
                                                                               
 ==============================================================================
bndpriorityone              =          1
bndprioritythree            =          3
bndprioritytwo              =          2
checkpointfileintervalstep  =         10 [CHANGED]
checkpointfilenumber        =          0
dr_abortpause               =          2
dr_dtminbelowaction         =          1
drift_break_inst            =          0
drift_trunc_mantissa        =          2
drift_verbose_inst          =          0
eos_entrelescalechoice      =          6
eos_loglevel                =        700
fileformatversion           =          9
forcedplotfilenumber        =          0
gr_lrefmaxtimevalue_1       =         -1
gr_lrefmaxtimevalue_10      =         -1
gr_lrefmaxtimevalue_11      =         -1
gr_lrefmaxtimevalue_12      =         -1
gr_lrefmaxtimevalue_13      =         -1
gr_lrefmaxtimevalue_14      =         -1
gr_lrefmaxtimevalue_15      =         -1
gr_lrefmaxtimevalue_16      =         -1
gr_lrefmaxtimevalue_17      =         -1
gr_lrefmaxtimevalue_18      =         -1
gr_lrefmaxtimevalue_19      =         -1
gr_lrefmaxtimevalue_2       =         -1
gr_lrefmaxtimevalue_20      =         -1
gr_lrefmaxtimevalue_3       =         -1
gr_lrefmaxtimevalue_4       =         -1
gr_lrefmaxtimevalue_5       =         -1
gr_lrefmaxtimevalue_6       =         -1
gr_lrefmaxtimevalue_7       =         -1
gr_lrefmaxtimevalue_8       =         -1
gr_lrefmaxtimevalue_9       =         -1
gr_pmrpdivergencefree       =         -1
gr_pmrpifaceoff             =          0
gr_pmrpl2p5d                =          0
gr_pmrpmaxblocks            =         -1
gr_pmrpmflags               =          1
gr_pmrpnboundaries          =          6
gr_pmrpndim                 =          3
gr_pmrpnedgevar1            =         -1
gr_pmrpnfacevar             =         -1
gr_pmrpnfielddivf           =         -1
gr_pmrpnfluxvar             =         -1
gr_pmrpnguard               =         -1
gr_pmrpnguardwork           =         -1
gr_pmrpnvar                 =         -1
gr_pmrpnvarwork             =          1
gr_pmrpnvarcorn             =          0
gr_pmrpnvaredge             =          0
gr_pmrpnxb                  =         -1
gr_pmrpnyb                  =         -1
gr_pmrpnzb                  =         -1
gr_restrictallmethod        =          3
gr_sanitizedatamode         =          1
gr_sanitizeverbosity        =          5
gr_tilesizex                =         32
gr_tilesizey                =         32
gr_tilesizez                =         32
hy_3torder                  =         -1
hydrocomputedtoption        =         -1
iprocs                      =          1
interpol_order              =          2
irenorm                     =          0
jprocs                      =          1
kprocs                      =          1
lrefine_del                 =          0
lrefine_max                 =          6 [CHANGED]
lrefine_min                 =          1
lrefine_min_init            =          1
max_particles_per_blk       =        100
memory_stat_freq            =     100000
meshcopycount               =          1
min_particles_per_blk       =          1
nbegin                      =          1
nblockx                     =         16 [CHANGED]
nblocky                     =         16 [CHANGED]
nblockz                     =         16 [CHANGED]
nend                        =         60 [CHANGED]
nrefs                       =          2
nsteptotalsts               =          5
order                       =          3 [CHANGED]
outputsplitnum              =          1
plotfileintervalstep        =          0
plotfilenumber              =          0
refine_var_count            =          4
rolling_checkpoint          =      10000
sim_centerrefinelevel       =          1
sim_integralslevel          =         -1
sim_nsubzones               =          7
sweeporder                  =        123
transorder                  =          1
wr_integrals_freq           =          1
limitedslopebeta            =                 0.100E+01
cfl                         =                 0.800E+00
checkpointfileintervaltime  =                 0.000E+00 [CHANGED]
checkpointfileintervalz     =                 0.180+309
cvisc                       =                 0.100E+00
derefine_cutoff_1           =                 0.200E+00
derefine_cutoff_2           =                 0.200E+00
derefine_cutoff_3           =                 0.200E+00
derefine_cutoff_4           =                 0.200E+00
dr_dtmincontinue            =                 0.000E+00
dr_tstepslowstartfactor     =                 0.100E+00
dtinit                      =                 0.100E-09
dtmax                       =                 0.100E+06
dtmin                       =                 0.100E-09
eintswitch                  =                 0.100E-03 [CHANGED]
eos_singlespeciesa          =                 0.100E+01
eos_singlespeciesz          =                 0.100E+01
gamma                       =                 0.140E+01 [CHANGED]
gr_btworkchildscaling       =                 0.100E+01
gr_btworkdefaultleaf        =                 0.200E+01
gr_btworkdefaultpar         =                 0.100E+01
gr_btworklbleaf             =                 0.000E+00
gr_btworklbpar              =                 0.000E+00
gr_btworkubleaf             =                 0.100E+07
gr_btworkubpar              =                 0.100E+07
gr_lrefinemaxredlogbase     =                 0.100E+02
gr_lrefinemaxredradiusfact  =                 0.000E+00
gr_lrefinemaxredtref        =                 0.000E+00
gr_lrefinemaxredtimescale   =                 0.100E+01
gr_lrefmaxtime_1            =                -0.100E+01
gr_lrefmaxtime_10           =                -0.100E+01
gr_lrefmaxtime_11           =                -0.100E+01
gr_lrefmaxtime_12           =                -0.100E+01
gr_lrefmaxtime_13           =                -0.100E+01
gr_lrefmaxtime_14           =                -0.100E+01
gr_lrefmaxtime_15           =                -0.100E+01
gr_lrefmaxtime_16           =                -0.100E+01
gr_lrefmaxtime_17           =                -0.100E+01
gr_lrefmaxtime_18           =                -0.100E+01
gr_lrefmaxtime_19           =                -0.100E+01
gr_lrefmaxtime_2            =                -0.100E+01
gr_lrefmaxtime_20           =                -0.100E+01
gr_lrefmaxtime_3            =                -0.100E+01
gr_lrefmaxtime_4            =                -0.100E+01
gr_lrefmaxtime_5            =                -0.100E+01
gr_lrefmaxtime_6            =                -0.100E+01
gr_lrefmaxtime_7            =                -0.100E+01
gr_lrefmaxtime_8            =                -0.100E+01
gr_lrefmaxtime_9            =                -0.100E+01
hy_cflfallbackfactor        =                 0.900E+00
hy_fpresinmomflux           =                 0.100E+01
hybridorderkappa            =                 0.000E+00
nusts                       =                 0.200E+00 [CHANGED]
plotfileintervaltime        =                 0.000E+00 [CHANGED]
plotfileintervalz           =                 0.180+309
radiusgp                    =                 0.200E+01
refine_cutoff_1             =                 0.800E+00
refine_cutoff_2             =                 0.800E+00
refine_cutoff_3             =                 0.800E+00
refine_cutoff_4             =                 0.800E+00
refine_filter_1             =                 0.100E-01
refine_filter_2             =                 0.100E-01
refine_filter_3             =                 0.100E-01
refine_filter_4             =                 0.100E-01
rss_limit                   =                -0.100E+01
sigmagp                     =                 0.300E+01
sim_derefineradius          =                 0.000E+00
sim_earliestlstime          =                 0.000E+00
sim_expenergy               =                 0.100E+01
sim_largestnormradius       =                 0.180+309
sim_latestlstime            =                 0.180+309
sim_minrhoinit              =                 0.100E-19
sim_pambient                =                 0.100E-04
sim_rinit                   =                 0.137E-01 [CHANGED]
sim_rhoambient              =                 0.100E+01
sim_smallestnormradius      =                 0.000E+00
sim_xctr                    =                 0.500E+00
sim_yctr                    =                 0.500E+00
sim_zctr                    =                 0.500E+00
small                       =                 0.100E-09
smalle                      =                 0.100E-09
smallp                      =                 0.100E-09
smallt                      =                 0.100E-09
smallu                      =                 0.100E-09
smallx                      =                 0.100E-09
smlrho                      =                 0.100E-09
tinitial                    =                 0.000E+00
tiny                        =                 0.100E-15
tmax                        =                 0.500E+06 [CHANGED]
tstep_change_factor         =                 0.200E+01
wall_clock_checkpoint       =                 0.432E+05
wall_clock_time_limit       =                 0.605E+06
x_refine_center             =                 0.000E+00
xmax                        =                 0.100E+01
xmin                        =                 0.000E+00
y_refine_center             =                 0.000E+00
ymax                        =                 0.100E+01
ymin                        =                 0.000E+00
zfinal                      =                 0.000E+00
zinitial                    =                -0.100E+01
z_refine_center             =                 0.000E+00
zmax                        =                 0.100E+01
zmin                        =                 0.000E+00
riemannsolver               = Roe                            [CHANGED]
unitsystem                  = none                          
basenm                      = sedov_                         [CHANGED]
entropyfixmethod            = HARTENHYMAN                   
eosmode                     = dens_ie                       
eosmodeinit                 = dens_ie                       
geometry                    = cartesian                     
gr_pmrpoutputdir            = ./                            
grav_boundary_type          = isolated                      
hy_eosmodegc                = see eosMode                   
log_file                    = sedov.log                      [CHANGED]
output_directory            =                               
pc_unitsbase                = CGS                           
plot_grid_var_1             = none                          
plot_grid_var_10            = none                          
plot_grid_var_11            = none                          
plot_grid_var_12            = none                          
plot_grid_var_13            = none                          
plot_grid_var_14            = none                          
plot_grid_var_15            = none                          
plot_grid_var_16            = none                          
plot_grid_var_17            = none                          
plot_grid_var_18            = none                          
plot_grid_var_19            = none                          
plot_grid_var_2             = none                          
plot_grid_var_20            = none                          
plot_grid_var_21            = none                          
plot_grid_var_22            = none                          
plot_grid_var_23            = none                          
plot_grid_var_24            = none                          
plot_grid_var_25            = none                          
plot_grid_var_26            = none                          
plot_grid_var_27            = none                          
plot_grid_var_28            = none                          
plot_grid_var_29            = none                          
plot_grid_var_3             = none                          
plot_grid_var_30            = none                          
plot_grid_var_31            = none                          
plot_grid_var_32            = none                          
plot_grid_var_33            = none                          
plot_grid_var_34            = none                          
plot_grid_var_35            = none                          
plot_grid_var_36            = none                          
plot_grid_var_37            = none                          
plot_grid_var_38            = none                          
plot_grid_var_39            = none                          
plot_grid_var_4             = none                          
plot_grid_var_40            = none                          
plot_grid_var_41            = none                          
plot_grid_var_42            = none                          
plot_grid_var_43            = none                          
plot_grid_var_44            = none                          
plot_grid_var_45            = none                          
plot_grid_var_46            = none                          
plot_grid_var_47            = none                          
plot_grid_var_48            = none                          
plot_grid_var_49            = none                          
plot_grid_var_5             = none                          
plot_grid_var_50            = none                          
plot_grid_var_51            = none                          
plot_grid_var_52            = none                          
plot_grid_var_53            = none                          
plot_grid_var_54            = none                          
plot_grid_var_55            = none                          
plot_grid_var_56            = none                          
plot_grid_var_57            = none                          
plot_grid_var_58            = none                          
plot_grid_var_59            = none                          
plot_grid_var_6             = none                          
plot_grid_var_60            = none                          
plot_grid_var_61            = none                          
plot_grid_var_62            = none                          
plot_grid_var_63            = none                          
plot_grid_var_64            = none                          
plot_grid_var_65            = none                          
plot_grid_var_66            = none                          
plot_grid_var_67            = none                          
plot_grid_var_68            = none                          
plot_grid_var_69            = none                          
plot_grid_var_7             = none                          
plot_grid_var_70            = none                          
plot_grid_var_71            = none                          
plot_grid_var_72            = none                          
plot_grid_var_73            = none                          
plot_grid_var_74            = none                          
plot_grid_var_75            = none                          
plot_grid_var_76            = none                          
plot_grid_var_77            = none                          
plot_grid_var_78            = none                          
plot_grid_var_8             = none                          
plot_grid_var_9             = none                          
plot_var_1                  = dens                           [CHANGED]
plot_var_10                 = none                          
plot_var_11                 = none                          
plot_var_12                 = none                          
plot_var_13                 = none                          
plot_var_14                 = none                          
plot_var_15                 = none                          
plot_var_16                 = none                          
plot_var_17                 = none                          
plot_var_18                 = none                          
plot_var_2                  = pres                           [CHANGED]
plot_var_3                  = temp                           [CHANGED]
plot_var_4                  = none                          
plot_var_5                  = none                          
plot_var_6                  = none                          
plot_var_7                  = none                          
plot_var_8                  = none                          
plot_var_9                  = none                          
prof_file                   = profile.dat                   
refine_var_1                = dens                           [CHANGED]
refine_var_2                = pres                           [CHANGED]
refine_var_3                = none                          
refine_var_4                = none                          
run_comment                 = Sedov explosion                [CHANGED]
run_number                  = 1                             
sim_proffilename            = /dev/null                      [CHANGED]
slopelimiter                = mc                             [CHANGED]
stats_file                  = flashx.dat                    
wenomethod                  = WENO5                         
xl_boundary_type            = outflow                        [CHANGED]
xr_boundary_type            = outflow                        [CHANGED]
yl_boundary_type            = outflow                        [CHANGED]
yr_boundary_type            = outflow                        [CHANGED]
zl_boundary_type            = outflow                        [CHANGED]
zr_boundary_type            = outflow                        [CHANGED]
csvsummaryallprocs          =  F
eosforriemann               =  F
logsummaryallprocs          =  F
addthermalflux              =  T
allowdtstsdominate          =  F
alwayscomputeuservars       =  T
alwaysrestrictcheckpoint    =  T
charlimiting                =  T
chkguardcellsinput          =  F
chkguardcellsoutput         =  F
conserveangmom              =  F
converttoconsvdformeshcalls =  F
converttoconsvdinmeshinterp =  T
corners                     =  F
dr_printtsteploc            =  T
dr_shortenlaststepbeforetmax =  F
drift_tuples                =  F
eachprocwritesownabortlog   =  F
eachprocwritessummary       =  F
earlyblockdistadjustment    =  T
enablemaskedgcfill          =  F
entropy                     =  F
flux_correct                =  T
flux_correct_perlevel       =  F
geometryoverride            =  F
gr_bcenableapplymixedgds    =  T
gr_bndgcfillneedsprimitivevars =  T
gr_btcustomwork             =  F
gr_btexchangework           =  F
gr_btsortbywork             =  T
gr_enabletiling             =  F
gr_lrefinemaxbytime         =  F
gr_lrefinemaxreddobylogr    =  F
gr_lrefinemaxreddobytime    =  F
gr_pmrpadvancealllevels     =  F
gr_pmrpamrerrorchecking     =  F
gr_pmrpcartesianpm          =  F
gr_pmrpconserve             =  F
gr_pmrpconsvfluxdensities   =  T
gr_pmrpconsvfluxes          =  F
gr_pmrpcurvilinear          =  F
gr_pmrpcurvilinearconserve  =  F
gr_pmrpcylindricalpm        =  F
gr_pmrpdiagonals            =  T
gr_pmrpedgevalue            =  T
gr_pmrpedgevalueinteg       =  F
gr_pmrpemptycells           =  F
gr_pmrpforceconsistency     =  T
gr_pmrplsingularline        =  F
gr_pmrpnopermanentguardcells =  F
gr_pmrppolarpm              =  F
gr_pmrppredcorr             =  F
gr_pmrpsphericalpm          =  F
gr_pmrptimingmpi            =  F
gr_pmrptimingmpix           =  F
gr_pmrpvardt                =  F
gr_usetiling                =  F
hy_fallbacklowercfl         =  F
hy_fullspecmsfluxhandling   =  T
hy_usetiling                =  F
ignoreforcedplot            =  F
io_writemscalarintegrals    =  F
plotfilegridquantitydp      =  F
plotfilemetadatadp          =  F
reducegcellfills            =  F
refine_on_particle_count    =  F
restart                     =  F
shockdetect                 =  F
shocklowercfl               =  F
sim_bcsetbdryvar            =  F
sim_forcecenterderefine     =  F
sim_onelevelintegralsonly   =  F
summaryoutputonly           =  F
threadblocklistbuild        =  F
threaddelepblocklist        =  F
threaddelepwithinblock      =  F
threaddriverblocklist       =  F
threaddriverwithinblock     =  F
threadeoswithinblock        =  F
threadhydroblocklist        =  F
threadhydrowithinblock      =  F
threadraytracebuild         =  F
threadwithinblockbuild      =  F
tmr_suppressinparallel      =  F
typematchedxfer             =  T
unbiased_geometry           =  F
updatehydrofluxes           =  T
useburn                     =  F
usecollectivehdf5           =  T
usedeleptonize              =  F
usegravity                  =  F
useheatad                   =  F
useheater                   =  F
usehydro                    =  T
useimbound                  =  F
useincompns                 =  F
useinlet                    =  F
uselegacylabels             =  T
usemultiphase               =  F
useorchestration            =  F
useoutlet                   =  F
useparticles                =  F
useradtrans                 =  F
usests                      =  F
usestsfordiffusion          =  F
usesolidmechanics           =  F
use_3dfullctu               =  T
use_auxeinteqn              =  T
use_avisc                   =  T [CHANGED]
use_cma_advection           =  F
use_cma_flattening          =  F
use_flash_surr_blks_fill    =  T
use_flattening              =  F
use_gravhalfupdate          =  T
use_hybridorder             =  F
use_reduced_orrery          =  T
use_steepening              =  F
use_upwindtvd               =  F
writestatsummary            =  T
                                                                               
 ==============================================================================
                                                                               
 Known units of measurement:
                                                                               
              Unit                          CGS Value                Base Unit
  1                  cm                     1.0000                           cm
  2                   s                     1.0000                            s
  3                   g                     1.0000                            g
  4                   K                     1.0000                            K
  5                 esu                     1.0000                          esu
  6                 mol                     1.0000                          mol
  7                   m                     100.00                           cm
  8                  km                    1.00000E+05                       cm
  9                  pc                    3.08568E+18                       cm
 10                 kpc                    3.08568E+21                       cm
 11                 Mpc                    3.08568E+24                       cm
 12                 Gpc                    3.08568E+27                       cm
 13                Rsun                    6.96000E+10                       cm
 14                  AU                    1.49598E+13                       cm
 15                  yr                    3.15569E+07                        s
 16                 Myr                    3.15569E+13                        s
 17                 Gyr                    3.15569E+16                        s
 18                  kg                     1000.0                            g
 19                Msun                    1.98892E+33                        g
 20                 amu                    1.66054E-24                        g
 21                  eV                     11605.                            K
 22                   C                    2.99792E+09                      esu
 23                LFLY                    3.08568E+24                       cm
 24                TFLY                    2.05759E+17                        s
 25                MFLY                    9.88470E+45                        g
 26            clLength                    3.08568E+24                       cm
 27              clTime                    3.15569E+16                        s
 28              clMass                    1.98892E+48                        g
 29              clTemp                    1.16045E+07                        K
-----------End of Units--------------------
                                                                               
 Known physical constants:
                                                                               
    Constant Name       Constant Value   cm       s        g        K        esu      mol
  1              Newton    6.67408E-08   3.0     -2.0     -1.0      0.0      0.0      0.0    
  2      speed of light    2.99792E+10   1.0     -1.0      0.0      0.0      0.0      0.0    
  3              Planck    6.62607E-27   2.0     -1.0      1.0      0.0      0.0      0.0    
  4     electron charge    4.80320E-10   0.0      0.0      0.0      0.0      1.0      0.0    
  5       electron mass    9.10938E-28   0.0      0.0      1.0      0.0      0.0      0.0    
  6         proton mass    1.67262E-24   0.0      0.0      1.0      0.0      0.0      0.0    
  7      fine-structure    7.29735E-03   0.0      0.0      0.0      0.0      0.0      0.0    
  8            Avogadro    6.02214E+23   0.0      0.0      0.0      0.0      0.0     -1.0    
  9           Boltzmann    1.38065E-16   2.0     -2.0      1.0     -1.0      0.0      0.0    
 10  ideal gas constant    8.31446E+07   2.0     -2.0      1.0     -1.0      0.0     -1.0    
 11                Wien    0.28978       1.0      0.0      0.0      1.0      0.0      0.0    
 12    Stefan-Boltzmann    5.67037E-05   0.0     -3.0      1.0     -4.0      0.0      0.0    
 13  Radiation Constant    7.56572E-15  -1.0     -2.0      1.0     -4.0      0.0      0.0    
 14                  pi     3.1416       0.0      0.0      0.0      0.0      0.0      0.0    
 15                   e     2.7183       0.0      0.0      0.0      0.0      0.0      0.0    
 16               Euler    0.57722       0.0      0.0      0.0      0.0      0.0      0.0    
 ==============================================================================
                                                                               
 Multifluid database: not configured in
                                                                               
 ==============================================================================
 [ 03-05-2025  13:26:48.816 ] [gr_initGeometry] checking BCs for idir: 1
 [ 03-05-2025  13:26:48.816 ] [gr_initGeometry] checking BCs for idir: 2
 [ 03-05-2025  13:26:48.816 ] [gr_initGeometry] checking BCs for idir: 3
 [ 03-05-2025  13:26:50.682 ] [GRID amr_refine_derefine]: initiating refinement
 [ 03-05-2025  13:26:50.682 ] [GRID amr_refine_derefine]: redist. phase.  tot blks requested: 4096
 [GRID amr_refine_derefine] min blks 4    max blks 5    tot blks 4096
 [GRID amr_refine_derefine] min leaf blks 4    max leaf blks 5    tot leaf blks 4096
 [ 03-05-2025  13:26:50.850 ] [GRID amr_refine_derefine]: refinement complete
 [ 03-05-2025  13:26:51.008 ] [GRID gr_expandDomain]: iteration=1, create level=2
 INFO: Grid_fillGuardCells is ignoring masking.
 [ 03-05-2025  13:26:56.186 ] [mpi_amr_comm_setup]: buffer_dim_send=3349693, buffer_dim_recv=2207173
 [ 03-05-2025  13:26:57.614 ] [GRID amr_refine_derefine]: initiating refinement
 [ 03-05-2025  13:26:57.624 ] [GRID amr_refine_derefine]: redist. phase.  tot blks requested: 4160
 [GRID amr_refine_derefine] min blks 4    max blks 5    tot blks 4160
 [GRID amr_refine_derefine] min leaf blks 4    max leaf blks 5    tot leaf blks 4152
 [ 03-05-2025  13:26:57.744 ] [GRID amr_refine_derefine]: refinement complete
 [ 03-05-2025  13:26:57.747 ] [GRID gr_expandDomain]: iteration=2, create level=3
 [ 03-05-2025  13:27:03.646 ] [GRID amr_refine_derefine]: initiating refinement
 [ 03-05-2025  13:27:03.656 ] [GRID amr_refine_derefine]: redist. phase.  tot blks requested: 4224
 [GRID amr_refine_derefine] min blks 4    max blks 6    tot blks 4224
 [GRID amr_refine_derefine] min leaf blks 3    max leaf blks 5    tot leaf blks 4208
 [ 03-05-2025  13:27:03.767 ] [GRID amr_refine_derefine]: refinement complete
 [ 03-05-2025  13:27:03.769 ] [GRID gr_expandDomain]: iteration=3, create level=4
 [ 03-05-2025  13:27:08.952 ] [mpi_amr_comm_setup]: buffer_dim_send=3423553, buffer_dim_recv=2207173
 [ 03-05-2025  13:27:09.724 ] [GRID amr_refine_derefine]: initiating refinement
 [ 03-05-2025  13:27:09.728 ] [GRID amr_refine_derefine]: redist. phase.  tot blks requested: 4288
 [GRID amr_refine_derefine] min blks 4    max blks 6    tot blks 4288
 [GRID amr_refine_derefine] min leaf blks 3    max leaf blks 5    tot leaf blks 4264
 [ 03-05-2025  13:27:09.844 ] [GRID amr_refine_derefine]: refinement complete
 [ 03-05-2025  13:27:09.846 ] [GRID gr_expandDomain]: iteration=4, create level=5
 [ 03-05-2025  13:27:15.346 ] [mpi_amr_comm_setup]: buffer_dim_send=3422269, buffer_dim_recv=2207173
 [ 03-05-2025  13:27:16.084 ] [GRID amr_refine_derefine]: initiating refinement
 [ 03-05-2025  13:27:16.097 ] [GRID amr_refine_derefine]: redist. phase.  tot blks requested: 6144
 [GRID amr_refine_derefine] min blks 6    max blks 9    tot blks 6144
 [GRID amr_refine_derefine] min leaf blks 5    max leaf blks 7    tot leaf blks 5888
 [ 03-05-2025  13:27:16.236 ] [GRID amr_refine_derefine]: refinement complete
 [ 03-05-2025  13:27:16.241 ] [GRID gr_expandDomain]: iteration=5, create level=6
 [ 03-05-2025  13:27:23.817 ] [mpi_amr_comm_setup]: buffer_dim_send=2974177, buffer_dim_recv=2540365
 [ 03-05-2025  13:27:24.973 ] [GRID amr_refine_derefine]: initiating refinement
 [ 03-05-2025  13:27:24.982 ] [GRID amr_refine_derefine]: redist. phase.  tot blks requested: 9152
 [GRID amr_refine_derefine] min blks 9    max blks 12    tot blks 9152
 [GRID amr_refine_derefine] min leaf blks 7    max leaf blks 10    tot leaf blks 8520
 [ 03-05-2025  13:27:25.178 ] [GRID amr_refine_derefine]: refinement complete
 [ 03-05-2025  13:27:25.183 ] [GRID gr_expandDomain]: iteration=6, create level=6
 [ 03-05-2025  13:27:36.092 ] [mpi_amr_comm_setup]: buffer_dim_send=4843741, buffer_dim_recv=2669029
 [ 03-05-2025  13:27:37.579 ] [GRID gr_expandDomain]: iteration=7, create level=6
 [ 03-05-2025  13:27:49.974 ] [GRID gr_expandDomain]: iteration=8, create level=6
 [ 03-05-2025  13:28:01.805 ] memory: /proc vsize    (MB):     4596.92 (min)       4799.04 (max)       4731.25 (avg)
 [ 03-05-2025  13:28:01.805 ] memory: /proc rss      (MB):     1840.89 (min)       1930.54 (max)       1894.77 (avg)
 [ 03-05-2025  13:28:01.807 ] memory: /proc vsize    (MB):     4596.92 (min)       4799.04 (max)       4731.25 (avg)
 [ 03-05-2025  13:28:01.807 ] memory: /proc rss      (MB):     1840.89 (min)       1930.54 (max)       1894.77 (avg)
 [ 03-05-2025  13:28:01.826 ] memory: /proc vsize    (MB):     4596.92 (min)       4799.04 (max)       4731.25 (avg)
 [ 03-05-2025  13:28:01.826 ] memory: /proc rss      (MB):     1840.89 (min)       1930.54 (max)       1894.77 (avg)
 [ 03-05-2025  13:28:05.348 ] [IO_writeCheckpoint] open: type=checkpoint name=sedov_hdf5_chk_0000
 [ 03-05-2025  13:28:12.920 ] [io_writeData]: wrote    9152          blocks
 [ 03-05-2025  13:28:12.932 ] [IO_writeCheckpoint] close: type=checkpoint name=sedov_hdf5_chk_0000
 [ 03-05-2025  13:28:13.003 ] [IO_writePlotfile] open: type=plotfile name=sedov_hdf5_plt_cnt_0000
 [ 03-05-2025  13:28:13.757 ] [io_writeData]: wrote    9152          blocks
 [ 03-05-2025  13:28:13.765 ] [IO_writePlotfile] close: type=plotfile name=sedov_hdf5_plt_cnt_0000
 [ 03-05-2025  13:28:13.767 ] memory: /proc vsize    (MB):     4620.50 (min)       5011.88 (max)       4740.67 (avg)
 [ 03-05-2025  13:28:13.767 ] memory: /proc rss      (MB):     1847.37 (min)       1937.66 (max)       1903.09 (avg)
 [ 03-05-2025  13:28:13.767 ] [Driver_evolveAll]: Entering evolution loop
 [ 03-05-2025  13:28:13.767 ] step: n=1 t=0.000000E+00 dt=1.000000E-10
 [ 03-05-2025  13:28:17.470 ] step: n=2 t=1.000000E-10 dt=2.000000E-10
 [ 03-05-2025  13:28:23.735 ] step: n=3 t=3.000000E-10 dt=4.000000E-10
 [ 03-05-2025  13:28:27.414 ] step: n=4 t=7.000000E-10 dt=8.000000E-10
 [ 03-05-2025  13:28:33.668 ] step: n=5 t=1.500000E-09 dt=1.600000E-09
 [ 03-05-2025  13:28:37.366 ] step: n=6 t=3.100000E-09 dt=3.200000E-09
 [ 03-05-2025  13:28:43.643 ] step: n=7 t=6.300000E-09 dt=6.400000E-09
 [ 03-05-2025  13:28:47.317 ] step: n=8 t=1.270000E-08 dt=1.280000E-08
 [ 03-05-2025  13:28:53.603 ] step: n=9 t=2.550000E-08 dt=2.560000E-08
 [ 03-05-2025  13:28:57.306 ] step: n=10 t=5.110000E-08 dt=5.120000E-08
 [ 03-05-2025  13:29:07.145 ] [IO_writeCheckpoint] open: type=checkpoint name=sedov_hdf5_chk_0001
 [ 03-05-2025  13:29:14.686 ] [io_writeData]: wrote    9152          blocks
 [ 03-05-2025  13:29:14.691 ] [IO_writeCheckpoint] close: type=checkpoint name=sedov_hdf5_chk_0001
 [ 03-05-2025  13:29:14.692 ] step: n=11 t=1.023000E-07 dt=1.024000E-07
 [ 03-05-2025  13:29:18.389 ] step: n=12 t=2.047000E-07 dt=2.011896E-07
 [ 03-05-2025  13:29:24.643 ] step: n=13 t=4.058896E-07 dt=1.856898E-07
 [ 03-05-2025  13:29:28.331 ] step: n=14 t=5.915794E-07 dt=1.729914E-07
 [ 03-05-2025  13:29:34.629 ] step: n=15 t=7.645708E-07 dt=1.642472E-07
 [ 03-05-2025  13:29:38.322 ] step: n=16 t=9.288179E-07 dt=1.580871E-07
 [ 03-05-2025  13:29:44.618 ] step: n=17 t=1.086905E-06 dt=1.534569E-07
 [ 03-05-2025  13:29:48.316 ] step: n=18 t=1.240362E-06 dt=1.499651E-07
 [ 03-05-2025  13:29:54.608 ] step: n=19 t=1.390327E-06 dt=1.474127E-07
 [ 03-05-2025  13:29:58.305 ] step: n=20 t=1.537740E-06 dt=1.456205E-07
 [ 03-05-2025  13:30:08.155 ] [IO_writeCheckpoint] open: type=checkpoint name=sedov_hdf5_chk_0002
 [ 03-05-2025  13:30:15.598 ] [io_writeData]: wrote    9152          blocks
 [ 03-05-2025  13:30:15.602 ] [IO_writeCheckpoint] close: type=checkpoint name=sedov_hdf5_chk_0002
 [ 03-05-2025  13:30:15.603 ] step: n=21 t=1.683360E-06 dt=1.444985E-07
 [ 03-05-2025  13:30:19.291 ] step: n=22 t=1.827859E-06 dt=1.441710E-07
 [ 03-05-2025  13:30:25.571 ] step: n=23 t=1.972030E-06 dt=1.441286E-07
 [ 03-05-2025  13:30:29.270 ] step: n=24 t=2.116158E-06 dt=1.441099E-07
 [ 03-05-2025  13:30:35.563 ] step: n=25 t=2.260268E-06 dt=1.441302E-07
 [ 03-05-2025  13:30:39.268 ] step: n=26 t=2.404398E-06 dt=1.442588E-07
 [ 03-05-2025  13:30:45.506 ] [GRID amr_refine_derefine]: initiating refinement
 [ 03-05-2025  13:30:45.516 ] [GRID amr_refine_derefine]: redist. phase.  tot blks requested: 9536
 [GRID amr_refine_derefine] min blks 10    max blks 13    tot blks 9536
 [GRID amr_refine_derefine] min leaf blks 8    max leaf blks 11    tot leaf blks 8856
 [ 03-05-2025  13:30:45.719 ] [GRID amr_refine_derefine]: refinement complete
 [ 03-05-2025  13:30:46.125 ] step: n=27 t=2.548657E-06 dt=1.444833E-07
 [ 03-05-2025  13:30:46.125 ] [mpi_amr_comm_setup]: buffer_dim_send=4300885, buffer_dim_recv=2669029
 [ 03-05-2025  13:30:49.956 ] step: n=28 t=2.693141E-06 dt=1.448057E-07
 [ 03-05-2025  13:30:56.470 ] step: n=29 t=2.837946E-06 dt=1.450172E-07
 [ 03-05-2025  13:31:00.293 ] step: n=30 t=2.982964E-06 dt=1.450055E-07
 [ 03-05-2025  13:31:10.608 ] [IO_writeCheckpoint] open: type=checkpoint name=sedov_hdf5_chk_0003
 [ 03-05-2025  13:31:18.392 ] [io_writeData]: wrote    9536          blocks
 [ 03-05-2025  13:31:18.399 ] [IO_writeCheckpoint] close: type=checkpoint name=sedov_hdf5_chk_0003
 [ 03-05-2025  13:31:18.400 ] step: n=31 t=3.127969E-06 dt=1.449474E-07
 [ 03-05-2025  13:31:22.243 ] step: n=32 t=3.272916E-06 dt=1.449259E-07
 [ 03-05-2025  13:31:28.888 ] step: n=33 t=3.417842E-06 dt=1.447113E-07
 [ 03-05-2025  13:31:32.721 ] step: n=34 t=3.562554E-06 dt=1.446418E-07
 [ 03-05-2025  13:31:39.339 ] step: n=35 t=3.707195E-06 dt=1.446455E-07
 [ 03-05-2025  13:31:43.168 ] step: n=36 t=3.851841E-06 dt=1.446573E-07
 [ 03-05-2025  13:31:49.785 ] step: n=37 t=3.996498E-06 dt=1.446767E-07
 [ 03-05-2025  13:31:53.624 ] step: n=38 t=4.141175E-06 dt=1.447318E-07
 [ 03-05-2025  13:32:00.234 ] step: n=39 t=4.285907E-06 dt=1.447598E-07
 [ 03-05-2025  13:32:04.067 ] step: n=40 t=4.430666E-06 dt=1.447127E-07
 [ 03-05-2025  13:32:14.407 ] [IO_writeCheckpoint] open: type=checkpoint name=sedov_hdf5_chk_0004
 [ 03-05-2025  13:32:22.113 ] [io_writeData]: wrote    9536          blocks
 [ 03-05-2025  13:32:22.121 ] [IO_writeCheckpoint] close: type=checkpoint name=sedov_hdf5_chk_0004
 [ 03-05-2025  13:32:22.122 ] step: n=41 t=4.575379E-06 dt=1.446812E-07
 [ 03-05-2025  13:32:25.956 ] step: n=42 t=4.720060E-06 dt=1.446456E-07
 [ 03-05-2025  13:32:32.598 ] step: n=43 t=4.864706E-06 dt=1.446294E-07
 [ 03-05-2025  13:32:36.436 ] step: n=44 t=5.009335E-06 dt=1.446250E-07
 [ 03-05-2025  13:32:43.036 ] step: n=45 t=5.153960E-06 dt=1.445216E-07
 [ 03-05-2025  13:32:46.871 ] step: n=46 t=5.298482E-06 dt=1.444823E-07
 [ 03-05-2025  13:32:53.395 ] step: n=47 t=5.442964E-06 dt=1.444551E-07
 [ 03-05-2025  13:32:57.226 ] step: n=48 t=5.587419E-06 dt=1.444288E-07
 [ 03-05-2025  13:33:03.845 ] step: n=49 t=5.731848E-06 dt=1.444159E-07
 [ 03-05-2025  13:33:07.675 ] step: n=50 t=5.876264E-06 dt=1.444089E-07
 [ 03-05-2025  13:33:17.951 ] [IO_writeCheckpoint] open: type=checkpoint name=sedov_hdf5_chk_0005
 [ 03-05-2025  13:33:25.605 ] [io_writeData]: wrote    9536          blocks
 [ 03-05-2025  13:33:25.614 ] [IO_writeCheckpoint] close: type=checkpoint name=sedov_hdf5_chk_0005
 [ 03-05-2025  13:33:25.616 ] step: n=51 t=6.020673E-06 dt=1.443103E-07
 [ 03-05-2025  13:33:29.458 ] step: n=52 t=6.164983E-06 dt=1.442630E-07
 [ 03-05-2025  13:33:36.082 ] step: n=53 t=6.309246E-06 dt=1.442278E-07
 [ 03-05-2025  13:33:39.919 ] step: n=54 t=6.453474E-06 dt=1.441955E-07
 [ 03-05-2025  13:33:46.530 ] step: n=55 t=6.597670E-06 dt=1.441758E-07
 [ 03-05-2025  13:33:50.362 ] step: n=56 t=6.741845E-06 dt=1.441499E-07
 [ 03-05-2025  13:33:56.915 ] step: n=57 t=6.885995E-06 dt=1.440523E-07
 [ 03-05-2025  13:34:00.747 ] step: n=58 t=7.030048E-06 dt=1.439965E-07
 [ 03-05-2025  13:34:07.275 ] step: n=59 t=7.174044E-06 dt=1.439601E-07
 [ 03-05-2025  13:34:11.108 ] step: n=60 t=7.318004E-06 dt=1.439284E-07
 [ 03-05-2025  13:34:21.392 ] [IO_writeCheckpoint] open: type=checkpoint name=sedov_hdf5_chk_0006
 [ 03-05-2025  13:34:28.960 ] [io_writeData]: wrote    9536          blocks
 [ 03-05-2025  13:34:28.969 ] [IO_writeCheckpoint] close: type=checkpoint name=sedov_hdf5_chk_0006
 [ 03-05-2025  13:34:28.970 ] [Driver_evolveAll]: Exiting evolution loop
 [ 03-05-2025  13:34:29.021 ] [IO_writePlotfile] open: type=plotfile name=sedov_forced_hdf5_plt_cnt_0000
 [ 03-05-2025  13:34:29.833 ] [io_writeData]: wrote    9536          blocks
 [ 03-05-2025  13:34:29.859 ] [IO_writePlotfile] close: type=plotfile name=sedov_forced_hdf5_plt_cnt_0000
 [ 03-05-2025  13:34:29.859 ] memory: /proc vsize    (MB):     4627.89 (min)       5018.77 (max)       4760.45 (avg)
 [ 03-05-2025  13:34:29.859 ] memory: /proc rss      (MB):     1960.95 (min)       2062.83 (max)       1999.39 (avg)
 ==============================================================================
 perf_summary: code performance summary for process            0
                      beginning : 03-05-2025  13:26:48
                         ending : 03-05-2025  13:34:29
   seconds in monitoring period :              461.046
      number of evolution steps :                   60
 ------------------------------------------------------------------------------
 accounting unit                       time sec  num calls   secs avg  time pct
 ------------------------------------------------------------------------------
 initialization                         84.953      1          84.953    18.426
  eos                                    0.204      8           0.026     0.044
  guardcell internal                     2.596      7           0.371     0.563
   amr_guardcell                         2.465      7           0.352     0.535
   eos gc                                0.000      7           0.000     0.000
  writeCheckpoint                       11.086      1          11.086     2.404
   restrictAll                           3.297      1           3.297     0.715
  writePlotfile                          0.832      1           0.832     0.181
 writePlotfile                           0.888      1           0.888     0.193
 evolution                             375.203      1         375.203    81.381
  Hydro                                167.767     60           2.796    36.388
   Head                                 37.370     60           0.623     8.105
    guardcell internal                  37.369     60           0.623     8.105
     amr_guardcell                      34.658     60           0.578     7.517
     eos gc                              0.002     60           0.000     0.000
   compute fluxes                      124.544     60           2.076    27.013
    hy_computeFluxes                   124.542    600           0.208    27.013
     RiemannState                      106.641    600           0.178    23.130
     getFaceFlux                        17.750    600           0.030     3.850
   conserveFluxes                        0.046     60           0.001     0.010
   update solution                       5.733     60           0.096     1.243
    update solution body                 5.731    600           0.010     1.243
     unsplitUpdate                       2.137    600           0.004     0.463
  sourceTerms                            0.000     60           0.000     0.000
  Particles_advance                      0.000     60           0.000     0.000
  Gravity potential                      0.000     60           0.000     0.000
  IO_output                            125.335    120           1.044    27.185
   diagnostics                          57.544    120           0.480    12.481
   checkpointing                        67.765      6          11.294    14.698
    writeCheckpoint                     67.763      6          11.294    14.698
     restrictAll                        21.666      6           3.611     4.699
  Grid_updateRefinement                 80.980     60           1.350    17.564
   eos                                   0.073      1           0.073     0.016
   tree                                 80.907     60           1.348    17.549
    markRefineDerefine                  21.313     30           0.710     4.623
     guardcell internal                 18.710     30           0.624     4.058
      amr_guardcell                     17.354     30           0.578     3.764
      eos gc                             0.001     30           0.000     0.000
    amr_refine_derefine                 58.457     30           1.949    12.679
    updateData                           0.000     30           0.000     0.000
   updateParticleRefinement              0.000      1           0.000     0.000
  Driver_computeDt                       1.103     60           0.018     0.239
 ==============================================================================
 [ 03-05-2025  13:34:29.860 ] [Timers_getSummary]: Not writing timer max/min/avg values because not all processors had same timers
 [ 03-05-2025  13:34:29.860 ] LOGFILE_END: FLASH run complete.
