 FLASH log file:  03-01-2025  16:05:19.240    Run number:  1
 ==============================================================================
 Number of MPI tasks:               3584
 MPI version:                          3
 MPI subversion:                       1
 Dimensionality:                       3
 Max Number of Blocks/Proc:          200
 Number x zones:                      32
 Number y zones:                      32
 Number z zones:                      32
 Setup stamp:     Fri Nov 1 14:03:57 2024
 Build stamp:     Fri Nov 1 14:04:23 2024
 System info:     Linux corona211 4.18.0-553.22.1.1toss.t4.x86_64 #1 SMP Tue Sep 24 16:50:00 PDT 2
 Version:         Flash-X 1.0 (heads/main-0-g6040ba49-dirty)                                      
 Build directory: /usr/workspace/ather1/Flash-X/sedov
 Setup syntax:    /usr/workspace/ather1/Flash-X/bin/setup.py Sedov -auto -3d -nxb=32 -nyb=32 -nzb=32 +parallelio -objdir=/usr/workspace/ather1/Flash-X/sedov
 f compiler flags: mpif90 -ggdb -c -O2 -fdefault-real-8 -fdefault-double-8 -Wuninitialized -fallow-argument-mismatch -fallow-argument-mismatch -DMAXBLOCKS=200 -DNXB=32 -DNYB=32 -DNZB=32 -DN_DIM=3
 c compiler flags:    mpicc -I/p/lustre2/ather1/hdf5-1.14.4-3/install/include -DH5_USE_18_API -ggdb -c -O2 -Wuninitialized -D_FORTIFY_SOURCE=2 -DMAXBLOCKS=200 -DNXB=32 -DNYB=32 -DNZB=32 -DN_DIM=3
 ==============================================================================
 Comment:  Sedov explosion
 ==============================================================================
 FLASH Units used:
   Driver/DriverMain/Unsplit
   Grid/GridBoundaryConditions
   Grid/GridMain/AMR/Paramesh4/PM4_package/flash_avoid_orrery
   Grid/GridMain/AMR/Paramesh4/PM4_package/headers
   Grid/GridMain/AMR/Paramesh4/PM4_package/source
   Grid/GridMain/AMR/Paramesh4/PM4_package/utilities/multigrid
   Grid/GridMain/AMR/Paramesh4/interpolation/prolong
   Grid/GridMain/AMR/Paramesh4/levelFlux
   Grid/localAPI
   IO/IOMain/hdf5/parallel/PM
   IO/localAPI
   PhysicalConstants/PhysicalConstantsMain
   RuntimeParameters/RuntimeParametersMain
   Simulation/SimulationMain/Sedov
   TimeAdvance/TimeAdvanceMain/StrangSplit
   flashUtilities/contiguousConversion
   flashUtilities/general
   flashUtilities/interpolation/oneDim
   flashUtilities/nameValueLL
   flashUtilities/sorting/quicksort
   flashUtilities/system/memoryUsage/legacy
   monitors/Logfile/LogfileMain
   monitors/Timers/TimersMain/MPINative
   physics/Eos/EosMain/Gamma
   physics/Hydro/HydroMain/unsplit/OnlyHydro
   physics/Hydro/HydroMain/unsplit/levelFlux
   physics/Hydro/localAPI
 ==============================================================================
 RuntimeParameters:
                                                                               
 ==============================================================================
bndpriorityone              =          1
bndprioritythree            =          3
bndprioritytwo              =          2
checkpointfileintervalstep  =         10 [CHANGED]
checkpointfilenumber        =          0
dr_abortpause               =          2
dr_dtminbelowaction         =          1
drift_break_inst            =          0
drift_trunc_mantissa        =          2
drift_verbose_inst          =          0
eos_entrelescalechoice      =          6
eos_loglevel                =        700
fileformatversion           =          9
forcedplotfilenumber        =          0
gr_lrefmaxtimevalue_1       =         -1
gr_lrefmaxtimevalue_10      =         -1
gr_lrefmaxtimevalue_11      =         -1
gr_lrefmaxtimevalue_12      =         -1
gr_lrefmaxtimevalue_13      =         -1
gr_lrefmaxtimevalue_14      =         -1
gr_lrefmaxtimevalue_15      =         -1
gr_lrefmaxtimevalue_16      =         -1
gr_lrefmaxtimevalue_17      =         -1
gr_lrefmaxtimevalue_18      =         -1
gr_lrefmaxtimevalue_19      =         -1
gr_lrefmaxtimevalue_2       =         -1
gr_lrefmaxtimevalue_20      =         -1
gr_lrefmaxtimevalue_3       =         -1
gr_lrefmaxtimevalue_4       =         -1
gr_lrefmaxtimevalue_5       =         -1
gr_lrefmaxtimevalue_6       =         -1
gr_lrefmaxtimevalue_7       =         -1
gr_lrefmaxtimevalue_8       =         -1
gr_lrefmaxtimevalue_9       =         -1
gr_pmrpdivergencefree       =         -1
gr_pmrpifaceoff             =          0
gr_pmrpl2p5d                =          0
gr_pmrpmaxblocks            =         -1
gr_pmrpmflags               =          1
gr_pmrpnboundaries          =          6
gr_pmrpndim                 =          3
gr_pmrpnedgevar1            =         -1
gr_pmrpnfacevar             =         -1
gr_pmrpnfielddivf           =         -1
gr_pmrpnfluxvar             =         -1
gr_pmrpnguard               =         -1
gr_pmrpnguardwork           =         -1
gr_pmrpnvar                 =         -1
gr_pmrpnvarwork             =          1
gr_pmrpnvarcorn             =          0
gr_pmrpnvaredge             =          0
gr_pmrpnxb                  =         -1
gr_pmrpnyb                  =         -1
gr_pmrpnzb                  =         -1
gr_restrictallmethod        =          3
gr_sanitizedatamode         =          1
gr_sanitizeverbosity        =          5
gr_tilesizex                =         32
gr_tilesizey                =         32
gr_tilesizez                =         32
hy_3torder                  =         -1
hydrocomputedtoption        =         -1
iprocs                      =          1
interpol_order              =          2
irenorm                     =          0
jprocs                      =          1
kprocs                      =          1
lrefine_del                 =          0
lrefine_max                 =          6 [CHANGED]
lrefine_min                 =          1
lrefine_min_init            =          1
max_particles_per_blk       =        100
memory_stat_freq            =     100000
meshcopycount               =          1
min_particles_per_blk       =          1
nbegin                      =          1
nblockx                     =         64 [CHANGED]
nblocky                     =         64 [CHANGED]
nblockz                     =         64 [CHANGED]
nend                        =         60 [CHANGED]
nrefs                       =          2
nsteptotalsts               =          5
order                       =          3 [CHANGED]
outputsplitnum              =          1
plotfileintervalstep        =          0
plotfilenumber              =          0
refine_var_count            =          4
rolling_checkpoint          =      10000
sim_centerrefinelevel       =          1
sim_integralslevel          =         -1
sim_nsubzones               =          7
sweeporder                  =        123
transorder                  =          1
wr_integrals_freq           =          1
limitedslopebeta            =                 0.100E+01
cfl                         =                 0.800E+00
checkpointfileintervaltime  =                 0.000E+00 [CHANGED]
checkpointfileintervalz     =                 0.180+309
cvisc                       =                 0.100E+00
derefine_cutoff_1           =                 0.200E+00
derefine_cutoff_2           =                 0.200E+00
derefine_cutoff_3           =                 0.200E+00
derefine_cutoff_4           =                 0.200E+00
dr_dtmincontinue            =                 0.000E+00
dr_tstepslowstartfactor     =                 0.100E+00
dtinit                      =                 0.100E-09
dtmax                       =                 0.100E+06
dtmin                       =                 0.100E-09
eintswitch                  =                 0.100E-03 [CHANGED]
eos_singlespeciesa          =                 0.100E+01
eos_singlespeciesz          =                 0.100E+01
gamma                       =                 0.140E+01 [CHANGED]
gr_btworkchildscaling       =                 0.100E+01
gr_btworkdefaultleaf        =                 0.200E+01
gr_btworkdefaultpar         =                 0.100E+01
gr_btworklbleaf             =                 0.000E+00
gr_btworklbpar              =                 0.000E+00
gr_btworkubleaf             =                 0.100E+07
gr_btworkubpar              =                 0.100E+07
gr_lrefinemaxredlogbase     =                 0.100E+02
gr_lrefinemaxredradiusfact  =                 0.000E+00
gr_lrefinemaxredtref        =                 0.000E+00
gr_lrefinemaxredtimescale   =                 0.100E+01
gr_lrefmaxtime_1            =                -0.100E+01
gr_lrefmaxtime_10           =                -0.100E+01
gr_lrefmaxtime_11           =                -0.100E+01
gr_lrefmaxtime_12           =                -0.100E+01
gr_lrefmaxtime_13           =                -0.100E+01
gr_lrefmaxtime_14           =                -0.100E+01
gr_lrefmaxtime_15           =                -0.100E+01
gr_lrefmaxtime_16           =                -0.100E+01
gr_lrefmaxtime_17           =                -0.100E+01
gr_lrefmaxtime_18           =                -0.100E+01
gr_lrefmaxtime_19           =                -0.100E+01
gr_lrefmaxtime_2            =                -0.100E+01
gr_lrefmaxtime_20           =                -0.100E+01
gr_lrefmaxtime_3            =                -0.100E+01
gr_lrefmaxtime_4            =                -0.100E+01
gr_lrefmaxtime_5            =                -0.100E+01
gr_lrefmaxtime_6            =                -0.100E+01
gr_lrefmaxtime_7            =                -0.100E+01
gr_lrefmaxtime_8            =                -0.100E+01
gr_lrefmaxtime_9            =                -0.100E+01
hy_cflfallbackfactor        =                 0.900E+00
hy_fpresinmomflux           =                 0.100E+01
hybridorderkappa            =                 0.000E+00
nusts                       =                 0.200E+00 [CHANGED]
plotfileintervaltime        =                 0.000E+00 [CHANGED]
plotfileintervalz           =                 0.180+309
radiusgp                    =                 0.200E+01
refine_cutoff_1             =                 0.800E+00
refine_cutoff_2             =                 0.800E+00
refine_cutoff_3             =                 0.800E+00
refine_cutoff_4             =                 0.800E+00
refine_filter_1             =                 0.100E-01
refine_filter_2             =                 0.100E-01
refine_filter_3             =                 0.100E-01
refine_filter_4             =                 0.100E-01
rss_limit                   =                -0.100E+01
sigmagp                     =                 0.300E+01
sim_derefineradius          =                 0.000E+00
sim_earliestlstime          =                 0.000E+00
sim_expenergy               =                 0.100E+01
sim_largestnormradius       =                 0.180+309
sim_latestlstime            =                 0.180+309
sim_minrhoinit              =                 0.100E-19
sim_pambient                =                 0.100E-04
sim_rinit                   =                 0.137E-01 [CHANGED]
sim_rhoambient              =                 0.100E+01
sim_smallestnormradius      =                 0.000E+00
sim_xctr                    =                 0.500E+00
sim_yctr                    =                 0.500E+00
sim_zctr                    =                 0.500E+00
small                       =                 0.100E-09
smalle                      =                 0.100E-09
smallp                      =                 0.100E-09
smallt                      =                 0.100E-09
smallu                      =                 0.100E-09
smallx                      =                 0.100E-09
smlrho                      =                 0.100E-09
tinitial                    =                 0.000E+00
tiny                        =                 0.100E-15
tmax                        =                 0.500E+06 [CHANGED]
tstep_change_factor         =                 0.200E+01
wall_clock_checkpoint       =                 0.432E+05
wall_clock_time_limit       =                 0.605E+06
x_refine_center             =                 0.000E+00
xmax                        =                 0.100E+01
xmin                        =                 0.000E+00
y_refine_center             =                 0.000E+00
ymax                        =                 0.100E+01
ymin                        =                 0.000E+00
zfinal                      =                 0.000E+00
zinitial                    =                -0.100E+01
z_refine_center             =                 0.000E+00
zmax                        =                 0.100E+01
zmin                        =                 0.000E+00
riemannsolver               = Roe                            [CHANGED]
unitsystem                  = none                          
basenm                      = sedov_                         [CHANGED]
entropyfixmethod            = HARTENHYMAN                   
eosmode                     = dens_ie                       
eosmodeinit                 = dens_ie                       
geometry                    = cartesian                     
gr_pmrpoutputdir            = ./                            
grav_boundary_type          = isolated                      
hy_eosmodegc                = see eosMode                   
log_file                    = sedov.log                      [CHANGED]
output_directory            =                               
pc_unitsbase                = CGS                           
plot_grid_var_1             = none                          
plot_grid_var_10            = none                          
plot_grid_var_11            = none                          
plot_grid_var_12            = none                          
plot_grid_var_13            = none                          
plot_grid_var_14            = none                          
plot_grid_var_15            = none                          
plot_grid_var_16            = none                          
plot_grid_var_17            = none                          
plot_grid_var_18            = none                          
plot_grid_var_19            = none                          
plot_grid_var_2             = none                          
plot_grid_var_20            = none                          
plot_grid_var_21            = none                          
plot_grid_var_22            = none                          
plot_grid_var_23            = none                          
plot_grid_var_24            = none                          
plot_grid_var_25            = none                          
plot_grid_var_26            = none                          
plot_grid_var_27            = none                          
plot_grid_var_28            = none                          
plot_grid_var_29            = none                          
plot_grid_var_3             = none                          
plot_grid_var_30            = none                          
plot_grid_var_31            = none                          
plot_grid_var_32            = none                          
plot_grid_var_33            = none                          
plot_grid_var_34            = none                          
plot_grid_var_35            = none                          
plot_grid_var_36            = none                          
plot_grid_var_37            = none                          
plot_grid_var_38            = none                          
plot_grid_var_39            = none                          
plot_grid_var_4             = none                          
plot_grid_var_40            = none                          
plot_grid_var_41            = none                          
plot_grid_var_42            = none                          
plot_grid_var_43            = none                          
plot_grid_var_44            = none                          
plot_grid_var_45            = none                          
plot_grid_var_46            = none                          
plot_grid_var_47            = none                          
plot_grid_var_48            = none                          
plot_grid_var_49            = none                          
plot_grid_var_5             = none                          
plot_grid_var_50            = none                          
plot_grid_var_51            = none                          
plot_grid_var_52            = none                          
plot_grid_var_53            = none                          
plot_grid_var_54            = none                          
plot_grid_var_55            = none                          
plot_grid_var_56            = none                          
plot_grid_var_57            = none                          
plot_grid_var_58            = none                          
plot_grid_var_59            = none                          
plot_grid_var_6             = none                          
plot_grid_var_60            = none                          
plot_grid_var_61            = none                          
plot_grid_var_62            = none                          
plot_grid_var_63            = none                          
plot_grid_var_64            = none                          
plot_grid_var_65            = none                          
plot_grid_var_66            = none                          
plot_grid_var_67            = none                          
plot_grid_var_68            = none                          
plot_grid_var_69            = none                          
plot_grid_var_7             = none                          
plot_grid_var_70            = none                          
plot_grid_var_71            = none                          
plot_grid_var_72            = none                          
plot_grid_var_73            = none                          
plot_grid_var_74            = none                          
plot_grid_var_75            = none                          
plot_grid_var_76            = none                          
plot_grid_var_77            = none                          
plot_grid_var_78            = none                          
plot_grid_var_8             = none                          
plot_grid_var_9             = none                          
plot_var_1                  = dens                           [CHANGED]
plot_var_10                 = none                          
plot_var_11                 = none                          
plot_var_12                 = none                          
plot_var_13                 = none                          
plot_var_14                 = none                          
plot_var_15                 = none                          
plot_var_16                 = none                          
plot_var_17                 = none                          
plot_var_18                 = none                          
plot_var_2                  = pres                           [CHANGED]
plot_var_3                  = temp                           [CHANGED]
plot_var_4                  = none                          
plot_var_5                  = none                          
plot_var_6                  = none                          
plot_var_7                  = none                          
plot_var_8                  = none                          
plot_var_9                  = none                          
prof_file                   = profile.dat                   
refine_var_1                = dens                           [CHANGED]
refine_var_2                = pres                           [CHANGED]
refine_var_3                = none                          
refine_var_4                = none                          
run_comment                 = Sedov explosion                [CHANGED]
run_number                  = 1                             
sim_proffilename            = /dev/null                      [CHANGED]
slopelimiter                = mc                             [CHANGED]
stats_file                  = flashx.dat                    
wenomethod                  = WENO5                         
xl_boundary_type            = outflow                        [CHANGED]
xr_boundary_type            = outflow                        [CHANGED]
yl_boundary_type            = outflow                        [CHANGED]
yr_boundary_type            = outflow                        [CHANGED]
zl_boundary_type            = outflow                        [CHANGED]
zr_boundary_type            = outflow                        [CHANGED]
csvsummaryallprocs          =  F
eosforriemann               =  F
logsummaryallprocs          =  F
addthermalflux              =  T
allowdtstsdominate          =  F
alwayscomputeuservars       =  T
alwaysrestrictcheckpoint    =  T
charlimiting                =  T
chkguardcellsinput          =  F
chkguardcellsoutput         =  F
conserveangmom              =  F
converttoconsvdformeshcalls =  F
converttoconsvdinmeshinterp =  T
corners                     =  F
dr_printtsteploc            =  T
dr_shortenlaststepbeforetmax =  F
drift_tuples                =  F
eachprocwritesownabortlog   =  F
eachprocwritessummary       =  F
earlyblockdistadjustment    =  T
enablemaskedgcfill          =  F
entropy                     =  F
flux_correct                =  T
flux_correct_perlevel       =  F
geometryoverride            =  F
gr_bcenableapplymixedgds    =  T
gr_bndgcfillneedsprimitivevars =  T
gr_btcustomwork             =  F
gr_btexchangework           =  F
gr_btsortbywork             =  T
gr_enabletiling             =  F
gr_lrefinemaxbytime         =  F
gr_lrefinemaxreddobylogr    =  F
gr_lrefinemaxreddobytime    =  F
gr_pmrpadvancealllevels     =  F
gr_pmrpamrerrorchecking     =  F
gr_pmrpcartesianpm          =  F
gr_pmrpconserve             =  F
gr_pmrpconsvfluxdensities   =  T
gr_pmrpconsvfluxes          =  F
gr_pmrpcurvilinear          =  F
gr_pmrpcurvilinearconserve  =  F
gr_pmrpcylindricalpm        =  F
gr_pmrpdiagonals            =  T
gr_pmrpedgevalue            =  T
gr_pmrpedgevalueinteg       =  F
gr_pmrpemptycells           =  F
gr_pmrpforceconsistency     =  T
gr_pmrplsingularline        =  F
gr_pmrpnopermanentguardcells =  F
gr_pmrppolarpm              =  F
gr_pmrppredcorr             =  F
gr_pmrpsphericalpm          =  F
gr_pmrptimingmpi            =  F
gr_pmrptimingmpix           =  F
gr_pmrpvardt                =  F
gr_usetiling                =  F
hy_fallbacklowercfl         =  F
hy_fullspecmsfluxhandling   =  T
hy_usetiling                =  F
ignoreforcedplot            =  F
io_writemscalarintegrals    =  F
plotfilegridquantitydp      =  F
plotfilemetadatadp          =  F
reducegcellfills            =  F
refine_on_particle_count    =  F
restart                     =  F
shockdetect                 =  F
shocklowercfl               =  F
sim_bcsetbdryvar            =  F
sim_forcecenterderefine     =  F
sim_onelevelintegralsonly   =  F
summaryoutputonly           =  F
threadblocklistbuild        =  F
threaddelepblocklist        =  F
threaddelepwithinblock      =  F
threaddriverblocklist       =  F
threaddriverwithinblock     =  F
threadeoswithinblock        =  F
threadhydroblocklist        =  F
threadhydrowithinblock      =  F
threadraytracebuild         =  F
threadwithinblockbuild      =  F
tmr_suppressinparallel      =  F
typematchedxfer             =  T
unbiased_geometry           =  F
updatehydrofluxes           =  T
useburn                     =  F
usecollectivehdf5           =  T
usedeleptonize              =  F
usegravity                  =  F
useheatad                   =  F
useheater                   =  F
usehydro                    =  T
useimbound                  =  F
useincompns                 =  F
useinlet                    =  F
uselegacylabels             =  T
usemultiphase               =  F
useorchestration            =  F
useoutlet                   =  F
useparticles                =  F
useradtrans                 =  F
usests                      =  F
usestsfordiffusion          =  F
usesolidmechanics           =  F
use_3dfullctu               =  T
use_auxeinteqn              =  T
use_avisc                   =  T [CHANGED]
use_cma_advection           =  F
use_cma_flattening          =  F
use_flash_surr_blks_fill    =  T
use_flattening              =  F
use_gravhalfupdate          =  T
use_hybridorder             =  F
use_reduced_orrery          =  T
use_steepening              =  F
use_upwindtvd               =  F
writestatsummary            =  T
                                                                               
 ==============================================================================
                                                                               
 Known units of measurement:
                                                                               
              Unit                          CGS Value                Base Unit
  1                  cm                     1.0000                           cm
  2                   s                     1.0000                            s
  3                   g                     1.0000                            g
  4                   K                     1.0000                            K
  5                 esu                     1.0000                          esu
  6                 mol                     1.0000                          mol
  7                   m                     100.00                           cm
  8                  km                    1.00000E+05                       cm
  9                  pc                    3.08568E+18                       cm
 10                 kpc                    3.08568E+21                       cm
 11                 Mpc                    3.08568E+24                       cm
 12                 Gpc                    3.08568E+27                       cm
 13                Rsun                    6.96000E+10                       cm
 14                  AU                    1.49598E+13                       cm
 15                  yr                    3.15569E+07                        s
 16                 Myr                    3.15569E+13                        s
 17                 Gyr                    3.15569E+16                        s
 18                  kg                     1000.0                            g
 19                Msun                    1.98892E+33                        g
 20                 amu                    1.66054E-24                        g
 21                  eV                     11605.                            K
 22                   C                    2.99792E+09                      esu
 23                LFLY                    3.08568E+24                       cm
 24                TFLY                    2.05759E+17                        s
 25                MFLY                    9.88470E+45                        g
 26            clLength                    3.08568E+24                       cm
 27              clTime                    3.15569E+16                        s
 28              clMass                    1.98892E+48                        g
 29              clTemp                    1.16045E+07                        K
-----------End of Units--------------------
                                                                               
 Known physical constants:
                                                                               
    Constant Name       Constant Value   cm       s        g        K        esu      mol
  1              Newton    6.67408E-08   3.0     -2.0     -1.0      0.0      0.0      0.0    
  2      speed of light    2.99792E+10   1.0     -1.0      0.0      0.0      0.0      0.0    
  3              Planck    6.62607E-27   2.0     -1.0      1.0      0.0      0.0      0.0    
  4     electron charge    4.80320E-10   0.0      0.0      0.0      0.0      1.0      0.0    
  5       electron mass    9.10938E-28   0.0      0.0      1.0      0.0      0.0      0.0    
  6         proton mass    1.67262E-24   0.0      0.0      1.0      0.0      0.0      0.0    
  7      fine-structure    7.29735E-03   0.0      0.0      0.0      0.0      0.0      0.0    
  8            Avogadro    6.02214E+23   0.0      0.0      0.0      0.0      0.0     -1.0    
  9           Boltzmann    1.38065E-16   2.0     -2.0      1.0     -1.0      0.0      0.0    
 10  ideal gas constant    8.31446E+07   2.0     -2.0      1.0     -1.0      0.0     -1.0    
 11                Wien    0.28978       1.0      0.0      0.0      1.0      0.0      0.0    
 12    Stefan-Boltzmann    5.67037E-05   0.0     -3.0      1.0     -4.0      0.0      0.0    
 13  Radiation Constant    7.56572E-15  -1.0     -2.0      1.0     -4.0      0.0      0.0    
 14                  pi     3.1416       0.0      0.0      0.0      0.0      0.0      0.0    
 15                   e     2.7183       0.0      0.0      0.0      0.0      0.0      0.0    
 16               Euler    0.57722       0.0      0.0      0.0      0.0      0.0      0.0    
 ==============================================================================
                                                                               
 Multifluid database: not configured in
                                                                               
 ==============================================================================
 [ 03-01-2025  16:05:19.263 ] [gr_initGeometry] checking BCs for idir: 1
 [ 03-01-2025  16:05:19.266 ] [gr_initGeometry] checking BCs for idir: 2
 [ 03-01-2025  16:05:19.269 ] [gr_initGeometry] checking BCs for idir: 3
 [ 03-01-2025  16:05:37.379 ] [GRID amr_refine_derefine]: initiating refinement
 [ 03-01-2025  16:05:37.383 ] [GRID amr_refine_derefine]: redist. phase.  tot blks requested: 262144
 [GRID amr_refine_derefine] min blks 73    max blks 74    tot blks 262144
 [GRID amr_refine_derefine] min leaf blks 73    max leaf blks 74    tot leaf blks 262144
 [ 03-01-2025  16:05:39.256 ] [GRID amr_refine_derefine]: refinement complete
 [ 03-01-2025  16:29:32.819 ] [GRID gr_expandDomain]: iteration=1, create level=2
 INFO: Grid_fillGuardCells is ignoring masking.
 [ 03-01-2025  16:30:45.672 ] [mpi_amr_comm_setup]: buffer_dim_send=9172513, buffer_dim_recv=8150953
 [ 03-01-2025  16:30:53.429 ] [GRID amr_refine_derefine]: initiating refinement
 [ 03-01-2025  16:30:53.452 ] [GRID amr_refine_derefine]: redist. phase.  tot blks requested: 262208
 [GRID amr_refine_derefine] min blks 73    max blks 74    tot blks 262208
 [GRID amr_refine_derefine] min leaf blks 72    max leaf blks 74    tot leaf blks 262200
 [ 03-01-2025  16:30:54.188 ] [GRID amr_refine_derefine]: refinement complete
 [ 03-01-2025  16:30:54.199 ] [GRID gr_expandDomain]: iteration=2, create level=3
 [ 03-01-2025  16:32:14.728 ] [GRID amr_refine_derefine]: initiating refinement
 [ 03-01-2025  16:32:14.759 ] [GRID amr_refine_derefine]: redist. phase.  tot blks requested: 263168
 [GRID amr_refine_derefine] min blks 73    max blks 78    tot blks 263168
 [GRID amr_refine_derefine] min leaf blks 68    max leaf blks 74    tot leaf blks 263040
 [ 03-01-2025  16:32:16.664 ] [GRID amr_refine_derefine]: refinement complete
 [ 03-01-2025  16:32:16.675 ] [GRID gr_expandDomain]: iteration=3, create level=4
 [ 03-01-2025  16:33:37.605 ] [GRID amr_refine_derefine]: initiating refinement
 [ 03-01-2025  16:33:37.661 ] [GRID amr_refine_derefine]: redist. phase.  tot blks requested: 266176
 [GRID amr_refine_derefine] min blks 74    max blks 81    tot blks 266176
 [GRID amr_refine_derefine] min leaf blks 68    max leaf blks 75    tot leaf blks 265672
 [ 03-01-2025  16:33:39.522 ] [GRID amr_refine_derefine]: refinement complete
 [ 03-01-2025  16:33:39.533 ] [GRID gr_expandDomain]: iteration=4, create level=5
 [ 03-01-2025  16:34:53.296 ] [mpi_amr_comm_setup]: buffer_dim_send=9836329, buffer_dim_recv=8308021
 [ 03-01-2025  16:35:01.495 ] [GRID amr_refine_derefine]: initiating refinement
 [ 03-01-2025  16:35:01.527 ] [GRID amr_refine_derefine]: redist. phase.  tot blks requested: 277632
 [GRID amr_refine_derefine] min blks 77    max blks 84    tot blks 277632
 [GRID amr_refine_derefine] min leaf blks 71    max leaf blks 78    tot leaf blks 275696
 [ 03-01-2025  16:35:03.476 ] [GRID amr_refine_derefine]: refinement complete
 [ 03-01-2025  16:35:03.488 ] [GRID gr_expandDomain]: iteration=5, create level=6
 [ 03-01-2025  16:36:22.547 ] [mpi_amr_comm_setup]: buffer_dim_send=9533749, buffer_dim_recv=9102145
 [ 03-01-2025  16:36:27.634 ] [GRID amr_refine_derefine]: initiating refinement
 [ 03-01-2025  16:36:27.668 ] [GRID amr_refine_derefine]: redist. phase.  tot blks requested: 318976
 [GRID amr_refine_derefine] min blks 88    max blks 95    tot blks 318976
 [GRID amr_refine_derefine] min leaf blks 80    max leaf blks 89    tot leaf blks 311872
 [ 03-01-2025  16:36:30.400 ] [GRID amr_refine_derefine]: refinement complete
 [ 03-01-2025  16:36:30.412 ] [GRID gr_expandDomain]: iteration=6, create level=6
 [ 03-01-2025  16:37:57.995 ] [mpi_amr_comm_setup]: buffer_dim_send=9570781, buffer_dim_recv=7995733
 [ 03-01-2025  16:38:07.604 ] [GRID gr_expandDomain]: iteration=7, create level=6
 [ 03-01-2025  16:39:44.812 ] [GRID gr_expandDomain]: iteration=8, create level=6
 [ 03-01-2025  16:41:18.442 ] memory: /proc vsize    (MB):     4510.37 (min)       4859.09 (max)       4704.53 (avg)
 [ 03-01-2025  16:41:18.446 ] memory: /proc rss      (MB):     1836.65 (min)       1981.02 (max)       1865.83 (avg)
 [ 03-01-2025  16:41:18.449 ] memory: /proc vsize    (MB):     4510.37 (min)       4859.09 (max)       4704.53 (avg)
 [ 03-01-2025  16:41:18.453 ] memory: /proc rss      (MB):     1836.65 (min)       1981.02 (max)       1865.83 (avg)
 [ 03-01-2025  16:41:18.582 ] memory: /proc vsize    (MB):     4510.37 (min)       4859.09 (max)       4704.53 (avg)
 [ 03-01-2025  16:41:18.587 ] memory: /proc rss      (MB):     1836.65 (min)       1981.02 (max)       1865.83 (avg)
 [ 03-01-2025  16:41:33.730 ] [IO_writeCheckpoint] open: type=checkpoint name=sedov_hdf5_chk_0000
 [ 03-01-2025  16:43:27.354 ] [io_writeData]: wrote  318976          blocks
 [ 03-01-2025  16:43:27.736 ] [IO_writeCheckpoint] close: type=checkpoint name=sedov_hdf5_chk_0000
 [ 03-01-2025  16:43:28.136 ] [IO_writePlotfile] open: type=plotfile name=sedov_hdf5_plt_cnt_0000
 [ 03-01-2025  16:43:40.855 ] [io_writeData]: wrote  318976          blocks
 [ 03-01-2025  16:43:40.869 ] [IO_writePlotfile] close: type=plotfile name=sedov_hdf5_plt_cnt_0000
 [ 03-01-2025  16:43:40.874 ] memory: /proc vsize    (MB):     4536.28 (min)       5022.54 (max)       4728.97 (avg)
 [ 03-01-2025  16:43:40.879 ] memory: /proc rss      (MB):     1843.99 (min)       1987.92 (max)       1875.78 (avg)
 [ 03-01-2025  16:43:40.886 ] [Driver_evolveAll]: Entering evolution loop
 [ 03-01-2025  16:43:40.891 ] step: n=1 t=0.000000E+00 dt=1.000000E-10
 [ 03-01-2025  16:44:12.599 ] step: n=2 t=1.000000E-10 dt=2.000000E-10
 [ 03-01-2025  16:45:05.052 ] step: n=3 t=3.000000E-10 dt=4.000000E-10
 [ 03-01-2025  16:45:36.515 ] step: n=4 t=7.000000E-10 dt=8.000000E-10
 [ 03-01-2025  16:46:29.119 ] step: n=5 t=1.500000E-09 dt=1.600000E-09
 [ 03-01-2025  16:47:00.655 ] step: n=6 t=3.100000E-09 dt=3.200000E-09
 [ 03-01-2025  16:47:53.342 ] step: n=7 t=6.300000E-09 dt=6.400000E-09
 [ 03-01-2025  16:48:24.991 ] step: n=8 t=1.270000E-08 dt=1.280000E-08
 [ 03-01-2025  16:49:17.314 ] [GRID amr_refine_derefine]: initiating refinement
 [ 03-01-2025  16:49:17.345 ] [GRID amr_refine_derefine]: redist. phase.  tot blks requested: 319168
 [GRID amr_refine_derefine] min blks 88    max blks 96    tot blks 319168
 [GRID amr_refine_derefine] min leaf blks 81    max leaf blks 89    tot leaf blks 312040
 [ 03-01-2025  16:49:18.363 ] [GRID amr_refine_derefine]: refinement complete
 [ 03-01-2025  16:49:19.439 ] step: n=9 t=2.550000E-08 dt=2.560000E-08
 [ 03-01-2025  16:49:51.227 ] step: n=10 t=5.110000E-08 dt=5.120000E-08
 [ 03-01-2025  16:50:43.388 ] [GRID amr_refine_derefine]: initiating refinement
 [ 03-01-2025  16:50:43.426 ] [GRID amr_refine_derefine]: redist. phase.  tot blks requested: 319552
 [GRID amr_refine_derefine] min blks 88    max blks 96    tot blks 319552
 [GRID amr_refine_derefine] min leaf blks 81    max leaf blks 89    tot leaf blks 312376
 [ 03-01-2025  16:50:44.611 ] [GRID amr_refine_derefine]: refinement complete
 [ 03-01-2025  16:51:01.577 ] [IO_writeCheckpoint] open: type=checkpoint name=sedov_hdf5_chk_0001
 [ 03-01-2025  16:52:49.429 ] [io_writeData]: wrote  319552          blocks
 [ 03-01-2025  16:52:49.785 ] [IO_writeCheckpoint] close: type=checkpoint name=sedov_hdf5_chk_0001
 [ 03-01-2025  16:52:49.790 ] step: n=11 t=1.023000E-07 dt=5.148208E-08
 [ 03-01-2025  16:52:49.794 ] [mpi_amr_comm_setup]: buffer_dim_send=9562717, buffer_dim_recv=7995733
 [ 03-01-2025  16:53:22.576 ] step: n=12 t=1.537821E-07 dt=5.055515E-08
 [ 03-01-2025  16:54:16.689 ] [GRID amr_refine_derefine]: initiating refinement
 [ 03-01-2025  16:54:16.713 ] [GRID amr_refine_derefine]: redist. phase.  tot blks requested: 320320
 [GRID amr_refine_derefine] min blks 88    max blks 96    tot blks 320320
 [GRID amr_refine_derefine] min leaf blks 81    max leaf blks 89    tot leaf blks 313048
 [ 03-01-2025  16:54:19.589 ] [GRID amr_refine_derefine]: refinement complete
 [ 03-01-2025  16:54:20.872 ] step: n=13 t=2.043372E-07 dt=4.968707E-08
 [ 03-01-2025  16:54:20.876 ] [mpi_amr_comm_setup]: buffer_dim_send=9694309, buffer_dim_recv=7995733
 [ 03-01-2025  16:54:53.593 ] step: n=14 t=2.540243E-07 dt=4.886723E-08
 [ 03-01-2025  16:55:47.507 ] [GRID amr_refine_derefine]: initiating refinement
 [ 03-01-2025  16:55:47.534 ] [GRID amr_refine_derefine]: redist. phase.  tot blks requested: 321472
 [GRID amr_refine_derefine] min blks 88    max blks 96    tot blks 321472
 [GRID amr_refine_derefine] min leaf blks 81    max leaf blks 89    tot leaf blks 314056
 [ 03-01-2025  16:55:51.118 ] [GRID amr_refine_derefine]: refinement complete
 [ 03-01-2025  16:55:52.374 ] step: n=15 t=3.028915E-07 dt=4.807240E-08
 [ 03-01-2025  16:55:52.376 ] [mpi_amr_comm_setup]: buffer_dim_send=10284265, buffer_dim_recv=9480793
 [ 03-01-2025  16:56:25.122 ] step: n=16 t=3.509639E-07 dt=4.731231E-08
 [ 03-01-2025  16:57:19.440 ] [GRID amr_refine_derefine]: initiating refinement
 [ 03-01-2025  16:57:19.460 ] [GRID amr_refine_derefine]: redist. phase.  tot blks requested: 321664
 [GRID amr_refine_derefine] min blks 88    max blks 96    tot blks 321664
 [GRID amr_refine_derefine] min leaf blks 81    max leaf blks 89    tot leaf blks 314224
 [ 03-01-2025  16:57:20.449 ] [GRID amr_refine_derefine]: refinement complete
 [ 03-01-2025  16:57:21.517 ] step: n=17 t=3.982762E-07 dt=4.660259E-08
 [ 03-01-2025  16:57:54.509 ] step: n=18 t=4.448788E-07 dt=4.594186E-08
 [ 03-01-2025  16:58:49.518 ] step: n=19 t=4.908207E-07 dt=4.531939E-08
 [ 03-01-2025  16:59:22.832 ] step: n=20 t=5.361401E-07 dt=4.469658E-08
 [ 03-01-2025  17:00:34.716 ] [IO_writeCheckpoint] open: type=checkpoint name=sedov_hdf5_chk_0002
 [ 03-01-2025  17:01:42.971 ] [io_writeData]: wrote  321664          blocks
 [ 03-01-2025  17:01:43.094 ] [IO_writeCheckpoint] close: type=checkpoint name=sedov_hdf5_chk_0002
 [ 03-01-2025  17:01:43.099 ] step: n=21 t=5.808367E-07 dt=4.410979E-08
 [ 03-01-2025  17:02:17.948 ] step: n=22 t=6.249464E-07 dt=4.356693E-08
 [ 03-01-2025  17:03:13.746 ] [GRID amr_refine_derefine]: initiating refinement
 [ 03-01-2025  17:03:13.770 ] [GRID amr_refine_derefine]: redist. phase.  tot blks requested: 322048
 [GRID amr_refine_derefine] min blks 88    max blks 96    tot blks 322048
 [GRID amr_refine_derefine] min leaf blks 81    max leaf blks 89    tot leaf blks 314560
 [ 03-01-2025  17:03:15.335 ] [GRID amr_refine_derefine]: refinement complete
 [ 03-01-2025  17:03:16.404 ] step: n=23 t=6.685134E-07 dt=4.304799E-08
 [ 03-01-2025  17:03:16.409 ] [mpi_amr_comm_setup]: buffer_dim_send=10218469, buffer_dim_recv=9480793
 [ 03-01-2025  17:03:51.039 ] step: n=24 t=7.115614E-07 dt=4.253934E-08
 [ 03-01-2025  17:04:46.645 ] [GRID amr_refine_derefine]: initiating refinement
 [ 03-01-2025  17:04:46.673 ] [GRID amr_refine_derefine]: redist. phase.  tot blks requested: 322432
 [GRID amr_refine_derefine] min blks 88    max blks 97    tot blks 322432
 [GRID amr_refine_derefine] min leaf blks 81    max leaf blks 89    tot leaf blks 314896
 [ 03-01-2025  17:04:48.205 ] [GRID amr_refine_derefine]: refinement complete
 [ 03-01-2025  17:04:49.465 ] step: n=25 t=7.541007E-07 dt=4.206069E-08
 [ 03-01-2025  17:05:23.694 ] step: n=26 t=7.961614E-07 dt=4.159556E-08
 [ 03-01-2025  17:06:19.585 ] [GRID amr_refine_derefine]: initiating refinement
 [ 03-01-2025  17:06:19.615 ] [GRID amr_refine_derefine]: redist. phase.  tot blks requested: 323200
 [GRID amr_refine_derefine] min blks 89    max blks 97    tot blks 323200
 [GRID amr_refine_derefine] min leaf blks 82    max leaf blks 90    tot leaf blks 315568
 [ 03-01-2025  17:06:22.370 ] [GRID amr_refine_derefine]: refinement complete
 [ 03-01-2025  17:06:24.063 ] step: n=27 t=8.377570E-07 dt=4.109344E-08
 [ 03-01-2025  17:06:58.332 ] step: n=28 t=8.788504E-07 dt=4.059195E-08
 [ 03-01-2025  17:07:54.882 ] step: n=29 t=9.194423E-07 dt=4.009407E-08
 [ 03-01-2025  17:08:29.699 ] step: n=30 t=9.595364E-07 dt=3.963341E-08
 [ 03-01-2025  17:09:26.168 ] [GRID amr_refine_derefine]: initiating refinement
 [ 03-01-2025  17:09:26.191 ] [GRID amr_refine_derefine]: redist. phase.  tot blks requested: 323968
 [GRID amr_refine_derefine] min blks 89    max blks 97    tot blks 323968
 [GRID amr_refine_derefine] min leaf blks 81    max leaf blks 90    tot leaf blks 316240
 [ 03-01-2025  17:09:29.571 ] [GRID amr_refine_derefine]: refinement complete
 [ 03-01-2025  17:09:47.420 ] [IO_writeCheckpoint] open: type=checkpoint name=sedov_hdf5_chk_0003
 [ 03-01-2025  17:10:55.528 ] [io_writeData]: wrote  323968          blocks
 [ 03-01-2025  17:10:55.639 ] [IO_writeCheckpoint] close: type=checkpoint name=sedov_hdf5_chk_0003
 [ 03-01-2025  17:10:55.644 ] step: n=31 t=9.991698E-07 dt=3.921543E-08
 [ 03-01-2025  17:10:55.649 ] [mpi_amr_comm_setup]: buffer_dim_send=10096225, buffer_dim_recv=9480793
 [ 03-01-2025  17:11:30.570 ] step: n=32 t=1.038385E-06 dt=3.883616E-08
 [ 03-01-2025  17:12:26.487 ] [GRID amr_refine_derefine]: initiating refinement
 [ 03-01-2025  17:12:26.513 ] [GRID amr_refine_derefine]: redist. phase.  tot blks requested: 324736
 [GRID amr_refine_derefine] min blks 89    max blks 97    tot blks 324736
 [GRID amr_refine_derefine] min leaf blks 82    max leaf blks 90    tot leaf blks 316912
 [ 03-01-2025  17:12:29.041 ] [GRID amr_refine_derefine]: refinement complete
 [ 03-01-2025  17:12:30.639 ] step: n=33 t=1.077221E-06 dt=3.848919E-08
 [ 03-01-2025  17:12:30.642 ] [mpi_amr_comm_setup]: buffer_dim_send=10631017, buffer_dim_recv=9619165
 [ 03-01-2025  17:13:06.073 ] step: n=34 t=1.115711E-06 dt=3.816827E-08
 [ 03-01-2025  17:14:03.393 ] step: n=35 t=1.153879E-06 dt=3.786364E-08
 [ 03-01-2025  17:14:38.916 ] step: n=36 t=1.191743E-06 dt=3.757623E-08
 [ 03-01-2025  17:15:36.193 ] step: n=37 t=1.229319E-06 dt=3.730651E-08
 [ 03-01-2025  17:16:11.771 ] step: n=38 t=1.266625E-06 dt=3.703419E-08
 [ 03-01-2025  17:17:08.721 ] [GRID amr_refine_derefine]: initiating refinement
 [ 03-01-2025  17:17:08.748 ] [GRID amr_refine_derefine]: redist. phase.  tot blks requested: 324928
 [GRID amr_refine_derefine] min blks 89    max blks 97    tot blks 324928
 [GRID amr_refine_derefine] min leaf blks 82    max leaf blks 90    tot leaf blks 317080
 [ 03-01-2025  17:17:09.815 ] [GRID amr_refine_derefine]: refinement complete
 [ 03-01-2025  17:17:10.892 ] step: n=39 t=1.303659E-06 dt=3.676561E-08
 [ 03-01-2025  17:17:45.823 ] step: n=40 t=1.340425E-06 dt=3.651223E-08
 [ 03-01-2025  17:18:42.232 ] [GRID amr_refine_derefine]: initiating refinement
 [ 03-01-2025  17:18:42.264 ] [GRID amr_refine_derefine]: redist. phase.  tot blks requested: 325120
 [GRID amr_refine_derefine] min blks 89    max blks 97    tot blks 325120
 [GRID amr_refine_derefine] min leaf blks 82    max leaf blks 90    tot leaf blks 317248
 [ 03-01-2025  17:18:43.257 ] [GRID amr_refine_derefine]: refinement complete
 [ 03-01-2025  17:19:00.400 ] [IO_writeCheckpoint] open: type=checkpoint name=sedov_hdf5_chk_0004
 [ 03-01-2025  17:20:14.091 ] [io_writeData]: wrote  325120          blocks
 [ 03-01-2025  17:20:14.237 ] [IO_writeCheckpoint] close: type=checkpoint name=sedov_hdf5_chk_0004
 [ 03-01-2025  17:20:14.240 ] step: n=41 t=1.376937E-06 dt=3.627985E-08
 [ 03-01-2025  17:20:49.034 ] step: n=42 t=1.413217E-06 dt=3.606985E-08
 [ 03-01-2025  17:21:45.701 ] step: n=43 t=1.449287E-06 dt=3.587395E-08
 [ 03-01-2025  17:22:20.643 ] step: n=44 t=1.485161E-06 dt=3.569822E-08
 [ 03-01-2025  17:23:16.952 ] [GRID amr_refine_derefine]: initiating refinement
 [ 03-01-2025  17:23:16.976 ] [GRID amr_refine_derefine]: redist. phase.  tot blks requested: 326272
 [GRID amr_refine_derefine] min blks 89    max blks 97    tot blks 326272
 [GRID amr_refine_derefine] min leaf blks 82    max leaf blks 90    tot leaf blks 318256
 [ 03-01-2025  17:23:21.244 ] [GRID amr_refine_derefine]: refinement complete
 [ 03-01-2025  17:23:22.558 ] step: n=45 t=1.520859E-06 dt=3.554189E-08
 [ 03-01-2025  17:23:22.562 ] [mpi_amr_comm_setup]: buffer_dim_send=10629733, buffer_dim_recv=9619165
 [ 03-01-2025  17:23:56.978 ] step: n=46 t=1.556401E-06 dt=3.540765E-08
 [ 03-01-2025  17:24:53.812 ] step: n=47 t=1.591809E-06 dt=3.530243E-08
 [ 03-01-2025  17:25:28.560 ] step: n=48 t=1.627111E-06 dt=3.520851E-08
 [ 03-01-2025  17:26:25.308 ] step: n=49 t=1.662320E-06 dt=3.512232E-08
 [ 03-01-2025  17:27:00.038 ] step: n=50 t=1.697442E-06 dt=3.506173E-08
 [ 03-01-2025  17:27:56.468 ] [GRID amr_refine_derefine]: initiating refinement
 [ 03-01-2025  17:27:56.488 ] [GRID amr_refine_derefine]: redist. phase.  tot blks requested: 326656
 [GRID amr_refine_derefine] min blks 90    max blks 98    tot blks 326656
 [GRID amr_refine_derefine] min leaf blks 83    max leaf blks 91    tot leaf blks 318592
 [ 03-01-2025  17:27:57.773 ] [GRID amr_refine_derefine]: refinement complete
 [ 03-01-2025  17:28:15.591 ] [IO_writeCheckpoint] open: type=checkpoint name=sedov_hdf5_chk_0005
 [ 03-01-2025  17:29:27.120 ] [io_writeData]: wrote  326656          blocks
 [ 03-01-2025  17:29:27.336 ] [IO_writeCheckpoint] close: type=checkpoint name=sedov_hdf5_chk_0005
 [ 03-01-2025  17:29:27.339 ] step: n=51 t=1.732504E-06 dt=3.502552E-08
 [ 03-01-2025  17:30:04.544 ] step: n=52 t=1.767529E-06 dt=3.500864E-08
 [ 03-01-2025  17:31:03.132 ] [GRID amr_refine_derefine]: initiating refinement
 [ 03-01-2025  17:31:03.161 ] [GRID amr_refine_derefine]: redist. phase.  tot blks requested: 328192
 [GRID amr_refine_derefine] min blks 90    max blks 98    tot blks 328192
 [GRID amr_refine_derefine] min leaf blks 83    max leaf blks 91    tot leaf blks 319936
 [ 03-01-2025  17:31:08.375 ] [GRID amr_refine_derefine]: refinement complete
 [ 03-01-2025  17:31:09.687 ] step: n=53 t=1.802538E-06 dt=3.501215E-08
 [ 03-01-2025  17:31:45.258 ] step: n=54 t=1.837550E-06 dt=3.501823E-08
 [ 03-01-2025  17:32:43.438 ] step: n=55 t=1.872568E-06 dt=3.502558E-08
 [ 03-01-2025  17:33:19.687 ] step: n=56 t=1.907594E-06 dt=3.503618E-08
 [ 03-01-2025  17:34:17.815 ] step: n=57 t=1.942630E-06 dt=3.505074E-08
 [ 03-01-2025  17:34:54.011 ] step: n=58 t=1.977681E-06 dt=3.507960E-08
 [ 03-01-2025  17:35:52.110 ] step: n=59 t=2.012760E-06 dt=3.511136E-08
 [ 03-01-2025  17:36:28.165 ] step: n=60 t=2.047872E-06 dt=3.511160E-08
 [ 03-01-2025  17:37:43.185 ] [IO_writeCheckpoint] open: type=checkpoint name=sedov_hdf5_chk_0006
 [ 03-01-2025  17:38:53.970 ] [io_writeData]: wrote  328192          blocks
 [ 03-01-2025  17:38:54.079 ] [IO_writeCheckpoint] close: type=checkpoint name=sedov_hdf5_chk_0006
 [ 03-01-2025  17:38:54.083 ] [Driver_evolveAll]: Exiting evolution loop
 [ 03-01-2025  17:38:54.913 ] [IO_writePlotfile] open: type=plotfile name=sedov_forced_hdf5_plt_cnt_0000
 [ 03-01-2025  17:39:16.776 ] [io_writeData]: wrote  328192          blocks
 [ 03-01-2025  17:39:17.024 ] [IO_writePlotfile] close: type=plotfile name=sedov_forced_hdf5_plt_cnt_0000
 [ 03-01-2025  17:39:17.098 ] memory: /proc vsize    (MB):     4557.68 (min)       5044.34 (max)       4773.08 (avg)
 [ 03-01-2025  17:39:17.154 ] memory: /proc rss      (MB):     2477.25 (min)       2689.43 (max)       2524.57 (avg)
 ==============================================================================
 perf_summary: code performance summary for process            0
                      beginning : 03-01-2025  16:05:19
                         ending : 03-01-2025  17:39:17
   seconds in monitoring period :             5637.968
      number of evolution steps :                   60
 ------------------------------------------------------------------------------
 accounting unit                       time sec  num calls   secs avg  time pct
 ------------------------------------------------------------------------------
 initialization                       2301.642      1        2301.642    40.824
  eos                                    2.457      8           0.307     0.044
  guardcell internal                    28.508      7           4.073     0.506
   amr_guardcell                        26.696      7           3.814     0.474
   eos gc                                0.001      7           0.000     0.000
  writeCheckpoint                      129.014      1         129.014     2.288
   restrictAll                          14.193      1          14.193     0.252
  writePlotfile                         13.130      1          13.130     0.233
 writePlotfile                          22.907      1          22.907     0.406
 evolution                            3313.194      1        3313.194    58.766
  Hydro                               1506.017     60          25.100    26.712
   Head                                315.384     60           5.256     5.594
    guardcell internal                 315.381     60           5.256     5.594
     amr_guardcell                     291.317     60           4.855     5.167
     eos gc                              0.006     60           0.000     0.000
   compute fluxes                     1126.176     60          18.770    19.975
    hy_computeFluxes                  1126.162   5354           0.210    19.975
     RiemannState                      973.137   5354           0.182    17.260
     getFaceFlux                       151.810   5354           0.028     2.693
   conserveFluxes                        0.480     60           0.008     0.009
   update solution                      63.492     60           1.058     1.126
    update solution body                63.470   5354           0.012     1.126
     unsplitUpdate                      22.133   5354           0.004     0.393
  sourceTerms                            0.000     60           0.000     0.000
  Particles_advance                      0.000     60           0.000     0.000
  Gravity potential                      0.000     60           0.000     0.000
  IO_output                           1099.050    120           9.159    19.494
   diagnostics                         539.306    120           4.494     9.566
   checkpointing                       559.555      6          93.259     9.925
    writeCheckpoint                    559.538      6          93.256     9.924
     restrictAll                        88.419      6          14.736     1.568
  Grid_updateRefinement                700.132     60          11.669    12.418
   eos                                   8.961     15           0.597     0.159
   tree                                691.171     60          11.520    12.259
    markRefineDerefine                 180.899     30           6.030     3.209
     guardcell internal                157.537     30           5.251     2.794
      amr_guardcell                    145.447     30           4.848     2.580
      eos gc                             0.003     30           0.000     0.000
    amr_refine_derefine                499.032     30          16.634     8.851
    updateData                           0.002     30           0.000     0.000
   updateParticleRefinement              0.000     15           0.000     0.000
  Driver_computeDt                       7.714     60           0.129     0.137
 ==============================================================================
 [ 03-01-2025  17:39:17.348 ] [Timers_getSummary]: Not writing timer max/min/avg values because not all processors had same timers
 [ 03-01-2025  17:39:17.483 ] LOGFILE_END: FLASH run complete.
 FLASH log file:  03-01-2025  17:39:47.313    Run number:  1
 ==============================================================================
 Number of MPI tasks:               3584
 MPI version:                          3
 MPI subversion:                       1
 Dimensionality:                       3
 Max Number of Blocks/Proc:          200
 Number x zones:                      32
 Number y zones:                      32
 Number z zones:                      32
 Setup stamp:     Fri Nov 1 14:03:57 2024
 Build stamp:     Fri Nov 1 14:04:23 2024
 System info:     Linux corona211 4.18.0-553.22.1.1toss.t4.x86_64 #1 SMP Tue Sep 24 16:50:00 PDT 2
 Version:         Flash-X 1.0 (heads/main-0-g6040ba49-dirty)                                      
 Build directory: /usr/workspace/ather1/Flash-X/sedov
 Setup syntax:    /usr/workspace/ather1/Flash-X/bin/setup.py Sedov -auto -3d -nxb=32 -nyb=32 -nzb=32 +parallelio -objdir=/usr/workspace/ather1/Flash-X/sedov
 f compiler flags: mpif90 -ggdb -c -O2 -fdefault-real-8 -fdefault-double-8 -Wuninitialized -fallow-argument-mismatch -fallow-argument-mismatch -DMAXBLOCKS=200 -DNXB=32 -DNYB=32 -DNZB=32 -DN_DIM=3
 c compiler flags:    mpicc -I/p/lustre2/ather1/hdf5-1.14.4-3/install/include -DH5_USE_18_API -ggdb -c -O2 -Wuninitialized -D_FORTIFY_SOURCE=2 -DMAXBLOCKS=200 -DNXB=32 -DNYB=32 -DNZB=32 -DN_DIM=3
 ==============================================================================
 Comment:  Sedov explosion
 ==============================================================================
 FLASH Units used:
   Driver/DriverMain/Unsplit
   Grid/GridBoundaryConditions
   Grid/GridMain/AMR/Paramesh4/PM4_package/flash_avoid_orrery
   Grid/GridMain/AMR/Paramesh4/PM4_package/headers
   Grid/GridMain/AMR/Paramesh4/PM4_package/source
   Grid/GridMain/AMR/Paramesh4/PM4_package/utilities/multigrid
   Grid/GridMain/AMR/Paramesh4/interpolation/prolong
   Grid/GridMain/AMR/Paramesh4/levelFlux
   Grid/localAPI
   IO/IOMain/hdf5/parallel/PM
   IO/localAPI
   PhysicalConstants/PhysicalConstantsMain
   RuntimeParameters/RuntimeParametersMain
   Simulation/SimulationMain/Sedov
   TimeAdvance/TimeAdvanceMain/StrangSplit
   flashUtilities/contiguousConversion
   flashUtilities/general
   flashUtilities/interpolation/oneDim
   flashUtilities/nameValueLL
   flashUtilities/sorting/quicksort
   flashUtilities/system/memoryUsage/legacy
   monitors/Logfile/LogfileMain
   monitors/Timers/TimersMain/MPINative
   physics/Eos/EosMain/Gamma
   physics/Hydro/HydroMain/unsplit/OnlyHydro
   physics/Hydro/HydroMain/unsplit/levelFlux
   physics/Hydro/localAPI
 ==============================================================================
 RuntimeParameters:
                                                                               
 ==============================================================================
bndpriorityone              =          1
bndprioritythree            =          3
bndprioritytwo              =          2
checkpointfileintervalstep  =         10 [CHANGED]
checkpointfilenumber        =          0
dr_abortpause               =          2
dr_dtminbelowaction         =          1
drift_break_inst            =          0
drift_trunc_mantissa        =          2
drift_verbose_inst          =          0
eos_entrelescalechoice      =          6
eos_loglevel                =        700
fileformatversion           =          9
forcedplotfilenumber        =          0
gr_lrefmaxtimevalue_1       =         -1
gr_lrefmaxtimevalue_10      =         -1
gr_lrefmaxtimevalue_11      =         -1
gr_lrefmaxtimevalue_12      =         -1
gr_lrefmaxtimevalue_13      =         -1
gr_lrefmaxtimevalue_14      =         -1
gr_lrefmaxtimevalue_15      =         -1
gr_lrefmaxtimevalue_16      =         -1
gr_lrefmaxtimevalue_17      =         -1
gr_lrefmaxtimevalue_18      =         -1
gr_lrefmaxtimevalue_19      =         -1
gr_lrefmaxtimevalue_2       =         -1
gr_lrefmaxtimevalue_20      =         -1
gr_lrefmaxtimevalue_3       =         -1
gr_lrefmaxtimevalue_4       =         -1
gr_lrefmaxtimevalue_5       =         -1
gr_lrefmaxtimevalue_6       =         -1
gr_lrefmaxtimevalue_7       =         -1
gr_lrefmaxtimevalue_8       =         -1
gr_lrefmaxtimevalue_9       =         -1
gr_pmrpdivergencefree       =         -1
gr_pmrpifaceoff             =          0
gr_pmrpl2p5d                =          0
gr_pmrpmaxblocks            =         -1
gr_pmrpmflags               =          1
gr_pmrpnboundaries          =          6
gr_pmrpndim                 =          3
gr_pmrpnedgevar1            =         -1
gr_pmrpnfacevar             =         -1
gr_pmrpnfielddivf           =         -1
gr_pmrpnfluxvar             =         -1
gr_pmrpnguard               =         -1
gr_pmrpnguardwork           =         -1
gr_pmrpnvar                 =         -1
gr_pmrpnvarwork             =          1
gr_pmrpnvarcorn             =          0
gr_pmrpnvaredge             =          0
gr_pmrpnxb                  =         -1
gr_pmrpnyb                  =         -1
gr_pmrpnzb                  =         -1
gr_restrictallmethod        =          3
gr_sanitizedatamode         =          1
gr_sanitizeverbosity        =          5
gr_tilesizex                =         32
gr_tilesizey                =         32
gr_tilesizez                =         32
hy_3torder                  =         -1
hydrocomputedtoption        =         -1
iprocs                      =          1
interpol_order              =          2
irenorm                     =          0
jprocs                      =          1
kprocs                      =          1
lrefine_del                 =          0
lrefine_max                 =          6 [CHANGED]
lrefine_min                 =          1
lrefine_min_init            =          1
max_particles_per_blk       =        100
memory_stat_freq            =     100000
meshcopycount               =          1
min_particles_per_blk       =          1
nbegin                      =          1
nblockx                     =         64 [CHANGED]
nblocky                     =         64 [CHANGED]
nblockz                     =         64 [CHANGED]
nend                        =         60 [CHANGED]
nrefs                       =          2
nsteptotalsts               =          5
order                       =          3 [CHANGED]
outputsplitnum              =          1
plotfileintervalstep        =          0
plotfilenumber              =          0
refine_var_count            =          4
rolling_checkpoint          =      10000
sim_centerrefinelevel       =          1
sim_integralslevel          =         -1
sim_nsubzones               =          7
sweeporder                  =        123
transorder                  =          1
wr_integrals_freq           =          1
limitedslopebeta            =                 0.100E+01
cfl                         =                 0.800E+00
checkpointfileintervaltime  =                 0.000E+00 [CHANGED]
checkpointfileintervalz     =                 0.180+309
cvisc                       =                 0.100E+00
derefine_cutoff_1           =                 0.200E+00
derefine_cutoff_2           =                 0.200E+00
derefine_cutoff_3           =                 0.200E+00
derefine_cutoff_4           =                 0.200E+00
dr_dtmincontinue            =                 0.000E+00
dr_tstepslowstartfactor     =                 0.100E+00
dtinit                      =                 0.100E-09
dtmax                       =                 0.100E+06
dtmin                       =                 0.100E-09
eintswitch                  =                 0.100E-03 [CHANGED]
eos_singlespeciesa          =                 0.100E+01
eos_singlespeciesz          =                 0.100E+01
gamma                       =                 0.140E+01 [CHANGED]
gr_btworkchildscaling       =                 0.100E+01
gr_btworkdefaultleaf        =                 0.200E+01
gr_btworkdefaultpar         =                 0.100E+01
gr_btworklbleaf             =                 0.000E+00
gr_btworklbpar              =                 0.000E+00
gr_btworkubleaf             =                 0.100E+07
gr_btworkubpar              =                 0.100E+07
gr_lrefinemaxredlogbase     =                 0.100E+02
gr_lrefinemaxredradiusfact  =                 0.000E+00
gr_lrefinemaxredtref        =                 0.000E+00
gr_lrefinemaxredtimescale   =                 0.100E+01
gr_lrefmaxtime_1            =                -0.100E+01
gr_lrefmaxtime_10           =                -0.100E+01
gr_lrefmaxtime_11           =                -0.100E+01
gr_lrefmaxtime_12           =                -0.100E+01
gr_lrefmaxtime_13           =                -0.100E+01
gr_lrefmaxtime_14           =                -0.100E+01
gr_lrefmaxtime_15           =                -0.100E+01
gr_lrefmaxtime_16           =                -0.100E+01
gr_lrefmaxtime_17           =                -0.100E+01
gr_lrefmaxtime_18           =                -0.100E+01
gr_lrefmaxtime_19           =                -0.100E+01
gr_lrefmaxtime_2            =                -0.100E+01
gr_lrefmaxtime_20           =                -0.100E+01
gr_lrefmaxtime_3            =                -0.100E+01
gr_lrefmaxtime_4            =                -0.100E+01
gr_lrefmaxtime_5            =                -0.100E+01
gr_lrefmaxtime_6            =                -0.100E+01
gr_lrefmaxtime_7            =                -0.100E+01
gr_lrefmaxtime_8            =                -0.100E+01
gr_lrefmaxtime_9            =                -0.100E+01
hy_cflfallbackfactor        =                 0.900E+00
hy_fpresinmomflux           =                 0.100E+01
hybridorderkappa            =                 0.000E+00
nusts                       =                 0.200E+00 [CHANGED]
plotfileintervaltime        =                 0.000E+00 [CHANGED]
plotfileintervalz           =                 0.180+309
radiusgp                    =                 0.200E+01
refine_cutoff_1             =                 0.800E+00
refine_cutoff_2             =                 0.800E+00
refine_cutoff_3             =                 0.800E+00
refine_cutoff_4             =                 0.800E+00
refine_filter_1             =                 0.100E-01
refine_filter_2             =                 0.100E-01
refine_filter_3             =                 0.100E-01
refine_filter_4             =                 0.100E-01
rss_limit                   =                -0.100E+01
sigmagp                     =                 0.300E+01
sim_derefineradius          =                 0.000E+00
sim_earliestlstime          =                 0.000E+00
sim_expenergy               =                 0.100E+01
sim_largestnormradius       =                 0.180+309
sim_latestlstime            =                 0.180+309
sim_minrhoinit              =                 0.100E-19
sim_pambient                =                 0.100E-04
sim_rinit                   =                 0.137E-01 [CHANGED]
sim_rhoambient              =                 0.100E+01
sim_smallestnormradius      =                 0.000E+00
sim_xctr                    =                 0.500E+00
sim_yctr                    =                 0.500E+00
sim_zctr                    =                 0.500E+00
small                       =                 0.100E-09
smalle                      =                 0.100E-09
smallp                      =                 0.100E-09
smallt                      =                 0.100E-09
smallu                      =                 0.100E-09
smallx                      =                 0.100E-09
smlrho                      =                 0.100E-09
tinitial                    =                 0.000E+00
tiny                        =                 0.100E-15
tmax                        =                 0.500E+06 [CHANGED]
tstep_change_factor         =                 0.200E+01
wall_clock_checkpoint       =                 0.432E+05
wall_clock_time_limit       =                 0.605E+06
x_refine_center             =                 0.000E+00
xmax                        =                 0.100E+01
xmin                        =                 0.000E+00
y_refine_center             =                 0.000E+00
ymax                        =                 0.100E+01
ymin                        =                 0.000E+00
zfinal                      =                 0.000E+00
zinitial                    =                -0.100E+01
z_refine_center             =                 0.000E+00
zmax                        =                 0.100E+01
zmin                        =                 0.000E+00
riemannsolver               = Roe                            [CHANGED]
unitsystem                  = none                          
basenm                      = sedov_                         [CHANGED]
entropyfixmethod            = HARTENHYMAN                   
eosmode                     = dens_ie                       
eosmodeinit                 = dens_ie                       
geometry                    = cartesian                     
gr_pmrpoutputdir            = ./                            
grav_boundary_type          = isolated                      
hy_eosmodegc                = see eosMode                   
log_file                    = sedov.log                      [CHANGED]
output_directory            =                               
pc_unitsbase                = CGS                           
plot_grid_var_1             = none                          
plot_grid_var_10            = none                          
plot_grid_var_11            = none                          
plot_grid_var_12            = none                          
plot_grid_var_13            = none                          
plot_grid_var_14            = none                          
plot_grid_var_15            = none                          
plot_grid_var_16            = none                          
plot_grid_var_17            = none                          
plot_grid_var_18            = none                          
plot_grid_var_19            = none                          
plot_grid_var_2             = none                          
plot_grid_var_20            = none                          
plot_grid_var_21            = none                          
plot_grid_var_22            = none                          
plot_grid_var_23            = none                          
plot_grid_var_24            = none                          
plot_grid_var_25            = none                          
plot_grid_var_26            = none                          
plot_grid_var_27            = none                          
plot_grid_var_28            = none                          
plot_grid_var_29            = none                          
plot_grid_var_3             = none                          
plot_grid_var_30            = none                          
plot_grid_var_31            = none                          
plot_grid_var_32            = none                          
plot_grid_var_33            = none                          
plot_grid_var_34            = none                          
plot_grid_var_35            = none                          
plot_grid_var_36            = none                          
plot_grid_var_37            = none                          
plot_grid_var_38            = none                          
plot_grid_var_39            = none                          
plot_grid_var_4             = none                          
plot_grid_var_40            = none                          
plot_grid_var_41            = none                          
plot_grid_var_42            = none                          
plot_grid_var_43            = none                          
plot_grid_var_44            = none                          
plot_grid_var_45            = none                          
plot_grid_var_46            = none                          
plot_grid_var_47            = none                          
plot_grid_var_48            = none                          
plot_grid_var_49            = none                          
plot_grid_var_5             = none                          
plot_grid_var_50            = none                          
plot_grid_var_51            = none                          
plot_grid_var_52            = none                          
plot_grid_var_53            = none                          
plot_grid_var_54            = none                          
plot_grid_var_55            = none                          
plot_grid_var_56            = none                          
plot_grid_var_57            = none                          
plot_grid_var_58            = none                          
plot_grid_var_59            = none                          
plot_grid_var_6             = none                          
plot_grid_var_60            = none                          
plot_grid_var_61            = none                          
plot_grid_var_62            = none                          
plot_grid_var_63            = none                          
plot_grid_var_64            = none                          
plot_grid_var_65            = none                          
plot_grid_var_66            = none                          
plot_grid_var_67            = none                          
plot_grid_var_68            = none                          
plot_grid_var_69            = none                          
plot_grid_var_7             = none                          
plot_grid_var_70            = none                          
plot_grid_var_71            = none                          
plot_grid_var_72            = none                          
plot_grid_var_73            = none                          
plot_grid_var_74            = none                          
plot_grid_var_75            = none                          
plot_grid_var_76            = none                          
plot_grid_var_77            = none                          
plot_grid_var_78            = none                          
plot_grid_var_8             = none                          
plot_grid_var_9             = none                          
plot_var_1                  = dens                           [CHANGED]
plot_var_10                 = none                          
plot_var_11                 = none                          
plot_var_12                 = none                          
plot_var_13                 = none                          
plot_var_14                 = none                          
plot_var_15                 = none                          
plot_var_16                 = none                          
plot_var_17                 = none                          
plot_var_18                 = none                          
plot_var_2                  = pres                           [CHANGED]
plot_var_3                  = temp                           [CHANGED]
plot_var_4                  = none                          
plot_var_5                  = none                          
plot_var_6                  = none                          
plot_var_7                  = none                          
plot_var_8                  = none                          
plot_var_9                  = none                          
prof_file                   = profile.dat                   
refine_var_1                = dens                           [CHANGED]
refine_var_2                = pres                           [CHANGED]
refine_var_3                = none                          
refine_var_4                = none                          
run_comment                 = Sedov explosion                [CHANGED]
run_number                  = 1                             
sim_proffilename            = /dev/null                      [CHANGED]
slopelimiter                = mc                             [CHANGED]
stats_file                  = flashx.dat                    
wenomethod                  = WENO5                         
xl_boundary_type            = outflow                        [CHANGED]
xr_boundary_type            = outflow                        [CHANGED]
yl_boundary_type            = outflow                        [CHANGED]
yr_boundary_type            = outflow                        [CHANGED]
zl_boundary_type            = outflow                        [CHANGED]
zr_boundary_type            = outflow                        [CHANGED]
csvsummaryallprocs          =  F
eosforriemann               =  F
logsummaryallprocs          =  F
addthermalflux              =  T
allowdtstsdominate          =  F
alwayscomputeuservars       =  T
alwaysrestrictcheckpoint    =  T
charlimiting                =  T
chkguardcellsinput          =  F
chkguardcellsoutput         =  F
conserveangmom              =  F
converttoconsvdformeshcalls =  F
converttoconsvdinmeshinterp =  T
corners                     =  F
dr_printtsteploc            =  T
dr_shortenlaststepbeforetmax =  F
drift_tuples                =  F
eachprocwritesownabortlog   =  F
eachprocwritessummary       =  F
earlyblockdistadjustment    =  T
enablemaskedgcfill          =  F
entropy                     =  F
flux_correct                =  T
flux_correct_perlevel       =  F
geometryoverride            =  F
gr_bcenableapplymixedgds    =  T
gr_bndgcfillneedsprimitivevars =  T
gr_btcustomwork             =  F
gr_btexchangework           =  F
gr_btsortbywork             =  T
gr_enabletiling             =  F
gr_lrefinemaxbytime         =  F
gr_lrefinemaxreddobylogr    =  F
gr_lrefinemaxreddobytime    =  F
gr_pmrpadvancealllevels     =  F
gr_pmrpamrerrorchecking     =  F
gr_pmrpcartesianpm          =  F
gr_pmrpconserve             =  F
gr_pmrpconsvfluxdensities   =  T
gr_pmrpconsvfluxes          =  F
gr_pmrpcurvilinear          =  F
gr_pmrpcurvilinearconserve  =  F
gr_pmrpcylindricalpm        =  F
gr_pmrpdiagonals            =  T
gr_pmrpedgevalue            =  T
gr_pmrpedgevalueinteg       =  F
gr_pmrpemptycells           =  F
gr_pmrpforceconsistency     =  T
gr_pmrplsingularline        =  F
gr_pmrpnopermanentguardcells =  F
gr_pmrppolarpm              =  F
gr_pmrppredcorr             =  F
gr_pmrpsphericalpm          =  F
gr_pmrptimingmpi            =  F
gr_pmrptimingmpix           =  F
gr_pmrpvardt                =  F
gr_usetiling                =  F
hy_fallbacklowercfl         =  F
hy_fullspecmsfluxhandling   =  T
hy_usetiling                =  F
ignoreforcedplot            =  F
io_writemscalarintegrals    =  F
plotfilegridquantitydp      =  F
plotfilemetadatadp          =  F
reducegcellfills            =  F
refine_on_particle_count    =  F
restart                     =  F
shockdetect                 =  F
shocklowercfl               =  F
sim_bcsetbdryvar            =  F
sim_forcecenterderefine     =  F
sim_onelevelintegralsonly   =  F
summaryoutputonly           =  F
threadblocklistbuild        =  F
threaddelepblocklist        =  F
threaddelepwithinblock      =  F
threaddriverblocklist       =  F
threaddriverwithinblock     =  F
threadeoswithinblock        =  F
threadhydroblocklist        =  F
threadhydrowithinblock      =  F
threadraytracebuild         =  F
threadwithinblockbuild      =  F
tmr_suppressinparallel      =  F
typematchedxfer             =  T
unbiased_geometry           =  F
updatehydrofluxes           =  T
useburn                     =  F
usecollectivehdf5           =  T
usedeleptonize              =  F
usegravity                  =  F
useheatad                   =  F
useheater                   =  F
usehydro                    =  T
useimbound                  =  F
useincompns                 =  F
useinlet                    =  F
uselegacylabels             =  T
usemultiphase               =  F
useorchestration            =  F
useoutlet                   =  F
useparticles                =  F
useradtrans                 =  F
usests                      =  F
usestsfordiffusion          =  F
usesolidmechanics           =  F
use_3dfullctu               =  T
use_auxeinteqn              =  T
use_avisc                   =  T [CHANGED]
use_cma_advection           =  F
use_cma_flattening          =  F
use_flash_surr_blks_fill    =  T
use_flattening              =  F
use_gravhalfupdate          =  T
use_hybridorder             =  F
use_reduced_orrery          =  T
use_steepening              =  F
use_upwindtvd               =  F
writestatsummary            =  T
                                                                               
 ==============================================================================
                                                                               
 Known units of measurement:
                                                                               
              Unit                          CGS Value                Base Unit
  1                  cm                     1.0000                           cm
  2                   s                     1.0000                            s
  3                   g                     1.0000                            g
  4                   K                     1.0000                            K
  5                 esu                     1.0000                          esu
  6                 mol                     1.0000                          mol
  7                   m                     100.00                           cm
  8                  km                    1.00000E+05                       cm
  9                  pc                    3.08568E+18                       cm
 10                 kpc                    3.08568E+21                       cm
 11                 Mpc                    3.08568E+24                       cm
 12                 Gpc                    3.08568E+27                       cm
 13                Rsun                    6.96000E+10                       cm
 14                  AU                    1.49598E+13                       cm
 15                  yr                    3.15569E+07                        s
 16                 Myr                    3.15569E+13                        s
 17                 Gyr                    3.15569E+16                        s
 18                  kg                     1000.0                            g
 19                Msun                    1.98892E+33                        g
 20                 amu                    1.66054E-24                        g
 21                  eV                     11605.                            K
 22                   C                    2.99792E+09                      esu
 23                LFLY                    3.08568E+24                       cm
 24                TFLY                    2.05759E+17                        s
 25                MFLY                    9.88470E+45                        g
 26            clLength                    3.08568E+24                       cm
 27              clTime                    3.15569E+16                        s
 28              clMass                    1.98892E+48                        g
 29              clTemp                    1.16045E+07                        K
-----------End of Units--------------------
                                                                               
 Known physical constants:
                                                                               
    Constant Name       Constant Value   cm       s        g        K        esu      mol
  1              Newton    6.67408E-08   3.0     -2.0     -1.0      0.0      0.0      0.0    
  2      speed of light    2.99792E+10   1.0     -1.0      0.0      0.0      0.0      0.0    
  3              Planck    6.62607E-27   2.0     -1.0      1.0      0.0      0.0      0.0    
  4     electron charge    4.80320E-10   0.0      0.0      0.0      0.0      1.0      0.0    
  5       electron mass    9.10938E-28   0.0      0.0      1.0      0.0      0.0      0.0    
  6         proton mass    1.67262E-24   0.0      0.0      1.0      0.0      0.0      0.0    
  7      fine-structure    7.29735E-03   0.0      0.0      0.0      0.0      0.0      0.0    
  8            Avogadro    6.02214E+23   0.0      0.0      0.0      0.0      0.0     -1.0    
  9           Boltzmann    1.38065E-16   2.0     -2.0      1.0     -1.0      0.0      0.0    
 10  ideal gas constant    8.31446E+07   2.0     -2.0      1.0     -1.0      0.0     -1.0    
 11                Wien    0.28978       1.0      0.0      0.0      1.0      0.0      0.0    
 12    Stefan-Boltzmann    5.67037E-05   0.0     -3.0      1.0     -4.0      0.0      0.0    
 13  Radiation Constant    7.56572E-15  -1.0     -2.0      1.0     -4.0      0.0      0.0    
 14                  pi     3.1416       0.0      0.0      0.0      0.0      0.0      0.0    
 15                   e     2.7183       0.0      0.0      0.0      0.0      0.0      0.0    
 16               Euler    0.57722       0.0      0.0      0.0      0.0      0.0      0.0    
 ==============================================================================
                                                                               
 Multifluid database: not configured in
                                                                               
 ==============================================================================
 [ 03-01-2025  17:39:47.323 ] [gr_initGeometry] checking BCs for idir: 1
 [ 03-01-2025  17:39:47.325 ] [gr_initGeometry] checking BCs for idir: 2
 [ 03-01-2025  17:39:47.327 ] [gr_initGeometry] checking BCs for idir: 3
 [ 03-01-2025  17:40:09.957 ] [GRID amr_refine_derefine]: initiating refinement
 [ 03-01-2025  17:40:09.959 ] [GRID amr_refine_derefine]: redist. phase.  tot blks requested: 262144
 [GRID amr_refine_derefine] min blks 73    max blks 74    tot blks 262144
 [GRID amr_refine_derefine] min leaf blks 73    max leaf blks 74    tot leaf blks 262144
 [ 03-01-2025  17:40:11.830 ] [GRID amr_refine_derefine]: refinement complete
 [ 03-01-2025  18:04:16.682 ] [GRID gr_expandDomain]: iteration=1, create level=2
 INFO: Grid_fillGuardCells is ignoring masking.
 [ 03-01-2025  18:05:29.582 ] [mpi_amr_comm_setup]: buffer_dim_send=9172513, buffer_dim_recv=8150953
 [ 03-01-2025  18:05:37.352 ] [GRID amr_refine_derefine]: initiating refinement
 [ 03-01-2025  18:05:37.371 ] [GRID amr_refine_derefine]: redist. phase.  tot blks requested: 262208
 [GRID amr_refine_derefine] min blks 73    max blks 74    tot blks 262208
 [GRID amr_refine_derefine] min leaf blks 72    max leaf blks 74    tot leaf blks 262200
 [ 03-01-2025  18:05:38.092 ] [GRID amr_refine_derefine]: refinement complete
 [ 03-01-2025  18:05:38.097 ] [GRID gr_expandDomain]: iteration=2, create level=3
 [ 03-01-2025  18:06:58.721 ] [GRID amr_refine_derefine]: initiating refinement
 [ 03-01-2025  18:06:58.743 ] [GRID amr_refine_derefine]: redist. phase.  tot blks requested: 263168
 [GRID amr_refine_derefine] min blks 73    max blks 78    tot blks 263168
 [GRID amr_refine_derefine] min leaf blks 68    max leaf blks 74    tot leaf blks 263040
 [ 03-01-2025  18:07:00.600 ] [GRID amr_refine_derefine]: refinement complete
 [ 03-01-2025  18:07:00.606 ] [GRID gr_expandDomain]: iteration=3, create level=4
 [ 03-01-2025  18:08:21.534 ] [GRID amr_refine_derefine]: initiating refinement
 [ 03-01-2025  18:08:21.560 ] [GRID amr_refine_derefine]: redist. phase.  tot blks requested: 266176
 [GRID amr_refine_derefine] min blks 74    max blks 81    tot blks 266176
 [GRID amr_refine_derefine] min leaf blks 68    max leaf blks 75    tot leaf blks 265672
 [ 03-01-2025  18:08:23.414 ] [GRID amr_refine_derefine]: refinement complete
 [ 03-01-2025  18:08:23.419 ] [GRID gr_expandDomain]: iteration=4, create level=5
 [ 03-01-2025  18:09:37.275 ] [mpi_amr_comm_setup]: buffer_dim_send=9836329, buffer_dim_recv=8308021
 [ 03-01-2025  18:09:45.436 ] [GRID amr_refine_derefine]: initiating refinement
 [ 03-01-2025  18:09:45.466 ] [GRID amr_refine_derefine]: redist. phase.  tot blks requested: 277632
 [GRID amr_refine_derefine] min blks 77    max blks 84    tot blks 277632
 [GRID amr_refine_derefine] min leaf blks 71    max leaf blks 78    tot leaf blks 275696
 [ 03-01-2025  18:09:47.414 ] [GRID amr_refine_derefine]: refinement complete
 [ 03-01-2025  18:09:47.420 ] [GRID gr_expandDomain]: iteration=5, create level=6
 [ 03-01-2025  18:11:06.573 ] [mpi_amr_comm_setup]: buffer_dim_send=9533749, buffer_dim_recv=9102145
 [ 03-01-2025  18:11:11.756 ] [GRID amr_refine_derefine]: initiating refinement
 [ 03-01-2025  18:11:11.796 ] [GRID amr_refine_derefine]: redist. phase.  tot blks requested: 318976
 [GRID amr_refine_derefine] min blks 88    max blks 95    tot blks 318976
 [GRID amr_refine_derefine] min leaf blks 80    max leaf blks 89    tot leaf blks 311872
 [ 03-01-2025  18:11:14.517 ] [GRID amr_refine_derefine]: refinement complete
 [ 03-01-2025  18:11:14.522 ] [GRID gr_expandDomain]: iteration=6, create level=6
 [ 03-01-2025  18:12:44.790 ] [mpi_amr_comm_setup]: buffer_dim_send=9570781, buffer_dim_recv=7995733
 [ 03-01-2025  18:12:51.780 ] [GRID gr_expandDomain]: iteration=7, create level=6
 [ 03-01-2025  18:14:29.041 ] [GRID gr_expandDomain]: iteration=8, create level=6
 [ 03-01-2025  18:16:02.768 ] memory: /proc vsize    (MB):     4515.12 (min)       4854.71 (max)       4703.38 (avg)
 [ 03-01-2025  18:16:02.772 ] memory: /proc rss      (MB):     1836.82 (min)       1976.44 (max)       1864.54 (avg)
 [ 03-01-2025  18:16:02.773 ] memory: /proc vsize    (MB):     4515.12 (min)       4854.71 (max)       4703.38 (avg)
 [ 03-01-2025  18:16:02.773 ] memory: /proc rss      (MB):     1836.82 (min)       1976.44 (max)       1864.54 (avg)
 [ 03-01-2025  18:16:02.904 ] memory: /proc vsize    (MB):     4515.12 (min)       4854.71 (max)       4703.38 (avg)
 [ 03-01-2025  18:16:02.904 ] memory: /proc rss      (MB):     1836.82 (min)       1976.44 (max)       1864.54 (avg)
 [ 03-01-2025  18:16:18.482 ] [IO_writeCheckpoint] open: type=checkpoint name=sedov_hdf5_chk_0000
 [ 03-01-2025  18:18:17.035 ] [io_writeData]: wrote  318976          blocks
 [ 03-01-2025  18:18:17.419 ] [IO_writeCheckpoint] close: type=checkpoint name=sedov_hdf5_chk_0000
 [ 03-01-2025  18:18:18.139 ] [IO_writePlotfile] open: type=plotfile name=sedov_hdf5_plt_cnt_0000
 [ 03-01-2025  18:18:31.270 ] [io_writeData]: wrote  318976          blocks
 [ 03-01-2025  18:18:31.354 ] [IO_writePlotfile] close: type=plotfile name=sedov_hdf5_plt_cnt_0000
 [ 03-01-2025  18:18:31.357 ] memory: /proc vsize    (MB):     4544.30 (min)       5022.53 (max)       4728.41 (avg)
 [ 03-01-2025  18:18:31.359 ] memory: /proc rss      (MB):     1843.96 (min)       1983.57 (max)       1874.74 (avg)
 [ 03-01-2025  18:18:31.361 ] [Driver_evolveAll]: Entering evolution loop
 [ 03-01-2025  18:18:31.364 ] step: n=1 t=0.000000E+00 dt=1.000000E-10
 [ 03-01-2025  18:19:03.232 ] step: n=2 t=1.000000E-10 dt=2.000000E-10
 [ 03-01-2025  18:19:55.802 ] step: n=3 t=3.000000E-10 dt=4.000000E-10
 [ 03-01-2025  18:20:27.345 ] step: n=4 t=7.000000E-10 dt=8.000000E-10
 [ 03-01-2025  18:21:20.030 ] step: n=5 t=1.500000E-09 dt=1.600000E-09
 [ 03-01-2025  18:21:51.664 ] step: n=6 t=3.100000E-09 dt=3.200000E-09
 [ 03-01-2025  18:22:44.380 ] step: n=7 t=6.300000E-09 dt=6.400000E-09
 [ 03-01-2025  18:23:16.083 ] step: n=8 t=1.270000E-08 dt=1.280000E-08
 [ 03-01-2025  18:24:08.485 ] [GRID amr_refine_derefine]: initiating refinement
 [ 03-01-2025  18:24:08.513 ] [GRID amr_refine_derefine]: redist. phase.  tot blks requested: 319168
 [GRID amr_refine_derefine] min blks 88    max blks 96    tot blks 319168
 [GRID amr_refine_derefine] min leaf blks 81    max leaf blks 89    tot leaf blks 312040
 [ 03-01-2025  18:24:09.524 ] [GRID amr_refine_derefine]: refinement complete
 [ 03-01-2025  18:24:10.590 ] step: n=9 t=2.550000E-08 dt=2.560000E-08
 [ 03-01-2025  18:24:42.459 ] step: n=10 t=5.110000E-08 dt=5.120000E-08
 [ 03-01-2025  18:25:34.686 ] [GRID amr_refine_derefine]: initiating refinement
 [ 03-01-2025  18:25:34.713 ] [GRID amr_refine_derefine]: redist. phase.  tot blks requested: 319552
 [GRID amr_refine_derefine] min blks 88    max blks 96    tot blks 319552
 [GRID amr_refine_derefine] min leaf blks 81    max leaf blks 89    tot leaf blks 312376
 [ 03-01-2025  18:25:35.894 ] [GRID amr_refine_derefine]: refinement complete
 [ 03-01-2025  18:25:53.109 ] [IO_writeCheckpoint] open: type=checkpoint name=sedov_hdf5_chk_0001
 [ 03-01-2025  18:27:46.736 ] [io_writeData]: wrote  319552          blocks
 [ 03-01-2025  18:27:47.236 ] [IO_writeCheckpoint] close: type=checkpoint name=sedov_hdf5_chk_0001
 [ 03-01-2025  18:27:47.238 ] step: n=11 t=1.023000E-07 dt=5.148208E-08
 [ 03-01-2025  18:27:47.238 ] [mpi_amr_comm_setup]: buffer_dim_send=9562717, buffer_dim_recv=7995733
 [ 03-01-2025  18:28:21.868 ] step: n=12 t=1.537821E-07 dt=5.055515E-08
 [ 03-01-2025  18:29:17.958 ] [GRID amr_refine_derefine]: initiating refinement
 [ 03-01-2025  18:29:17.986 ] [GRID amr_refine_derefine]: redist. phase.  tot blks requested: 320320
 [GRID amr_refine_derefine] min blks 88    max blks 96    tot blks 320320
 [GRID amr_refine_derefine] min leaf blks 81    max leaf blks 89    tot leaf blks 313048
 [ 03-01-2025  18:29:21.013 ] [GRID amr_refine_derefine]: refinement complete
 [ 03-01-2025  18:29:22.298 ] step: n=13 t=2.043372E-07 dt=4.968707E-08
 [ 03-01-2025  18:29:22.299 ] [mpi_amr_comm_setup]: buffer_dim_send=9694309, buffer_dim_recv=7995733
 [ 03-01-2025  18:29:55.601 ] step: n=14 t=2.540243E-07 dt=4.886723E-08
 [ 03-01-2025  18:30:50.181 ] [GRID amr_refine_derefine]: initiating refinement
 [ 03-01-2025  18:30:50.198 ] [GRID amr_refine_derefine]: redist. phase.  tot blks requested: 321472
 [GRID amr_refine_derefine] min blks 88    max blks 96    tot blks 321472
 [GRID amr_refine_derefine] min leaf blks 81    max leaf blks 89    tot leaf blks 314056
 [ 03-01-2025  18:30:53.816 ] [GRID amr_refine_derefine]: refinement complete
 [ 03-01-2025  18:30:55.075 ] step: n=15 t=3.028915E-07 dt=4.807240E-08
 [ 03-01-2025  18:30:55.075 ] [mpi_amr_comm_setup]: buffer_dim_send=10284265, buffer_dim_recv=9480793
 [ 03-01-2025  18:31:29.090 ] step: n=16 t=3.509639E-07 dt=4.731231E-08
 [ 03-01-2025  18:32:24.745 ] [GRID amr_refine_derefine]: initiating refinement
 [ 03-01-2025  18:32:24.762 ] [GRID amr_refine_derefine]: redist. phase.  tot blks requested: 321664
 [GRID amr_refine_derefine] min blks 88    max blks 96    tot blks 321664
 [GRID amr_refine_derefine] min leaf blks 81    max leaf blks 89    tot leaf blks 314224
 [ 03-01-2025  18:32:25.766 ] [GRID amr_refine_derefine]: refinement complete
 [ 03-01-2025  18:32:26.832 ] step: n=17 t=3.982762E-07 dt=4.660259E-08
 [ 03-01-2025  18:33:01.691 ] step: n=18 t=4.448788E-07 dt=4.594186E-08
 [ 03-01-2025  18:33:58.829 ] step: n=19 t=4.908207E-07 dt=4.531939E-08
 [ 03-01-2025  18:34:33.952 ] step: n=20 t=5.361401E-07 dt=4.469658E-08
 [ 03-01-2025  18:35:47.662 ] [IO_writeCheckpoint] open: type=checkpoint name=sedov_hdf5_chk_0002
 [ 03-01-2025  18:37:02.997 ] [io_writeData]: wrote  321664          blocks
 [ 03-01-2025  18:37:03.392 ] [IO_writeCheckpoint] close: type=checkpoint name=sedov_hdf5_chk_0002
 [ 03-01-2025  18:37:03.395 ] step: n=21 t=5.808367E-07 dt=4.410979E-08
 [ 03-01-2025  18:37:39.181 ] step: n=22 t=6.249464E-07 dt=4.356693E-08
 [ 03-01-2025  18:38:36.493 ] [GRID amr_refine_derefine]: initiating refinement
 [ 03-01-2025  18:38:36.511 ] [GRID amr_refine_derefine]: redist. phase.  tot blks requested: 322048
 [GRID amr_refine_derefine] min blks 88    max blks 96    tot blks 322048
 [GRID amr_refine_derefine] min leaf blks 81    max leaf blks 89    tot leaf blks 314560
 [ 03-01-2025  18:38:37.969 ] [GRID amr_refine_derefine]: refinement complete
 [ 03-01-2025  18:38:39.038 ] step: n=23 t=6.685134E-07 dt=4.304799E-08
 [ 03-01-2025  18:38:39.039 ] [mpi_amr_comm_setup]: buffer_dim_send=10218469, buffer_dim_recv=9480793
 [ 03-01-2025  18:39:13.647 ] step: n=24 t=7.115614E-07 dt=4.253934E-08
 [ 03-01-2025  18:40:09.424 ] [GRID amr_refine_derefine]: initiating refinement
 [ 03-01-2025  18:40:09.446 ] [GRID amr_refine_derefine]: redist. phase.  tot blks requested: 322432
 [GRID amr_refine_derefine] min blks 88    max blks 97    tot blks 322432
 [GRID amr_refine_derefine] min leaf blks 81    max leaf blks 89    tot leaf blks 314896
 [ 03-01-2025  18:40:10.869 ] [GRID amr_refine_derefine]: refinement complete
 [ 03-01-2025  18:40:12.138 ] step: n=25 t=7.541007E-07 dt=4.206069E-08
 [ 03-01-2025  18:40:46.657 ] step: n=26 t=7.961614E-07 dt=4.159556E-08
 [ 03-01-2025  18:41:42.764 ] [GRID amr_refine_derefine]: initiating refinement
 [ 03-01-2025  18:41:42.786 ] [GRID amr_refine_derefine]: redist. phase.  tot blks requested: 323200
 [GRID amr_refine_derefine] min blks 89    max blks 97    tot blks 323200
 [GRID amr_refine_derefine] min leaf blks 82    max leaf blks 90    tot leaf blks 315568
 [ 03-01-2025  18:41:45.427 ] [GRID amr_refine_derefine]: refinement complete
 [ 03-01-2025  18:41:47.120 ] step: n=27 t=8.377570E-07 dt=4.109344E-08
 [ 03-01-2025  18:42:22.132 ] step: n=28 t=8.788504E-07 dt=4.059195E-08
 [ 03-01-2025  18:43:19.259 ] step: n=29 t=9.194423E-07 dt=4.009407E-08
 [ 03-01-2025  18:43:54.579 ] step: n=30 t=9.595364E-07 dt=3.963341E-08
 [ 03-01-2025  18:44:50.358 ] [GRID amr_refine_derefine]: initiating refinement
 [ 03-01-2025  18:44:50.380 ] [GRID amr_refine_derefine]: redist. phase.  tot blks requested: 323968
 [GRID amr_refine_derefine] min blks 89    max blks 97    tot blks 323968
 [GRID amr_refine_derefine] min leaf blks 81    max leaf blks 90    tot leaf blks 316240
 [ 03-01-2025  18:44:53.152 ] [GRID amr_refine_derefine]: refinement complete
 [ 03-01-2025  18:45:10.636 ] [IO_writeCheckpoint] open: type=checkpoint name=sedov_hdf5_chk_0003
 [ 03-01-2025  18:46:27.206 ] [io_writeData]: wrote  323968          blocks
 [ 03-01-2025  18:46:27.583 ] [IO_writeCheckpoint] close: type=checkpoint name=sedov_hdf5_chk_0003
 [ 03-01-2025  18:46:27.586 ] step: n=31 t=9.991698E-07 dt=3.921543E-08
 [ 03-01-2025  18:46:27.589 ] [mpi_amr_comm_setup]: buffer_dim_send=10096225, buffer_dim_recv=9480793
 [ 03-01-2025  18:47:03.504 ] step: n=32 t=1.038385E-06 dt=3.883616E-08
 [ 03-01-2025  18:48:01.306 ] [GRID amr_refine_derefine]: initiating refinement
 [ 03-01-2025  18:48:01.348 ] [GRID amr_refine_derefine]: redist. phase.  tot blks requested: 324736
 [GRID amr_refine_derefine] min blks 89    max blks 97    tot blks 324736
 [GRID amr_refine_derefine] min leaf blks 82    max leaf blks 90    tot leaf blks 316912
 [ 03-01-2025  18:48:03.748 ] [GRID amr_refine_derefine]: refinement complete
 [ 03-01-2025  18:48:05.344 ] step: n=33 t=1.077221E-06 dt=3.848919E-08
 [ 03-01-2025  18:48:05.345 ] [mpi_amr_comm_setup]: buffer_dim_send=10631017, buffer_dim_recv=9619165
 [ 03-01-2025  18:48:40.813 ] step: n=34 t=1.115711E-06 dt=3.816827E-08
 [ 03-01-2025  18:49:39.026 ] step: n=35 t=1.153879E-06 dt=3.786364E-08
 [ 03-01-2025  18:50:15.511 ] step: n=36 t=1.191743E-06 dt=3.757623E-08
 [ 03-01-2025  18:51:13.126 ] step: n=37 t=1.229319E-06 dt=3.730651E-08
 [ 03-01-2025  18:51:48.613 ] step: n=38 t=1.266625E-06 dt=3.703419E-08
 [ 03-01-2025  18:52:46.224 ] [GRID amr_refine_derefine]: initiating refinement
 [ 03-01-2025  18:52:46.243 ] [GRID amr_refine_derefine]: redist. phase.  tot blks requested: 324928
 [GRID amr_refine_derefine] min blks 89    max blks 97    tot blks 324928
 [GRID amr_refine_derefine] min leaf blks 82    max leaf blks 90    tot leaf blks 317080
 [ 03-01-2025  18:52:47.301 ] [GRID amr_refine_derefine]: refinement complete
 [ 03-01-2025  18:52:48.378 ] step: n=39 t=1.303659E-06 dt=3.676561E-08
 [ 03-01-2025  18:53:24.541 ] step: n=40 t=1.340425E-06 dt=3.651223E-08
 [ 03-01-2025  18:54:22.282 ] [GRID amr_refine_derefine]: initiating refinement
 [ 03-01-2025  18:54:22.299 ] [GRID amr_refine_derefine]: redist. phase.  tot blks requested: 325120
 [GRID amr_refine_derefine] min blks 89    max blks 97    tot blks 325120
 [GRID amr_refine_derefine] min leaf blks 82    max leaf blks 90    tot leaf blks 317248
 [ 03-01-2025  18:54:23.290 ] [GRID amr_refine_derefine]: refinement complete
 [ 03-01-2025  18:54:40.788 ] [IO_writeCheckpoint] open: type=checkpoint name=sedov_hdf5_chk_0004
 [ 03-01-2025  18:55:54.723 ] [io_writeData]: wrote  325120          blocks
 [ 03-01-2025  18:55:54.944 ] [IO_writeCheckpoint] close: type=checkpoint name=sedov_hdf5_chk_0004
 [ 03-01-2025  18:55:54.948 ] step: n=41 t=1.376937E-06 dt=3.627985E-08
 [ 03-01-2025  18:56:29.812 ] step: n=42 t=1.413217E-06 dt=3.606985E-08
 [ 03-01-2025  18:57:25.768 ] step: n=43 t=1.449287E-06 dt=3.587395E-08
 [ 03-01-2025  18:57:59.834 ] step: n=44 t=1.485161E-06 dt=3.569822E-08
 [ 03-01-2025  18:58:54.833 ] [GRID amr_refine_derefine]: initiating refinement
 [ 03-01-2025  18:58:54.859 ] [GRID amr_refine_derefine]: redist. phase.  tot blks requested: 326272
 [GRID amr_refine_derefine] min blks 89    max blks 97    tot blks 326272
 [GRID amr_refine_derefine] min leaf blks 82    max leaf blks 90    tot leaf blks 318256
 [ 03-01-2025  18:59:00.359 ] [GRID amr_refine_derefine]: refinement complete
 [ 03-01-2025  18:59:01.669 ] step: n=45 t=1.520859E-06 dt=3.554189E-08
 [ 03-01-2025  18:59:01.669 ] [mpi_amr_comm_setup]: buffer_dim_send=10629733, buffer_dim_recv=9619165
 [ 03-01-2025  18:59:34.305 ] step: n=46 t=1.556401E-06 dt=3.540765E-08
 [ 03-01-2025  19:00:28.498 ] step: n=47 t=1.591809E-06 dt=3.530243E-08
 [ 03-01-2025  19:01:01.181 ] step: n=48 t=1.627111E-06 dt=3.520851E-08
 [ 03-01-2025  19:01:55.333 ] step: n=49 t=1.662320E-06 dt=3.512232E-08
 [ 03-01-2025  19:02:27.942 ] step: n=50 t=1.697442E-06 dt=3.506173E-08
 [ 03-01-2025  19:03:21.795 ] [GRID amr_refine_derefine]: initiating refinement
 [ 03-01-2025  19:03:21.812 ] [GRID amr_refine_derefine]: redist. phase.  tot blks requested: 326656
 [GRID amr_refine_derefine] min blks 90    max blks 98    tot blks 326656
 [GRID amr_refine_derefine] min leaf blks 83    max leaf blks 91    tot leaf blks 318592
 [ 03-01-2025  19:03:23.057 ] [GRID amr_refine_derefine]: refinement complete
 [ 03-01-2025  19:03:41.161 ] [IO_writeCheckpoint] open: type=checkpoint name=sedov_hdf5_chk_0005
 [ 03-01-2025  19:04:55.876 ] [io_writeData]: wrote  326656          blocks
 [ 03-01-2025  19:04:56.299 ] [IO_writeCheckpoint] close: type=checkpoint name=sedov_hdf5_chk_0005
 [ 03-01-2025  19:04:56.303 ] step: n=51 t=1.732504E-06 dt=3.502552E-08
 [ 03-01-2025  19:05:31.376 ] step: n=52 t=1.767529E-06 dt=3.500864E-08
 [ 03-01-2025  19:06:28.349 ] [GRID amr_refine_derefine]: initiating refinement
 [ 03-01-2025  19:06:28.374 ] [GRID amr_refine_derefine]: redist. phase.  tot blks requested: 328192
 [GRID amr_refine_derefine] min blks 90    max blks 98    tot blks 328192
 [GRID amr_refine_derefine] min leaf blks 83    max leaf blks 91    tot leaf blks 319936
 [ 03-01-2025  19:06:33.490 ] [GRID amr_refine_derefine]: refinement complete
 [ 03-01-2025  19:06:34.794 ] step: n=53 t=1.802538E-06 dt=3.501215E-08
 [ 03-01-2025  19:07:09.954 ] step: n=54 t=1.837550E-06 dt=3.501823E-08
 [ 03-01-2025  19:08:07.425 ] step: n=55 t=1.872568E-06 dt=3.502558E-08
 [ 03-01-2025  19:08:42.670 ] step: n=56 t=1.907594E-06 dt=3.503618E-08
 [ 03-01-2025  19:09:38.918 ] step: n=57 t=1.942630E-06 dt=3.505074E-08
 [ 03-01-2025  19:10:14.537 ] step: n=58 t=1.977681E-06 dt=3.507960E-08
 [ 03-01-2025  19:11:11.140 ] step: n=59 t=2.012760E-06 dt=3.511136E-08
 [ 03-01-2025  19:11:46.483 ] step: n=60 t=2.047872E-06 dt=3.511160E-08
 [ 03-01-2025  19:13:00.717 ] [IO_writeCheckpoint] open: type=checkpoint name=sedov_hdf5_chk_0006
 [ 03-01-2025  19:14:19.053 ] [io_writeData]: wrote  328192          blocks
 [ 03-01-2025  19:14:19.556 ] [IO_writeCheckpoint] close: type=checkpoint name=sedov_hdf5_chk_0006
 [ 03-01-2025  19:14:19.562 ] [Driver_evolveAll]: Exiting evolution loop
 [ 03-01-2025  19:14:20.586 ] [IO_writePlotfile] open: type=plotfile name=sedov_forced_hdf5_plt_cnt_0000
 [ 03-01-2025  19:14:42.797 ] [io_writeData]: wrote  328192          blocks
 [ 03-01-2025  19:14:43.014 ] [IO_writePlotfile] close: type=plotfile name=sedov_forced_hdf5_plt_cnt_0000
 [ 03-01-2025  19:14:43.117 ] memory: /proc vsize    (MB):     4570.10 (min)       5044.33 (max)       4772.77 (avg)
 [ 03-01-2025  19:14:43.169 ] memory: /proc rss      (MB):     2477.33 (min)       2689.49 (max)       2524.61 (avg)
 ==============================================================================
 perf_summary: code performance summary for process            0
                      beginning : 03-01-2025  17:39:47
                         ending : 03-01-2025  19:14:43
   seconds in monitoring period :             5695.908
      number of evolution steps :                   60
 ------------------------------------------------------------------------------
 accounting unit                       time sec  num calls   secs avg  time pct
 ------------------------------------------------------------------------------
 initialization                       2324.048      1        2324.048    40.802
  eos                                    2.485      8           0.311     0.044
  guardcell internal                    28.404      7           4.058     0.499
   amr_guardcell                        26.609      7           3.801     0.467
   eos gc                                0.001      7           0.000     0.000
  writeCheckpoint                      134.385      1         134.385     2.359
   restrictAll                          14.182      1          14.182     0.249
  writePlotfile                         13.933      1          13.933     0.245
 writePlotfile                          23.403      1          23.403     0.411
 evolution                            3348.198      1        3348.198    58.783
  Hydro                               1499.731     60          24.996    26.330
   Head                                315.260     60           5.254     5.535
    guardcell internal                 315.256     60           5.254     5.535
     amr_guardcell                     290.893     60           4.848     5.107
     eos gc                              0.008     60           0.000     0.000
   compute fluxes                     1120.968     60          18.683    19.680
    hy_computeFluxes                  1120.954   5354           0.209    19.680
     RiemannState                      967.916   5354           0.181    16.993
     getFaceFlux                       151.828   5354           0.028     2.666
   conserveFluxes                        0.461     60           0.008     0.008
   update solution                      62.531     60           1.042     1.098
    update solution body                62.512   5354           0.012     1.097
     unsplitUpdate                      21.943   5354           0.004     0.385
  sourceTerms                            0.000     60           0.000     0.000
  Particles_advance                      0.000     60           0.000     0.000
  Gravity potential                      0.000     60           0.000     0.000
  IO_output                           1145.255    120           9.544    20.107
   diagnostics                         551.092    120           4.592     9.675
   checkpointing                       594.094      6          99.016    10.430
    writeCheckpoint                    594.076      6          99.013    10.430
     restrictAll                        88.475      6          14.746     1.553
  Grid_updateRefinement                695.494     60          11.592    12.210
   eos                                   9.062     15           0.604     0.159
   tree                                686.431     60          11.441    12.051
    markRefineDerefine                 180.769     30           6.026     3.174
     guardcell internal                157.487     30           5.250     2.765
      amr_guardcell                    145.241     30           4.841     2.550
      eos gc                             0.003     30           0.000     0.000
    amr_refine_derefine                494.429     30          16.481     8.680
    updateData                           0.002     30           0.000     0.000
   updateParticleRefinement              0.000     15           0.000     0.000
  Driver_computeDt                       7.654     60           0.128     0.134
 ==============================================================================
 [ 03-01-2025  19:14:43.329 ] [Timers_getSummary]: Not writing timer max/min/avg values because not all processors had same timers
 [ 03-01-2025  19:14:43.375 ] LOGFILE_END: FLASH run complete.
 FLASH log file:  03-01-2025  19:15:17.024    Run number:  1
 ==============================================================================
 Number of MPI tasks:               3584
 MPI version:                          3
 MPI subversion:                       1
 Dimensionality:                       3
 Max Number of Blocks/Proc:          200
 Number x zones:                      32
 Number y zones:                      32
 Number z zones:                      32
 Setup stamp:     Fri Nov 1 14:03:57 2024
 Build stamp:     Fri Nov 1 14:04:23 2024
 System info:     Linux corona211 4.18.0-553.22.1.1toss.t4.x86_64 #1 SMP Tue Sep 24 16:50:00 PDT 2
 Version:         Flash-X 1.0 (heads/main-0-g6040ba49-dirty)                                      
 Build directory: /usr/workspace/ather1/Flash-X/sedov
 Setup syntax:    /usr/workspace/ather1/Flash-X/bin/setup.py Sedov -auto -3d -nxb=32 -nyb=32 -nzb=32 +parallelio -objdir=/usr/workspace/ather1/Flash-X/sedov
 f compiler flags: mpif90 -ggdb -c -O2 -fdefault-real-8 -fdefault-double-8 -Wuninitialized -fallow-argument-mismatch -fallow-argument-mismatch -DMAXBLOCKS=200 -DNXB=32 -DNYB=32 -DNZB=32 -DN_DIM=3
 c compiler flags:    mpicc -I/p/lustre2/ather1/hdf5-1.14.4-3/install/include -DH5_USE_18_API -ggdb -c -O2 -Wuninitialized -D_FORTIFY_SOURCE=2 -DMAXBLOCKS=200 -DNXB=32 -DNYB=32 -DNZB=32 -DN_DIM=3
 ==============================================================================
 Comment:  Sedov explosion
 ==============================================================================
 FLASH Units used:
   Driver/DriverMain/Unsplit
   Grid/GridBoundaryConditions
   Grid/GridMain/AMR/Paramesh4/PM4_package/flash_avoid_orrery
   Grid/GridMain/AMR/Paramesh4/PM4_package/headers
   Grid/GridMain/AMR/Paramesh4/PM4_package/source
   Grid/GridMain/AMR/Paramesh4/PM4_package/utilities/multigrid
   Grid/GridMain/AMR/Paramesh4/interpolation/prolong
   Grid/GridMain/AMR/Paramesh4/levelFlux
   Grid/localAPI
   IO/IOMain/hdf5/parallel/PM
   IO/localAPI
   PhysicalConstants/PhysicalConstantsMain
   RuntimeParameters/RuntimeParametersMain
   Simulation/SimulationMain/Sedov
   TimeAdvance/TimeAdvanceMain/StrangSplit
   flashUtilities/contiguousConversion
   flashUtilities/general
   flashUtilities/interpolation/oneDim
   flashUtilities/nameValueLL
   flashUtilities/sorting/quicksort
   flashUtilities/system/memoryUsage/legacy
   monitors/Logfile/LogfileMain
   monitors/Timers/TimersMain/MPINative
   physics/Eos/EosMain/Gamma
   physics/Hydro/HydroMain/unsplit/OnlyHydro
   physics/Hydro/HydroMain/unsplit/levelFlux
   physics/Hydro/localAPI
 ==============================================================================
 RuntimeParameters:
                                                                               
 ==============================================================================
bndpriorityone              =          1
bndprioritythree            =          3
bndprioritytwo              =          2
checkpointfileintervalstep  =         10 [CHANGED]
checkpointfilenumber        =          0
dr_abortpause               =          2
dr_dtminbelowaction         =          1
drift_break_inst            =          0
drift_trunc_mantissa        =          2
drift_verbose_inst          =          0
eos_entrelescalechoice      =          6
eos_loglevel                =        700
fileformatversion           =          9
forcedplotfilenumber        =          0
gr_lrefmaxtimevalue_1       =         -1
gr_lrefmaxtimevalue_10      =         -1
gr_lrefmaxtimevalue_11      =         -1
gr_lrefmaxtimevalue_12      =         -1
gr_lrefmaxtimevalue_13      =         -1
gr_lrefmaxtimevalue_14      =         -1
gr_lrefmaxtimevalue_15      =         -1
gr_lrefmaxtimevalue_16      =         -1
gr_lrefmaxtimevalue_17      =         -1
gr_lrefmaxtimevalue_18      =         -1
gr_lrefmaxtimevalue_19      =         -1
gr_lrefmaxtimevalue_2       =         -1
gr_lrefmaxtimevalue_20      =         -1
gr_lrefmaxtimevalue_3       =         -1
gr_lrefmaxtimevalue_4       =         -1
gr_lrefmaxtimevalue_5       =         -1
gr_lrefmaxtimevalue_6       =         -1
gr_lrefmaxtimevalue_7       =         -1
gr_lrefmaxtimevalue_8       =         -1
gr_lrefmaxtimevalue_9       =         -1
gr_pmrpdivergencefree       =         -1
gr_pmrpifaceoff             =          0
gr_pmrpl2p5d                =          0
gr_pmrpmaxblocks            =         -1
gr_pmrpmflags               =          1
gr_pmrpnboundaries          =          6
gr_pmrpndim                 =          3
gr_pmrpnedgevar1            =         -1
gr_pmrpnfacevar             =         -1
gr_pmrpnfielddivf           =         -1
gr_pmrpnfluxvar             =         -1
gr_pmrpnguard               =         -1
gr_pmrpnguardwork           =         -1
gr_pmrpnvar                 =         -1
gr_pmrpnvarwork             =          1
gr_pmrpnvarcorn             =          0
gr_pmrpnvaredge             =          0
gr_pmrpnxb                  =         -1
gr_pmrpnyb                  =         -1
gr_pmrpnzb                  =         -1
gr_restrictallmethod        =          3
gr_sanitizedatamode         =          1
gr_sanitizeverbosity        =          5
gr_tilesizex                =         32
gr_tilesizey                =         32
gr_tilesizez                =         32
hy_3torder                  =         -1
hydrocomputedtoption        =         -1
iprocs                      =          1
interpol_order              =          2
irenorm                     =          0
jprocs                      =          1
kprocs                      =          1
lrefine_del                 =          0
lrefine_max                 =          6 [CHANGED]
lrefine_min                 =          1
lrefine_min_init            =          1
max_particles_per_blk       =        100
memory_stat_freq            =     100000
meshcopycount               =          1
min_particles_per_blk       =          1
nbegin                      =          1
nblockx                     =         64 [CHANGED]
nblocky                     =         64 [CHANGED]
nblockz                     =         64 [CHANGED]
nend                        =         60 [CHANGED]
nrefs                       =          2
nsteptotalsts               =          5
order                       =          3 [CHANGED]
outputsplitnum              =          1
plotfileintervalstep        =          0
plotfilenumber              =          0
refine_var_count            =          4
rolling_checkpoint          =      10000
sim_centerrefinelevel       =          1
sim_integralslevel          =         -1
sim_nsubzones               =          7
sweeporder                  =        123
transorder                  =          1
wr_integrals_freq           =          1
limitedslopebeta            =                 0.100E+01
cfl                         =                 0.800E+00
checkpointfileintervaltime  =                 0.000E+00 [CHANGED]
checkpointfileintervalz     =                 0.180+309
cvisc                       =                 0.100E+00
derefine_cutoff_1           =                 0.200E+00
derefine_cutoff_2           =                 0.200E+00
derefine_cutoff_3           =                 0.200E+00
derefine_cutoff_4           =                 0.200E+00
dr_dtmincontinue            =                 0.000E+00
dr_tstepslowstartfactor     =                 0.100E+00
dtinit                      =                 0.100E-09
dtmax                       =                 0.100E+06
dtmin                       =                 0.100E-09
eintswitch                  =                 0.100E-03 [CHANGED]
eos_singlespeciesa          =                 0.100E+01
eos_singlespeciesz          =                 0.100E+01
gamma                       =                 0.140E+01 [CHANGED]
gr_btworkchildscaling       =                 0.100E+01
gr_btworkdefaultleaf        =                 0.200E+01
gr_btworkdefaultpar         =                 0.100E+01
gr_btworklbleaf             =                 0.000E+00
gr_btworklbpar              =                 0.000E+00
gr_btworkubleaf             =                 0.100E+07
gr_btworkubpar              =                 0.100E+07
gr_lrefinemaxredlogbase     =                 0.100E+02
gr_lrefinemaxredradiusfact  =                 0.000E+00
gr_lrefinemaxredtref        =                 0.000E+00
gr_lrefinemaxredtimescale   =                 0.100E+01
gr_lrefmaxtime_1            =                -0.100E+01
gr_lrefmaxtime_10           =                -0.100E+01
gr_lrefmaxtime_11           =                -0.100E+01
gr_lrefmaxtime_12           =                -0.100E+01
gr_lrefmaxtime_13           =                -0.100E+01
gr_lrefmaxtime_14           =                -0.100E+01
gr_lrefmaxtime_15           =                -0.100E+01
gr_lrefmaxtime_16           =                -0.100E+01
gr_lrefmaxtime_17           =                -0.100E+01
gr_lrefmaxtime_18           =                -0.100E+01
gr_lrefmaxtime_19           =                -0.100E+01
gr_lrefmaxtime_2            =                -0.100E+01
gr_lrefmaxtime_20           =                -0.100E+01
gr_lrefmaxtime_3            =                -0.100E+01
gr_lrefmaxtime_4            =                -0.100E+01
gr_lrefmaxtime_5            =                -0.100E+01
gr_lrefmaxtime_6            =                -0.100E+01
gr_lrefmaxtime_7            =                -0.100E+01
gr_lrefmaxtime_8            =                -0.100E+01
gr_lrefmaxtime_9            =                -0.100E+01
hy_cflfallbackfactor        =                 0.900E+00
hy_fpresinmomflux           =                 0.100E+01
hybridorderkappa            =                 0.000E+00
nusts                       =                 0.200E+00 [CHANGED]
plotfileintervaltime        =                 0.000E+00 [CHANGED]
plotfileintervalz           =                 0.180+309
radiusgp                    =                 0.200E+01
refine_cutoff_1             =                 0.800E+00
refine_cutoff_2             =                 0.800E+00
refine_cutoff_3             =                 0.800E+00
refine_cutoff_4             =                 0.800E+00
refine_filter_1             =                 0.100E-01
refine_filter_2             =                 0.100E-01
refine_filter_3             =                 0.100E-01
refine_filter_4             =                 0.100E-01
rss_limit                   =                -0.100E+01
sigmagp                     =                 0.300E+01
sim_derefineradius          =                 0.000E+00
sim_earliestlstime          =                 0.000E+00
sim_expenergy               =                 0.100E+01
sim_largestnormradius       =                 0.180+309
sim_latestlstime            =                 0.180+309
sim_minrhoinit              =                 0.100E-19
sim_pambient                =                 0.100E-04
sim_rinit                   =                 0.137E-01 [CHANGED]
sim_rhoambient              =                 0.100E+01
sim_smallestnormradius      =                 0.000E+00
sim_xctr                    =                 0.500E+00
sim_yctr                    =                 0.500E+00
sim_zctr                    =                 0.500E+00
small                       =                 0.100E-09
smalle                      =                 0.100E-09
smallp                      =                 0.100E-09
smallt                      =                 0.100E-09
smallu                      =                 0.100E-09
smallx                      =                 0.100E-09
smlrho                      =                 0.100E-09
tinitial                    =                 0.000E+00
tiny                        =                 0.100E-15
tmax                        =                 0.500E+06 [CHANGED]
tstep_change_factor         =                 0.200E+01
wall_clock_checkpoint       =                 0.432E+05
wall_clock_time_limit       =                 0.605E+06
x_refine_center             =                 0.000E+00
xmax                        =                 0.100E+01
xmin                        =                 0.000E+00
y_refine_center             =                 0.000E+00
ymax                        =                 0.100E+01
ymin                        =                 0.000E+00
zfinal                      =                 0.000E+00
zinitial                    =                -0.100E+01
z_refine_center             =                 0.000E+00
zmax                        =                 0.100E+01
zmin                        =                 0.000E+00
riemannsolver               = Roe                            [CHANGED]
unitsystem                  = none                          
basenm                      = sedov_                         [CHANGED]
entropyfixmethod            = HARTENHYMAN                   
eosmode                     = dens_ie                       
eosmodeinit                 = dens_ie                       
geometry                    = cartesian                     
gr_pmrpoutputdir            = ./                            
grav_boundary_type          = isolated                      
hy_eosmodegc                = see eosMode                   
log_file                    = sedov.log                      [CHANGED]
output_directory            =                               
pc_unitsbase                = CGS                           
plot_grid_var_1             = none                          
plot_grid_var_10            = none                          
plot_grid_var_11            = none                          
plot_grid_var_12            = none                          
plot_grid_var_13            = none                          
plot_grid_var_14            = none                          
plot_grid_var_15            = none                          
plot_grid_var_16            = none                          
plot_grid_var_17            = none                          
plot_grid_var_18            = none                          
plot_grid_var_19            = none                          
plot_grid_var_2             = none                          
plot_grid_var_20            = none                          
plot_grid_var_21            = none                          
plot_grid_var_22            = none                          
plot_grid_var_23            = none                          
plot_grid_var_24            = none                          
plot_grid_var_25            = none                          
plot_grid_var_26            = none                          
plot_grid_var_27            = none                          
plot_grid_var_28            = none                          
plot_grid_var_29            = none                          
plot_grid_var_3             = none                          
plot_grid_var_30            = none                          
plot_grid_var_31            = none                          
plot_grid_var_32            = none                          
plot_grid_var_33            = none                          
plot_grid_var_34            = none                          
plot_grid_var_35            = none                          
plot_grid_var_36            = none                          
plot_grid_var_37            = none                          
plot_grid_var_38            = none                          
plot_grid_var_39            = none                          
plot_grid_var_4             = none                          
plot_grid_var_40            = none                          
plot_grid_var_41            = none                          
plot_grid_var_42            = none                          
plot_grid_var_43            = none                          
plot_grid_var_44            = none                          
plot_grid_var_45            = none                          
plot_grid_var_46            = none                          
plot_grid_var_47            = none                          
plot_grid_var_48            = none                          
plot_grid_var_49            = none                          
plot_grid_var_5             = none                          
plot_grid_var_50            = none                          
plot_grid_var_51            = none                          
plot_grid_var_52            = none                          
plot_grid_var_53            = none                          
plot_grid_var_54            = none                          
plot_grid_var_55            = none                          
plot_grid_var_56            = none                          
plot_grid_var_57            = none                          
plot_grid_var_58            = none                          
plot_grid_var_59            = none                          
plot_grid_var_6             = none                          
plot_grid_var_60            = none                          
plot_grid_var_61            = none                          
plot_grid_var_62            = none                          
plot_grid_var_63            = none                          
plot_grid_var_64            = none                          
plot_grid_var_65            = none                          
plot_grid_var_66            = none                          
plot_grid_var_67            = none                          
plot_grid_var_68            = none                          
plot_grid_var_69            = none                          
plot_grid_var_7             = none                          
plot_grid_var_70            = none                          
plot_grid_var_71            = none                          
plot_grid_var_72            = none                          
plot_grid_var_73            = none                          
plot_grid_var_74            = none                          
plot_grid_var_75            = none                          
plot_grid_var_76            = none                          
plot_grid_var_77            = none                          
plot_grid_var_78            = none                          
plot_grid_var_8             = none                          
plot_grid_var_9             = none                          
plot_var_1                  = dens                           [CHANGED]
plot_var_10                 = none                          
plot_var_11                 = none                          
plot_var_12                 = none                          
plot_var_13                 = none                          
plot_var_14                 = none                          
plot_var_15                 = none                          
plot_var_16                 = none                          
plot_var_17                 = none                          
plot_var_18                 = none                          
plot_var_2                  = pres                           [CHANGED]
plot_var_3                  = temp                           [CHANGED]
plot_var_4                  = none                          
plot_var_5                  = none                          
plot_var_6                  = none                          
plot_var_7                  = none                          
plot_var_8                  = none                          
plot_var_9                  = none                          
prof_file                   = profile.dat                   
refine_var_1                = dens                           [CHANGED]
refine_var_2                = pres                           [CHANGED]
refine_var_3                = none                          
refine_var_4                = none                          
run_comment                 = Sedov explosion                [CHANGED]
run_number                  = 1                             
sim_proffilename            = /dev/null                      [CHANGED]
slopelimiter                = mc                             [CHANGED]
stats_file                  = flashx.dat                    
wenomethod                  = WENO5                         
xl_boundary_type            = outflow                        [CHANGED]
xr_boundary_type            = outflow                        [CHANGED]
yl_boundary_type            = outflow                        [CHANGED]
yr_boundary_type            = outflow                        [CHANGED]
zl_boundary_type            = outflow                        [CHANGED]
zr_boundary_type            = outflow                        [CHANGED]
csvsummaryallprocs          =  F
eosforriemann               =  F
logsummaryallprocs          =  F
addthermalflux              =  T
allowdtstsdominate          =  F
alwayscomputeuservars       =  T
alwaysrestrictcheckpoint    =  T
charlimiting                =  T
chkguardcellsinput          =  F
chkguardcellsoutput         =  F
conserveangmom              =  F
converttoconsvdformeshcalls =  F
converttoconsvdinmeshinterp =  T
corners                     =  F
dr_printtsteploc            =  T
dr_shortenlaststepbeforetmax =  F
drift_tuples                =  F
eachprocwritesownabortlog   =  F
eachprocwritessummary       =  F
earlyblockdistadjustment    =  T
enablemaskedgcfill          =  F
entropy                     =  F
flux_correct                =  T
flux_correct_perlevel       =  F
geometryoverride            =  F
gr_bcenableapplymixedgds    =  T
gr_bndgcfillneedsprimitivevars =  T
gr_btcustomwork             =  F
gr_btexchangework           =  F
gr_btsortbywork             =  T
gr_enabletiling             =  F
gr_lrefinemaxbytime         =  F
gr_lrefinemaxreddobylogr    =  F
gr_lrefinemaxreddobytime    =  F
gr_pmrpadvancealllevels     =  F
gr_pmrpamrerrorchecking     =  F
gr_pmrpcartesianpm          =  F
gr_pmrpconserve             =  F
gr_pmrpconsvfluxdensities   =  T
gr_pmrpconsvfluxes          =  F
gr_pmrpcurvilinear          =  F
gr_pmrpcurvilinearconserve  =  F
gr_pmrpcylindricalpm        =  F
gr_pmrpdiagonals            =  T
gr_pmrpedgevalue            =  T
gr_pmrpedgevalueinteg       =  F
gr_pmrpemptycells           =  F
gr_pmrpforceconsistency     =  T
gr_pmrplsingularline        =  F
gr_pmrpnopermanentguardcells =  F
gr_pmrppolarpm              =  F
gr_pmrppredcorr             =  F
gr_pmrpsphericalpm          =  F
gr_pmrptimingmpi            =  F
gr_pmrptimingmpix           =  F
gr_pmrpvardt                =  F
gr_usetiling                =  F
hy_fallbacklowercfl         =  F
hy_fullspecmsfluxhandling   =  T
hy_usetiling                =  F
ignoreforcedplot            =  F
io_writemscalarintegrals    =  F
plotfilegridquantitydp      =  F
plotfilemetadatadp          =  F
reducegcellfills            =  F
refine_on_particle_count    =  F
restart                     =  F
shockdetect                 =  F
shocklowercfl               =  F
sim_bcsetbdryvar            =  F
sim_forcecenterderefine     =  F
sim_onelevelintegralsonly   =  F
summaryoutputonly           =  F
threadblocklistbuild        =  F
threaddelepblocklist        =  F
threaddelepwithinblock      =  F
threaddriverblocklist       =  F
threaddriverwithinblock     =  F
threadeoswithinblock        =  F
threadhydroblocklist        =  F
threadhydrowithinblock      =  F
threadraytracebuild         =  F
threadwithinblockbuild      =  F
tmr_suppressinparallel      =  F
typematchedxfer             =  T
unbiased_geometry           =  F
updatehydrofluxes           =  T
useburn                     =  F
usecollectivehdf5           =  T
usedeleptonize              =  F
usegravity                  =  F
useheatad                   =  F
useheater                   =  F
usehydro                    =  T
useimbound                  =  F
useincompns                 =  F
useinlet                    =  F
uselegacylabels             =  T
usemultiphase               =  F
useorchestration            =  F
useoutlet                   =  F
useparticles                =  F
useradtrans                 =  F
usests                      =  F
usestsfordiffusion          =  F
usesolidmechanics           =  F
use_3dfullctu               =  T
use_auxeinteqn              =  T
use_avisc                   =  T [CHANGED]
use_cma_advection           =  F
use_cma_flattening          =  F
use_flash_surr_blks_fill    =  T
use_flattening              =  F
use_gravhalfupdate          =  T
use_hybridorder             =  F
use_reduced_orrery          =  T
use_steepening              =  F
use_upwindtvd               =  F
writestatsummary            =  T
                                                                               
 ==============================================================================
                                                                               
 Known units of measurement:
                                                                               
              Unit                          CGS Value                Base Unit
  1                  cm                     1.0000                           cm
  2                   s                     1.0000                            s
  3                   g                     1.0000                            g
  4                   K                     1.0000                            K
  5                 esu                     1.0000                          esu
  6                 mol                     1.0000                          mol
  7                   m                     100.00                           cm
  8                  km                    1.00000E+05                       cm
  9                  pc                    3.08568E+18                       cm
 10                 kpc                    3.08568E+21                       cm
 11                 Mpc                    3.08568E+24                       cm
 12                 Gpc                    3.08568E+27                       cm
 13                Rsun                    6.96000E+10                       cm
 14                  AU                    1.49598E+13                       cm
 15                  yr                    3.15569E+07                        s
 16                 Myr                    3.15569E+13                        s
 17                 Gyr                    3.15569E+16                        s
 18                  kg                     1000.0                            g
 19                Msun                    1.98892E+33                        g
 20                 amu                    1.66054E-24                        g
 21                  eV                     11605.                            K
 22                   C                    2.99792E+09                      esu
 23                LFLY                    3.08568E+24                       cm
 24                TFLY                    2.05759E+17                        s
 25                MFLY                    9.88470E+45                        g
 26            clLength                    3.08568E+24                       cm
 27              clTime                    3.15569E+16                        s
 28              clMass                    1.98892E+48                        g
 29              clTemp                    1.16045E+07                        K
-----------End of Units--------------------
                                                                               
 Known physical constants:
                                                                               
    Constant Name       Constant Value   cm       s        g        K        esu      mol
  1              Newton    6.67408E-08   3.0     -2.0     -1.0      0.0      0.0      0.0    
  2      speed of light    2.99792E+10   1.0     -1.0      0.0      0.0      0.0      0.0    
  3              Planck    6.62607E-27   2.0     -1.0      1.0      0.0      0.0      0.0    
  4     electron charge    4.80320E-10   0.0      0.0      0.0      0.0      1.0      0.0    
  5       electron mass    9.10938E-28   0.0      0.0      1.0      0.0      0.0      0.0    
  6         proton mass    1.67262E-24   0.0      0.0      1.0      0.0      0.0      0.0    
  7      fine-structure    7.29735E-03   0.0      0.0      0.0      0.0      0.0      0.0    
  8            Avogadro    6.02214E+23   0.0      0.0      0.0      0.0      0.0     -1.0    
  9           Boltzmann    1.38065E-16   2.0     -2.0      1.0     -1.0      0.0      0.0    
 10  ideal gas constant    8.31446E+07   2.0     -2.0      1.0     -1.0      0.0     -1.0    
 11                Wien    0.28978       1.0      0.0      0.0      1.0      0.0      0.0    
 12    Stefan-Boltzmann    5.67037E-05   0.0     -3.0      1.0     -4.0      0.0      0.0    
 13  Radiation Constant    7.56572E-15  -1.0     -2.0      1.0     -4.0      0.0      0.0    
 14                  pi     3.1416       0.0      0.0      0.0      0.0      0.0      0.0    
 15                   e     2.7183       0.0      0.0      0.0      0.0      0.0      0.0    
 16               Euler    0.57722       0.0      0.0      0.0      0.0      0.0      0.0    
 ==============================================================================
                                                                               
 Multifluid database: not configured in
                                                                               
 ==============================================================================
 [ 03-01-2025  19:15:17.026 ] [gr_initGeometry] checking BCs for idir: 1
 [ 03-01-2025  19:15:17.026 ] [gr_initGeometry] checking BCs for idir: 2
 [ 03-01-2025  19:15:17.026 ] [gr_initGeometry] checking BCs for idir: 3
 [ 03-01-2025  19:15:34.965 ] [GRID amr_refine_derefine]: initiating refinement
 [ 03-01-2025  19:15:34.965 ] [GRID amr_refine_derefine]: redist. phase.  tot blks requested: 262144
 [GRID amr_refine_derefine] min blks 73    max blks 74    tot blks 262144
 [GRID amr_refine_derefine] min leaf blks 73    max leaf blks 74    tot leaf blks 262144
 [ 03-01-2025  19:15:36.824 ] [GRID amr_refine_derefine]: refinement complete
 [ 03-01-2025  19:39:32.423 ] [GRID gr_expandDomain]: iteration=1, create level=2
 INFO: Grid_fillGuardCells is ignoring masking.
 [ 03-01-2025  19:40:45.293 ] [mpi_amr_comm_setup]: buffer_dim_send=9172513, buffer_dim_recv=8150953
 [ 03-01-2025  19:40:53.143 ] [GRID amr_refine_derefine]: initiating refinement
 [ 03-01-2025  19:40:53.161 ] [GRID amr_refine_derefine]: redist. phase.  tot blks requested: 262208
 [GRID amr_refine_derefine] min blks 73    max blks 74    tot blks 262208
 [GRID amr_refine_derefine] min leaf blks 72    max leaf blks 74    tot leaf blks 262200
 [ 03-01-2025  19:40:53.885 ] [GRID amr_refine_derefine]: refinement complete
 [ 03-01-2025  19:40:53.890 ] [GRID gr_expandDomain]: iteration=2, create level=3
 [ 03-01-2025  19:42:14.547 ] [GRID amr_refine_derefine]: initiating refinement
 [ 03-01-2025  19:42:14.570 ] [GRID amr_refine_derefine]: redist. phase.  tot blks requested: 263168
 [GRID amr_refine_derefine] min blks 73    max blks 78    tot blks 263168
 [GRID amr_refine_derefine] min leaf blks 68    max leaf blks 74    tot leaf blks 263040
 [ 03-01-2025  19:42:16.438 ] [GRID amr_refine_derefine]: refinement complete
 [ 03-01-2025  19:42:16.443 ] [GRID gr_expandDomain]: iteration=3, create level=4
 [ 03-01-2025  19:43:37.400 ] [GRID amr_refine_derefine]: initiating refinement
 [ 03-01-2025  19:43:37.426 ] [GRID amr_refine_derefine]: redist. phase.  tot blks requested: 266176
 [GRID amr_refine_derefine] min blks 74    max blks 81    tot blks 266176
 [GRID amr_refine_derefine] min leaf blks 68    max leaf blks 75    tot leaf blks 265672
 [ 03-01-2025  19:43:39.261 ] [GRID amr_refine_derefine]: refinement complete
 [ 03-01-2025  19:43:39.266 ] [GRID gr_expandDomain]: iteration=4, create level=5
 [ 03-01-2025  19:44:53.058 ] [mpi_amr_comm_setup]: buffer_dim_send=9836329, buffer_dim_recv=8308021
 [ 03-01-2025  19:45:01.271 ] [GRID amr_refine_derefine]: initiating refinement
 [ 03-01-2025  19:45:01.307 ] [GRID amr_refine_derefine]: redist. phase.  tot blks requested: 277632
 [GRID amr_refine_derefine] min blks 77    max blks 84    tot blks 277632
 [GRID amr_refine_derefine] min leaf blks 71    max leaf blks 78    tot leaf blks 275696
 [ 03-01-2025  19:45:03.281 ] [GRID amr_refine_derefine]: refinement complete
 [ 03-01-2025  19:45:03.286 ] [GRID gr_expandDomain]: iteration=5, create level=6
 [ 03-01-2025  19:46:22.432 ] [mpi_amr_comm_setup]: buffer_dim_send=9533749, buffer_dim_recv=9102145
 [ 03-01-2025  19:46:27.485 ] [GRID amr_refine_derefine]: initiating refinement
 [ 03-01-2025  19:46:27.517 ] [GRID amr_refine_derefine]: redist. phase.  tot blks requested: 318976
 [GRID amr_refine_derefine] min blks 88    max blks 95    tot blks 318976
 [GRID amr_refine_derefine] min leaf blks 80    max leaf blks 89    tot leaf blks 311872
 [ 03-01-2025  19:46:30.226 ] [GRID amr_refine_derefine]: refinement complete
 [ 03-01-2025  19:46:30.232 ] [GRID gr_expandDomain]: iteration=6, create level=6
 [ 03-01-2025  19:48:00.475 ] [mpi_amr_comm_setup]: buffer_dim_send=9570781, buffer_dim_recv=7995733
 [ 03-01-2025  19:48:07.588 ] [GRID gr_expandDomain]: iteration=7, create level=6
 [ 03-01-2025  19:49:44.957 ] [GRID gr_expandDomain]: iteration=8, create level=6
 [ 03-01-2025  19:51:18.798 ] memory: /proc vsize    (MB):     4515.12 (min)       4974.85 (max)       4704.85 (avg)
 [ 03-01-2025  19:51:18.800 ] memory: /proc rss      (MB):     1836.66 (min)       2139.20 (max)       1866.02 (avg)
 [ 03-01-2025  19:51:18.801 ] memory: /proc vsize    (MB):     4515.12 (min)       4974.85 (max)       4704.85 (avg)
 [ 03-01-2025  19:51:18.801 ] memory: /proc rss      (MB):     1836.66 (min)       2139.20 (max)       1866.03 (avg)
 [ 03-01-2025  19:51:18.932 ] memory: /proc vsize    (MB):     4515.12 (min)       4974.85 (max)       4704.85 (avg)
 [ 03-01-2025  19:51:18.932 ] memory: /proc rss      (MB):     1836.66 (min)       2140.08 (max)       1866.03 (avg)
 [ 03-01-2025  19:51:34.250 ] [IO_writeCheckpoint] open: type=checkpoint name=sedov_hdf5_chk_0000
 [ 03-01-2025  19:53:55.149 ] [io_writeData]: wrote  318976          blocks
 [ 03-01-2025  19:53:55.508 ] [IO_writeCheckpoint] close: type=checkpoint name=sedov_hdf5_chk_0000
 [ 03-01-2025  19:53:56.006 ] [IO_writePlotfile] open: type=plotfile name=sedov_hdf5_plt_cnt_0000
 [ 03-01-2025  19:54:10.117 ] [io_writeData]: wrote  318976          blocks
 [ 03-01-2025  19:54:10.130 ] [IO_writePlotfile] close: type=plotfile name=sedov_hdf5_plt_cnt_0000
 [ 03-01-2025  19:54:10.133 ] memory: /proc vsize    (MB):     4544.35 (min)       5022.56 (max)       4729.22 (avg)
 [ 03-01-2025  19:54:10.135 ] memory: /proc rss      (MB):     1844.02 (min)       2145.50 (max)       1876.11 (avg)
 [ 03-01-2025  19:54:10.137 ] [Driver_evolveAll]: Entering evolution loop
 [ 03-01-2025  19:54:10.140 ] step: n=1 t=0.000000E+00 dt=1.000000E-10
 [ 03-01-2025  19:54:41.882 ] step: n=2 t=1.000000E-10 dt=2.000000E-10
 [ 03-01-2025  19:55:34.349 ] step: n=3 t=3.000000E-10 dt=4.000000E-10
 [ 03-01-2025  19:56:05.920 ] step: n=4 t=7.000000E-10 dt=8.000000E-10
 [ 03-01-2025  19:56:58.539 ] step: n=5 t=1.500000E-09 dt=1.600000E-09
 [ 03-01-2025  19:57:30.117 ] step: n=6 t=3.100000E-09 dt=3.200000E-09
 [ 03-01-2025  19:58:22.819 ] step: n=7 t=6.300000E-09 dt=6.400000E-09
 [ 03-01-2025  19:58:54.570 ] step: n=8 t=1.270000E-08 dt=1.280000E-08
 [ 03-01-2025  19:59:46.874 ] [GRID amr_refine_derefine]: initiating refinement
 [ 03-01-2025  19:59:46.896 ] [GRID amr_refine_derefine]: redist. phase.  tot blks requested: 319168
 [GRID amr_refine_derefine] min blks 88    max blks 96    tot blks 319168
 [GRID amr_refine_derefine] min leaf blks 81    max leaf blks 89    tot leaf blks 312040
 [ 03-01-2025  19:59:47.903 ] [GRID amr_refine_derefine]: refinement complete
 [ 03-01-2025  19:59:48.976 ] step: n=9 t=2.550000E-08 dt=2.560000E-08
 [ 03-01-2025  20:00:20.830 ] step: n=10 t=5.110000E-08 dt=5.120000E-08
 [ 03-01-2025  20:01:13.494 ] [GRID amr_refine_derefine]: initiating refinement
 [ 03-01-2025  20:01:13.519 ] [GRID amr_refine_derefine]: redist. phase.  tot blks requested: 319552
 [GRID amr_refine_derefine] min blks 88    max blks 96    tot blks 319552
 [GRID amr_refine_derefine] min leaf blks 81    max leaf blks 89    tot leaf blks 312376
 [ 03-01-2025  20:01:14.698 ] [GRID amr_refine_derefine]: refinement complete
 [ 03-01-2025  20:01:32.110 ] [IO_writeCheckpoint] open: type=checkpoint name=sedov_hdf5_chk_0001
 [ 03-01-2025  20:03:37.832 ] [io_writeData]: wrote  319552          blocks
 [ 03-01-2025  20:03:38.411 ] [IO_writeCheckpoint] close: type=checkpoint name=sedov_hdf5_chk_0001
 [ 03-01-2025  20:03:38.415 ] step: n=11 t=1.023000E-07 dt=5.148208E-08
 [ 03-01-2025  20:03:38.418 ] [mpi_amr_comm_setup]: buffer_dim_send=9562717, buffer_dim_recv=7995733
 [ 03-01-2025  20:04:12.216 ] step: n=12 t=1.537821E-07 dt=5.055515E-08
 [ 03-01-2025  20:05:07.815 ] [GRID amr_refine_derefine]: initiating refinement
 [ 03-01-2025  20:05:07.834 ] [GRID amr_refine_derefine]: redist. phase.  tot blks requested: 320320
 [GRID amr_refine_derefine] min blks 88    max blks 96    tot blks 320320
 [GRID amr_refine_derefine] min leaf blks 81    max leaf blks 89    tot leaf blks 313048
 [ 03-01-2025  20:05:10.763 ] [GRID amr_refine_derefine]: refinement complete
 [ 03-01-2025  20:05:12.054 ] step: n=13 t=2.043372E-07 dt=4.968707E-08
 [ 03-01-2025  20:05:12.055 ] [mpi_amr_comm_setup]: buffer_dim_send=9694309, buffer_dim_recv=7995733
 [ 03-01-2025  20:05:46.211 ] step: n=14 t=2.540243E-07 dt=4.886723E-08
 [ 03-01-2025  20:06:41.401 ] [GRID amr_refine_derefine]: initiating refinement
 [ 03-01-2025  20:06:41.429 ] [GRID amr_refine_derefine]: redist. phase.  tot blks requested: 321472
 [GRID amr_refine_derefine] min blks 88    max blks 96    tot blks 321472
 [GRID amr_refine_derefine] min leaf blks 81    max leaf blks 89    tot leaf blks 314056
 [ 03-01-2025  20:06:45.484 ] [GRID amr_refine_derefine]: refinement complete
 [ 03-01-2025  20:06:46.746 ] step: n=15 t=3.028915E-07 dt=4.807240E-08
 [ 03-01-2025  20:06:46.746 ] [mpi_amr_comm_setup]: buffer_dim_send=10284265, buffer_dim_recv=9480793
 [ 03-01-2025  20:07:20.963 ] step: n=16 t=3.509639E-07 dt=4.731231E-08
 [ 03-01-2025  20:08:17.097 ] [GRID amr_refine_derefine]: initiating refinement
 [ 03-01-2025  20:08:17.116 ] [GRID amr_refine_derefine]: redist. phase.  tot blks requested: 321664
 [GRID amr_refine_derefine] min blks 88    max blks 96    tot blks 321664
 [GRID amr_refine_derefine] min leaf blks 81    max leaf blks 89    tot leaf blks 314224
 [ 03-01-2025  20:08:18.155 ] [GRID amr_refine_derefine]: refinement complete
 [ 03-01-2025  20:08:19.217 ] step: n=17 t=3.982762E-07 dt=4.660259E-08
 [ 03-01-2025  20:08:55.535 ] step: n=18 t=4.448788E-07 dt=4.594186E-08
 [ 03-01-2025  20:09:53.924 ] step: n=19 t=4.908207E-07 dt=4.531939E-08
 [ 03-01-2025  20:10:30.116 ] step: n=20 t=5.361401E-07 dt=4.469658E-08
 [ 03-01-2025  20:11:45.544 ] [IO_writeCheckpoint] open: type=checkpoint name=sedov_hdf5_chk_0002
 [ 03-01-2025  20:13:06.685 ] [io_writeData]: wrote  321664          blocks
 [ 03-01-2025  20:13:07.262 ] [IO_writeCheckpoint] close: type=checkpoint name=sedov_hdf5_chk_0002
 [ 03-01-2025  20:13:07.265 ] step: n=21 t=5.808367E-07 dt=4.410979E-08
 [ 03-01-2025  20:13:42.049 ] step: n=22 t=6.249464E-07 dt=4.356693E-08
 [ 03-01-2025  20:14:37.889 ] [GRID amr_refine_derefine]: initiating refinement
 [ 03-01-2025  20:14:37.908 ] [GRID amr_refine_derefine]: redist. phase.  tot blks requested: 322048
 [GRID amr_refine_derefine] min blks 88    max blks 96    tot blks 322048
 [GRID amr_refine_derefine] min leaf blks 81    max leaf blks 89    tot leaf blks 314560
 [ 03-01-2025  20:14:39.378 ] [GRID amr_refine_derefine]: refinement complete
 [ 03-01-2025  20:14:40.446 ] step: n=23 t=6.685134E-07 dt=4.304799E-08
 [ 03-01-2025  20:14:40.447 ] [mpi_amr_comm_setup]: buffer_dim_send=10218469, buffer_dim_recv=9480793
 [ 03-01-2025  20:15:14.713 ] step: n=24 t=7.115614E-07 dt=4.253934E-08
 [ 03-01-2025  20:16:10.614 ] [GRID amr_refine_derefine]: initiating refinement
 [ 03-01-2025  20:16:10.631 ] [GRID amr_refine_derefine]: redist. phase.  tot blks requested: 322432
 [GRID amr_refine_derefine] min blks 88    max blks 97    tot blks 322432
 [GRID amr_refine_derefine] min leaf blks 81    max leaf blks 89    tot leaf blks 314896
 [ 03-01-2025  20:16:12.061 ] [GRID amr_refine_derefine]: refinement complete
 [ 03-01-2025  20:16:13.325 ] step: n=25 t=7.541007E-07 dt=4.206069E-08
 [ 03-01-2025  20:16:47.644 ] step: n=26 t=7.961614E-07 dt=4.159556E-08
 [ 03-01-2025  20:17:43.235 ] [GRID amr_refine_derefine]: initiating refinement
 [ 03-01-2025  20:17:43.268 ] [GRID amr_refine_derefine]: redist. phase.  tot blks requested: 323200
 [GRID amr_refine_derefine] min blks 89    max blks 97    tot blks 323200
 [GRID amr_refine_derefine] min leaf blks 82    max leaf blks 90    tot leaf blks 315568
 [ 03-01-2025  20:17:45.979 ] [GRID amr_refine_derefine]: refinement complete
 [ 03-01-2025  20:17:47.669 ] step: n=27 t=8.377570E-07 dt=4.109344E-08
 [ 03-01-2025  20:18:21.738 ] step: n=28 t=8.788504E-07 dt=4.059195E-08
 [ 03-01-2025  20:19:17.839 ] step: n=29 t=9.194423E-07 dt=4.009407E-08
 [ 03-01-2025  20:19:52.105 ] step: n=30 t=9.595364E-07 dt=3.963341E-08
 [ 03-01-2025  20:20:47.743 ] [GRID amr_refine_derefine]: initiating refinement
 [ 03-01-2025  20:20:47.763 ] [GRID amr_refine_derefine]: redist. phase.  tot blks requested: 323968
 [GRID amr_refine_derefine] min blks 89    max blks 97    tot blks 323968
 [GRID amr_refine_derefine] min leaf blks 81    max leaf blks 90    tot leaf blks 316240
 [ 03-01-2025  20:20:50.897 ] [GRID amr_refine_derefine]: refinement complete
 [ 03-01-2025  20:21:09.219 ] [IO_writeCheckpoint] open: type=checkpoint name=sedov_hdf5_chk_0003
 [ 03-01-2025  20:22:29.856 ] [io_writeData]: wrote  323968          blocks
 [ 03-01-2025  20:22:30.442 ] [IO_writeCheckpoint] close: type=checkpoint name=sedov_hdf5_chk_0003
 [ 03-01-2025  20:22:30.447 ] step: n=31 t=9.991698E-07 dt=3.921543E-08
 [ 03-01-2025  20:22:30.450 ] [mpi_amr_comm_setup]: buffer_dim_send=10096225, buffer_dim_recv=9480793
 [ 03-01-2025  20:23:05.030 ] step: n=32 t=1.038385E-06 dt=3.883616E-08
 [ 03-01-2025  20:24:01.279 ] [GRID amr_refine_derefine]: initiating refinement
 [ 03-01-2025  20:24:01.296 ] [GRID amr_refine_derefine]: redist. phase.  tot blks requested: 324736
 [GRID amr_refine_derefine] min blks 89    max blks 97    tot blks 324736
 [GRID amr_refine_derefine] min leaf blks 82    max leaf blks 90    tot leaf blks 316912
 [ 03-01-2025  20:24:03.873 ] [GRID amr_refine_derefine]: refinement complete
 [ 03-01-2025  20:24:05.473 ] step: n=33 t=1.077221E-06 dt=3.848919E-08
 [ 03-01-2025  20:24:05.474 ] [mpi_amr_comm_setup]: buffer_dim_send=10631017, buffer_dim_recv=9619165
 [ 03-01-2025  20:24:40.343 ] step: n=34 t=1.115711E-06 dt=3.816827E-08
 [ 03-01-2025  20:25:37.210 ] step: n=35 t=1.153879E-06 dt=3.786364E-08
 [ 03-01-2025  20:26:11.891 ] step: n=36 t=1.191743E-06 dt=3.757623E-08
 [ 03-01-2025  20:27:08.687 ] step: n=37 t=1.229319E-06 dt=3.730651E-08
 [ 03-01-2025  20:27:43.554 ] step: n=38 t=1.266625E-06 dt=3.703419E-08
 [ 03-01-2025  20:28:39.781 ] [GRID amr_refine_derefine]: initiating refinement
 [ 03-01-2025  20:28:39.804 ] [GRID amr_refine_derefine]: redist. phase.  tot blks requested: 324928
 [GRID amr_refine_derefine] min blks 89    max blks 97    tot blks 324928
 [GRID amr_refine_derefine] min leaf blks 82    max leaf blks 90    tot leaf blks 317080
 [ 03-01-2025  20:28:40.835 ] [GRID amr_refine_derefine]: refinement complete
 [ 03-01-2025  20:28:41.917 ] step: n=39 t=1.303659E-06 dt=3.676561E-08
 [ 03-01-2025  20:29:16.968 ] step: n=40 t=1.340425E-06 dt=3.651223E-08
 [ 03-01-2025  20:30:13.415 ] [GRID amr_refine_derefine]: initiating refinement
 [ 03-01-2025  20:30:13.436 ] [GRID amr_refine_derefine]: redist. phase.  tot blks requested: 325120
 [GRID amr_refine_derefine] min blks 89    max blks 97    tot blks 325120
 [GRID amr_refine_derefine] min leaf blks 82    max leaf blks 90    tot leaf blks 317248
 [ 03-01-2025  20:30:14.442 ] [GRID amr_refine_derefine]: refinement complete
 [ 03-01-2025  20:30:31.646 ] [IO_writeCheckpoint] open: type=checkpoint name=sedov_hdf5_chk_0004
 [ 03-01-2025  20:31:54.903 ] [io_writeData]: wrote  325120          blocks
 [ 03-01-2025  20:31:55.571 ] [IO_writeCheckpoint] close: type=checkpoint name=sedov_hdf5_chk_0004
 [ 03-01-2025  20:31:55.575 ] step: n=41 t=1.376937E-06 dt=3.627985E-08
 [ 03-01-2025  20:32:31.115 ] step: n=42 t=1.413217E-06 dt=3.606985E-08
 [ 03-01-2025  20:33:27.351 ] step: n=43 t=1.449287E-06 dt=3.587395E-08
 [ 03-01-2025  20:34:02.404 ] step: n=44 t=1.485161E-06 dt=3.569822E-08
 [ 03-01-2025  20:34:58.639 ] [GRID amr_refine_derefine]: initiating refinement
 [ 03-01-2025  20:34:58.660 ] [GRID amr_refine_derefine]: redist. phase.  tot blks requested: 326272
 [GRID amr_refine_derefine] min blks 89    max blks 97    tot blks 326272
 [GRID amr_refine_derefine] min leaf blks 82    max leaf blks 90    tot leaf blks 318256
 [ 03-01-2025  20:35:02.587 ] [GRID amr_refine_derefine]: refinement complete
 [ 03-01-2025  20:35:03.899 ] step: n=45 t=1.520859E-06 dt=3.554189E-08
 [ 03-01-2025  20:35:03.899 ] [mpi_amr_comm_setup]: buffer_dim_send=10629733, buffer_dim_recv=9619165
 [ 03-01-2025  20:35:39.217 ] step: n=46 t=1.556401E-06 dt=3.540765E-08
 [ 03-01-2025  20:36:36.092 ] step: n=47 t=1.591809E-06 dt=3.530243E-08
 [ 03-01-2025  20:37:11.153 ] step: n=48 t=1.627111E-06 dt=3.520851E-08
 [ 03-01-2025  20:38:08.373 ] step: n=49 t=1.662320E-06 dt=3.512232E-08
 [ 03-01-2025  20:38:43.440 ] step: n=50 t=1.697442E-06 dt=3.506173E-08
 [ 03-01-2025  20:39:40.127 ] [GRID amr_refine_derefine]: initiating refinement
 [ 03-01-2025  20:39:40.145 ] [GRID amr_refine_derefine]: redist. phase.  tot blks requested: 326656
 [GRID amr_refine_derefine] min blks 90    max blks 98    tot blks 326656
 [GRID amr_refine_derefine] min leaf blks 83    max leaf blks 91    tot leaf blks 318592
 [ 03-01-2025  20:39:41.508 ] [GRID amr_refine_derefine]: refinement complete
 [ 03-01-2025  20:39:59.982 ] [IO_writeCheckpoint] open: type=checkpoint name=sedov_hdf5_chk_0005
 [ 03-01-2025  20:41:20.854 ] [io_writeData]: wrote  326656          blocks
 [ 03-01-2025  20:41:21.426 ] [IO_writeCheckpoint] close: type=checkpoint name=sedov_hdf5_chk_0005
 [ 03-01-2025  20:41:21.431 ] step: n=51 t=1.732504E-06 dt=3.502552E-08
 [ 03-01-2025  20:41:57.780 ] step: n=52 t=1.767529E-06 dt=3.500864E-08
 [ 03-01-2025  20:42:56.151 ] [GRID amr_refine_derefine]: initiating refinement
 [ 03-01-2025  20:42:56.176 ] [GRID amr_refine_derefine]: redist. phase.  tot blks requested: 328192
 [GRID amr_refine_derefine] min blks 90    max blks 98    tot blks 328192
 [GRID amr_refine_derefine] min leaf blks 83    max leaf blks 91    tot leaf blks 319936
 [ 03-01-2025  20:43:01.628 ] [GRID amr_refine_derefine]: refinement complete
 [ 03-01-2025  20:43:02.944 ] step: n=53 t=1.802538E-06 dt=3.501215E-08
 [ 03-01-2025  20:43:38.685 ] step: n=54 t=1.837550E-06 dt=3.501823E-08
 [ 03-01-2025  20:44:36.553 ] step: n=55 t=1.872568E-06 dt=3.502558E-08
 [ 03-01-2025  20:45:12.462 ] step: n=56 t=1.907594E-06 dt=3.503618E-08
 [ 03-01-2025  20:46:10.217 ] step: n=57 t=1.942630E-06 dt=3.505074E-08
 [ 03-01-2025  20:46:46.086 ] step: n=58 t=1.977681E-06 dt=3.507960E-08
 [ 03-01-2025  20:47:43.832 ] step: n=59 t=2.012760E-06 dt=3.511136E-08
 [ 03-01-2025  20:48:19.651 ] step: n=60 t=2.047872E-06 dt=3.511160E-08
 [ 03-01-2025  20:49:34.921 ] [IO_writeCheckpoint] open: type=checkpoint name=sedov_hdf5_chk_0006
 [ 03-01-2025  20:50:55.562 ] [io_writeData]: wrote  328192          blocks
 [ 03-01-2025  20:50:56.261 ] [IO_writeCheckpoint] close: type=checkpoint name=sedov_hdf5_chk_0006
 [ 03-01-2025  20:50:56.266 ] [Driver_evolveAll]: Exiting evolution loop
 [ 03-01-2025  20:50:57.661 ] [IO_writePlotfile] open: type=plotfile name=sedov_forced_hdf5_plt_cnt_0000
 [ 03-01-2025  20:51:17.510 ] [io_writeData]: wrote  328192          blocks
 [ 03-01-2025  20:51:17.713 ] [IO_writePlotfile] close: type=plotfile name=sedov_forced_hdf5_plt_cnt_0000
 [ 03-01-2025  20:51:17.818 ] memory: /proc vsize    (MB):     4560.14 (min)       5044.35 (max)       4773.12 (avg)
 [ 03-01-2025  20:51:17.861 ] memory: /proc rss      (MB):     2477.61 (min)       2753.20 (max)       2524.63 (avg)
 ==============================================================================
 perf_summary: code performance summary for process            0
                      beginning : 03-01-2025  19:15:17
                         ending : 03-01-2025  20:51:17
   seconds in monitoring period :             5760.879
      number of evolution steps :                   60
 ------------------------------------------------------------------------------
 accounting unit                       time sec  num calls   secs avg  time pct
 ------------------------------------------------------------------------------
 initialization                       2333.112      1        2333.112    40.499
  eos                                    2.470      8           0.309     0.043
  guardcell internal                    28.487      7           4.070     0.494
   amr_guardcell                        26.628      7           3.804     0.462
   eos gc                                0.001      7           0.000     0.000
  writeCheckpoint                      156.446      1         156.446     2.716
   restrictAll                          14.166      1          14.166     0.246
  writePlotfile                         14.619      1          14.619     0.254
 writePlotfile                          21.342      1          21.342     0.370
 evolution                            3406.126      1        3406.126    59.125
  Hydro                               1520.203     60          25.337    26.388
   Head                                311.211     60           5.187     5.402
    guardcell internal                 311.206     60           5.187     5.402
     amr_guardcell                     286.258     60           4.771     4.969
     eos gc                              0.007     60           0.000     0.000
   compute fluxes                     1150.087     60          19.168    19.964
    hy_computeFluxes                  1150.075   5354           0.215    19.964
     RiemannState                      998.012   5354           0.186    17.324
     getFaceFlux                       150.838   5354           0.028     2.618
   conserveFluxes                        0.432     60           0.007     0.008
   update solution                      57.875     60           0.965     1.005
    update solution body                57.857   5354           0.011     1.004
     unsplitUpdate                      20.835   5354           0.004     0.362
  sourceTerms                            0.000     60           0.000     0.000
  Particles_advance                      0.000     60           0.000     0.000
  Gravity potential                      0.000     60           0.000     0.000
  IO_output                           1178.397    120           9.820    20.455
   diagnostics                         541.566    120           4.513     9.401
   checkpointing                       636.753      6         106.125    11.053
    writeCheckpoint                    636.735      6         106.123    11.053
     restrictAll                        88.739      6          14.790     1.540
  Grid_updateRefinement                699.764     60          11.663    12.147
   eos                                   9.034     15           0.602     0.157
   tree                                690.729     60          11.512    11.990
    markRefineDerefine                 178.698     30           5.957     3.102
     guardcell internal                154.217     30           5.141     2.677
      amr_guardcell                    141.673     30           4.722     2.459
      eos gc                             0.003     30           0.000     0.000
    amr_refine_derefine                500.772     30          16.692     8.693
    updateData                           0.002     30           0.000     0.000
   updateParticleRefinement              0.000     15           0.000     0.000
  Driver_computeDt                       7.689     60           0.128     0.133
 ==============================================================================
 [ 03-01-2025  20:51:17.998 ] [Timers_getSummary]: Not writing timer max/min/avg values because not all processors had same timers
 [ 03-01-2025  20:51:18.037 ] LOGFILE_END: FLASH run complete.
 FLASH log file:  03-01-2025  20:51:55.144    Run number:  1
 ==============================================================================
 Number of MPI tasks:               3584
 MPI version:                          3
 MPI subversion:                       1
 Dimensionality:                       3
 Max Number of Blocks/Proc:          200
 Number x zones:                      32
 Number y zones:                      32
 Number z zones:                      32
 Setup stamp:     Fri Nov 1 14:03:57 2024
 Build stamp:     Fri Nov 1 14:04:23 2024
 System info:     Linux corona211 4.18.0-553.22.1.1toss.t4.x86_64 #1 SMP Tue Sep 24 16:50:00 PDT 2
 Version:         Flash-X 1.0 (heads/main-0-g6040ba49-dirty)                                      
 Build directory: /usr/workspace/ather1/Flash-X/sedov
 Setup syntax:    /usr/workspace/ather1/Flash-X/bin/setup.py Sedov -auto -3d -nxb=32 -nyb=32 -nzb=32 +parallelio -objdir=/usr/workspace/ather1/Flash-X/sedov
 f compiler flags: mpif90 -ggdb -c -O2 -fdefault-real-8 -fdefault-double-8 -Wuninitialized -fallow-argument-mismatch -fallow-argument-mismatch -DMAXBLOCKS=200 -DNXB=32 -DNYB=32 -DNZB=32 -DN_DIM=3
 c compiler flags:    mpicc -I/p/lustre2/ather1/hdf5-1.14.4-3/install/include -DH5_USE_18_API -ggdb -c -O2 -Wuninitialized -D_FORTIFY_SOURCE=2 -DMAXBLOCKS=200 -DNXB=32 -DNYB=32 -DNZB=32 -DN_DIM=3
 ==============================================================================
 Comment:  Sedov explosion
 ==============================================================================
 FLASH Units used:
   Driver/DriverMain/Unsplit
   Grid/GridBoundaryConditions
   Grid/GridMain/AMR/Paramesh4/PM4_package/flash_avoid_orrery
   Grid/GridMain/AMR/Paramesh4/PM4_package/headers
   Grid/GridMain/AMR/Paramesh4/PM4_package/source
   Grid/GridMain/AMR/Paramesh4/PM4_package/utilities/multigrid
   Grid/GridMain/AMR/Paramesh4/interpolation/prolong
   Grid/GridMain/AMR/Paramesh4/levelFlux
   Grid/localAPI
   IO/IOMain/hdf5/parallel/PM
   IO/localAPI
   PhysicalConstants/PhysicalConstantsMain
   RuntimeParameters/RuntimeParametersMain
   Simulation/SimulationMain/Sedov
   TimeAdvance/TimeAdvanceMain/StrangSplit
   flashUtilities/contiguousConversion
   flashUtilities/general
   flashUtilities/interpolation/oneDim
   flashUtilities/nameValueLL
   flashUtilities/sorting/quicksort
   flashUtilities/system/memoryUsage/legacy
   monitors/Logfile/LogfileMain
   monitors/Timers/TimersMain/MPINative
   physics/Eos/EosMain/Gamma
   physics/Hydro/HydroMain/unsplit/OnlyHydro
   physics/Hydro/HydroMain/unsplit/levelFlux
   physics/Hydro/localAPI
 ==============================================================================
 RuntimeParameters:
                                                                               
 ==============================================================================
bndpriorityone              =          1
bndprioritythree            =          3
bndprioritytwo              =          2
checkpointfileintervalstep  =         10 [CHANGED]
checkpointfilenumber        =          0
dr_abortpause               =          2
dr_dtminbelowaction         =          1
drift_break_inst            =          0
drift_trunc_mantissa        =          2
drift_verbose_inst          =          0
eos_entrelescalechoice      =          6
eos_loglevel                =        700
fileformatversion           =          9
forcedplotfilenumber        =          0
gr_lrefmaxtimevalue_1       =         -1
gr_lrefmaxtimevalue_10      =         -1
gr_lrefmaxtimevalue_11      =         -1
gr_lrefmaxtimevalue_12      =         -1
gr_lrefmaxtimevalue_13      =         -1
gr_lrefmaxtimevalue_14      =         -1
gr_lrefmaxtimevalue_15      =         -1
gr_lrefmaxtimevalue_16      =         -1
gr_lrefmaxtimevalue_17      =         -1
gr_lrefmaxtimevalue_18      =         -1
gr_lrefmaxtimevalue_19      =         -1
gr_lrefmaxtimevalue_2       =         -1
gr_lrefmaxtimevalue_20      =         -1
gr_lrefmaxtimevalue_3       =         -1
gr_lrefmaxtimevalue_4       =         -1
gr_lrefmaxtimevalue_5       =         -1
gr_lrefmaxtimevalue_6       =         -1
gr_lrefmaxtimevalue_7       =         -1
gr_lrefmaxtimevalue_8       =         -1
gr_lrefmaxtimevalue_9       =         -1
gr_pmrpdivergencefree       =         -1
gr_pmrpifaceoff             =          0
gr_pmrpl2p5d                =          0
gr_pmrpmaxblocks            =         -1
gr_pmrpmflags               =          1
gr_pmrpnboundaries          =          6
gr_pmrpndim                 =          3
gr_pmrpnedgevar1            =         -1
gr_pmrpnfacevar             =         -1
gr_pmrpnfielddivf           =         -1
gr_pmrpnfluxvar             =         -1
gr_pmrpnguard               =         -1
gr_pmrpnguardwork           =         -1
gr_pmrpnvar                 =         -1
gr_pmrpnvarwork             =          1
gr_pmrpnvarcorn             =          0
gr_pmrpnvaredge             =          0
gr_pmrpnxb                  =         -1
gr_pmrpnyb                  =         -1
gr_pmrpnzb                  =         -1
gr_restrictallmethod        =          3
gr_sanitizedatamode         =          1
gr_sanitizeverbosity        =          5
gr_tilesizex                =         32
gr_tilesizey                =         32
gr_tilesizez                =         32
hy_3torder                  =         -1
hydrocomputedtoption        =         -1
iprocs                      =          1
interpol_order              =          2
irenorm                     =          0
jprocs                      =          1
kprocs                      =          1
lrefine_del                 =          0
lrefine_max                 =          6 [CHANGED]
lrefine_min                 =          1
lrefine_min_init            =          1
max_particles_per_blk       =        100
memory_stat_freq            =     100000
meshcopycount               =          1
min_particles_per_blk       =          1
nbegin                      =          1
nblockx                     =         64 [CHANGED]
nblocky                     =         64 [CHANGED]
nblockz                     =         64 [CHANGED]
nend                        =         60 [CHANGED]
nrefs                       =          2
nsteptotalsts               =          5
order                       =          3 [CHANGED]
outputsplitnum              =          1
plotfileintervalstep        =          0
plotfilenumber              =          0
refine_var_count            =          4
rolling_checkpoint          =      10000
sim_centerrefinelevel       =          1
sim_integralslevel          =         -1
sim_nsubzones               =          7
sweeporder                  =        123
transorder                  =          1
wr_integrals_freq           =          1
limitedslopebeta            =                 0.100E+01
cfl                         =                 0.800E+00
checkpointfileintervaltime  =                 0.000E+00 [CHANGED]
checkpointfileintervalz     =                 0.180+309
cvisc                       =                 0.100E+00
derefine_cutoff_1           =                 0.200E+00
derefine_cutoff_2           =                 0.200E+00
derefine_cutoff_3           =                 0.200E+00
derefine_cutoff_4           =                 0.200E+00
dr_dtmincontinue            =                 0.000E+00
dr_tstepslowstartfactor     =                 0.100E+00
dtinit                      =                 0.100E-09
dtmax                       =                 0.100E+06
dtmin                       =                 0.100E-09
eintswitch                  =                 0.100E-03 [CHANGED]
eos_singlespeciesa          =                 0.100E+01
eos_singlespeciesz          =                 0.100E+01
gamma                       =                 0.140E+01 [CHANGED]
gr_btworkchildscaling       =                 0.100E+01
gr_btworkdefaultleaf        =                 0.200E+01
gr_btworkdefaultpar         =                 0.100E+01
gr_btworklbleaf             =                 0.000E+00
gr_btworklbpar              =                 0.000E+00
gr_btworkubleaf             =                 0.100E+07
gr_btworkubpar              =                 0.100E+07
gr_lrefinemaxredlogbase     =                 0.100E+02
gr_lrefinemaxredradiusfact  =                 0.000E+00
gr_lrefinemaxredtref        =                 0.000E+00
gr_lrefinemaxredtimescale   =                 0.100E+01
gr_lrefmaxtime_1            =                -0.100E+01
gr_lrefmaxtime_10           =                -0.100E+01
gr_lrefmaxtime_11           =                -0.100E+01
gr_lrefmaxtime_12           =                -0.100E+01
gr_lrefmaxtime_13           =                -0.100E+01
gr_lrefmaxtime_14           =                -0.100E+01
gr_lrefmaxtime_15           =                -0.100E+01
gr_lrefmaxtime_16           =                -0.100E+01
gr_lrefmaxtime_17           =                -0.100E+01
gr_lrefmaxtime_18           =                -0.100E+01
gr_lrefmaxtime_19           =                -0.100E+01
gr_lrefmaxtime_2            =                -0.100E+01
gr_lrefmaxtime_20           =                -0.100E+01
gr_lrefmaxtime_3            =                -0.100E+01
gr_lrefmaxtime_4            =                -0.100E+01
gr_lrefmaxtime_5            =                -0.100E+01
gr_lrefmaxtime_6            =                -0.100E+01
gr_lrefmaxtime_7            =                -0.100E+01
gr_lrefmaxtime_8            =                -0.100E+01
gr_lrefmaxtime_9            =                -0.100E+01
hy_cflfallbackfactor        =                 0.900E+00
hy_fpresinmomflux           =                 0.100E+01
hybridorderkappa            =                 0.000E+00
nusts                       =                 0.200E+00 [CHANGED]
plotfileintervaltime        =                 0.000E+00 [CHANGED]
plotfileintervalz           =                 0.180+309
radiusgp                    =                 0.200E+01
refine_cutoff_1             =                 0.800E+00
refine_cutoff_2             =                 0.800E+00
refine_cutoff_3             =                 0.800E+00
refine_cutoff_4             =                 0.800E+00
refine_filter_1             =                 0.100E-01
refine_filter_2             =                 0.100E-01
refine_filter_3             =                 0.100E-01
refine_filter_4             =                 0.100E-01
rss_limit                   =                -0.100E+01
sigmagp                     =                 0.300E+01
sim_derefineradius          =                 0.000E+00
sim_earliestlstime          =                 0.000E+00
sim_expenergy               =                 0.100E+01
sim_largestnormradius       =                 0.180+309
sim_latestlstime            =                 0.180+309
sim_minrhoinit              =                 0.100E-19
sim_pambient                =                 0.100E-04
sim_rinit                   =                 0.137E-01 [CHANGED]
sim_rhoambient              =                 0.100E+01
sim_smallestnormradius      =                 0.000E+00
sim_xctr                    =                 0.500E+00
sim_yctr                    =                 0.500E+00
sim_zctr                    =                 0.500E+00
small                       =                 0.100E-09
smalle                      =                 0.100E-09
smallp                      =                 0.100E-09
smallt                      =                 0.100E-09
smallu                      =                 0.100E-09
smallx                      =                 0.100E-09
smlrho                      =                 0.100E-09
tinitial                    =                 0.000E+00
tiny                        =                 0.100E-15
tmax                        =                 0.500E+06 [CHANGED]
tstep_change_factor         =                 0.200E+01
wall_clock_checkpoint       =                 0.432E+05
wall_clock_time_limit       =                 0.605E+06
x_refine_center             =                 0.000E+00
xmax                        =                 0.100E+01
xmin                        =                 0.000E+00
y_refine_center             =                 0.000E+00
ymax                        =                 0.100E+01
ymin                        =                 0.000E+00
zfinal                      =                 0.000E+00
zinitial                    =                -0.100E+01
z_refine_center             =                 0.000E+00
zmax                        =                 0.100E+01
zmin                        =                 0.000E+00
riemannsolver               = Roe                            [CHANGED]
unitsystem                  = none                          
basenm                      = sedov_                         [CHANGED]
entropyfixmethod            = HARTENHYMAN                   
eosmode                     = dens_ie                       
eosmodeinit                 = dens_ie                       
geometry                    = cartesian                     
gr_pmrpoutputdir            = ./                            
grav_boundary_type          = isolated                      
hy_eosmodegc                = see eosMode                   
log_file                    = sedov.log                      [CHANGED]
output_directory            =                               
pc_unitsbase                = CGS                           
plot_grid_var_1             = none                          
plot_grid_var_10            = none                          
plot_grid_var_11            = none                          
plot_grid_var_12            = none                          
plot_grid_var_13            = none                          
plot_grid_var_14            = none                          
plot_grid_var_15            = none                          
plot_grid_var_16            = none                          
plot_grid_var_17            = none                          
plot_grid_var_18            = none                          
plot_grid_var_19            = none                          
plot_grid_var_2             = none                          
plot_grid_var_20            = none                          
plot_grid_var_21            = none                          
plot_grid_var_22            = none                          
plot_grid_var_23            = none                          
plot_grid_var_24            = none                          
plot_grid_var_25            = none                          
plot_grid_var_26            = none                          
plot_grid_var_27            = none                          
plot_grid_var_28            = none                          
plot_grid_var_29            = none                          
plot_grid_var_3             = none                          
plot_grid_var_30            = none                          
plot_grid_var_31            = none                          
plot_grid_var_32            = none                          
plot_grid_var_33            = none                          
plot_grid_var_34            = none                          
plot_grid_var_35            = none                          
plot_grid_var_36            = none                          
plot_grid_var_37            = none                          
plot_grid_var_38            = none                          
plot_grid_var_39            = none                          
plot_grid_var_4             = none                          
plot_grid_var_40            = none                          
plot_grid_var_41            = none                          
plot_grid_var_42            = none                          
plot_grid_var_43            = none                          
plot_grid_var_44            = none                          
plot_grid_var_45            = none                          
plot_grid_var_46            = none                          
plot_grid_var_47            = none                          
plot_grid_var_48            = none                          
plot_grid_var_49            = none                          
plot_grid_var_5             = none                          
plot_grid_var_50            = none                          
plot_grid_var_51            = none                          
plot_grid_var_52            = none                          
plot_grid_var_53            = none                          
plot_grid_var_54            = none                          
plot_grid_var_55            = none                          
plot_grid_var_56            = none                          
plot_grid_var_57            = none                          
plot_grid_var_58            = none                          
plot_grid_var_59            = none                          
plot_grid_var_6             = none                          
plot_grid_var_60            = none                          
plot_grid_var_61            = none                          
plot_grid_var_62            = none                          
plot_grid_var_63            = none                          
plot_grid_var_64            = none                          
plot_grid_var_65            = none                          
plot_grid_var_66            = none                          
plot_grid_var_67            = none                          
plot_grid_var_68            = none                          
plot_grid_var_69            = none                          
plot_grid_var_7             = none                          
plot_grid_var_70            = none                          
plot_grid_var_71            = none                          
plot_grid_var_72            = none                          
plot_grid_var_73            = none                          
plot_grid_var_74            = none                          
plot_grid_var_75            = none                          
plot_grid_var_76            = none                          
plot_grid_var_77            = none                          
plot_grid_var_78            = none                          
plot_grid_var_8             = none                          
plot_grid_var_9             = none                          
plot_var_1                  = dens                           [CHANGED]
plot_var_10                 = none                          
plot_var_11                 = none                          
plot_var_12                 = none                          
plot_var_13                 = none                          
plot_var_14                 = none                          
plot_var_15                 = none                          
plot_var_16                 = none                          
plot_var_17                 = none                          
plot_var_18                 = none                          
plot_var_2                  = pres                           [CHANGED]
plot_var_3                  = temp                           [CHANGED]
plot_var_4                  = none                          
plot_var_5                  = none                          
plot_var_6                  = none                          
plot_var_7                  = none                          
plot_var_8                  = none                          
plot_var_9                  = none                          
prof_file                   = profile.dat                   
refine_var_1                = dens                           [CHANGED]
refine_var_2                = pres                           [CHANGED]
refine_var_3                = none                          
refine_var_4                = none                          
run_comment                 = Sedov explosion                [CHANGED]
run_number                  = 1                             
sim_proffilename            = /dev/null                      [CHANGED]
slopelimiter                = mc                             [CHANGED]
stats_file                  = flashx.dat                    
wenomethod                  = WENO5                         
xl_boundary_type            = outflow                        [CHANGED]
xr_boundary_type            = outflow                        [CHANGED]
yl_boundary_type            = outflow                        [CHANGED]
yr_boundary_type            = outflow                        [CHANGED]
zl_boundary_type            = outflow                        [CHANGED]
zr_boundary_type            = outflow                        [CHANGED]
csvsummaryallprocs          =  F
eosforriemann               =  F
logsummaryallprocs          =  F
addthermalflux              =  T
allowdtstsdominate          =  F
alwayscomputeuservars       =  T
alwaysrestrictcheckpoint    =  T
charlimiting                =  T
chkguardcellsinput          =  F
chkguardcellsoutput         =  F
conserveangmom              =  F
converttoconsvdformeshcalls =  F
converttoconsvdinmeshinterp =  T
corners                     =  F
dr_printtsteploc            =  T
dr_shortenlaststepbeforetmax =  F
drift_tuples                =  F
eachprocwritesownabortlog   =  F
eachprocwritessummary       =  F
earlyblockdistadjustment    =  T
enablemaskedgcfill          =  F
entropy                     =  F
flux_correct                =  T
flux_correct_perlevel       =  F
geometryoverride            =  F
gr_bcenableapplymixedgds    =  T
gr_bndgcfillneedsprimitivevars =  T
gr_btcustomwork             =  F
gr_btexchangework           =  F
gr_btsortbywork             =  T
gr_enabletiling             =  F
gr_lrefinemaxbytime         =  F
gr_lrefinemaxreddobylogr    =  F
gr_lrefinemaxreddobytime    =  F
gr_pmrpadvancealllevels     =  F
gr_pmrpamrerrorchecking     =  F
gr_pmrpcartesianpm          =  F
gr_pmrpconserve             =  F
gr_pmrpconsvfluxdensities   =  T
gr_pmrpconsvfluxes          =  F
gr_pmrpcurvilinear          =  F
gr_pmrpcurvilinearconserve  =  F
gr_pmrpcylindricalpm        =  F
gr_pmrpdiagonals            =  T
gr_pmrpedgevalue            =  T
gr_pmrpedgevalueinteg       =  F
gr_pmrpemptycells           =  F
gr_pmrpforceconsistency     =  T
gr_pmrplsingularline        =  F
gr_pmrpnopermanentguardcells =  F
gr_pmrppolarpm              =  F
gr_pmrppredcorr             =  F
gr_pmrpsphericalpm          =  F
gr_pmrptimingmpi            =  F
gr_pmrptimingmpix           =  F
gr_pmrpvardt                =  F
gr_usetiling                =  F
hy_fallbacklowercfl         =  F
hy_fullspecmsfluxhandling   =  T
hy_usetiling                =  F
ignoreforcedplot            =  F
io_writemscalarintegrals    =  F
plotfilegridquantitydp      =  F
plotfilemetadatadp          =  F
reducegcellfills            =  F
refine_on_particle_count    =  F
restart                     =  F
shockdetect                 =  F
shocklowercfl               =  F
sim_bcsetbdryvar            =  F
sim_forcecenterderefine     =  F
sim_onelevelintegralsonly   =  F
summaryoutputonly           =  F
threadblocklistbuild        =  F
threaddelepblocklist        =  F
threaddelepwithinblock      =  F
threaddriverblocklist       =  F
threaddriverwithinblock     =  F
threadeoswithinblock        =  F
threadhydroblocklist        =  F
threadhydrowithinblock      =  F
threadraytracebuild         =  F
threadwithinblockbuild      =  F
tmr_suppressinparallel      =  F
typematchedxfer             =  T
unbiased_geometry           =  F
updatehydrofluxes           =  T
useburn                     =  F
usecollectivehdf5           =  T
usedeleptonize              =  F
usegravity                  =  F
useheatad                   =  F
useheater                   =  F
usehydro                    =  T
useimbound                  =  F
useincompns                 =  F
useinlet                    =  F
uselegacylabels             =  T
usemultiphase               =  F
useorchestration            =  F
useoutlet                   =  F
useparticles                =  F
useradtrans                 =  F
usests                      =  F
usestsfordiffusion          =  F
usesolidmechanics           =  F
use_3dfullctu               =  T
use_auxeinteqn              =  T
use_avisc                   =  T [CHANGED]
use_cma_advection           =  F
use_cma_flattening          =  F
use_flash_surr_blks_fill    =  T
use_flattening              =  F
use_gravhalfupdate          =  T
use_hybridorder             =  F
use_reduced_orrery          =  T
use_steepening              =  F
use_upwindtvd               =  F
writestatsummary            =  T
                                                                               
 ==============================================================================
                                                                               
 Known units of measurement:
                                                                               
              Unit                          CGS Value                Base Unit
  1                  cm                     1.0000                           cm
  2                   s                     1.0000                            s
  3                   g                     1.0000                            g
  4                   K                     1.0000                            K
  5                 esu                     1.0000                          esu
  6                 mol                     1.0000                          mol
  7                   m                     100.00                           cm
  8                  km                    1.00000E+05                       cm
  9                  pc                    3.08568E+18                       cm
 10                 kpc                    3.08568E+21                       cm
 11                 Mpc                    3.08568E+24                       cm
 12                 Gpc                    3.08568E+27                       cm
 13                Rsun                    6.96000E+10                       cm
 14                  AU                    1.49598E+13                       cm
 15                  yr                    3.15569E+07                        s
 16                 Myr                    3.15569E+13                        s
 17                 Gyr                    3.15569E+16                        s
 18                  kg                     1000.0                            g
 19                Msun                    1.98892E+33                        g
 20                 amu                    1.66054E-24                        g
 21                  eV                     11605.                            K
 22                   C                    2.99792E+09                      esu
 23                LFLY                    3.08568E+24                       cm
 24                TFLY                    2.05759E+17                        s
 25                MFLY                    9.88470E+45                        g
 26            clLength                    3.08568E+24                       cm
 27              clTime                    3.15569E+16                        s
 28              clMass                    1.98892E+48                        g
 29              clTemp                    1.16045E+07                        K
-----------End of Units--------------------
                                                                               
 Known physical constants:
                                                                               
    Constant Name       Constant Value   cm       s        g        K        esu      mol
  1              Newton    6.67408E-08   3.0     -2.0     -1.0      0.0      0.0      0.0    
  2      speed of light    2.99792E+10   1.0     -1.0      0.0      0.0      0.0      0.0    
  3              Planck    6.62607E-27   2.0     -1.0      1.0      0.0      0.0      0.0    
  4     electron charge    4.80320E-10   0.0      0.0      0.0      0.0      1.0      0.0    
  5       electron mass    9.10938E-28   0.0      0.0      1.0      0.0      0.0      0.0    
  6         proton mass    1.67262E-24   0.0      0.0      1.0      0.0      0.0      0.0    
  7      fine-structure    7.29735E-03   0.0      0.0      0.0      0.0      0.0      0.0    
  8            Avogadro    6.02214E+23   0.0      0.0      0.0      0.0      0.0     -1.0    
  9           Boltzmann    1.38065E-16   2.0     -2.0      1.0     -1.0      0.0      0.0    
 10  ideal gas constant    8.31446E+07   2.0     -2.0      1.0     -1.0      0.0     -1.0    
 11                Wien    0.28978       1.0      0.0      0.0      1.0      0.0      0.0    
 12    Stefan-Boltzmann    5.67037E-05   0.0     -3.0      1.0     -4.0      0.0      0.0    
 13  Radiation Constant    7.56572E-15  -1.0     -2.0      1.0     -4.0      0.0      0.0    
 14                  pi     3.1416       0.0      0.0      0.0      0.0      0.0      0.0    
 15                   e     2.7183       0.0      0.0      0.0      0.0      0.0      0.0    
 16               Euler    0.57722       0.0      0.0      0.0      0.0      0.0      0.0    
 ==============================================================================
                                                                               
 Multifluid database: not configured in
                                                                               
 ==============================================================================
 [ 03-01-2025  20:51:55.146 ] [gr_initGeometry] checking BCs for idir: 1
 [ 03-01-2025  20:51:55.146 ] [gr_initGeometry] checking BCs for idir: 2
 [ 03-01-2025  20:51:55.146 ] [gr_initGeometry] checking BCs for idir: 3
 [ 03-01-2025  20:52:13.115 ] [GRID amr_refine_derefine]: initiating refinement
 [ 03-01-2025  20:52:13.116 ] [GRID amr_refine_derefine]: redist. phase.  tot blks requested: 262144
 [GRID amr_refine_derefine] min blks 73    max blks 74    tot blks 262144
 [GRID amr_refine_derefine] min leaf blks 73    max leaf blks 74    tot leaf blks 262144
 [ 03-01-2025  20:52:14.955 ] [GRID amr_refine_derefine]: refinement complete
 [ 03-01-2025  21:16:11.772 ] [GRID gr_expandDomain]: iteration=1, create level=2
 INFO: Grid_fillGuardCells is ignoring masking.
 [ 03-01-2025  21:17:24.638 ] [mpi_amr_comm_setup]: buffer_dim_send=9172513, buffer_dim_recv=8150953
 [ 03-01-2025  21:17:32.507 ] [GRID amr_refine_derefine]: initiating refinement
 [ 03-01-2025  21:17:32.528 ] [GRID amr_refine_derefine]: redist. phase.  tot blks requested: 262208
 [GRID amr_refine_derefine] min blks 73    max blks 74    tot blks 262208
 [GRID amr_refine_derefine] min leaf blks 72    max leaf blks 74    tot leaf blks 262200
 [ 03-01-2025  21:17:33.259 ] [GRID amr_refine_derefine]: refinement complete
 [ 03-01-2025  21:17:33.266 ] [GRID gr_expandDomain]: iteration=2, create level=3
 [ 03-01-2025  21:18:53.944 ] [GRID amr_refine_derefine]: initiating refinement
 [ 03-01-2025  21:18:53.966 ] [GRID amr_refine_derefine]: redist. phase.  tot blks requested: 263168
 [GRID amr_refine_derefine] min blks 73    max blks 78    tot blks 263168
 [GRID amr_refine_derefine] min leaf blks 68    max leaf blks 74    tot leaf blks 263040
 [ 03-01-2025  21:18:55.836 ] [GRID amr_refine_derefine]: refinement complete
 [ 03-01-2025  21:18:55.841 ] [GRID gr_expandDomain]: iteration=3, create level=4
 [ 03-01-2025  21:20:16.855 ] [GRID amr_refine_derefine]: initiating refinement
 [ 03-01-2025  21:20:16.897 ] [GRID amr_refine_derefine]: redist. phase.  tot blks requested: 266176
 [GRID amr_refine_derefine] min blks 74    max blks 81    tot blks 266176
 [GRID amr_refine_derefine] min leaf blks 68    max leaf blks 75    tot leaf blks 265672
 [ 03-01-2025  21:20:18.737 ] [GRID amr_refine_derefine]: refinement complete
 [ 03-01-2025  21:20:18.742 ] [GRID gr_expandDomain]: iteration=4, create level=5
 [ 03-01-2025  21:21:32.516 ] [mpi_amr_comm_setup]: buffer_dim_send=9836329, buffer_dim_recv=8308021
 [ 03-01-2025  21:21:40.730 ] [GRID amr_refine_derefine]: initiating refinement
 [ 03-01-2025  21:21:40.767 ] [GRID amr_refine_derefine]: redist. phase.  tot blks requested: 277632
 [GRID amr_refine_derefine] min blks 77    max blks 84    tot blks 277632
 [GRID amr_refine_derefine] min leaf blks 71    max leaf blks 78    tot leaf blks 275696
 [ 03-01-2025  21:21:42.755 ] [GRID amr_refine_derefine]: refinement complete
 [ 03-01-2025  21:21:42.760 ] [GRID gr_expandDomain]: iteration=5, create level=6
 [ 03-01-2025  21:23:01.900 ] [mpi_amr_comm_setup]: buffer_dim_send=9533749, buffer_dim_recv=9102145
 [ 03-01-2025  21:23:07.106 ] [GRID amr_refine_derefine]: initiating refinement
 [ 03-01-2025  21:23:07.144 ] [GRID amr_refine_derefine]: redist. phase.  tot blks requested: 318976
 [GRID amr_refine_derefine] min blks 88    max blks 95    tot blks 318976
 [GRID amr_refine_derefine] min leaf blks 80    max leaf blks 89    tot leaf blks 311872
 [ 03-01-2025  21:23:09.856 ] [GRID amr_refine_derefine]: refinement complete
 [ 03-01-2025  21:23:09.861 ] [GRID gr_expandDomain]: iteration=6, create level=6
 [ 03-01-2025  21:24:37.489 ] [mpi_amr_comm_setup]: buffer_dim_send=9570781, buffer_dim_recv=7995733
 [ 03-01-2025  21:24:47.225 ] [GRID gr_expandDomain]: iteration=7, create level=6
 [ 03-01-2025  21:26:24.583 ] [GRID gr_expandDomain]: iteration=8, create level=6
 [ 03-01-2025  21:27:58.337 ] memory: /proc vsize    (MB):     4517.57 (min)       4856.12 (max)       4704.68 (avg)
 [ 03-01-2025  21:27:58.338 ] memory: /proc rss      (MB):     1836.71 (min)       1978.18 (max)       1866.03 (avg)
 [ 03-01-2025  21:27:58.339 ] memory: /proc vsize    (MB):     4517.57 (min)       4856.12 (max)       4704.68 (avg)
 [ 03-01-2025  21:27:58.339 ] memory: /proc rss      (MB):     1836.71 (min)       1978.18 (max)       1866.03 (avg)
 [ 03-01-2025  21:27:58.470 ] memory: /proc vsize    (MB):     4517.57 (min)       4856.12 (max)       4704.68 (avg)
 [ 03-01-2025  21:27:58.471 ] memory: /proc rss      (MB):     1836.71 (min)       1978.18 (max)       1866.03 (avg)
 [ 03-01-2025  21:28:13.767 ] [IO_writeCheckpoint] open: type=checkpoint name=sedov_hdf5_chk_0000
 [ 03-01-2025  21:30:33.899 ] [io_writeData]: wrote  318976          blocks
 [ 03-01-2025  21:30:34.313 ] [IO_writeCheckpoint] close: type=checkpoint name=sedov_hdf5_chk_0000
 [ 03-01-2025  21:30:35.801 ] [IO_writePlotfile] open: type=plotfile name=sedov_hdf5_plt_cnt_0000
 [ 03-01-2025  21:30:51.822 ] [io_writeData]: wrote  318976          blocks
 [ 03-01-2025  21:30:51.917 ] [IO_writePlotfile] close: type=plotfile name=sedov_hdf5_plt_cnt_0000
 [ 03-01-2025  21:30:51.934 ] memory: /proc vsize    (MB):     4544.37 (min)       5022.55 (max)       4729.07 (avg)
 [ 03-01-2025  21:30:51.936 ] memory: /proc rss      (MB):     1843.94 (min)       1985.17 (max)       1875.98 (avg)
 [ 03-01-2025  21:30:51.938 ] [Driver_evolveAll]: Entering evolution loop
 [ 03-01-2025  21:30:51.941 ] step: n=1 t=0.000000E+00 dt=1.000000E-10
 [ 03-01-2025  21:31:23.681 ] step: n=2 t=1.000000E-10 dt=2.000000E-10
 [ 03-01-2025  21:32:16.030 ] step: n=3 t=3.000000E-10 dt=4.000000E-10
 [ 03-01-2025  21:32:47.582 ] step: n=4 t=7.000000E-10 dt=8.000000E-10
 [ 03-01-2025  21:33:40.098 ] step: n=5 t=1.500000E-09 dt=1.600000E-09
 [ 03-01-2025  21:34:11.627 ] step: n=6 t=3.100000E-09 dt=3.200000E-09
 [ 03-01-2025  21:35:04.329 ] step: n=7 t=6.300000E-09 dt=6.400000E-09
 [ 03-01-2025  21:35:36.027 ] step: n=8 t=1.270000E-08 dt=1.280000E-08
 [ 03-01-2025  21:36:28.304 ] [GRID amr_refine_derefine]: initiating refinement
 [ 03-01-2025  21:36:28.324 ] [GRID amr_refine_derefine]: redist. phase.  tot blks requested: 319168
 [GRID amr_refine_derefine] min blks 88    max blks 96    tot blks 319168
 [GRID amr_refine_derefine] min leaf blks 81    max leaf blks 89    tot leaf blks 312040
 [ 03-01-2025  21:36:29.334 ] [GRID amr_refine_derefine]: refinement complete
 [ 03-01-2025  21:36:30.404 ] step: n=9 t=2.550000E-08 dt=2.560000E-08
 [ 03-01-2025  21:37:02.325 ] step: n=10 t=5.110000E-08 dt=5.120000E-08
 [ 03-01-2025  21:37:54.970 ] [GRID amr_refine_derefine]: initiating refinement
 [ 03-01-2025  21:37:54.997 ] [GRID amr_refine_derefine]: redist. phase.  tot blks requested: 319552
 [GRID amr_refine_derefine] min blks 88    max blks 96    tot blks 319552
 [GRID amr_refine_derefine] min leaf blks 81    max leaf blks 89    tot leaf blks 312376
 [ 03-01-2025  21:37:56.172 ] [GRID amr_refine_derefine]: refinement complete
 [ 03-01-2025  21:38:13.431 ] [IO_writeCheckpoint] open: type=checkpoint name=sedov_hdf5_chk_0001
 [ 03-01-2025  21:40:26.629 ] [io_writeData]: wrote  319552          blocks
 [ 03-01-2025  21:40:26.743 ] [IO_writeCheckpoint] close: type=checkpoint name=sedov_hdf5_chk_0001
 [ 03-01-2025  21:40:26.747 ] step: n=11 t=1.023000E-07 dt=5.148208E-08
 [ 03-01-2025  21:40:26.750 ] [mpi_amr_comm_setup]: buffer_dim_send=9562717, buffer_dim_recv=7995733
 [ 03-01-2025  21:41:01.172 ] step: n=12 t=1.537821E-07 dt=5.055515E-08
 [ 03-01-2025  21:41:57.406 ] [GRID amr_refine_derefine]: initiating refinement
 [ 03-01-2025  21:41:57.428 ] [GRID amr_refine_derefine]: redist. phase.  tot blks requested: 320320
 [GRID amr_refine_derefine] min blks 88    max blks 96    tot blks 320320
 [GRID amr_refine_derefine] min leaf blks 81    max leaf blks 89    tot leaf blks 313048
 [ 03-01-2025  21:42:00.322 ] [GRID amr_refine_derefine]: refinement complete
 [ 03-01-2025  21:42:01.601 ] step: n=13 t=2.043372E-07 dt=4.968707E-08
 [ 03-01-2025  21:42:01.602 ] [mpi_amr_comm_setup]: buffer_dim_send=9694309, buffer_dim_recv=7995733
 [ 03-01-2025  21:42:37.188 ] step: n=14 t=2.540243E-07 dt=4.886723E-08
 [ 03-01-2025  21:43:33.622 ] [GRID amr_refine_derefine]: initiating refinement
 [ 03-01-2025  21:43:33.644 ] [GRID amr_refine_derefine]: redist. phase.  tot blks requested: 321472
 [GRID amr_refine_derefine] min blks 88    max blks 96    tot blks 321472
 [GRID amr_refine_derefine] min leaf blks 81    max leaf blks 89    tot leaf blks 314056
 [ 03-01-2025  21:43:37.437 ] [GRID amr_refine_derefine]: refinement complete
 [ 03-01-2025  21:43:38.696 ] step: n=15 t=3.028915E-07 dt=4.807240E-08
 [ 03-01-2025  21:43:38.696 ] [mpi_amr_comm_setup]: buffer_dim_send=10284265, buffer_dim_recv=9480793
 [ 03-01-2025  21:44:14.110 ] step: n=16 t=3.509639E-07 dt=4.731231E-08
 [ 03-01-2025  21:45:12.464 ] [GRID amr_refine_derefine]: initiating refinement
 [ 03-01-2025  21:45:12.490 ] [GRID amr_refine_derefine]: redist. phase.  tot blks requested: 321664
 [GRID amr_refine_derefine] min blks 88    max blks 96    tot blks 321664
 [GRID amr_refine_derefine] min leaf blks 81    max leaf blks 89    tot leaf blks 314224
 [ 03-01-2025  21:45:13.532 ] [GRID amr_refine_derefine]: refinement complete
 [ 03-01-2025  21:45:14.603 ] step: n=17 t=3.982762E-07 dt=4.660259E-08
 [ 03-01-2025  21:45:51.028 ] step: n=18 t=4.448788E-07 dt=4.594186E-08
 [ 03-01-2025  21:46:49.290 ] step: n=19 t=4.908207E-07 dt=4.531939E-08
 [ 03-01-2025  21:47:25.540 ] step: n=20 t=5.361401E-07 dt=4.469658E-08
 [ 03-01-2025  21:48:41.191 ] [IO_writeCheckpoint] open: type=checkpoint name=sedov_hdf5_chk_0002
 [ 03-01-2025  21:51:12.430 ] [io_writeData]: wrote  321664          blocks
 [ 03-01-2025  21:51:15.171 ] [IO_writeCheckpoint] close: type=checkpoint name=sedov_hdf5_chk_0002
 [ 03-01-2025  21:51:15.175 ] step: n=21 t=5.808367E-07 dt=4.410979E-08
 [ 03-01-2025  21:51:51.446 ] step: n=22 t=6.249464E-07 dt=4.356693E-08
 [ 03-01-2025  21:52:49.656 ] [GRID amr_refine_derefine]: initiating refinement
 [ 03-01-2025  21:52:49.676 ] [GRID amr_refine_derefine]: redist. phase.  tot blks requested: 322048
 [GRID amr_refine_derefine] min blks 88    max blks 96    tot blks 322048
 [GRID amr_refine_derefine] min leaf blks 81    max leaf blks 89    tot leaf blks 314560
 [ 03-01-2025  21:52:51.104 ] [GRID amr_refine_derefine]: refinement complete
 [ 03-01-2025  21:52:52.176 ] step: n=23 t=6.685134E-07 dt=4.304799E-08
 [ 03-01-2025  21:52:52.176 ] [mpi_amr_comm_setup]: buffer_dim_send=10218469, buffer_dim_recv=9480793
 [ 03-01-2025  21:53:26.745 ] step: n=24 t=7.115614E-07 dt=4.253934E-08
 [ 03-01-2025  21:54:22.693 ] [GRID amr_refine_derefine]: initiating refinement
 [ 03-01-2025  21:54:22.722 ] [GRID amr_refine_derefine]: redist. phase.  tot blks requested: 322432
 [GRID amr_refine_derefine] min blks 88    max blks 97    tot blks 322432
 [GRID amr_refine_derefine] min leaf blks 81    max leaf blks 89    tot leaf blks 314896
 [ 03-01-2025  21:54:24.126 ] [GRID amr_refine_derefine]: refinement complete
 [ 03-01-2025  21:54:25.391 ] step: n=25 t=7.541007E-07 dt=4.206069E-08
 [ 03-01-2025  21:54:59.843 ] step: n=26 t=7.961614E-07 dt=4.159556E-08
 [ 03-01-2025  21:55:56.295 ] [GRID amr_refine_derefine]: initiating refinement
 [ 03-01-2025  21:55:56.321 ] [GRID amr_refine_derefine]: redist. phase.  tot blks requested: 323200
 [GRID amr_refine_derefine] min blks 89    max blks 97    tot blks 323200
 [GRID amr_refine_derefine] min leaf blks 82    max leaf blks 90    tot leaf blks 315568
 [ 03-01-2025  21:55:58.837 ] [GRID amr_refine_derefine]: refinement complete
 [ 03-01-2025  21:56:00.512 ] step: n=27 t=8.377570E-07 dt=4.109344E-08
 [ 03-01-2025  21:56:35.466 ] step: n=28 t=8.788504E-07 dt=4.059195E-08
 [ 03-01-2025  21:57:32.819 ] step: n=29 t=9.194423E-07 dt=4.009407E-08
 [ 03-01-2025  21:58:08.045 ] step: n=30 t=9.595364E-07 dt=3.963341E-08
 [ 03-01-2025  21:59:05.008 ] [GRID amr_refine_derefine]: initiating refinement
 [ 03-01-2025  21:59:05.038 ] [GRID amr_refine_derefine]: redist. phase.  tot blks requested: 323968
 [GRID amr_refine_derefine] min blks 89    max blks 97    tot blks 323968
 [GRID amr_refine_derefine] min leaf blks 81    max leaf blks 90    tot leaf blks 316240
 [ 03-01-2025  21:59:08.055 ] [GRID amr_refine_derefine]: refinement complete
 [ 03-01-2025  21:59:26.015 ] [IO_writeCheckpoint] open: type=checkpoint name=sedov_hdf5_chk_0003
 [ 03-01-2025  22:01:55.725 ] [io_writeData]: wrote  323968          blocks
 [ 03-01-2025  22:01:59.838 ] [IO_writeCheckpoint] close: type=checkpoint name=sedov_hdf5_chk_0003
 [ 03-01-2025  22:01:59.842 ] step: n=31 t=9.991698E-07 dt=3.921543E-08
 [ 03-01-2025  22:01:59.846 ] [mpi_amr_comm_setup]: buffer_dim_send=10096225, buffer_dim_recv=9480793
 [ 03-01-2025  22:02:37.001 ] step: n=32 t=1.038385E-06 dt=3.883616E-08
 [ 03-01-2025  22:03:35.366 ] [GRID amr_refine_derefine]: initiating refinement
 [ 03-01-2025  22:03:35.389 ] [GRID amr_refine_derefine]: redist. phase.  tot blks requested: 324736
 [GRID amr_refine_derefine] min blks 89    max blks 97    tot blks 324736
 [GRID amr_refine_derefine] min leaf blks 82    max leaf blks 90    tot leaf blks 316912
 [ 03-01-2025  22:03:37.975 ] [GRID amr_refine_derefine]: refinement complete
 [ 03-01-2025  22:03:39.578 ] step: n=33 t=1.077221E-06 dt=3.848919E-08
 [ 03-01-2025  22:03:39.578 ] [mpi_amr_comm_setup]: buffer_dim_send=10631017, buffer_dim_recv=9619165
 [ 03-01-2025  22:04:16.177 ] step: n=34 t=1.115711E-06 dt=3.816827E-08
 [ 03-01-2025  22:05:14.964 ] step: n=35 t=1.153879E-06 dt=3.786364E-08
 [ 03-01-2025  22:05:51.814 ] step: n=36 t=1.191743E-06 dt=3.757623E-08
 [ 03-01-2025  22:06:50.632 ] step: n=37 t=1.229319E-06 dt=3.730651E-08
 [ 03-01-2025  22:07:27.404 ] step: n=38 t=1.266625E-06 dt=3.703419E-08
 [ 03-01-2025  22:08:25.648 ] [GRID amr_refine_derefine]: initiating refinement
 [ 03-01-2025  22:08:25.674 ] [GRID amr_refine_derefine]: redist. phase.  tot blks requested: 324928
 [GRID amr_refine_derefine] min blks 89    max blks 97    tot blks 324928
 [GRID amr_refine_derefine] min leaf blks 82    max leaf blks 90    tot leaf blks 317080
 [ 03-01-2025  22:08:26.749 ] [GRID amr_refine_derefine]: refinement complete
 [ 03-01-2025  22:08:27.840 ] step: n=39 t=1.303659E-06 dt=3.676561E-08
 [ 03-01-2025  22:09:04.861 ] step: n=40 t=1.340425E-06 dt=3.651223E-08
 [ 03-01-2025  22:10:02.937 ] [GRID amr_refine_derefine]: initiating refinement
 [ 03-01-2025  22:10:02.960 ] [GRID amr_refine_derefine]: redist. phase.  tot blks requested: 325120
 [GRID amr_refine_derefine] min blks 89    max blks 97    tot blks 325120
 [GRID amr_refine_derefine] min leaf blks 82    max leaf blks 90    tot leaf blks 317248
 [ 03-01-2025  22:10:03.960 ] [GRID amr_refine_derefine]: refinement complete
 [ 03-01-2025  22:10:21.418 ] [IO_writeCheckpoint] open: type=checkpoint name=sedov_hdf5_chk_0004
 [ 03-01-2025  22:12:31.068 ] [io_writeData]: wrote  325120          blocks
 [ 03-01-2025  22:12:34.869 ] [IO_writeCheckpoint] close: type=checkpoint name=sedov_hdf5_chk_0004
 [ 03-01-2025  22:12:34.874 ] step: n=41 t=1.376937E-06 dt=3.627985E-08
 [ 03-01-2025  22:13:11.733 ] step: n=42 t=1.413217E-06 dt=3.606985E-08
 [ 03-01-2025  22:14:10.314 ] step: n=43 t=1.449287E-06 dt=3.587395E-08
 [ 03-01-2025  22:14:47.252 ] step: n=44 t=1.485161E-06 dt=3.569822E-08
 [ 03-01-2025  22:15:45.552 ] [GRID amr_refine_derefine]: initiating refinement
 [ 03-01-2025  22:15:45.574 ] [GRID amr_refine_derefine]: redist. phase.  tot blks requested: 326272
 [GRID amr_refine_derefine] min blks 89    max blks 97    tot blks 326272
 [GRID amr_refine_derefine] min leaf blks 82    max leaf blks 90    tot leaf blks 318256
 [ 03-01-2025  22:15:50.130 ] [GRID amr_refine_derefine]: refinement complete
 [ 03-01-2025  22:15:51.455 ] step: n=45 t=1.520859E-06 dt=3.554189E-08
 [ 03-01-2025  22:15:51.456 ] [mpi_amr_comm_setup]: buffer_dim_send=10629733, buffer_dim_recv=9619165
 [ 03-01-2025  22:16:28.213 ] step: n=46 t=1.556401E-06 dt=3.540765E-08
 [ 03-01-2025  22:17:27.557 ] step: n=47 t=1.591809E-06 dt=3.530243E-08
 [ 03-01-2025  22:18:04.727 ] step: n=48 t=1.627111E-06 dt=3.520851E-08
 [ 03-01-2025  22:19:04.010 ] step: n=49 t=1.662320E-06 dt=3.512232E-08
 [ 03-01-2025  22:19:41.026 ] step: n=50 t=1.697442E-06 dt=3.506173E-08
 [ 03-01-2025  22:20:39.853 ] [GRID amr_refine_derefine]: initiating refinement
 [ 03-01-2025  22:20:39.872 ] [GRID amr_refine_derefine]: redist. phase.  tot blks requested: 326656
 [GRID amr_refine_derefine] min blks 90    max blks 98    tot blks 326656
 [GRID amr_refine_derefine] min leaf blks 83    max leaf blks 91    tot leaf blks 318592
 [ 03-01-2025  22:20:41.192 ] [GRID amr_refine_derefine]: refinement complete
 [ 03-01-2025  22:20:59.614 ] [IO_writeCheckpoint] open: type=checkpoint name=sedov_hdf5_chk_0005
 [ 03-01-2025  22:22:34.243 ] [io_writeData]: wrote  326656          blocks
 [ 03-01-2025  22:22:36.076 ] [IO_writeCheckpoint] close: type=checkpoint name=sedov_hdf5_chk_0005
 [ 03-01-2025  22:22:36.081 ] step: n=51 t=1.732504E-06 dt=3.502552E-08
 [ 03-01-2025  22:23:13.683 ] step: n=52 t=1.767529E-06 dt=3.500864E-08
 [ 03-01-2025  22:24:12.737 ] [GRID amr_refine_derefine]: initiating refinement
 [ 03-01-2025  22:24:12.761 ] [GRID amr_refine_derefine]: redist. phase.  tot blks requested: 328192
 [GRID amr_refine_derefine] min blks 90    max blks 98    tot blks 328192
 [GRID amr_refine_derefine] min leaf blks 83    max leaf blks 91    tot leaf blks 319936
 [ 03-01-2025  22:24:17.893 ] [GRID amr_refine_derefine]: refinement complete
 [ 03-01-2025  22:24:19.194 ] step: n=53 t=1.802538E-06 dt=3.501215E-08
 [ 03-01-2025  22:24:54.721 ] step: n=54 t=1.837550E-06 dt=3.501823E-08
 [ 03-01-2025  22:25:52.459 ] step: n=55 t=1.872568E-06 dt=3.502558E-08
 [ 03-01-2025  22:26:28.156 ] step: n=56 t=1.907594E-06 dt=3.503618E-08
 [ 03-01-2025  22:27:25.667 ] step: n=57 t=1.942630E-06 dt=3.505074E-08
 [ 03-01-2025  22:28:01.340 ] step: n=58 t=1.977681E-06 dt=3.507960E-08
 [ 03-01-2025  22:28:58.823 ] step: n=59 t=2.012760E-06 dt=3.511136E-08
 [ 03-01-2025  22:29:34.891 ] step: n=60 t=2.047872E-06 dt=3.511160E-08
 [ 03-01-2025  22:30:49.662 ] [IO_writeCheckpoint] open: type=checkpoint name=sedov_hdf5_chk_0006
 [ 03-01-2025  22:32:50.976 ] [io_writeData]: wrote  328192          blocks
 [ 03-01-2025  22:32:52.487 ] [IO_writeCheckpoint] close: type=checkpoint name=sedov_hdf5_chk_0006
 [ 03-01-2025  22:32:52.490 ] [Driver_evolveAll]: Exiting evolution loop
 [ 03-01-2025  22:32:53.539 ] [IO_writePlotfile] open: type=plotfile name=sedov_forced_hdf5_plt_cnt_0000
 [ 03-01-2025  22:33:13.945 ] [io_writeData]: wrote  328192          blocks
 [ 03-01-2025  22:33:14.211 ] [IO_writePlotfile] close: type=plotfile name=sedov_forced_hdf5_plt_cnt_0000
 [ 03-01-2025  22:33:14.297 ] memory: /proc vsize    (MB):     4570.07 (min)       5044.35 (max)       4772.89 (avg)
 [ 03-01-2025  22:33:14.343 ] memory: /proc rss      (MB):     2478.01 (min)       2689.54 (max)       2524.39 (avg)
 ==============================================================================
 perf_summary: code performance summary for process            0
                      beginning : 03-01-2025  20:51:55
                         ending : 03-01-2025  22:33:14
   seconds in monitoring period :             6079.245
      number of evolution steps :                   60
 ------------------------------------------------------------------------------
 accounting unit                       time sec  num calls   secs avg  time pct
 ------------------------------------------------------------------------------
 initialization                       2336.793      1        2336.793    38.439
  eos                                    2.451      8           0.306     0.040
  guardcell internal                    28.423      7           4.060     0.468
   amr_guardcell                        26.557      7           3.794     0.437
   eos gc                                0.001      7           0.000     0.000
  writeCheckpoint                      155.708      1         155.708     2.561
   restrictAll                          14.189      1          14.189     0.233
  writePlotfile                         17.600      1          17.600     0.290
 writePlotfile                          21.636      1          21.636     0.356
 evolution                            3720.549      1        3720.549    61.201
  Hydro                               1500.635     60          25.011    24.685
   Head                                315.366     60           5.256     5.188
    guardcell internal                 315.361     60           5.256     5.188
     amr_guardcell                     290.662     60           4.844     4.781
     eos gc                              0.007     60           0.000     0.000
   compute fluxes                     1122.945     60          18.716    18.472
    hy_computeFluxes                  1122.931   5354           0.210    18.472
     RiemannState                      969.445   5354           0.181    15.947
     getFaceFlux                       152.268   5354           0.028     2.505
   conserveFluxes                        0.470     60           0.008     0.008
   update solution                      61.367     60           1.023     1.009
    update solution body                61.347   5354           0.011     1.009
     unsplitUpdate                      21.691   5354           0.004     0.357
  sourceTerms                            0.000     60           0.000     0.000
  Particles_advance                      0.000     60           0.000     0.000
  Gravity potential                      0.000     60           0.000     0.000
  IO_output                           1511.573    120          12.596    24.864
   diagnostics                         617.626    120           5.147    10.160
   checkpointing                       893.879      6         148.980    14.704
    writeCheckpoint                    893.861      6         148.977    14.703
     restrictAll                        88.488      6          14.748     1.456
  Grid_updateRefinement                700.533     60          11.676    11.523
   eos                                   9.050     15           0.603     0.149
   tree                                691.482     60          11.525    11.374
    markRefineDerefine                 180.622     30           6.021     2.971
     guardcell internal                157.653     30           5.255     2.593
      amr_guardcell                    145.340     30           4.845     2.391
      eos gc                             0.003     30           0.000     0.000
    amr_refine_derefine                499.647     30          16.655     8.219
    updateData                           0.003     30           0.000     0.000
   updateParticleRefinement              0.000     15           0.000     0.000
  Driver_computeDt                       7.748     60           0.129     0.127
 ==============================================================================
 [ 03-01-2025  22:33:14.485 ] [Timers_getSummary]: Not writing timer max/min/avg values because not all processors had same timers
 [ 03-01-2025  22:33:14.527 ] LOGFILE_END: FLASH run complete.
 FLASH log file:  03-01-2025  22:33:48.253    Run number:  1
 ==============================================================================
 Number of MPI tasks:               3584
 MPI version:                          3
 MPI subversion:                       1
 Dimensionality:                       3
 Max Number of Blocks/Proc:          200
 Number x zones:                      32
 Number y zones:                      32
 Number z zones:                      32
 Setup stamp:     Fri Nov 1 14:03:57 2024
 Build stamp:     Fri Nov 1 14:04:23 2024
 System info:     Linux corona211 4.18.0-553.22.1.1toss.t4.x86_64 #1 SMP Tue Sep 24 16:50:00 PDT 2
 Version:         Flash-X 1.0 (heads/main-0-g6040ba49-dirty)                                      
 Build directory: /usr/workspace/ather1/Flash-X/sedov
 Setup syntax:    /usr/workspace/ather1/Flash-X/bin/setup.py Sedov -auto -3d -nxb=32 -nyb=32 -nzb=32 +parallelio -objdir=/usr/workspace/ather1/Flash-X/sedov
 f compiler flags: mpif90 -ggdb -c -O2 -fdefault-real-8 -fdefault-double-8 -Wuninitialized -fallow-argument-mismatch -fallow-argument-mismatch -DMAXBLOCKS=200 -DNXB=32 -DNYB=32 -DNZB=32 -DN_DIM=3
 c compiler flags:    mpicc -I/p/lustre2/ather1/hdf5-1.14.4-3/install/include -DH5_USE_18_API -ggdb -c -O2 -Wuninitialized -D_FORTIFY_SOURCE=2 -DMAXBLOCKS=200 -DNXB=32 -DNYB=32 -DNZB=32 -DN_DIM=3
 ==============================================================================
 Comment:  Sedov explosion
 ==============================================================================
 FLASH Units used:
   Driver/DriverMain/Unsplit
   Grid/GridBoundaryConditions
   Grid/GridMain/AMR/Paramesh4/PM4_package/flash_avoid_orrery
   Grid/GridMain/AMR/Paramesh4/PM4_package/headers
   Grid/GridMain/AMR/Paramesh4/PM4_package/source
   Grid/GridMain/AMR/Paramesh4/PM4_package/utilities/multigrid
   Grid/GridMain/AMR/Paramesh4/interpolation/prolong
   Grid/GridMain/AMR/Paramesh4/levelFlux
   Grid/localAPI
   IO/IOMain/hdf5/parallel/PM
   IO/localAPI
   PhysicalConstants/PhysicalConstantsMain
   RuntimeParameters/RuntimeParametersMain
   Simulation/SimulationMain/Sedov
   TimeAdvance/TimeAdvanceMain/StrangSplit
   flashUtilities/contiguousConversion
   flashUtilities/general
   flashUtilities/interpolation/oneDim
   flashUtilities/nameValueLL
   flashUtilities/sorting/quicksort
   flashUtilities/system/memoryUsage/legacy
   monitors/Logfile/LogfileMain
   monitors/Timers/TimersMain/MPINative
   physics/Eos/EosMain/Gamma
   physics/Hydro/HydroMain/unsplit/OnlyHydro
   physics/Hydro/HydroMain/unsplit/levelFlux
   physics/Hydro/localAPI
 ==============================================================================
 RuntimeParameters:
                                                                               
 ==============================================================================
bndpriorityone              =          1
bndprioritythree            =          3
bndprioritytwo              =          2
checkpointfileintervalstep  =         10 [CHANGED]
checkpointfilenumber        =          0
dr_abortpause               =          2
dr_dtminbelowaction         =          1
drift_break_inst            =          0
drift_trunc_mantissa        =          2
drift_verbose_inst          =          0
eos_entrelescalechoice      =          6
eos_loglevel                =        700
fileformatversion           =          9
forcedplotfilenumber        =          0
gr_lrefmaxtimevalue_1       =         -1
gr_lrefmaxtimevalue_10      =         -1
gr_lrefmaxtimevalue_11      =         -1
gr_lrefmaxtimevalue_12      =         -1
gr_lrefmaxtimevalue_13      =         -1
gr_lrefmaxtimevalue_14      =         -1
gr_lrefmaxtimevalue_15      =         -1
gr_lrefmaxtimevalue_16      =         -1
gr_lrefmaxtimevalue_17      =         -1
gr_lrefmaxtimevalue_18      =         -1
gr_lrefmaxtimevalue_19      =         -1
gr_lrefmaxtimevalue_2       =         -1
gr_lrefmaxtimevalue_20      =         -1
gr_lrefmaxtimevalue_3       =         -1
gr_lrefmaxtimevalue_4       =         -1
gr_lrefmaxtimevalue_5       =         -1
gr_lrefmaxtimevalue_6       =         -1
gr_lrefmaxtimevalue_7       =         -1
gr_lrefmaxtimevalue_8       =         -1
gr_lrefmaxtimevalue_9       =         -1
gr_pmrpdivergencefree       =         -1
gr_pmrpifaceoff             =          0
gr_pmrpl2p5d                =          0
gr_pmrpmaxblocks            =         -1
gr_pmrpmflags               =          1
gr_pmrpnboundaries          =          6
gr_pmrpndim                 =          3
gr_pmrpnedgevar1            =         -1
gr_pmrpnfacevar             =         -1
gr_pmrpnfielddivf           =         -1
gr_pmrpnfluxvar             =         -1
gr_pmrpnguard               =         -1
gr_pmrpnguardwork           =         -1
gr_pmrpnvar                 =         -1
gr_pmrpnvarwork             =          1
gr_pmrpnvarcorn             =          0
gr_pmrpnvaredge             =          0
gr_pmrpnxb                  =         -1
gr_pmrpnyb                  =         -1
gr_pmrpnzb                  =         -1
gr_restrictallmethod        =          3
gr_sanitizedatamode         =          1
gr_sanitizeverbosity        =          5
gr_tilesizex                =         32
gr_tilesizey                =         32
gr_tilesizez                =         32
hy_3torder                  =         -1
hydrocomputedtoption        =         -1
iprocs                      =          1
interpol_order              =          2
irenorm                     =          0
jprocs                      =          1
kprocs                      =          1
lrefine_del                 =          0
lrefine_max                 =          6 [CHANGED]
lrefine_min                 =          1
lrefine_min_init            =          1
max_particles_per_blk       =        100
memory_stat_freq            =     100000
meshcopycount               =          1
min_particles_per_blk       =          1
nbegin                      =          1
nblockx                     =         64 [CHANGED]
nblocky                     =         64 [CHANGED]
nblockz                     =         64 [CHANGED]
nend                        =         60 [CHANGED]
nrefs                       =          2
nsteptotalsts               =          5
order                       =          3 [CHANGED]
outputsplitnum              =          1
plotfileintervalstep        =          0
plotfilenumber              =          0
refine_var_count            =          4
rolling_checkpoint          =      10000
sim_centerrefinelevel       =          1
sim_integralslevel          =         -1
sim_nsubzones               =          7
sweeporder                  =        123
transorder                  =          1
wr_integrals_freq           =          1
limitedslopebeta            =                 0.100E+01
cfl                         =                 0.800E+00
checkpointfileintervaltime  =                 0.000E+00 [CHANGED]
checkpointfileintervalz     =                 0.180+309
cvisc                       =                 0.100E+00
derefine_cutoff_1           =                 0.200E+00
derefine_cutoff_2           =                 0.200E+00
derefine_cutoff_3           =                 0.200E+00
derefine_cutoff_4           =                 0.200E+00
dr_dtmincontinue            =                 0.000E+00
dr_tstepslowstartfactor     =                 0.100E+00
dtinit                      =                 0.100E-09
dtmax                       =                 0.100E+06
dtmin                       =                 0.100E-09
eintswitch                  =                 0.100E-03 [CHANGED]
eos_singlespeciesa          =                 0.100E+01
eos_singlespeciesz          =                 0.100E+01
gamma                       =                 0.140E+01 [CHANGED]
gr_btworkchildscaling       =                 0.100E+01
gr_btworkdefaultleaf        =                 0.200E+01
gr_btworkdefaultpar         =                 0.100E+01
gr_btworklbleaf             =                 0.000E+00
gr_btworklbpar              =                 0.000E+00
gr_btworkubleaf             =                 0.100E+07
gr_btworkubpar              =                 0.100E+07
gr_lrefinemaxredlogbase     =                 0.100E+02
gr_lrefinemaxredradiusfact  =                 0.000E+00
gr_lrefinemaxredtref        =                 0.000E+00
gr_lrefinemaxredtimescale   =                 0.100E+01
gr_lrefmaxtime_1            =                -0.100E+01
gr_lrefmaxtime_10           =                -0.100E+01
gr_lrefmaxtime_11           =                -0.100E+01
gr_lrefmaxtime_12           =                -0.100E+01
gr_lrefmaxtime_13           =                -0.100E+01
gr_lrefmaxtime_14           =                -0.100E+01
gr_lrefmaxtime_15           =                -0.100E+01
gr_lrefmaxtime_16           =                -0.100E+01
gr_lrefmaxtime_17           =                -0.100E+01
gr_lrefmaxtime_18           =                -0.100E+01
gr_lrefmaxtime_19           =                -0.100E+01
gr_lrefmaxtime_2            =                -0.100E+01
gr_lrefmaxtime_20           =                -0.100E+01
gr_lrefmaxtime_3            =                -0.100E+01
gr_lrefmaxtime_4            =                -0.100E+01
gr_lrefmaxtime_5            =                -0.100E+01
gr_lrefmaxtime_6            =                -0.100E+01
gr_lrefmaxtime_7            =                -0.100E+01
gr_lrefmaxtime_8            =                -0.100E+01
gr_lrefmaxtime_9            =                -0.100E+01
hy_cflfallbackfactor        =                 0.900E+00
hy_fpresinmomflux           =                 0.100E+01
hybridorderkappa            =                 0.000E+00
nusts                       =                 0.200E+00 [CHANGED]
plotfileintervaltime        =                 0.000E+00 [CHANGED]
plotfileintervalz           =                 0.180+309
radiusgp                    =                 0.200E+01
refine_cutoff_1             =                 0.800E+00
refine_cutoff_2             =                 0.800E+00
refine_cutoff_3             =                 0.800E+00
refine_cutoff_4             =                 0.800E+00
refine_filter_1             =                 0.100E-01
refine_filter_2             =                 0.100E-01
refine_filter_3             =                 0.100E-01
refine_filter_4             =                 0.100E-01
rss_limit                   =                -0.100E+01
sigmagp                     =                 0.300E+01
sim_derefineradius          =                 0.000E+00
sim_earliestlstime          =                 0.000E+00
sim_expenergy               =                 0.100E+01
sim_largestnormradius       =                 0.180+309
sim_latestlstime            =                 0.180+309
sim_minrhoinit              =                 0.100E-19
sim_pambient                =                 0.100E-04
sim_rinit                   =                 0.137E-01 [CHANGED]
sim_rhoambient              =                 0.100E+01
sim_smallestnormradius      =                 0.000E+00
sim_xctr                    =                 0.500E+00
sim_yctr                    =                 0.500E+00
sim_zctr                    =                 0.500E+00
small                       =                 0.100E-09
smalle                      =                 0.100E-09
smallp                      =                 0.100E-09
smallt                      =                 0.100E-09
smallu                      =                 0.100E-09
smallx                      =                 0.100E-09
smlrho                      =                 0.100E-09
tinitial                    =                 0.000E+00
tiny                        =                 0.100E-15
tmax                        =                 0.500E+06 [CHANGED]
tstep_change_factor         =                 0.200E+01
wall_clock_checkpoint       =                 0.432E+05
wall_clock_time_limit       =                 0.605E+06
x_refine_center             =                 0.000E+00
xmax                        =                 0.100E+01
xmin                        =                 0.000E+00
y_refine_center             =                 0.000E+00
ymax                        =                 0.100E+01
ymin                        =                 0.000E+00
zfinal                      =                 0.000E+00
zinitial                    =                -0.100E+01
z_refine_center             =                 0.000E+00
zmax                        =                 0.100E+01
zmin                        =                 0.000E+00
riemannsolver               = Roe                            [CHANGED]
unitsystem                  = none                          
basenm                      = sedov_                         [CHANGED]
entropyfixmethod            = HARTENHYMAN                   
eosmode                     = dens_ie                       
eosmodeinit                 = dens_ie                       
geometry                    = cartesian                     
gr_pmrpoutputdir            = ./                            
grav_boundary_type          = isolated                      
hy_eosmodegc                = see eosMode                   
log_file                    = sedov.log                      [CHANGED]
output_directory            =                               
pc_unitsbase                = CGS                           
plot_grid_var_1             = none                          
plot_grid_var_10            = none                          
plot_grid_var_11            = none                          
plot_grid_var_12            = none                          
plot_grid_var_13            = none                          
plot_grid_var_14            = none                          
plot_grid_var_15            = none                          
plot_grid_var_16            = none                          
plot_grid_var_17            = none                          
plot_grid_var_18            = none                          
plot_grid_var_19            = none                          
plot_grid_var_2             = none                          
plot_grid_var_20            = none                          
plot_grid_var_21            = none                          
plot_grid_var_22            = none                          
plot_grid_var_23            = none                          
plot_grid_var_24            = none                          
plot_grid_var_25            = none                          
plot_grid_var_26            = none                          
plot_grid_var_27            = none                          
plot_grid_var_28            = none                          
plot_grid_var_29            = none                          
plot_grid_var_3             = none                          
plot_grid_var_30            = none                          
plot_grid_var_31            = none                          
plot_grid_var_32            = none                          
plot_grid_var_33            = none                          
plot_grid_var_34            = none                          
plot_grid_var_35            = none                          
plot_grid_var_36            = none                          
plot_grid_var_37            = none                          
plot_grid_var_38            = none                          
plot_grid_var_39            = none                          
plot_grid_var_4             = none                          
plot_grid_var_40            = none                          
plot_grid_var_41            = none                          
plot_grid_var_42            = none                          
plot_grid_var_43            = none                          
plot_grid_var_44            = none                          
plot_grid_var_45            = none                          
plot_grid_var_46            = none                          
plot_grid_var_47            = none                          
plot_grid_var_48            = none                          
plot_grid_var_49            = none                          
plot_grid_var_5             = none                          
plot_grid_var_50            = none                          
plot_grid_var_51            = none                          
plot_grid_var_52            = none                          
plot_grid_var_53            = none                          
plot_grid_var_54            = none                          
plot_grid_var_55            = none                          
plot_grid_var_56            = none                          
plot_grid_var_57            = none                          
plot_grid_var_58            = none                          
plot_grid_var_59            = none                          
plot_grid_var_6             = none                          
plot_grid_var_60            = none                          
plot_grid_var_61            = none                          
plot_grid_var_62            = none                          
plot_grid_var_63            = none                          
plot_grid_var_64            = none                          
plot_grid_var_65            = none                          
plot_grid_var_66            = none                          
plot_grid_var_67            = none                          
plot_grid_var_68            = none                          
plot_grid_var_69            = none                          
plot_grid_var_7             = none                          
plot_grid_var_70            = none                          
plot_grid_var_71            = none                          
plot_grid_var_72            = none                          
plot_grid_var_73            = none                          
plot_grid_var_74            = none                          
plot_grid_var_75            = none                          
plot_grid_var_76            = none                          
plot_grid_var_77            = none                          
plot_grid_var_78            = none                          
plot_grid_var_8             = none                          
plot_grid_var_9             = none                          
plot_var_1                  = dens                           [CHANGED]
plot_var_10                 = none                          
plot_var_11                 = none                          
plot_var_12                 = none                          
plot_var_13                 = none                          
plot_var_14                 = none                          
plot_var_15                 = none                          
plot_var_16                 = none                          
plot_var_17                 = none                          
plot_var_18                 = none                          
plot_var_2                  = pres                           [CHANGED]
plot_var_3                  = temp                           [CHANGED]
plot_var_4                  = none                          
plot_var_5                  = none                          
plot_var_6                  = none                          
plot_var_7                  = none                          
plot_var_8                  = none                          
plot_var_9                  = none                          
prof_file                   = profile.dat                   
refine_var_1                = dens                           [CHANGED]
refine_var_2                = pres                           [CHANGED]
refine_var_3                = none                          
refine_var_4                = none                          
run_comment                 = Sedov explosion                [CHANGED]
run_number                  = 1                             
sim_proffilename            = /dev/null                      [CHANGED]
slopelimiter                = mc                             [CHANGED]
stats_file                  = flashx.dat                    
wenomethod                  = WENO5                         
xl_boundary_type            = outflow                        [CHANGED]
xr_boundary_type            = outflow                        [CHANGED]
yl_boundary_type            = outflow                        [CHANGED]
yr_boundary_type            = outflow                        [CHANGED]
zl_boundary_type            = outflow                        [CHANGED]
zr_boundary_type            = outflow                        [CHANGED]
csvsummaryallprocs          =  F
eosforriemann               =  F
logsummaryallprocs          =  F
addthermalflux              =  T
allowdtstsdominate          =  F
alwayscomputeuservars       =  T
alwaysrestrictcheckpoint    =  T
charlimiting                =  T
chkguardcellsinput          =  F
chkguardcellsoutput         =  F
conserveangmom              =  F
converttoconsvdformeshcalls =  F
converttoconsvdinmeshinterp =  T
corners                     =  F
dr_printtsteploc            =  T
dr_shortenlaststepbeforetmax =  F
drift_tuples                =  F
eachprocwritesownabortlog   =  F
eachprocwritessummary       =  F
earlyblockdistadjustment    =  T
enablemaskedgcfill          =  F
entropy                     =  F
flux_correct                =  T
flux_correct_perlevel       =  F
geometryoverride            =  F
gr_bcenableapplymixedgds    =  T
gr_bndgcfillneedsprimitivevars =  T
gr_btcustomwork             =  F
gr_btexchangework           =  F
gr_btsortbywork             =  T
gr_enabletiling             =  F
gr_lrefinemaxbytime         =  F
gr_lrefinemaxreddobylogr    =  F
gr_lrefinemaxreddobytime    =  F
gr_pmrpadvancealllevels     =  F
gr_pmrpamrerrorchecking     =  F
gr_pmrpcartesianpm          =  F
gr_pmrpconserve             =  F
gr_pmrpconsvfluxdensities   =  T
gr_pmrpconsvfluxes          =  F
gr_pmrpcurvilinear          =  F
gr_pmrpcurvilinearconserve  =  F
gr_pmrpcylindricalpm        =  F
gr_pmrpdiagonals            =  T
gr_pmrpedgevalue            =  T
gr_pmrpedgevalueinteg       =  F
gr_pmrpemptycells           =  F
gr_pmrpforceconsistency     =  T
gr_pmrplsingularline        =  F
gr_pmrpnopermanentguardcells =  F
gr_pmrppolarpm              =  F
gr_pmrppredcorr             =  F
gr_pmrpsphericalpm          =  F
gr_pmrptimingmpi            =  F
gr_pmrptimingmpix           =  F
gr_pmrpvardt                =  F
gr_usetiling                =  F
hy_fallbacklowercfl         =  F
hy_fullspecmsfluxhandling   =  T
hy_usetiling                =  F
ignoreforcedplot            =  F
io_writemscalarintegrals    =  F
plotfilegridquantitydp      =  F
plotfilemetadatadp          =  F
reducegcellfills            =  F
refine_on_particle_count    =  F
restart                     =  F
shockdetect                 =  F
shocklowercfl               =  F
sim_bcsetbdryvar            =  F
sim_forcecenterderefine     =  F
sim_onelevelintegralsonly   =  F
summaryoutputonly           =  F
threadblocklistbuild        =  F
threaddelepblocklist        =  F
threaddelepwithinblock      =  F
threaddriverblocklist       =  F
threaddriverwithinblock     =  F
threadeoswithinblock        =  F
threadhydroblocklist        =  F
threadhydrowithinblock      =  F
threadraytracebuild         =  F
threadwithinblockbuild      =  F
tmr_suppressinparallel      =  F
typematchedxfer             =  T
unbiased_geometry           =  F
updatehydrofluxes           =  T
useburn                     =  F
usecollectivehdf5           =  T
usedeleptonize              =  F
usegravity                  =  F
useheatad                   =  F
useheater                   =  F
usehydro                    =  T
useimbound                  =  F
useincompns                 =  F
useinlet                    =  F
uselegacylabels             =  T
usemultiphase               =  F
useorchestration            =  F
useoutlet                   =  F
useparticles                =  F
useradtrans                 =  F
usests                      =  F
usestsfordiffusion          =  F
usesolidmechanics           =  F
use_3dfullctu               =  T
use_auxeinteqn              =  T
use_avisc                   =  T [CHANGED]
use_cma_advection           =  F
use_cma_flattening          =  F
use_flash_surr_blks_fill    =  T
use_flattening              =  F
use_gravhalfupdate          =  T
use_hybridorder             =  F
use_reduced_orrery          =  T
use_steepening              =  F
use_upwindtvd               =  F
writestatsummary            =  T
                                                                               
 ==============================================================================
                                                                               
 Known units of measurement:
                                                                               
              Unit                          CGS Value                Base Unit
  1                  cm                     1.0000                           cm
  2                   s                     1.0000                            s
  3                   g                     1.0000                            g
  4                   K                     1.0000                            K
  5                 esu                     1.0000                          esu
  6                 mol                     1.0000                          mol
  7                   m                     100.00                           cm
  8                  km                    1.00000E+05                       cm
  9                  pc                    3.08568E+18                       cm
 10                 kpc                    3.08568E+21                       cm
 11                 Mpc                    3.08568E+24                       cm
 12                 Gpc                    3.08568E+27                       cm
 13                Rsun                    6.96000E+10                       cm
 14                  AU                    1.49598E+13                       cm
 15                  yr                    3.15569E+07                        s
 16                 Myr                    3.15569E+13                        s
 17                 Gyr                    3.15569E+16                        s
 18                  kg                     1000.0                            g
 19                Msun                    1.98892E+33                        g
 20                 amu                    1.66054E-24                        g
 21                  eV                     11605.                            K
 22                   C                    2.99792E+09                      esu
 23                LFLY                    3.08568E+24                       cm
 24                TFLY                    2.05759E+17                        s
 25                MFLY                    9.88470E+45                        g
 26            clLength                    3.08568E+24                       cm
 27              clTime                    3.15569E+16                        s
 28              clMass                    1.98892E+48                        g
 29              clTemp                    1.16045E+07                        K
-----------End of Units--------------------
                                                                               
 Known physical constants:
                                                                               
    Constant Name       Constant Value   cm       s        g        K        esu      mol
  1              Newton    6.67408E-08   3.0     -2.0     -1.0      0.0      0.0      0.0    
  2      speed of light    2.99792E+10   1.0     -1.0      0.0      0.0      0.0      0.0    
  3              Planck    6.62607E-27   2.0     -1.0      1.0      0.0      0.0      0.0    
  4     electron charge    4.80320E-10   0.0      0.0      0.0      0.0      1.0      0.0    
  5       electron mass    9.10938E-28   0.0      0.0      1.0      0.0      0.0      0.0    
  6         proton mass    1.67262E-24   0.0      0.0      1.0      0.0      0.0      0.0    
  7      fine-structure    7.29735E-03   0.0      0.0      0.0      0.0      0.0      0.0    
  8            Avogadro    6.02214E+23   0.0      0.0      0.0      0.0      0.0     -1.0    
  9           Boltzmann    1.38065E-16   2.0     -2.0      1.0     -1.0      0.0      0.0    
 10  ideal gas constant    8.31446E+07   2.0     -2.0      1.0     -1.0      0.0     -1.0    
 11                Wien    0.28978       1.0      0.0      0.0      1.0      0.0      0.0    
 12    Stefan-Boltzmann    5.67037E-05   0.0     -3.0      1.0     -4.0      0.0      0.0    
 13  Radiation Constant    7.56572E-15  -1.0     -2.0      1.0     -4.0      0.0      0.0    
 14                  pi     3.1416       0.0      0.0      0.0      0.0      0.0      0.0    
 15                   e     2.7183       0.0      0.0      0.0      0.0      0.0      0.0    
 16               Euler    0.57722       0.0      0.0      0.0      0.0      0.0      0.0    
 ==============================================================================
                                                                               
 Multifluid database: not configured in
                                                                               
 ==============================================================================
 [ 03-01-2025  22:33:48.255 ] [gr_initGeometry] checking BCs for idir: 1
 [ 03-01-2025  22:33:48.255 ] [gr_initGeometry] checking BCs for idir: 2
 [ 03-01-2025  22:33:48.255 ] [gr_initGeometry] checking BCs for idir: 3
 [ 03-01-2025  22:34:06.190 ] [GRID amr_refine_derefine]: initiating refinement
 [ 03-01-2025  22:34:06.191 ] [GRID amr_refine_derefine]: redist. phase.  tot blks requested: 262144
 [GRID amr_refine_derefine] min blks 73    max blks 74    tot blks 262144
 [GRID amr_refine_derefine] min leaf blks 73    max leaf blks 74    tot leaf blks 262144
 [ 03-01-2025  22:34:08.037 ] [GRID amr_refine_derefine]: refinement complete
 [ 03-01-2025  22:58:07.371 ] [GRID gr_expandDomain]: iteration=1, create level=2
 INFO: Grid_fillGuardCells is ignoring masking.
 [ 03-01-2025  22:59:20.263 ] [mpi_amr_comm_setup]: buffer_dim_send=9172513, buffer_dim_recv=8150953
 [ 03-01-2025  22:59:28.063 ] [GRID amr_refine_derefine]: initiating refinement
 [ 03-01-2025  22:59:28.099 ] [GRID amr_refine_derefine]: redist. phase.  tot blks requested: 262208
 [GRID amr_refine_derefine] min blks 73    max blks 74    tot blks 262208
 [GRID amr_refine_derefine] min leaf blks 72    max leaf blks 74    tot leaf blks 262200
 [ 03-01-2025  22:59:28.826 ] [GRID amr_refine_derefine]: refinement complete
 [ 03-01-2025  22:59:28.832 ] [GRID gr_expandDomain]: iteration=2, create level=3
 [ 03-01-2025  23:00:49.502 ] [GRID amr_refine_derefine]: initiating refinement
 [ 03-01-2025  23:00:49.531 ] [GRID amr_refine_derefine]: redist. phase.  tot blks requested: 263168
 [GRID amr_refine_derefine] min blks 73    max blks 78    tot blks 263168
 [GRID amr_refine_derefine] min leaf blks 68    max leaf blks 74    tot leaf blks 263040
 [ 03-01-2025  23:00:51.410 ] [GRID amr_refine_derefine]: refinement complete
 [ 03-01-2025  23:00:51.415 ] [GRID gr_expandDomain]: iteration=3, create level=4
 [ 03-01-2025  23:02:12.410 ] [GRID amr_refine_derefine]: initiating refinement
 [ 03-01-2025  23:02:12.440 ] [GRID amr_refine_derefine]: redist. phase.  tot blks requested: 266176
 [GRID amr_refine_derefine] min blks 74    max blks 81    tot blks 266176
 [GRID amr_refine_derefine] min leaf blks 68    max leaf blks 75    tot leaf blks 265672
 [ 03-01-2025  23:02:14.283 ] [GRID amr_refine_derefine]: refinement complete
 [ 03-01-2025  23:02:14.289 ] [GRID gr_expandDomain]: iteration=4, create level=5
 [ 03-01-2025  23:03:28.121 ] [mpi_amr_comm_setup]: buffer_dim_send=9836329, buffer_dim_recv=8308021
 [ 03-01-2025  23:03:36.282 ] [GRID amr_refine_derefine]: initiating refinement
 [ 03-01-2025  23:03:36.312 ] [GRID amr_refine_derefine]: redist. phase.  tot blks requested: 277632
 [GRID amr_refine_derefine] min blks 77    max blks 84    tot blks 277632
 [GRID amr_refine_derefine] min leaf blks 71    max leaf blks 78    tot leaf blks 275696
 [ 03-01-2025  23:03:38.302 ] [GRID amr_refine_derefine]: refinement complete
 [ 03-01-2025  23:03:38.308 ] [GRID gr_expandDomain]: iteration=5, create level=6
 [ 03-01-2025  23:04:57.498 ] [mpi_amr_comm_setup]: buffer_dim_send=9533749, buffer_dim_recv=9102145
 [ 03-01-2025  23:05:03.265 ] [GRID amr_refine_derefine]: initiating refinement
 [ 03-01-2025  23:05:03.297 ] [GRID amr_refine_derefine]: redist. phase.  tot blks requested: 318976
 [GRID amr_refine_derefine] min blks 88    max blks 95    tot blks 318976
 [GRID amr_refine_derefine] min leaf blks 80    max leaf blks 89    tot leaf blks 311872
 [ 03-01-2025  23:05:06.088 ] [GRID amr_refine_derefine]: refinement complete
 [ 03-01-2025  23:05:06.097 ] [GRID gr_expandDomain]: iteration=6, create level=6
 [ 03-01-2025  23:06:33.761 ] [mpi_amr_comm_setup]: buffer_dim_send=9570781, buffer_dim_recv=7995733
 [ 03-01-2025  23:06:43.505 ] [GRID gr_expandDomain]: iteration=7, create level=6
 [ 03-01-2025  23:08:20.918 ] [GRID gr_expandDomain]: iteration=8, create level=6
 [ 03-01-2025  23:09:54.705 ] memory: /proc vsize    (MB):     4510.35 (min)       4856.12 (max)       4705.02 (avg)
 [ 03-01-2025  23:09:54.706 ] memory: /proc rss      (MB):     1836.88 (min)       1978.34 (max)       1866.29 (avg)
 [ 03-01-2025  23:09:54.707 ] memory: /proc vsize    (MB):     4510.35 (min)       4856.12 (max)       4705.02 (avg)
 [ 03-01-2025  23:09:54.707 ] memory: /proc rss      (MB):     1836.88 (min)       1978.34 (max)       1866.30 (avg)
 [ 03-01-2025  23:09:54.838 ] memory: /proc vsize    (MB):     4510.35 (min)       4856.12 (max)       4705.02 (avg)
 [ 03-01-2025  23:09:54.839 ] memory: /proc rss      (MB):     1836.88 (min)       1978.34 (max)       1866.30 (avg)
 [ 03-01-2025  23:10:09.917 ] [IO_writeCheckpoint] open: type=checkpoint name=sedov_hdf5_chk_0000
 [ 03-01-2025  23:12:21.298 ] [io_writeData]: wrote  318976          blocks
 [ 03-01-2025  23:12:21.665 ] [IO_writeCheckpoint] close: type=checkpoint name=sedov_hdf5_chk_0000
 [ 03-01-2025  23:12:22.460 ] [IO_writePlotfile] open: type=plotfile name=sedov_hdf5_plt_cnt_0000
 [ 03-01-2025  23:12:36.095 ] [io_writeData]: wrote  318976          blocks
 [ 03-01-2025  23:12:36.119 ] [IO_writePlotfile] close: type=plotfile name=sedov_hdf5_plt_cnt_0000
 [ 03-01-2025  23:12:36.121 ] memory: /proc vsize    (MB):     4536.12 (min)       5021.87 (max)       4729.27 (avg)
 [ 03-01-2025  23:12:36.123 ] memory: /proc rss      (MB):     1844.04 (min)       1985.23 (max)       1876.46 (avg)
 [ 03-01-2025  23:12:36.125 ] [Driver_evolveAll]: Entering evolution loop
 [ 03-01-2025  23:12:36.128 ] step: n=1 t=0.000000E+00 dt=1.000000E-10
 [ 03-01-2025  23:13:07.833 ] step: n=2 t=1.000000E-10 dt=2.000000E-10
 [ 03-01-2025  23:14:00.221 ] step: n=3 t=3.000000E-10 dt=4.000000E-10
 [ 03-01-2025  23:14:31.720 ] step: n=4 t=7.000000E-10 dt=8.000000E-10
 [ 03-01-2025  23:15:24.312 ] step: n=5 t=1.500000E-09 dt=1.600000E-09
 [ 03-01-2025  23:15:55.915 ] step: n=6 t=3.100000E-09 dt=3.200000E-09
 [ 03-01-2025  23:16:48.575 ] step: n=7 t=6.300000E-09 dt=6.400000E-09
 [ 03-01-2025  23:17:20.263 ] step: n=8 t=1.270000E-08 dt=1.280000E-08
 [ 03-01-2025  23:18:12.621 ] [GRID amr_refine_derefine]: initiating refinement
 [ 03-01-2025  23:18:12.646 ] [GRID amr_refine_derefine]: redist. phase.  tot blks requested: 319168
 [GRID amr_refine_derefine] min blks 88    max blks 96    tot blks 319168
 [GRID amr_refine_derefine] min leaf blks 81    max leaf blks 89    tot leaf blks 312040
 [ 03-01-2025  23:18:13.667 ] [GRID amr_refine_derefine]: refinement complete
 [ 03-01-2025  23:18:14.738 ] step: n=9 t=2.550000E-08 dt=2.560000E-08
 [ 03-01-2025  23:18:46.717 ] step: n=10 t=5.110000E-08 dt=5.120000E-08
 [ 03-01-2025  23:19:39.307 ] [GRID amr_refine_derefine]: initiating refinement
 [ 03-01-2025  23:19:39.331 ] [GRID amr_refine_derefine]: redist. phase.  tot blks requested: 319552
 [GRID amr_refine_derefine] min blks 88    max blks 96    tot blks 319552
 [GRID amr_refine_derefine] min leaf blks 81    max leaf blks 89    tot leaf blks 312376
 [ 03-01-2025  23:19:40.507 ] [GRID amr_refine_derefine]: refinement complete
 [ 03-01-2025  23:19:57.784 ] [IO_writeCheckpoint] open: type=checkpoint name=sedov_hdf5_chk_0001
 [ 03-01-2025  23:21:59.388 ] [io_writeData]: wrote  319552          blocks
 [ 03-01-2025  23:21:59.663 ] [IO_writeCheckpoint] close: type=checkpoint name=sedov_hdf5_chk_0001
 [ 03-01-2025  23:21:59.666 ] step: n=11 t=1.023000E-07 dt=5.148208E-08
 [ 03-01-2025  23:21:59.667 ] [mpi_amr_comm_setup]: buffer_dim_send=9562717, buffer_dim_recv=7995733
 [ 03-01-2025  23:22:33.493 ] step: n=12 t=1.537821E-07 dt=5.055515E-08
 [ 03-01-2025  23:23:28.895 ] [GRID amr_refine_derefine]: initiating refinement
 [ 03-01-2025  23:23:28.921 ] [GRID amr_refine_derefine]: redist. phase.  tot blks requested: 320320
 [GRID amr_refine_derefine] min blks 88    max blks 96    tot blks 320320
 [GRID amr_refine_derefine] min leaf blks 81    max leaf blks 89    tot leaf blks 313048
 [ 03-01-2025  23:23:31.937 ] [GRID amr_refine_derefine]: refinement complete
 [ 03-01-2025  23:23:33.222 ] step: n=13 t=2.043372E-07 dt=4.968707E-08
 [ 03-01-2025  23:23:33.222 ] [mpi_amr_comm_setup]: buffer_dim_send=9694309, buffer_dim_recv=7995733
 [ 03-01-2025  23:24:07.307 ] step: n=14 t=2.540243E-07 dt=4.886723E-08
 [ 03-01-2025  23:25:02.917 ] [GRID amr_refine_derefine]: initiating refinement
 [ 03-01-2025  23:25:02.960 ] [GRID amr_refine_derefine]: redist. phase.  tot blks requested: 321472
 [GRID amr_refine_derefine] min blks 88    max blks 96    tot blks 321472
 [GRID amr_refine_derefine] min leaf blks 81    max leaf blks 89    tot leaf blks 314056
 [ 03-01-2025  23:25:06.714 ] [GRID amr_refine_derefine]: refinement complete
 [ 03-01-2025  23:25:07.980 ] step: n=15 t=3.028915E-07 dt=4.807240E-08
 [ 03-01-2025  23:25:07.980 ] [mpi_amr_comm_setup]: buffer_dim_send=10284265, buffer_dim_recv=9480793
 [ 03-01-2025  23:25:42.314 ] step: n=16 t=3.509639E-07 dt=4.731231E-08
 [ 03-01-2025  23:26:38.808 ] [GRID amr_refine_derefine]: initiating refinement
 [ 03-01-2025  23:26:38.835 ] [GRID amr_refine_derefine]: redist. phase.  tot blks requested: 321664
 [GRID amr_refine_derefine] min blks 88    max blks 96    tot blks 321664
 [GRID amr_refine_derefine] min leaf blks 81    max leaf blks 89    tot leaf blks 314224
 [ 03-01-2025  23:26:39.839 ] [GRID amr_refine_derefine]: refinement complete
 [ 03-01-2025  23:26:40.911 ] step: n=17 t=3.982762E-07 dt=4.660259E-08
 [ 03-01-2025  23:27:17.328 ] step: n=18 t=4.448788E-07 dt=4.594186E-08
 [ 03-01-2025  23:28:15.499 ] step: n=19 t=4.908207E-07 dt=4.531939E-08
 [ 03-01-2025  23:28:52.019 ] step: n=20 t=5.361401E-07 dt=4.469658E-08
 [ 03-01-2025  23:30:06.991 ] [IO_writeCheckpoint] open: type=checkpoint name=sedov_hdf5_chk_0002
 [ 03-01-2025  23:32:06.311 ] [io_writeData]: wrote  321664          blocks
 [ 03-01-2025  23:32:13.540 ] [IO_writeCheckpoint] close: type=checkpoint name=sedov_hdf5_chk_0002
 [ 03-01-2025  23:32:13.543 ] step: n=21 t=5.808367E-07 dt=4.410979E-08
 [ 03-01-2025  23:32:49.210 ] step: n=22 t=6.249464E-07 dt=4.356693E-08
 [ 03-01-2025  23:33:46.510 ] [GRID amr_refine_derefine]: initiating refinement
 [ 03-01-2025  23:33:46.529 ] [GRID amr_refine_derefine]: redist. phase.  tot blks requested: 322048
 [GRID amr_refine_derefine] min blks 88    max blks 96    tot blks 322048
 [GRID amr_refine_derefine] min leaf blks 81    max leaf blks 89    tot leaf blks 314560
 [ 03-01-2025  23:33:47.945 ] [GRID amr_refine_derefine]: refinement complete
 [ 03-01-2025  23:33:49.022 ] step: n=23 t=6.685134E-07 dt=4.304799E-08
 [ 03-01-2025  23:33:49.022 ] [mpi_amr_comm_setup]: buffer_dim_send=10218469, buffer_dim_recv=9480793
 [ 03-01-2025  23:34:23.626 ] step: n=24 t=7.115614E-07 dt=4.253934E-08
 [ 03-01-2025  23:35:19.393 ] [GRID amr_refine_derefine]: initiating refinement
 [ 03-01-2025  23:35:19.419 ] [GRID amr_refine_derefine]: redist. phase.  tot blks requested: 322432
 [GRID amr_refine_derefine] min blks 88    max blks 97    tot blks 322432
 [GRID amr_refine_derefine] min leaf blks 81    max leaf blks 89    tot leaf blks 314896
 [ 03-01-2025  23:35:20.848 ] [GRID amr_refine_derefine]: refinement complete
 [ 03-01-2025  23:35:22.113 ] step: n=25 t=7.541007E-07 dt=4.206069E-08
 [ 03-01-2025  23:35:56.855 ] step: n=26 t=7.961614E-07 dt=4.159556E-08
 [ 03-01-2025  23:36:53.032 ] [GRID amr_refine_derefine]: initiating refinement
 [ 03-01-2025  23:36:53.053 ] [GRID amr_refine_derefine]: redist. phase.  tot blks requested: 323200
 [GRID amr_refine_derefine] min blks 89    max blks 97    tot blks 323200
 [GRID amr_refine_derefine] min leaf blks 82    max leaf blks 90    tot leaf blks 315568
 [ 03-01-2025  23:36:55.683 ] [GRID amr_refine_derefine]: refinement complete
 [ 03-01-2025  23:36:57.352 ] step: n=27 t=8.377570E-07 dt=4.109344E-08
 [ 03-01-2025  23:37:32.255 ] step: n=28 t=8.788504E-07 dt=4.059195E-08
 [ 03-01-2025  23:38:29.527 ] step: n=29 t=9.194423E-07 dt=4.009407E-08
 [ 03-01-2025  23:39:04.714 ] step: n=30 t=9.595364E-07 dt=3.963341E-08
 [ 03-01-2025  23:40:01.296 ] [GRID amr_refine_derefine]: initiating refinement
 [ 03-01-2025  23:40:01.318 ] [GRID amr_refine_derefine]: redist. phase.  tot blks requested: 323968
 [GRID amr_refine_derefine] min blks 89    max blks 97    tot blks 323968
 [GRID amr_refine_derefine] min leaf blks 81    max leaf blks 90    tot leaf blks 316240
 [ 03-01-2025  23:40:04.353 ] [GRID amr_refine_derefine]: refinement complete
 [ 03-01-2025  23:40:22.748 ] [IO_writeCheckpoint] open: type=checkpoint name=sedov_hdf5_chk_0003
 [ 03-01-2025  23:42:28.382 ] [io_writeData]: wrote  323968          blocks
 [ 03-01-2025  23:42:29.171 ] [IO_writeCheckpoint] close: type=checkpoint name=sedov_hdf5_chk_0003
 [ 03-01-2025  23:42:29.175 ] step: n=31 t=9.991698E-07 dt=3.921543E-08
 [ 03-01-2025  23:42:29.179 ] [mpi_amr_comm_setup]: buffer_dim_send=10096225, buffer_dim_recv=9480793
 [ 03-01-2025  23:43:05.650 ] step: n=32 t=1.038385E-06 dt=3.883616E-08
 [ 03-01-2025  23:44:03.424 ] [GRID amr_refine_derefine]: initiating refinement
 [ 03-01-2025  23:44:03.453 ] [GRID amr_refine_derefine]: redist. phase.  tot blks requested: 324736
 [GRID amr_refine_derefine] min blks 89    max blks 97    tot blks 324736
 [GRID amr_refine_derefine] min leaf blks 82    max leaf blks 90    tot leaf blks 316912
 [ 03-01-2025  23:44:06.083 ] [GRID amr_refine_derefine]: refinement complete
 [ 03-01-2025  23:44:07.685 ] step: n=33 t=1.077221E-06 dt=3.848919E-08
 [ 03-01-2025  23:44:07.686 ] [mpi_amr_comm_setup]: buffer_dim_send=10631017, buffer_dim_recv=9619165
 [ 03-01-2025  23:44:43.243 ] step: n=34 t=1.115711E-06 dt=3.816827E-08
 [ 03-01-2025  23:45:40.693 ] step: n=35 t=1.153879E-06 dt=3.786364E-08
 [ 03-01-2025  23:46:16.487 ] step: n=36 t=1.191743E-06 dt=3.757623E-08
 [ 03-01-2025  23:47:13.864 ] step: n=37 t=1.229319E-06 dt=3.730651E-08
 [ 03-01-2025  23:47:49.860 ] step: n=38 t=1.266625E-06 dt=3.703419E-08
 [ 03-01-2025  23:48:47.164 ] [GRID amr_refine_derefine]: initiating refinement
 [ 03-01-2025  23:48:47.183 ] [GRID amr_refine_derefine]: redist. phase.  tot blks requested: 324928
 [GRID amr_refine_derefine] min blks 89    max blks 97    tot blks 324928
 [GRID amr_refine_derefine] min leaf blks 82    max leaf blks 90    tot leaf blks 317080
 [ 03-01-2025  23:48:48.233 ] [GRID amr_refine_derefine]: refinement complete
 [ 03-01-2025  23:48:49.310 ] step: n=39 t=1.303659E-06 dt=3.676561E-08
 [ 03-01-2025  23:49:26.197 ] step: n=40 t=1.340425E-06 dt=3.651223E-08
 [ 03-01-2025  23:50:24.320 ] [GRID amr_refine_derefine]: initiating refinement
 [ 03-01-2025  23:50:24.345 ] [GRID amr_refine_derefine]: redist. phase.  tot blks requested: 325120
 [GRID amr_refine_derefine] min blks 89    max blks 97    tot blks 325120
 [GRID amr_refine_derefine] min leaf blks 82    max leaf blks 90    tot leaf blks 317248
 [ 03-01-2025  23:50:25.372 ] [GRID amr_refine_derefine]: refinement complete
 [ 03-01-2025  23:50:42.867 ] [IO_writeCheckpoint] open: type=checkpoint name=sedov_hdf5_chk_0004
 [ 03-01-2025  23:52:13.447 ] [io_writeData]: wrote  325120          blocks
 [ 03-01-2025  23:52:14.137 ] [IO_writeCheckpoint] close: type=checkpoint name=sedov_hdf5_chk_0004
 [ 03-01-2025  23:52:14.142 ] step: n=41 t=1.376937E-06 dt=3.627985E-08
 [ 03-01-2025  23:52:51.098 ] step: n=42 t=1.413217E-06 dt=3.606985E-08
 [ 03-01-2025  23:53:49.908 ] step: n=43 t=1.449287E-06 dt=3.587395E-08
 [ 03-01-2025  23:54:26.831 ] step: n=44 t=1.485161E-06 dt=3.569822E-08
 [ 03-01-2025  23:55:25.188 ] [GRID amr_refine_derefine]: initiating refinement
 [ 03-01-2025  23:55:25.229 ] [GRID amr_refine_derefine]: redist. phase.  tot blks requested: 326272
 [GRID amr_refine_derefine] min blks 89    max blks 97    tot blks 326272
 [GRID amr_refine_derefine] min leaf blks 82    max leaf blks 90    tot leaf blks 318256
 [ 03-01-2025  23:55:29.783 ] [GRID amr_refine_derefine]: refinement complete
 [ 03-01-2025  23:55:31.103 ] step: n=45 t=1.520859E-06 dt=3.554189E-08
 [ 03-01-2025  23:55:31.103 ] [mpi_amr_comm_setup]: buffer_dim_send=10629733, buffer_dim_recv=9619165
 [ 03-01-2025  23:56:07.922 ] step: n=46 t=1.556401E-06 dt=3.540765E-08
 [ 03-01-2025  23:57:07.118 ] step: n=47 t=1.591809E-06 dt=3.530243E-08
 [ 03-01-2025  23:57:44.352 ] step: n=48 t=1.627111E-06 dt=3.520851E-08
 [ 03-01-2025  23:58:43.389 ] step: n=49 t=1.662320E-06 dt=3.512232E-08
 [ 03-01-2025  23:59:20.579 ] step: n=50 t=1.697442E-06 dt=3.506173E-08
 [ 03-02-2025  00:00:19.301 ] [GRID amr_refine_derefine]: initiating refinement
 [ 03-02-2025  00:00:19.322 ] [GRID amr_refine_derefine]: redist. phase.  tot blks requested: 326656
 [GRID amr_refine_derefine] min blks 90    max blks 98    tot blks 326656
 [GRID amr_refine_derefine] min leaf blks 83    max leaf blks 91    tot leaf blks 318592
 [ 03-02-2025  00:00:20.634 ] [GRID amr_refine_derefine]: refinement complete
 [ 03-02-2025  00:00:39.168 ] [IO_writeCheckpoint] open: type=checkpoint name=sedov_hdf5_chk_0005
 [ 03-02-2025  00:02:45.152 ] [io_writeData]: wrote  326656          blocks
 [ 03-02-2025  00:02:48.500 ] [IO_writeCheckpoint] close: type=checkpoint name=sedov_hdf5_chk_0005
 [ 03-02-2025  00:02:48.505 ] step: n=51 t=1.732504E-06 dt=3.502552E-08
 [ 03-02-2025  00:03:25.910 ] step: n=52 t=1.767529E-06 dt=3.500864E-08
 [ 03-02-2025  00:04:25.044 ] [GRID amr_refine_derefine]: initiating refinement
 [ 03-02-2025  00:04:25.066 ] [GRID amr_refine_derefine]: redist. phase.  tot blks requested: 328192
 [GRID amr_refine_derefine] min blks 90    max blks 98    tot blks 328192
 [GRID amr_refine_derefine] min leaf blks 83    max leaf blks 91    tot leaf blks 319936
 [ 03-02-2025  00:04:30.419 ] [GRID amr_refine_derefine]: refinement complete
 [ 03-02-2025  00:04:31.710 ] step: n=53 t=1.802538E-06 dt=3.501215E-08
 [ 03-02-2025  00:05:06.696 ] step: n=54 t=1.837550E-06 dt=3.501823E-08
 [ 03-02-2025  00:06:04.254 ] step: n=55 t=1.872568E-06 dt=3.502558E-08
 [ 03-02-2025  00:06:39.769 ] step: n=56 t=1.907594E-06 dt=3.503618E-08
 [ 03-02-2025  00:07:36.584 ] step: n=57 t=1.942630E-06 dt=3.505074E-08
 [ 03-02-2025  00:08:11.763 ] step: n=58 t=1.977681E-06 dt=3.507960E-08
 [ 03-02-2025  00:09:08.902 ] step: n=59 t=2.012760E-06 dt=3.511136E-08
 [ 03-02-2025  00:09:44.451 ] step: n=60 t=2.047872E-06 dt=3.511160E-08
 [ 03-02-2025  00:10:59.124 ] [IO_writeCheckpoint] open: type=checkpoint name=sedov_hdf5_chk_0006
 [ 03-02-2025  00:13:05.411 ] [io_writeData]: wrote  328192          blocks
 [ 03-02-2025  00:13:11.956 ] [IO_writeCheckpoint] close: type=checkpoint name=sedov_hdf5_chk_0006
 [ 03-02-2025  00:13:11.960 ] [Driver_evolveAll]: Exiting evolution loop
 [ 03-02-2025  00:13:18.267 ] [IO_writePlotfile] open: type=plotfile name=sedov_forced_hdf5_plt_cnt_0000
 [ 03-02-2025  00:13:38.876 ] [io_writeData]: wrote  328192          blocks
 [ 03-02-2025  00:13:39.072 ] [IO_writePlotfile] close: type=plotfile name=sedov_forced_hdf5_plt_cnt_0000
 [ 03-02-2025  00:13:39.169 ] memory: /proc vsize    (MB):     4557.68 (min)       5044.41 (max)       4773.09 (avg)
 [ 03-02-2025  00:13:39.211 ] memory: /proc rss      (MB):     2477.83 (min)       2696.46 (max)       2525.20 (avg)
 ==============================================================================
 perf_summary: code performance summary for process            0
                      beginning : 03-01-2025  22:33:48
                         ending : 03-02-2025  00:13:39
   seconds in monitoring period :             5991.000
      number of evolution steps :                   60
 ------------------------------------------------------------------------------
 accounting unit                       time sec  num calls   secs avg  time pct
 ------------------------------------------------------------------------------
 initialization                       2327.872      1        2327.872    38.856
  eos                                    2.470      8           0.309     0.041
  guardcell internal                    28.290      7           4.041     0.472
   amr_guardcell                        26.439      7           3.777     0.441
   eos gc                                0.001      7           0.000     0.000
  writeCheckpoint                      146.697      1         146.697     2.449
   restrictAll                          14.143      1          14.143     0.236
  writePlotfile                         14.446      1          14.446     0.241
 writePlotfile                          26.473      1          26.473     0.442
 evolution                            3635.832      1        3635.832    60.688
  Hydro                               1506.249     60          25.104    25.142
   Head                                310.772     60           5.180     5.187
    guardcell internal                 310.767     60           5.179     5.187
     amr_guardcell                     285.760     60           4.763     4.770
     eos gc                              0.008     60           0.000     0.000
   compute fluxes                     1135.817     60          18.930    18.959
    hy_computeFluxes                  1135.804   5354           0.212    18.959
     RiemannState                      983.866   5354           0.184    16.422
     getFaceFlux                       150.733   5354           0.028     2.516
   conserveFluxes                        0.388     60           0.006     0.006
   update solution                      58.680     60           0.978     0.979
    update solution body                58.662   5354           0.011     0.979
     unsplitUpdate                      21.036   5354           0.004     0.351
  sourceTerms                            0.000     60           0.000     0.000
  Particles_advance                      0.000     60           0.000     0.000
  Gravity potential                      0.000     60           0.000     0.000
  IO_output                           1423.256    120          11.860    23.757
   diagnostics                         594.254    120           4.952     9.919
   checkpointing                       828.931      6         138.155    13.836
    writeCheckpoint                    828.915      6         138.152    13.836
     restrictAll                        88.682      6          14.780     1.480
  Grid_updateRefinement                698.449     60          11.641    11.658
   eos                                   9.013     15           0.601     0.150
   tree                                689.435     60          11.491    11.508
    markRefineDerefine                 179.074     30           5.969     2.989
     guardcell internal                154.636     30           5.155     2.581
      amr_guardcell                    142.220     30           4.741     2.374
      eos gc                             0.003     30           0.000     0.000
    amr_refine_derefine                499.176     30          16.639     8.332
    updateData                           0.002     30           0.000     0.000
   updateParticleRefinement              0.000     15           0.000     0.000
  Driver_computeDt                       7.797     60           0.130     0.130
 ==============================================================================
 [ 03-02-2025  00:13:39.488 ] [Timers_getSummary]: Not writing timer max/min/avg values because not all processors had same timers
 [ 03-02-2025  00:13:39.528 ] LOGFILE_END: FLASH run complete.
 FLASH log file:  03-02-2025  00:14:19.586    Run number:  1
 ==============================================================================
 Number of MPI tasks:               3584
 MPI version:                          3
 MPI subversion:                       1
 Dimensionality:                       3
 Max Number of Blocks/Proc:          200
 Number x zones:                      32
 Number y zones:                      32
 Number z zones:                      32
 Setup stamp:     Fri Nov 1 14:03:57 2024
 Build stamp:     Fri Nov 1 14:04:23 2024
 System info:     Linux corona211 4.18.0-553.22.1.1toss.t4.x86_64 #1 SMP Tue Sep 24 16:50:00 PDT 2
 Version:         Flash-X 1.0 (heads/main-0-g6040ba49-dirty)                                      
 Build directory: /usr/workspace/ather1/Flash-X/sedov
 Setup syntax:    /usr/workspace/ather1/Flash-X/bin/setup.py Sedov -auto -3d -nxb=32 -nyb=32 -nzb=32 +parallelio -objdir=/usr/workspace/ather1/Flash-X/sedov
 f compiler flags: mpif90 -ggdb -c -O2 -fdefault-real-8 -fdefault-double-8 -Wuninitialized -fallow-argument-mismatch -fallow-argument-mismatch -DMAXBLOCKS=200 -DNXB=32 -DNYB=32 -DNZB=32 -DN_DIM=3
 c compiler flags:    mpicc -I/p/lustre2/ather1/hdf5-1.14.4-3/install/include -DH5_USE_18_API -ggdb -c -O2 -Wuninitialized -D_FORTIFY_SOURCE=2 -DMAXBLOCKS=200 -DNXB=32 -DNYB=32 -DNZB=32 -DN_DIM=3
 ==============================================================================
 Comment:  Sedov explosion
 ==============================================================================
 FLASH Units used:
   Driver/DriverMain/Unsplit
   Grid/GridBoundaryConditions
   Grid/GridMain/AMR/Paramesh4/PM4_package/flash_avoid_orrery
   Grid/GridMain/AMR/Paramesh4/PM4_package/headers
   Grid/GridMain/AMR/Paramesh4/PM4_package/source
   Grid/GridMain/AMR/Paramesh4/PM4_package/utilities/multigrid
   Grid/GridMain/AMR/Paramesh4/interpolation/prolong
   Grid/GridMain/AMR/Paramesh4/levelFlux
   Grid/localAPI
   IO/IOMain/hdf5/parallel/PM
   IO/localAPI
   PhysicalConstants/PhysicalConstantsMain
   RuntimeParameters/RuntimeParametersMain
   Simulation/SimulationMain/Sedov
   TimeAdvance/TimeAdvanceMain/StrangSplit
   flashUtilities/contiguousConversion
   flashUtilities/general
   flashUtilities/interpolation/oneDim
   flashUtilities/nameValueLL
   flashUtilities/sorting/quicksort
   flashUtilities/system/memoryUsage/legacy
   monitors/Logfile/LogfileMain
   monitors/Timers/TimersMain/MPINative
   physics/Eos/EosMain/Gamma
   physics/Hydro/HydroMain/unsplit/OnlyHydro
   physics/Hydro/HydroMain/unsplit/levelFlux
   physics/Hydro/localAPI
 ==============================================================================
 RuntimeParameters:
                                                                               
 ==============================================================================
bndpriorityone              =          1
bndprioritythree            =          3
bndprioritytwo              =          2
checkpointfileintervalstep  =         10 [CHANGED]
checkpointfilenumber        =          0
dr_abortpause               =          2
dr_dtminbelowaction         =          1
drift_break_inst            =          0
drift_trunc_mantissa        =          2
drift_verbose_inst          =          0
eos_entrelescalechoice      =          6
eos_loglevel                =        700
fileformatversion           =          9
forcedplotfilenumber        =          0
gr_lrefmaxtimevalue_1       =         -1
gr_lrefmaxtimevalue_10      =         -1
gr_lrefmaxtimevalue_11      =         -1
gr_lrefmaxtimevalue_12      =         -1
gr_lrefmaxtimevalue_13      =         -1
gr_lrefmaxtimevalue_14      =         -1
gr_lrefmaxtimevalue_15      =         -1
gr_lrefmaxtimevalue_16      =         -1
gr_lrefmaxtimevalue_17      =         -1
gr_lrefmaxtimevalue_18      =         -1
gr_lrefmaxtimevalue_19      =         -1
gr_lrefmaxtimevalue_2       =         -1
gr_lrefmaxtimevalue_20      =         -1
gr_lrefmaxtimevalue_3       =         -1
gr_lrefmaxtimevalue_4       =         -1
gr_lrefmaxtimevalue_5       =         -1
gr_lrefmaxtimevalue_6       =         -1
gr_lrefmaxtimevalue_7       =         -1
gr_lrefmaxtimevalue_8       =         -1
gr_lrefmaxtimevalue_9       =         -1
gr_pmrpdivergencefree       =         -1
gr_pmrpifaceoff             =          0
gr_pmrpl2p5d                =          0
gr_pmrpmaxblocks            =         -1
gr_pmrpmflags               =          1
gr_pmrpnboundaries          =          6
gr_pmrpndim                 =          3
gr_pmrpnedgevar1            =         -1
gr_pmrpnfacevar             =         -1
gr_pmrpnfielddivf           =         -1
gr_pmrpnfluxvar             =         -1
gr_pmrpnguard               =         -1
gr_pmrpnguardwork           =         -1
gr_pmrpnvar                 =         -1
gr_pmrpnvarwork             =          1
gr_pmrpnvarcorn             =          0
gr_pmrpnvaredge             =          0
gr_pmrpnxb                  =         -1
gr_pmrpnyb                  =         -1
gr_pmrpnzb                  =         -1
gr_restrictallmethod        =          3
gr_sanitizedatamode         =          1
gr_sanitizeverbosity        =          5
gr_tilesizex                =         32
gr_tilesizey                =         32
gr_tilesizez                =         32
hy_3torder                  =         -1
hydrocomputedtoption        =         -1
iprocs                      =          1
interpol_order              =          2
irenorm                     =          0
jprocs                      =          1
kprocs                      =          1
lrefine_del                 =          0
lrefine_max                 =          6 [CHANGED]
lrefine_min                 =          1
lrefine_min_init            =          1
max_particles_per_blk       =        100
memory_stat_freq            =     100000
meshcopycount               =          1
min_particles_per_blk       =          1
nbegin                      =          1
nblockx                     =         64 [CHANGED]
nblocky                     =         64 [CHANGED]
nblockz                     =         64 [CHANGED]
nend                        =         60 [CHANGED]
nrefs                       =          2
nsteptotalsts               =          5
order                       =          3 [CHANGED]
outputsplitnum              =          1
plotfileintervalstep        =          0
plotfilenumber              =          0
refine_var_count            =          4
rolling_checkpoint          =      10000
sim_centerrefinelevel       =          1
sim_integralslevel          =         -1
sim_nsubzones               =          7
sweeporder                  =        123
transorder                  =          1
wr_integrals_freq           =          1
limitedslopebeta            =                 0.100E+01
cfl                         =                 0.800E+00
checkpointfileintervaltime  =                 0.000E+00 [CHANGED]
checkpointfileintervalz     =                 0.180+309
cvisc                       =                 0.100E+00
derefine_cutoff_1           =                 0.200E+00
derefine_cutoff_2           =                 0.200E+00
derefine_cutoff_3           =                 0.200E+00
derefine_cutoff_4           =                 0.200E+00
dr_dtmincontinue            =                 0.000E+00
dr_tstepslowstartfactor     =                 0.100E+00
dtinit                      =                 0.100E-09
dtmax                       =                 0.100E+06
dtmin                       =                 0.100E-09
eintswitch                  =                 0.100E-03 [CHANGED]
eos_singlespeciesa          =                 0.100E+01
eos_singlespeciesz          =                 0.100E+01
gamma                       =                 0.140E+01 [CHANGED]
gr_btworkchildscaling       =                 0.100E+01
gr_btworkdefaultleaf        =                 0.200E+01
gr_btworkdefaultpar         =                 0.100E+01
gr_btworklbleaf             =                 0.000E+00
gr_btworklbpar              =                 0.000E+00
gr_btworkubleaf             =                 0.100E+07
gr_btworkubpar              =                 0.100E+07
gr_lrefinemaxredlogbase     =                 0.100E+02
gr_lrefinemaxredradiusfact  =                 0.000E+00
gr_lrefinemaxredtref        =                 0.000E+00
gr_lrefinemaxredtimescale   =                 0.100E+01
gr_lrefmaxtime_1            =                -0.100E+01
gr_lrefmaxtime_10           =                -0.100E+01
gr_lrefmaxtime_11           =                -0.100E+01
gr_lrefmaxtime_12           =                -0.100E+01
gr_lrefmaxtime_13           =                -0.100E+01
gr_lrefmaxtime_14           =                -0.100E+01
gr_lrefmaxtime_15           =                -0.100E+01
gr_lrefmaxtime_16           =                -0.100E+01
gr_lrefmaxtime_17           =                -0.100E+01
gr_lrefmaxtime_18           =                -0.100E+01
gr_lrefmaxtime_19           =                -0.100E+01
gr_lrefmaxtime_2            =                -0.100E+01
gr_lrefmaxtime_20           =                -0.100E+01
gr_lrefmaxtime_3            =                -0.100E+01
gr_lrefmaxtime_4            =                -0.100E+01
gr_lrefmaxtime_5            =                -0.100E+01
gr_lrefmaxtime_6            =                -0.100E+01
gr_lrefmaxtime_7            =                -0.100E+01
gr_lrefmaxtime_8            =                -0.100E+01
gr_lrefmaxtime_9            =                -0.100E+01
hy_cflfallbackfactor        =                 0.900E+00
hy_fpresinmomflux           =                 0.100E+01
hybridorderkappa            =                 0.000E+00
nusts                       =                 0.200E+00 [CHANGED]
plotfileintervaltime        =                 0.000E+00 [CHANGED]
plotfileintervalz           =                 0.180+309
radiusgp                    =                 0.200E+01
refine_cutoff_1             =                 0.800E+00
refine_cutoff_2             =                 0.800E+00
refine_cutoff_3             =                 0.800E+00
refine_cutoff_4             =                 0.800E+00
refine_filter_1             =                 0.100E-01
refine_filter_2             =                 0.100E-01
refine_filter_3             =                 0.100E-01
refine_filter_4             =                 0.100E-01
rss_limit                   =                -0.100E+01
sigmagp                     =                 0.300E+01
sim_derefineradius          =                 0.000E+00
sim_earliestlstime          =                 0.000E+00
sim_expenergy               =                 0.100E+01
sim_largestnormradius       =                 0.180+309
sim_latestlstime            =                 0.180+309
sim_minrhoinit              =                 0.100E-19
sim_pambient                =                 0.100E-04
sim_rinit                   =                 0.137E-01 [CHANGED]
sim_rhoambient              =                 0.100E+01
sim_smallestnormradius      =                 0.000E+00
sim_xctr                    =                 0.500E+00
sim_yctr                    =                 0.500E+00
sim_zctr                    =                 0.500E+00
small                       =                 0.100E-09
smalle                      =                 0.100E-09
smallp                      =                 0.100E-09
smallt                      =                 0.100E-09
smallu                      =                 0.100E-09
smallx                      =                 0.100E-09
smlrho                      =                 0.100E-09
tinitial                    =                 0.000E+00
tiny                        =                 0.100E-15
tmax                        =                 0.500E+06 [CHANGED]
tstep_change_factor         =                 0.200E+01
wall_clock_checkpoint       =                 0.432E+05
wall_clock_time_limit       =                 0.605E+06
x_refine_center             =                 0.000E+00
xmax                        =                 0.100E+01
xmin                        =                 0.000E+00
y_refine_center             =                 0.000E+00
ymax                        =                 0.100E+01
ymin                        =                 0.000E+00
zfinal                      =                 0.000E+00
zinitial                    =                -0.100E+01
z_refine_center             =                 0.000E+00
zmax                        =                 0.100E+01
zmin                        =                 0.000E+00
riemannsolver               = Roe                            [CHANGED]
unitsystem                  = none                          
basenm                      = sedov_                         [CHANGED]
entropyfixmethod            = HARTENHYMAN                   
eosmode                     = dens_ie                       
eosmodeinit                 = dens_ie                       
geometry                    = cartesian                     
gr_pmrpoutputdir            = ./                            
grav_boundary_type          = isolated                      
hy_eosmodegc                = see eosMode                   
log_file                    = sedov.log                      [CHANGED]
output_directory            =                               
pc_unitsbase                = CGS                           
plot_grid_var_1             = none                          
plot_grid_var_10            = none                          
plot_grid_var_11            = none                          
plot_grid_var_12            = none                          
plot_grid_var_13            = none                          
plot_grid_var_14            = none                          
plot_grid_var_15            = none                          
plot_grid_var_16            = none                          
plot_grid_var_17            = none                          
plot_grid_var_18            = none                          
plot_grid_var_19            = none                          
plot_grid_var_2             = none                          
plot_grid_var_20            = none                          
plot_grid_var_21            = none                          
plot_grid_var_22            = none                          
plot_grid_var_23            = none                          
plot_grid_var_24            = none                          
plot_grid_var_25            = none                          
plot_grid_var_26            = none                          
plot_grid_var_27            = none                          
plot_grid_var_28            = none                          
plot_grid_var_29            = none                          
plot_grid_var_3             = none                          
plot_grid_var_30            = none                          
plot_grid_var_31            = none                          
plot_grid_var_32            = none                          
plot_grid_var_33            = none                          
plot_grid_var_34            = none                          
plot_grid_var_35            = none                          
plot_grid_var_36            = none                          
plot_grid_var_37            = none                          
plot_grid_var_38            = none                          
plot_grid_var_39            = none                          
plot_grid_var_4             = none                          
plot_grid_var_40            = none                          
plot_grid_var_41            = none                          
plot_grid_var_42            = none                          
plot_grid_var_43            = none                          
plot_grid_var_44            = none                          
plot_grid_var_45            = none                          
plot_grid_var_46            = none                          
plot_grid_var_47            = none                          
plot_grid_var_48            = none                          
plot_grid_var_49            = none                          
plot_grid_var_5             = none                          
plot_grid_var_50            = none                          
plot_grid_var_51            = none                          
plot_grid_var_52            = none                          
plot_grid_var_53            = none                          
plot_grid_var_54            = none                          
plot_grid_var_55            = none                          
plot_grid_var_56            = none                          
plot_grid_var_57            = none                          
plot_grid_var_58            = none                          
plot_grid_var_59            = none                          
plot_grid_var_6             = none                          
plot_grid_var_60            = none                          
plot_grid_var_61            = none                          
plot_grid_var_62            = none                          
plot_grid_var_63            = none                          
plot_grid_var_64            = none                          
plot_grid_var_65            = none                          
plot_grid_var_66            = none                          
plot_grid_var_67            = none                          
plot_grid_var_68            = none                          
plot_grid_var_69            = none                          
plot_grid_var_7             = none                          
plot_grid_var_70            = none                          
plot_grid_var_71            = none                          
plot_grid_var_72            = none                          
plot_grid_var_73            = none                          
plot_grid_var_74            = none                          
plot_grid_var_75            = none                          
plot_grid_var_76            = none                          
plot_grid_var_77            = none                          
plot_grid_var_78            = none                          
plot_grid_var_8             = none                          
plot_grid_var_9             = none                          
plot_var_1                  = dens                           [CHANGED]
plot_var_10                 = none                          
plot_var_11                 = none                          
plot_var_12                 = none                          
plot_var_13                 = none                          
plot_var_14                 = none                          
plot_var_15                 = none                          
plot_var_16                 = none                          
plot_var_17                 = none                          
plot_var_18                 = none                          
plot_var_2                  = pres                           [CHANGED]
plot_var_3                  = temp                           [CHANGED]
plot_var_4                  = none                          
plot_var_5                  = none                          
plot_var_6                  = none                          
plot_var_7                  = none                          
plot_var_8                  = none                          
plot_var_9                  = none                          
prof_file                   = profile.dat                   
refine_var_1                = dens                           [CHANGED]
refine_var_2                = pres                           [CHANGED]
refine_var_3                = none                          
refine_var_4                = none                          
run_comment                 = Sedov explosion                [CHANGED]
run_number                  = 1                             
sim_proffilename            = /dev/null                      [CHANGED]
slopelimiter                = mc                             [CHANGED]
stats_file                  = flashx.dat                    
wenomethod                  = WENO5                         
xl_boundary_type            = outflow                        [CHANGED]
xr_boundary_type            = outflow                        [CHANGED]
yl_boundary_type            = outflow                        [CHANGED]
yr_boundary_type            = outflow                        [CHANGED]
zl_boundary_type            = outflow                        [CHANGED]
zr_boundary_type            = outflow                        [CHANGED]
csvsummaryallprocs          =  F
eosforriemann               =  F
logsummaryallprocs          =  F
addthermalflux              =  T
allowdtstsdominate          =  F
alwayscomputeuservars       =  T
alwaysrestrictcheckpoint    =  T
charlimiting                =  T
chkguardcellsinput          =  F
chkguardcellsoutput         =  F
conserveangmom              =  F
converttoconsvdformeshcalls =  F
converttoconsvdinmeshinterp =  T
corners                     =  F
dr_printtsteploc            =  T
dr_shortenlaststepbeforetmax =  F
drift_tuples                =  F
eachprocwritesownabortlog   =  F
eachprocwritessummary       =  F
earlyblockdistadjustment    =  T
enablemaskedgcfill          =  F
entropy                     =  F
flux_correct                =  T
flux_correct_perlevel       =  F
geometryoverride            =  F
gr_bcenableapplymixedgds    =  T
gr_bndgcfillneedsprimitivevars =  T
gr_btcustomwork             =  F
gr_btexchangework           =  F
gr_btsortbywork             =  T
gr_enabletiling             =  F
gr_lrefinemaxbytime         =  F
gr_lrefinemaxreddobylogr    =  F
gr_lrefinemaxreddobytime    =  F
gr_pmrpadvancealllevels     =  F
gr_pmrpamrerrorchecking     =  F
gr_pmrpcartesianpm          =  F
gr_pmrpconserve             =  F
gr_pmrpconsvfluxdensities   =  T
gr_pmrpconsvfluxes          =  F
gr_pmrpcurvilinear          =  F
gr_pmrpcurvilinearconserve  =  F
gr_pmrpcylindricalpm        =  F
gr_pmrpdiagonals            =  T
gr_pmrpedgevalue            =  T
gr_pmrpedgevalueinteg       =  F
gr_pmrpemptycells           =  F
gr_pmrpforceconsistency     =  T
gr_pmrplsingularline        =  F
gr_pmrpnopermanentguardcells =  F
gr_pmrppolarpm              =  F
gr_pmrppredcorr             =  F
gr_pmrpsphericalpm          =  F
gr_pmrptimingmpi            =  F
gr_pmrptimingmpix           =  F
gr_pmrpvardt                =  F
gr_usetiling                =  F
hy_fallbacklowercfl         =  F
hy_fullspecmsfluxhandling   =  T
hy_usetiling                =  F
ignoreforcedplot            =  F
io_writemscalarintegrals    =  F
plotfilegridquantitydp      =  F
plotfilemetadatadp          =  F
reducegcellfills            =  F
refine_on_particle_count    =  F
restart                     =  F
shockdetect                 =  F
shocklowercfl               =  F
sim_bcsetbdryvar            =  F
sim_forcecenterderefine     =  F
sim_onelevelintegralsonly   =  F
summaryoutputonly           =  F
threadblocklistbuild        =  F
threaddelepblocklist        =  F
threaddelepwithinblock      =  F
threaddriverblocklist       =  F
threaddriverwithinblock     =  F
threadeoswithinblock        =  F
threadhydroblocklist        =  F
threadhydrowithinblock      =  F
threadraytracebuild         =  F
threadwithinblockbuild      =  F
tmr_suppressinparallel      =  F
typematchedxfer             =  T
unbiased_geometry           =  F
updatehydrofluxes           =  T
useburn                     =  F
usecollectivehdf5           =  T
usedeleptonize              =  F
usegravity                  =  F
useheatad                   =  F
useheater                   =  F
usehydro                    =  T
useimbound                  =  F
useincompns                 =  F
useinlet                    =  F
uselegacylabels             =  T
usemultiphase               =  F
useorchestration            =  F
useoutlet                   =  F
useparticles                =  F
useradtrans                 =  F
usests                      =  F
usestsfordiffusion          =  F
usesolidmechanics           =  F
use_3dfullctu               =  T
use_auxeinteqn              =  T
use_avisc                   =  T [CHANGED]
use_cma_advection           =  F
use_cma_flattening          =  F
use_flash_surr_blks_fill    =  T
use_flattening              =  F
use_gravhalfupdate          =  T
use_hybridorder             =  F
use_reduced_orrery          =  T
use_steepening              =  F
use_upwindtvd               =  F
writestatsummary            =  T
                                                                               
 ==============================================================================
                                                                               
 Known units of measurement:
                                                                               
              Unit                          CGS Value                Base Unit
  1                  cm                     1.0000                           cm
  2                   s                     1.0000                            s
  3                   g                     1.0000                            g
  4                   K                     1.0000                            K
  5                 esu                     1.0000                          esu
  6                 mol                     1.0000                          mol
  7                   m                     100.00                           cm
  8                  km                    1.00000E+05                       cm
  9                  pc                    3.08568E+18                       cm
 10                 kpc                    3.08568E+21                       cm
 11                 Mpc                    3.08568E+24                       cm
 12                 Gpc                    3.08568E+27                       cm
 13                Rsun                    6.96000E+10                       cm
 14                  AU                    1.49598E+13                       cm
 15                  yr                    3.15569E+07                        s
 16                 Myr                    3.15569E+13                        s
 17                 Gyr                    3.15569E+16                        s
 18                  kg                     1000.0                            g
 19                Msun                    1.98892E+33                        g
 20                 amu                    1.66054E-24                        g
 21                  eV                     11605.                            K
 22                   C                    2.99792E+09                      esu
 23                LFLY                    3.08568E+24                       cm
 24                TFLY                    2.05759E+17                        s
 25                MFLY                    9.88470E+45                        g
 26            clLength                    3.08568E+24                       cm
 27              clTime                    3.15569E+16                        s
 28              clMass                    1.98892E+48                        g
 29              clTemp                    1.16045E+07                        K
-----------End of Units--------------------
                                                                               
 Known physical constants:
                                                                               
    Constant Name       Constant Value   cm       s        g        K        esu      mol
  1              Newton    6.67408E-08   3.0     -2.0     -1.0      0.0      0.0      0.0    
  2      speed of light    2.99792E+10   1.0     -1.0      0.0      0.0      0.0      0.0    
  3              Planck    6.62607E-27   2.0     -1.0      1.0      0.0      0.0      0.0    
  4     electron charge    4.80320E-10   0.0      0.0      0.0      0.0      1.0      0.0    
  5       electron mass    9.10938E-28   0.0      0.0      1.0      0.0      0.0      0.0    
  6         proton mass    1.67262E-24   0.0      0.0      1.0      0.0      0.0      0.0    
  7      fine-structure    7.29735E-03   0.0      0.0      0.0      0.0      0.0      0.0    
  8            Avogadro    6.02214E+23   0.0      0.0      0.0      0.0      0.0     -1.0    
  9           Boltzmann    1.38065E-16   2.0     -2.0      1.0     -1.0      0.0      0.0    
 10  ideal gas constant    8.31446E+07   2.0     -2.0      1.0     -1.0      0.0     -1.0    
 11                Wien    0.28978       1.0      0.0      0.0      1.0      0.0      0.0    
 12    Stefan-Boltzmann    5.67037E-05   0.0     -3.0      1.0     -4.0      0.0      0.0    
 13  Radiation Constant    7.56572E-15  -1.0     -2.0      1.0     -4.0      0.0      0.0    
 14                  pi     3.1416       0.0      0.0      0.0      0.0      0.0      0.0    
 15                   e     2.7183       0.0      0.0      0.0      0.0      0.0      0.0    
 16               Euler    0.57722       0.0      0.0      0.0      0.0      0.0      0.0    
 ==============================================================================
                                                                               
 Multifluid database: not configured in
                                                                               
 ==============================================================================
 [ 03-02-2025  00:14:19.588 ] [gr_initGeometry] checking BCs for idir: 1
 [ 03-02-2025  00:14:19.588 ] [gr_initGeometry] checking BCs for idir: 2
 [ 03-02-2025  00:14:19.588 ] [gr_initGeometry] checking BCs for idir: 3
 [ 03-02-2025  00:14:37.587 ] [GRID amr_refine_derefine]: initiating refinement
 [ 03-02-2025  00:14:37.587 ] [GRID amr_refine_derefine]: redist. phase.  tot blks requested: 262144
 [GRID amr_refine_derefine] min blks 73    max blks 74    tot blks 262144
 [GRID amr_refine_derefine] min leaf blks 73    max leaf blks 74    tot leaf blks 262144
 [ 03-02-2025  00:14:39.445 ] [GRID amr_refine_derefine]: refinement complete
 [ 03-02-2025  00:38:36.788 ] [GRID gr_expandDomain]: iteration=1, create level=2
 INFO: Grid_fillGuardCells is ignoring masking.
 [ 03-02-2025  00:39:49.712 ] [mpi_amr_comm_setup]: buffer_dim_send=9172513, buffer_dim_recv=8150953
 [ 03-02-2025  00:39:57.456 ] [GRID amr_refine_derefine]: initiating refinement
 [ 03-02-2025  00:39:57.473 ] [GRID amr_refine_derefine]: redist. phase.  tot blks requested: 262208
 [GRID amr_refine_derefine] min blks 73    max blks 74    tot blks 262208
 [GRID amr_refine_derefine] min leaf blks 72    max leaf blks 74    tot leaf blks 262200
 [ 03-02-2025  00:39:58.202 ] [GRID amr_refine_derefine]: refinement complete
 [ 03-02-2025  00:39:58.208 ] [GRID gr_expandDomain]: iteration=2, create level=3
 [ 03-02-2025  00:41:18.801 ] [GRID amr_refine_derefine]: initiating refinement
 [ 03-02-2025  00:41:18.826 ] [GRID amr_refine_derefine]: redist. phase.  tot blks requested: 263168
 [GRID amr_refine_derefine] min blks 73    max blks 78    tot blks 263168
 [GRID amr_refine_derefine] min leaf blks 68    max leaf blks 74    tot leaf blks 263040
 [ 03-02-2025  00:41:20.703 ] [GRID amr_refine_derefine]: refinement complete
 [ 03-02-2025  00:41:20.709 ] [GRID gr_expandDomain]: iteration=3, create level=4
 [ 03-02-2025  00:42:41.618 ] [GRID amr_refine_derefine]: initiating refinement
 [ 03-02-2025  00:42:41.649 ] [GRID amr_refine_derefine]: redist. phase.  tot blks requested: 266176
 [GRID amr_refine_derefine] min blks 74    max blks 81    tot blks 266176
 [GRID amr_refine_derefine] min leaf blks 68    max leaf blks 75    tot leaf blks 265672
 [ 03-02-2025  00:42:43.471 ] [GRID amr_refine_derefine]: refinement complete
 [ 03-02-2025  00:42:43.477 ] [GRID gr_expandDomain]: iteration=4, create level=5
 [ 03-02-2025  00:43:57.305 ] [mpi_amr_comm_setup]: buffer_dim_send=9836329, buffer_dim_recv=8308021
 [ 03-02-2025  00:44:05.509 ] [GRID amr_refine_derefine]: initiating refinement
 [ 03-02-2025  00:44:05.538 ] [GRID amr_refine_derefine]: redist. phase.  tot blks requested: 277632
 [GRID amr_refine_derefine] min blks 77    max blks 84    tot blks 277632
 [GRID amr_refine_derefine] min leaf blks 71    max leaf blks 78    tot leaf blks 275696
 [ 03-02-2025  00:44:07.466 ] [GRID amr_refine_derefine]: refinement complete
 [ 03-02-2025  00:44:07.472 ] [GRID gr_expandDomain]: iteration=5, create level=6
 [ 03-02-2025  00:45:26.664 ] [mpi_amr_comm_setup]: buffer_dim_send=9533749, buffer_dim_recv=9102145
 [ 03-02-2025  00:45:31.852 ] [GRID amr_refine_derefine]: initiating refinement
 [ 03-02-2025  00:45:31.884 ] [GRID amr_refine_derefine]: redist. phase.  tot blks requested: 318976
 [GRID amr_refine_derefine] min blks 88    max blks 95    tot blks 318976
 [GRID amr_refine_derefine] min leaf blks 80    max leaf blks 89    tot leaf blks 311872
 [ 03-02-2025  00:45:34.749 ] [GRID amr_refine_derefine]: refinement complete
 [ 03-02-2025  00:45:34.756 ] [GRID gr_expandDomain]: iteration=6, create level=6
 [ 03-02-2025  00:47:05.047 ] [mpi_amr_comm_setup]: buffer_dim_send=9570781, buffer_dim_recv=7995733
 [ 03-02-2025  00:47:12.116 ] [GRID gr_expandDomain]: iteration=7, create level=6
 [ 03-02-2025  00:48:49.461 ] [GRID gr_expandDomain]: iteration=8, create level=6
 [ 03-02-2025  00:50:23.192 ] memory: /proc vsize    (MB):     4510.35 (min)       4854.71 (max)       4705.21 (avg)
 [ 03-02-2025  00:50:23.192 ] memory: /proc rss      (MB):     1836.69 (min)       1976.18 (max)       1866.38 (avg)
 [ 03-02-2025  00:50:23.194 ] memory: /proc vsize    (MB):     4510.35 (min)       4854.71 (max)       4705.21 (avg)
 [ 03-02-2025  00:50:23.194 ] memory: /proc rss      (MB):     1836.69 (min)       1976.18 (max)       1866.38 (avg)
 [ 03-02-2025  00:50:23.328 ] memory: /proc vsize    (MB):     4510.35 (min)       4854.71 (max)       4705.21 (avg)
 [ 03-02-2025  00:50:23.328 ] memory: /proc rss      (MB):     1836.69 (min)       1976.18 (max)       1866.38 (avg)
 [ 03-02-2025  00:50:38.511 ] [IO_writeCheckpoint] open: type=checkpoint name=sedov_hdf5_chk_0000
 [ 03-02-2025  00:52:55.574 ] [io_writeData]: wrote  318976          blocks
 [ 03-02-2025  00:52:55.589 ] [IO_writeCheckpoint] close: type=checkpoint name=sedov_hdf5_chk_0000
 [ 03-02-2025  00:52:56.005 ] [IO_writePlotfile] open: type=plotfile name=sedov_hdf5_plt_cnt_0000
 [ 03-02-2025  00:53:11.271 ] [io_writeData]: wrote  318976          blocks
 [ 03-02-2025  00:53:11.281 ] [IO_writePlotfile] close: type=plotfile name=sedov_hdf5_plt_cnt_0000
 [ 03-02-2025  00:53:11.372 ] memory: /proc vsize    (MB):     4536.01 (min)       5007.45 (max)       4729.04 (avg)
 [ 03-02-2025  00:53:11.372 ] memory: /proc rss      (MB):     1843.73 (min)       1983.38 (max)       1876.21 (avg)
 [ 03-02-2025  00:53:11.372 ] [Driver_evolveAll]: Entering evolution loop
 [ 03-02-2025  00:53:11.372 ] step: n=1 t=0.000000E+00 dt=1.000000E-10
 [ 03-02-2025  00:53:43.077 ] step: n=2 t=1.000000E-10 dt=2.000000E-10
 [ 03-02-2025  00:54:35.531 ] step: n=3 t=3.000000E-10 dt=4.000000E-10
 [ 03-02-2025  00:55:07.146 ] step: n=4 t=7.000000E-10 dt=8.000000E-10
 [ 03-02-2025  00:55:59.650 ] step: n=5 t=1.500000E-09 dt=1.600000E-09
 [ 03-02-2025  00:56:31.311 ] step: n=6 t=3.100000E-09 dt=3.200000E-09
 [ 03-02-2025  00:57:23.977 ] step: n=7 t=6.300000E-09 dt=6.400000E-09
 [ 03-02-2025  00:57:55.760 ] step: n=8 t=1.270000E-08 dt=1.280000E-08
 [ 03-02-2025  00:58:48.118 ] [GRID amr_refine_derefine]: initiating refinement
 [ 03-02-2025  00:58:48.141 ] [GRID amr_refine_derefine]: redist. phase.  tot blks requested: 319168
 [GRID amr_refine_derefine] min blks 88    max blks 96    tot blks 319168
 [GRID amr_refine_derefine] min leaf blks 81    max leaf blks 89    tot leaf blks 312040
 [ 03-02-2025  00:58:49.145 ] [GRID amr_refine_derefine]: refinement complete
 [ 03-02-2025  00:58:50.208 ] step: n=9 t=2.550000E-08 dt=2.560000E-08
 [ 03-02-2025  00:59:22.160 ] step: n=10 t=5.110000E-08 dt=5.120000E-08
 [ 03-02-2025  01:00:15.092 ] [GRID amr_refine_derefine]: initiating refinement
 [ 03-02-2025  01:00:15.117 ] [GRID amr_refine_derefine]: redist. phase.  tot blks requested: 319552
 [GRID amr_refine_derefine] min blks 88    max blks 96    tot blks 319552
 [GRID amr_refine_derefine] min leaf blks 81    max leaf blks 89    tot leaf blks 312376
 [ 03-02-2025  01:00:16.287 ] [GRID amr_refine_derefine]: refinement complete
 [ 03-02-2025  01:00:32.311 ] [IO_writeCheckpoint] open: type=checkpoint name=sedov_hdf5_chk_0001
 [ 03-02-2025  01:02:57.877 ] [io_writeData]: wrote  319552          blocks
 [ 03-02-2025  01:03:02.962 ] [IO_writeCheckpoint] close: type=checkpoint name=sedov_hdf5_chk_0001
 [ 03-02-2025  01:03:02.966 ] step: n=11 t=1.023000E-07 dt=5.148208E-08
 [ 03-02-2025  01:03:02.969 ] [mpi_amr_comm_setup]: buffer_dim_send=9562717, buffer_dim_recv=7995733
 [ 03-02-2025  01:03:37.432 ] step: n=12 t=1.537821E-07 dt=5.055515E-08
 [ 03-02-2025  01:04:32.778 ] [GRID amr_refine_derefine]: initiating refinement
 [ 03-02-2025  01:04:32.798 ] [GRID amr_refine_derefine]: redist. phase.  tot blks requested: 320320
 [GRID amr_refine_derefine] min blks 88    max blks 96    tot blks 320320
 [GRID amr_refine_derefine] min leaf blks 81    max leaf blks 89    tot leaf blks 313048
 [ 03-02-2025  01:04:35.695 ] [GRID amr_refine_derefine]: refinement complete
 [ 03-02-2025  01:04:36.978 ] step: n=13 t=2.043372E-07 dt=4.968707E-08
 [ 03-02-2025  01:04:36.978 ] [mpi_amr_comm_setup]: buffer_dim_send=9694309, buffer_dim_recv=7995733
 [ 03-02-2025  01:05:11.350 ] step: n=14 t=2.540243E-07 dt=4.886723E-08
 [ 03-02-2025  01:06:07.162 ] [GRID amr_refine_derefine]: initiating refinement
 [ 03-02-2025  01:06:07.183 ] [GRID amr_refine_derefine]: redist. phase.  tot blks requested: 321472
 [GRID amr_refine_derefine] min blks 88    max blks 96    tot blks 321472
 [GRID amr_refine_derefine] min leaf blks 81    max leaf blks 89    tot leaf blks 314056
 [ 03-02-2025  01:06:12.077 ] [GRID amr_refine_derefine]: refinement complete
 [ 03-02-2025  01:06:13.338 ] step: n=15 t=3.028915E-07 dt=4.807240E-08
 [ 03-02-2025  01:06:13.339 ] [mpi_amr_comm_setup]: buffer_dim_send=10284265, buffer_dim_recv=9480793
 [ 03-02-2025  01:06:47.609 ] step: n=16 t=3.509639E-07 dt=4.731231E-08
 [ 03-02-2025  01:07:44.295 ] [GRID amr_refine_derefine]: initiating refinement
 [ 03-02-2025  01:07:44.315 ] [GRID amr_refine_derefine]: redist. phase.  tot blks requested: 321664
 [GRID amr_refine_derefine] min blks 88    max blks 96    tot blks 321664
 [GRID amr_refine_derefine] min leaf blks 81    max leaf blks 89    tot leaf blks 314224
 [ 03-02-2025  01:07:45.352 ] [GRID amr_refine_derefine]: refinement complete
 [ 03-02-2025  01:07:46.416 ] step: n=17 t=3.982762E-07 dt=4.660259E-08
 [ 03-02-2025  01:08:22.715 ] step: n=18 t=4.448788E-07 dt=4.594186E-08
 [ 03-02-2025  01:09:21.118 ] step: n=19 t=4.908207E-07 dt=4.531939E-08
 [ 03-02-2025  01:09:57.400 ] step: n=20 t=5.361401E-07 dt=4.469658E-08
 [ 03-02-2025  01:11:11.538 ] [IO_writeCheckpoint] open: type=checkpoint name=sedov_hdf5_chk_0002
 [ 03-02-2025  01:14:08.229 ] [io_writeData]: wrote  321664          blocks
 [ 03-02-2025  01:14:13.627 ] [IO_writeCheckpoint] close: type=checkpoint name=sedov_hdf5_chk_0002
 [ 03-02-2025  01:14:13.632 ] step: n=21 t=5.808367E-07 dt=4.410979E-08
 [ 03-02-2025  01:14:47.695 ] step: n=22 t=6.249464E-07 dt=4.356693E-08
 [ 03-02-2025  01:15:42.486 ] [GRID amr_refine_derefine]: initiating refinement
 [ 03-02-2025  01:15:42.506 ] [GRID amr_refine_derefine]: redist. phase.  tot blks requested: 322048
 [GRID amr_refine_derefine] min blks 88    max blks 96    tot blks 322048
 [GRID amr_refine_derefine] min leaf blks 81    max leaf blks 89    tot leaf blks 314560
 [ 03-02-2025  01:15:43.956 ] [GRID amr_refine_derefine]: refinement complete
 [ 03-02-2025  01:15:45.024 ] step: n=23 t=6.685134E-07 dt=4.304799E-08
 [ 03-02-2025  01:15:45.024 ] [mpi_amr_comm_setup]: buffer_dim_send=10218469, buffer_dim_recv=9480793
 [ 03-02-2025  01:16:19.242 ] step: n=24 t=7.115614E-07 dt=4.253934E-08
 [ 03-02-2025  01:17:14.961 ] [GRID amr_refine_derefine]: initiating refinement
 [ 03-02-2025  01:17:14.985 ] [GRID amr_refine_derefine]: redist. phase.  tot blks requested: 322432
 [GRID amr_refine_derefine] min blks 88    max blks 97    tot blks 322432
 [GRID amr_refine_derefine] min leaf blks 81    max leaf blks 89    tot leaf blks 314896
 [ 03-02-2025  01:17:16.442 ] [GRID amr_refine_derefine]: refinement complete
 [ 03-02-2025  01:17:17.706 ] step: n=25 t=7.541007E-07 dt=4.206069E-08
 [ 03-02-2025  01:17:52.165 ] step: n=26 t=7.961614E-07 dt=4.159556E-08
 [ 03-02-2025  01:18:47.932 ] [GRID amr_refine_derefine]: initiating refinement
 [ 03-02-2025  01:18:47.951 ] [GRID amr_refine_derefine]: redist. phase.  tot blks requested: 323200
 [GRID amr_refine_derefine] min blks 89    max blks 97    tot blks 323200
 [GRID amr_refine_derefine] min leaf blks 82    max leaf blks 90    tot leaf blks 315568
 [ 03-02-2025  01:18:50.576 ] [GRID amr_refine_derefine]: refinement complete
 [ 03-02-2025  01:18:52.268 ] step: n=27 t=8.377570E-07 dt=4.109344E-08
 [ 03-02-2025  01:19:26.348 ] step: n=28 t=8.788504E-07 dt=4.059195E-08
 [ 03-02-2025  01:20:22.694 ] step: n=29 t=9.194423E-07 dt=4.009407E-08
 [ 03-02-2025  01:20:57.186 ] step: n=30 t=9.595364E-07 dt=3.963341E-08
 [ 03-02-2025  01:21:53.256 ] [GRID amr_refine_derefine]: initiating refinement
 [ 03-02-2025  01:21:53.278 ] [GRID amr_refine_derefine]: redist. phase.  tot blks requested: 323968
 [GRID amr_refine_derefine] min blks 89    max blks 97    tot blks 323968
 [GRID amr_refine_derefine] min leaf blks 81    max leaf blks 90    tot leaf blks 316240
 [ 03-02-2025  01:21:56.326 ] [GRID amr_refine_derefine]: refinement complete
 [ 03-02-2025  01:22:13.258 ] [IO_writeCheckpoint] open: type=checkpoint name=sedov_hdf5_chk_0003
 [ 03-02-2025  01:25:04.819 ] [io_writeData]: wrote  323968          blocks
 [ 03-02-2025  01:25:12.479 ] [IO_writeCheckpoint] close: type=checkpoint name=sedov_hdf5_chk_0003
 [ 03-02-2025  01:25:12.483 ] step: n=31 t=9.991698E-07 dt=3.921543E-08
 [ 03-02-2025  01:25:12.486 ] [mpi_amr_comm_setup]: buffer_dim_send=10096225, buffer_dim_recv=9480793
 [ 03-02-2025  01:25:50.282 ] step: n=32 t=1.038385E-06 dt=3.883616E-08
 [ 03-02-2025  01:26:49.610 ] [GRID amr_refine_derefine]: initiating refinement
 [ 03-02-2025  01:26:49.631 ] [GRID amr_refine_derefine]: redist. phase.  tot blks requested: 324736
 [GRID amr_refine_derefine] min blks 89    max blks 97    tot blks 324736
 [GRID amr_refine_derefine] min leaf blks 82    max leaf blks 90    tot leaf blks 316912
 [ 03-02-2025  01:26:52.349 ] [GRID amr_refine_derefine]: refinement complete
 [ 03-02-2025  01:26:53.948 ] step: n=33 t=1.077221E-06 dt=3.848919E-08
 [ 03-02-2025  01:26:53.948 ] [mpi_amr_comm_setup]: buffer_dim_send=10631017, buffer_dim_recv=9619165
 [ 03-02-2025  01:27:31.723 ] step: n=34 t=1.115711E-06 dt=3.816827E-08
 [ 03-02-2025  01:28:31.586 ] step: n=35 t=1.153879E-06 dt=3.786364E-08
 [ 03-02-2025  01:29:10.143 ] step: n=36 t=1.191743E-06 dt=3.757623E-08
 [ 03-02-2025  01:30:10.817 ] step: n=37 t=1.229319E-06 dt=3.730651E-08
 [ 03-02-2025  01:30:49.147 ] step: n=38 t=1.266625E-06 dt=3.703419E-08
 [ 03-02-2025  01:31:49.102 ] [GRID amr_refine_derefine]: initiating refinement
 [ 03-02-2025  01:31:49.121 ] [GRID amr_refine_derefine]: redist. phase.  tot blks requested: 324928
 [GRID amr_refine_derefine] min blks 89    max blks 97    tot blks 324928
 [GRID amr_refine_derefine] min leaf blks 82    max leaf blks 90    tot leaf blks 317080
 [ 03-02-2025  01:31:50.216 ] [GRID amr_refine_derefine]: refinement complete
 [ 03-02-2025  01:31:51.293 ] step: n=39 t=1.303659E-06 dt=3.676561E-08
 [ 03-02-2025  01:32:29.511 ] step: n=40 t=1.340425E-06 dt=3.651223E-08
 [ 03-02-2025  01:33:29.483 ] [GRID amr_refine_derefine]: initiating refinement
 [ 03-02-2025  01:33:29.502 ] [GRID amr_refine_derefine]: redist. phase.  tot blks requested: 325120
 [GRID amr_refine_derefine] min blks 89    max blks 97    tot blks 325120
 [GRID amr_refine_derefine] min leaf blks 82    max leaf blks 90    tot leaf blks 317248
 [ 03-02-2025  01:33:30.526 ] [GRID amr_refine_derefine]: refinement complete
 [ 03-02-2025  01:33:47.322 ] [IO_writeCheckpoint] open: type=checkpoint name=sedov_hdf5_chk_0004
 [ 03-02-2025  01:36:32.871 ] [io_writeData]: wrote  325120          blocks
 [ 03-02-2025  01:36:33.809 ] [IO_writeCheckpoint] close: type=checkpoint name=sedov_hdf5_chk_0004
 [ 03-02-2025  01:36:33.813 ] step: n=41 t=1.376937E-06 dt=3.627985E-08
 [ 03-02-2025  01:37:08.734 ] step: n=42 t=1.413217E-06 dt=3.606985E-08
 [ 03-02-2025  01:38:05.448 ] step: n=43 t=1.449287E-06 dt=3.587395E-08
 [ 03-02-2025  01:38:40.396 ] step: n=44 t=1.485161E-06 dt=3.569822E-08
 [ 03-02-2025  01:39:37.729 ] [GRID amr_refine_derefine]: initiating refinement
 [ 03-02-2025  01:39:37.758 ] [GRID amr_refine_derefine]: redist. phase.  tot blks requested: 326272
 [GRID amr_refine_derefine] min blks 89    max blks 97    tot blks 326272
 [GRID amr_refine_derefine] min leaf blks 82    max leaf blks 90    tot leaf blks 318256
 [ 03-02-2025  01:39:42.899 ] [GRID amr_refine_derefine]: refinement complete
 [ 03-02-2025  01:39:44.212 ] step: n=45 t=1.520859E-06 dt=3.554189E-08
 [ 03-02-2025  01:39:44.212 ] [mpi_amr_comm_setup]: buffer_dim_send=10629733, buffer_dim_recv=9619165
 [ 03-02-2025  01:40:19.797 ] step: n=46 t=1.556401E-06 dt=3.540765E-08
 [ 03-02-2025  01:41:17.189 ] step: n=47 t=1.591809E-06 dt=3.530243E-08
 [ 03-02-2025  01:41:53.019 ] step: n=48 t=1.627111E-06 dt=3.520851E-08
 [ 03-02-2025  01:42:50.689 ] step: n=49 t=1.662320E-06 dt=3.512232E-08
 [ 03-02-2025  01:43:25.954 ] step: n=50 t=1.697442E-06 dt=3.506173E-08
 [ 03-02-2025  01:44:23.632 ] [GRID amr_refine_derefine]: initiating refinement
 [ 03-02-2025  01:44:23.666 ] [GRID amr_refine_derefine]: redist. phase.  tot blks requested: 326656
 [GRID amr_refine_derefine] min blks 90    max blks 98    tot blks 326656
 [GRID amr_refine_derefine] min leaf blks 83    max leaf blks 91    tot leaf blks 318592
 [ 03-02-2025  01:44:25.031 ] [GRID amr_refine_derefine]: refinement complete
 [ 03-02-2025  01:44:42.087 ] [IO_writeCheckpoint] open: type=checkpoint name=sedov_hdf5_chk_0005
 [ 03-02-2025  01:47:41.208 ] [io_writeData]: wrote  326656          blocks
 [ 03-02-2025  01:47:41.757 ] [IO_writeCheckpoint] close: type=checkpoint name=sedov_hdf5_chk_0005
 [ 03-02-2025  01:47:41.761 ] step: n=51 t=1.732504E-06 dt=3.502552E-08
 [ 03-02-2025  01:48:17.127 ] step: n=52 t=1.767529E-06 dt=3.500864E-08
 [ 03-02-2025  01:49:13.777 ] [GRID amr_refine_derefine]: initiating refinement
 [ 03-02-2025  01:49:13.806 ] [GRID amr_refine_derefine]: redist. phase.  tot blks requested: 328192
 [GRID amr_refine_derefine] min blks 90    max blks 98    tot blks 328192
 [GRID amr_refine_derefine] min leaf blks 83    max leaf blks 91    tot leaf blks 319936
 [ 03-02-2025  01:49:19.198 ] [GRID amr_refine_derefine]: refinement complete
 [ 03-02-2025  01:49:20.494 ] step: n=53 t=1.802538E-06 dt=3.501215E-08
 [ 03-02-2025  01:49:56.133 ] step: n=54 t=1.837550E-06 dt=3.501823E-08
 [ 03-02-2025  01:50:54.781 ] step: n=55 t=1.872568E-06 dt=3.502558E-08
 [ 03-02-2025  01:51:31.217 ] step: n=56 t=1.907594E-06 dt=3.503618E-08
 [ 03-02-2025  01:52:29.293 ] step: n=57 t=1.942630E-06 dt=3.505074E-08
 [ 03-02-2025  01:53:05.857 ] step: n=58 t=1.977681E-06 dt=3.507960E-08
 [ 03-02-2025  01:54:04.220 ] step: n=59 t=2.012760E-06 dt=3.511136E-08
 [ 03-02-2025  01:54:40.959 ] step: n=60 t=2.047872E-06 dt=3.511160E-08
 [ 03-02-2025  01:55:55.033 ] [IO_writeCheckpoint] open: type=checkpoint name=sedov_hdf5_chk_0006
 [ 03-02-2025  01:58:25.846 ] [io_writeData]: wrote  328192          blocks
 [ 03-02-2025  01:58:27.148 ] [IO_writeCheckpoint] close: type=checkpoint name=sedov_hdf5_chk_0006
 [ 03-02-2025  01:58:27.152 ] [Driver_evolveAll]: Exiting evolution loop
 [ 03-02-2025  01:58:28.236 ] [IO_writePlotfile] open: type=plotfile name=sedov_forced_hdf5_plt_cnt_0000
 [ 03-02-2025  01:58:43.138 ] [io_writeData]: wrote  328192          blocks
 [ 03-02-2025  01:58:43.237 ] [IO_writePlotfile] close: type=plotfile name=sedov_forced_hdf5_plt_cnt_0000
 [ 03-02-2025  01:58:43.239 ] memory: /proc vsize    (MB):     4557.37 (min)       5029.94 (max)       4762.85 (avg)
 [ 03-02-2025  01:58:43.239 ] memory: /proc rss      (MB):     2474.93 (min)       2696.09 (max)       2523.35 (avg)
 ==============================================================================
 perf_summary: code performance summary for process            0
                      beginning : 03-02-2025  00:14:19
                         ending : 03-02-2025  01:58:43
   seconds in monitoring period :             6263.653
      number of evolution steps :                   60
 ------------------------------------------------------------------------------
 accounting unit                       time sec  num calls   secs avg  time pct
 ------------------------------------------------------------------------------
 initialization                       2331.786      1        2331.786    37.227
  eos                                    2.480      8           0.310     0.040
  guardcell internal                    28.479      7           4.068     0.455
   amr_guardcell                        26.746      7           3.821     0.427
   eos gc                                0.001      7           0.000     0.000
  writeCheckpoint                      152.131      1         152.131     2.429
   restrictAll                          14.140      1          14.140     0.226
  writePlotfile                         15.690      1          15.690     0.250
 writePlotfile                          16.061      1          16.061     0.256
 evolution                            3915.779      1        3915.779    62.516
  Hydro                               1590.855     60          26.514    25.398
   Head                                320.364     60           5.339     5.115
    guardcell internal                 320.361     60           5.339     5.115
     amr_guardcell                     295.559     60           4.926     4.719
     eos gc                              0.010     60           0.000     0.000
   compute fluxes                     1213.867     60          20.231    19.380
    hy_computeFluxes                  1213.855   5354           0.227    19.379
     RiemannState                     1065.797   5354           0.199    17.016
     getFaceFlux                       146.912   5354           0.027     2.345
   conserveFluxes                        0.397     60           0.007     0.006
   update solution                      55.524     60           0.925     0.886
    update solution body                55.508   5354           0.010     0.886
     unsplitUpdate                      20.259   5354           0.004     0.323
  sourceTerms                            0.000     60           0.000     0.000
  Particles_advance                      0.000     60           0.000     0.000
  Gravity potential                      0.000     60           0.000     0.000
  IO_output                           1613.049    120          13.442    25.753
   diagnostics                         509.098    120           4.242     8.128
   checkpointing                      1103.898      6         183.983    17.624
    writeCheckpoint                   1103.881      6         183.980    17.624
     restrictAll                        88.345      6          14.724     1.410
  Grid_updateRefinement                704.080     60          11.735    11.241
   eos                                   9.048     15           0.603     0.144
   tree                                695.032     60          11.584    11.096
    markRefineDerefine                 183.355     30           6.112     2.927
     guardcell internal                159.885     30           5.329     2.553
      amr_guardcell                    147.480     30           4.916     2.355
      eos gc                             0.003     30           0.000     0.000
    amr_refine_derefine                500.489     30          16.683     7.990
    updateData                           0.002     30           0.000     0.000
   updateParticleRefinement              0.000     15           0.000     0.000
  Driver_computeDt                       7.718     60           0.129     0.123
 ==============================================================================
 [ 03-02-2025  01:58:43.253 ] [Timers_getSummary]: Not writing timer max/min/avg values because not all processors had same timers
 [ 03-02-2025  01:58:43.253 ] LOGFILE_END: FLASH run complete.
 FLASH log file:  03-02-2025  01:59:19.873    Run number:  1
 ==============================================================================
 Number of MPI tasks:               3584
 MPI version:                          3
 MPI subversion:                       1
 Dimensionality:                       3
 Max Number of Blocks/Proc:          200
 Number x zones:                      32
 Number y zones:                      32
 Number z zones:                      32
 Setup stamp:     Fri Nov 1 14:03:57 2024
 Build stamp:     Fri Nov 1 14:04:23 2024
 System info:     Linux corona211 4.18.0-553.22.1.1toss.t4.x86_64 #1 SMP Tue Sep 24 16:50:00 PDT 2
 Version:         Flash-X 1.0 (heads/main-0-g6040ba49-dirty)                                      
 Build directory: /usr/workspace/ather1/Flash-X/sedov
 Setup syntax:    /usr/workspace/ather1/Flash-X/bin/setup.py Sedov -auto -3d -nxb=32 -nyb=32 -nzb=32 +parallelio -objdir=/usr/workspace/ather1/Flash-X/sedov
 f compiler flags: mpif90 -ggdb -c -O2 -fdefault-real-8 -fdefault-double-8 -Wuninitialized -fallow-argument-mismatch -fallow-argument-mismatch -DMAXBLOCKS=200 -DNXB=32 -DNYB=32 -DNZB=32 -DN_DIM=3
 c compiler flags:    mpicc -I/p/lustre2/ather1/hdf5-1.14.4-3/install/include -DH5_USE_18_API -ggdb -c -O2 -Wuninitialized -D_FORTIFY_SOURCE=2 -DMAXBLOCKS=200 -DNXB=32 -DNYB=32 -DNZB=32 -DN_DIM=3
 ==============================================================================
 Comment:  Sedov explosion
 ==============================================================================
 FLASH Units used:
   Driver/DriverMain/Unsplit
   Grid/GridBoundaryConditions
   Grid/GridMain/AMR/Paramesh4/PM4_package/flash_avoid_orrery
   Grid/GridMain/AMR/Paramesh4/PM4_package/headers
   Grid/GridMain/AMR/Paramesh4/PM4_package/source
   Grid/GridMain/AMR/Paramesh4/PM4_package/utilities/multigrid
   Grid/GridMain/AMR/Paramesh4/interpolation/prolong
   Grid/GridMain/AMR/Paramesh4/levelFlux
   Grid/localAPI
   IO/IOMain/hdf5/parallel/PM
   IO/localAPI
   PhysicalConstants/PhysicalConstantsMain
   RuntimeParameters/RuntimeParametersMain
   Simulation/SimulationMain/Sedov
   TimeAdvance/TimeAdvanceMain/StrangSplit
   flashUtilities/contiguousConversion
   flashUtilities/general
   flashUtilities/interpolation/oneDim
   flashUtilities/nameValueLL
   flashUtilities/sorting/quicksort
   flashUtilities/system/memoryUsage/legacy
   monitors/Logfile/LogfileMain
   monitors/Timers/TimersMain/MPINative
   physics/Eos/EosMain/Gamma
   physics/Hydro/HydroMain/unsplit/OnlyHydro
   physics/Hydro/HydroMain/unsplit/levelFlux
   physics/Hydro/localAPI
 ==============================================================================
 RuntimeParameters:
                                                                               
 ==============================================================================
bndpriorityone              =          1
bndprioritythree            =          3
bndprioritytwo              =          2
checkpointfileintervalstep  =         10 [CHANGED]
checkpointfilenumber        =          0
dr_abortpause               =          2
dr_dtminbelowaction         =          1
drift_break_inst            =          0
drift_trunc_mantissa        =          2
drift_verbose_inst          =          0
eos_entrelescalechoice      =          6
eos_loglevel                =        700
fileformatversion           =          9
forcedplotfilenumber        =          0
gr_lrefmaxtimevalue_1       =         -1
gr_lrefmaxtimevalue_10      =         -1
gr_lrefmaxtimevalue_11      =         -1
gr_lrefmaxtimevalue_12      =         -1
gr_lrefmaxtimevalue_13      =         -1
gr_lrefmaxtimevalue_14      =         -1
gr_lrefmaxtimevalue_15      =         -1
gr_lrefmaxtimevalue_16      =         -1
gr_lrefmaxtimevalue_17      =         -1
gr_lrefmaxtimevalue_18      =         -1
gr_lrefmaxtimevalue_19      =         -1
gr_lrefmaxtimevalue_2       =         -1
gr_lrefmaxtimevalue_20      =         -1
gr_lrefmaxtimevalue_3       =         -1
gr_lrefmaxtimevalue_4       =         -1
gr_lrefmaxtimevalue_5       =         -1
gr_lrefmaxtimevalue_6       =         -1
gr_lrefmaxtimevalue_7       =         -1
gr_lrefmaxtimevalue_8       =         -1
gr_lrefmaxtimevalue_9       =         -1
gr_pmrpdivergencefree       =         -1
gr_pmrpifaceoff             =          0
gr_pmrpl2p5d                =          0
gr_pmrpmaxblocks            =         -1
gr_pmrpmflags               =          1
gr_pmrpnboundaries          =          6
gr_pmrpndim                 =          3
gr_pmrpnedgevar1            =         -1
gr_pmrpnfacevar             =         -1
gr_pmrpnfielddivf           =         -1
gr_pmrpnfluxvar             =         -1
gr_pmrpnguard               =         -1
gr_pmrpnguardwork           =         -1
gr_pmrpnvar                 =         -1
gr_pmrpnvarwork             =          1
gr_pmrpnvarcorn             =          0
gr_pmrpnvaredge             =          0
gr_pmrpnxb                  =         -1
gr_pmrpnyb                  =         -1
gr_pmrpnzb                  =         -1
gr_restrictallmethod        =          3
gr_sanitizedatamode         =          1
gr_sanitizeverbosity        =          5
gr_tilesizex                =         32
gr_tilesizey                =         32
gr_tilesizez                =         32
hy_3torder                  =         -1
hydrocomputedtoption        =         -1
iprocs                      =          1
interpol_order              =          2
irenorm                     =          0
jprocs                      =          1
kprocs                      =          1
lrefine_del                 =          0
lrefine_max                 =          6 [CHANGED]
lrefine_min                 =          1
lrefine_min_init            =          1
max_particles_per_blk       =        100
memory_stat_freq            =     100000
meshcopycount               =          1
min_particles_per_blk       =          1
nbegin                      =          1
nblockx                     =         64 [CHANGED]
nblocky                     =         64 [CHANGED]
nblockz                     =         64 [CHANGED]
nend                        =         60 [CHANGED]
nrefs                       =          2
nsteptotalsts               =          5
order                       =          3 [CHANGED]
outputsplitnum              =          1
plotfileintervalstep        =          0
plotfilenumber              =          0
refine_var_count            =          4
rolling_checkpoint          =      10000
sim_centerrefinelevel       =          1
sim_integralslevel          =         -1
sim_nsubzones               =          7
sweeporder                  =        123
transorder                  =          1
wr_integrals_freq           =          1
limitedslopebeta            =                 0.100E+01
cfl                         =                 0.800E+00
checkpointfileintervaltime  =                 0.000E+00 [CHANGED]
checkpointfileintervalz     =                 0.180+309
cvisc                       =                 0.100E+00
derefine_cutoff_1           =                 0.200E+00
derefine_cutoff_2           =                 0.200E+00
derefine_cutoff_3           =                 0.200E+00
derefine_cutoff_4           =                 0.200E+00
dr_dtmincontinue            =                 0.000E+00
dr_tstepslowstartfactor     =                 0.100E+00
dtinit                      =                 0.100E-09
dtmax                       =                 0.100E+06
dtmin                       =                 0.100E-09
eintswitch                  =                 0.100E-03 [CHANGED]
eos_singlespeciesa          =                 0.100E+01
eos_singlespeciesz          =                 0.100E+01
gamma                       =                 0.140E+01 [CHANGED]
gr_btworkchildscaling       =                 0.100E+01
gr_btworkdefaultleaf        =                 0.200E+01
gr_btworkdefaultpar         =                 0.100E+01
gr_btworklbleaf             =                 0.000E+00
gr_btworklbpar              =                 0.000E+00
gr_btworkubleaf             =                 0.100E+07
gr_btworkubpar              =                 0.100E+07
gr_lrefinemaxredlogbase     =                 0.100E+02
gr_lrefinemaxredradiusfact  =                 0.000E+00
gr_lrefinemaxredtref        =                 0.000E+00
gr_lrefinemaxredtimescale   =                 0.100E+01
gr_lrefmaxtime_1            =                -0.100E+01
gr_lrefmaxtime_10           =                -0.100E+01
gr_lrefmaxtime_11           =                -0.100E+01
gr_lrefmaxtime_12           =                -0.100E+01
gr_lrefmaxtime_13           =                -0.100E+01
gr_lrefmaxtime_14           =                -0.100E+01
gr_lrefmaxtime_15           =                -0.100E+01
gr_lrefmaxtime_16           =                -0.100E+01
gr_lrefmaxtime_17           =                -0.100E+01
gr_lrefmaxtime_18           =                -0.100E+01
gr_lrefmaxtime_19           =                -0.100E+01
gr_lrefmaxtime_2            =                -0.100E+01
gr_lrefmaxtime_20           =                -0.100E+01
gr_lrefmaxtime_3            =                -0.100E+01
gr_lrefmaxtime_4            =                -0.100E+01
gr_lrefmaxtime_5            =                -0.100E+01
gr_lrefmaxtime_6            =                -0.100E+01
gr_lrefmaxtime_7            =                -0.100E+01
gr_lrefmaxtime_8            =                -0.100E+01
gr_lrefmaxtime_9            =                -0.100E+01
hy_cflfallbackfactor        =                 0.900E+00
hy_fpresinmomflux           =                 0.100E+01
hybridorderkappa            =                 0.000E+00
nusts                       =                 0.200E+00 [CHANGED]
plotfileintervaltime        =                 0.000E+00 [CHANGED]
plotfileintervalz           =                 0.180+309
radiusgp                    =                 0.200E+01
refine_cutoff_1             =                 0.800E+00
refine_cutoff_2             =                 0.800E+00
refine_cutoff_3             =                 0.800E+00
refine_cutoff_4             =                 0.800E+00
refine_filter_1             =                 0.100E-01
refine_filter_2             =                 0.100E-01
refine_filter_3             =                 0.100E-01
refine_filter_4             =                 0.100E-01
rss_limit                   =                -0.100E+01
sigmagp                     =                 0.300E+01
sim_derefineradius          =                 0.000E+00
sim_earliestlstime          =                 0.000E+00
sim_expenergy               =                 0.100E+01
sim_largestnormradius       =                 0.180+309
sim_latestlstime            =                 0.180+309
sim_minrhoinit              =                 0.100E-19
sim_pambient                =                 0.100E-04
sim_rinit                   =                 0.137E-01 [CHANGED]
sim_rhoambient              =                 0.100E+01
sim_smallestnormradius      =                 0.000E+00
sim_xctr                    =                 0.500E+00
sim_yctr                    =                 0.500E+00
sim_zctr                    =                 0.500E+00
small                       =                 0.100E-09
smalle                      =                 0.100E-09
smallp                      =                 0.100E-09
smallt                      =                 0.100E-09
smallu                      =                 0.100E-09
smallx                      =                 0.100E-09
smlrho                      =                 0.100E-09
tinitial                    =                 0.000E+00
tiny                        =                 0.100E-15
tmax                        =                 0.500E+06 [CHANGED]
tstep_change_factor         =                 0.200E+01
wall_clock_checkpoint       =                 0.432E+05
wall_clock_time_limit       =                 0.605E+06
x_refine_center             =                 0.000E+00
xmax                        =                 0.100E+01
xmin                        =                 0.000E+00
y_refine_center             =                 0.000E+00
ymax                        =                 0.100E+01
ymin                        =                 0.000E+00
zfinal                      =                 0.000E+00
zinitial                    =                -0.100E+01
z_refine_center             =                 0.000E+00
zmax                        =                 0.100E+01
zmin                        =                 0.000E+00
riemannsolver               = Roe                            [CHANGED]
unitsystem                  = none                          
basenm                      = sedov_                         [CHANGED]
entropyfixmethod            = HARTENHYMAN                   
eosmode                     = dens_ie                       
eosmodeinit                 = dens_ie                       
geometry                    = cartesian                     
gr_pmrpoutputdir            = ./                            
grav_boundary_type          = isolated                      
hy_eosmodegc                = see eosMode                   
log_file                    = sedov.log                      [CHANGED]
output_directory            =                               
pc_unitsbase                = CGS                           
plot_grid_var_1             = none                          
plot_grid_var_10            = none                          
plot_grid_var_11            = none                          
plot_grid_var_12            = none                          
plot_grid_var_13            = none                          
plot_grid_var_14            = none                          
plot_grid_var_15            = none                          
plot_grid_var_16            = none                          
plot_grid_var_17            = none                          
plot_grid_var_18            = none                          
plot_grid_var_19            = none                          
plot_grid_var_2             = none                          
plot_grid_var_20            = none                          
plot_grid_var_21            = none                          
plot_grid_var_22            = none                          
plot_grid_var_23            = none                          
plot_grid_var_24            = none                          
plot_grid_var_25            = none                          
plot_grid_var_26            = none                          
plot_grid_var_27            = none                          
plot_grid_var_28            = none                          
plot_grid_var_29            = none                          
plot_grid_var_3             = none                          
plot_grid_var_30            = none                          
plot_grid_var_31            = none                          
plot_grid_var_32            = none                          
plot_grid_var_33            = none                          
plot_grid_var_34            = none                          
plot_grid_var_35            = none                          
plot_grid_var_36            = none                          
plot_grid_var_37            = none                          
plot_grid_var_38            = none                          
plot_grid_var_39            = none                          
plot_grid_var_4             = none                          
plot_grid_var_40            = none                          
plot_grid_var_41            = none                          
plot_grid_var_42            = none                          
plot_grid_var_43            = none                          
plot_grid_var_44            = none                          
plot_grid_var_45            = none                          
plot_grid_var_46            = none                          
plot_grid_var_47            = none                          
plot_grid_var_48            = none                          
plot_grid_var_49            = none                          
plot_grid_var_5             = none                          
plot_grid_var_50            = none                          
plot_grid_var_51            = none                          
plot_grid_var_52            = none                          
plot_grid_var_53            = none                          
plot_grid_var_54            = none                          
plot_grid_var_55            = none                          
plot_grid_var_56            = none                          
plot_grid_var_57            = none                          
plot_grid_var_58            = none                          
plot_grid_var_59            = none                          
plot_grid_var_6             = none                          
plot_grid_var_60            = none                          
plot_grid_var_61            = none                          
plot_grid_var_62            = none                          
plot_grid_var_63            = none                          
plot_grid_var_64            = none                          
plot_grid_var_65            = none                          
plot_grid_var_66            = none                          
plot_grid_var_67            = none                          
plot_grid_var_68            = none                          
plot_grid_var_69            = none                          
plot_grid_var_7             = none                          
plot_grid_var_70            = none                          
plot_grid_var_71            = none                          
plot_grid_var_72            = none                          
plot_grid_var_73            = none                          
plot_grid_var_74            = none                          
plot_grid_var_75            = none                          
plot_grid_var_76            = none                          
plot_grid_var_77            = none                          
plot_grid_var_78            = none                          
plot_grid_var_8             = none                          
plot_grid_var_9             = none                          
plot_var_1                  = dens                           [CHANGED]
plot_var_10                 = none                          
plot_var_11                 = none                          
plot_var_12                 = none                          
plot_var_13                 = none                          
plot_var_14                 = none                          
plot_var_15                 = none                          
plot_var_16                 = none                          
plot_var_17                 = none                          
plot_var_18                 = none                          
plot_var_2                  = pres                           [CHANGED]
plot_var_3                  = temp                           [CHANGED]
plot_var_4                  = none                          
plot_var_5                  = none                          
plot_var_6                  = none                          
plot_var_7                  = none                          
plot_var_8                  = none                          
plot_var_9                  = none                          
prof_file                   = profile.dat                   
refine_var_1                = dens                           [CHANGED]
refine_var_2                = pres                           [CHANGED]
refine_var_3                = none                          
refine_var_4                = none                          
run_comment                 = Sedov explosion                [CHANGED]
run_number                  = 1                             
sim_proffilename            = /dev/null                      [CHANGED]
slopelimiter                = mc                             [CHANGED]
stats_file                  = flashx.dat                    
wenomethod                  = WENO5                         
xl_boundary_type            = outflow                        [CHANGED]
xr_boundary_type            = outflow                        [CHANGED]
yl_boundary_type            = outflow                        [CHANGED]
yr_boundary_type            = outflow                        [CHANGED]
zl_boundary_type            = outflow                        [CHANGED]
zr_boundary_type            = outflow                        [CHANGED]
csvsummaryallprocs          =  F
eosforriemann               =  F
logsummaryallprocs          =  F
addthermalflux              =  T
allowdtstsdominate          =  F
alwayscomputeuservars       =  T
alwaysrestrictcheckpoint    =  T
charlimiting                =  T
chkguardcellsinput          =  F
chkguardcellsoutput         =  F
conserveangmom              =  F
converttoconsvdformeshcalls =  F
converttoconsvdinmeshinterp =  T
corners                     =  F
dr_printtsteploc            =  T
dr_shortenlaststepbeforetmax =  F
drift_tuples                =  F
eachprocwritesownabortlog   =  F
eachprocwritessummary       =  F
earlyblockdistadjustment    =  T
enablemaskedgcfill          =  F
entropy                     =  F
flux_correct                =  T
flux_correct_perlevel       =  F
geometryoverride            =  F
gr_bcenableapplymixedgds    =  T
gr_bndgcfillneedsprimitivevars =  T
gr_btcustomwork             =  F
gr_btexchangework           =  F
gr_btsortbywork             =  T
gr_enabletiling             =  F
gr_lrefinemaxbytime         =  F
gr_lrefinemaxreddobylogr    =  F
gr_lrefinemaxreddobytime    =  F
gr_pmrpadvancealllevels     =  F
gr_pmrpamrerrorchecking     =  F
gr_pmrpcartesianpm          =  F
gr_pmrpconserve             =  F
gr_pmrpconsvfluxdensities   =  T
gr_pmrpconsvfluxes          =  F
gr_pmrpcurvilinear          =  F
gr_pmrpcurvilinearconserve  =  F
gr_pmrpcylindricalpm        =  F
gr_pmrpdiagonals            =  T
gr_pmrpedgevalue            =  T
gr_pmrpedgevalueinteg       =  F
gr_pmrpemptycells           =  F
gr_pmrpforceconsistency     =  T
gr_pmrplsingularline        =  F
gr_pmrpnopermanentguardcells =  F
gr_pmrppolarpm              =  F
gr_pmrppredcorr             =  F
gr_pmrpsphericalpm          =  F
gr_pmrptimingmpi            =  F
gr_pmrptimingmpix           =  F
gr_pmrpvardt                =  F
gr_usetiling                =  F
hy_fallbacklowercfl         =  F
hy_fullspecmsfluxhandling   =  T
hy_usetiling                =  F
ignoreforcedplot            =  F
io_writemscalarintegrals    =  F
plotfilegridquantitydp      =  F
plotfilemetadatadp          =  F
reducegcellfills            =  F
refine_on_particle_count    =  F
restart                     =  F
shockdetect                 =  F
shocklowercfl               =  F
sim_bcsetbdryvar            =  F
sim_forcecenterderefine     =  F
sim_onelevelintegralsonly   =  F
summaryoutputonly           =  F
threadblocklistbuild        =  F
threaddelepblocklist        =  F
threaddelepwithinblock      =  F
threaddriverblocklist       =  F
threaddriverwithinblock     =  F
threadeoswithinblock        =  F
threadhydroblocklist        =  F
threadhydrowithinblock      =  F
threadraytracebuild         =  F
threadwithinblockbuild      =  F
tmr_suppressinparallel      =  F
typematchedxfer             =  T
unbiased_geometry           =  F
updatehydrofluxes           =  T
useburn                     =  F
usecollectivehdf5           =  T
usedeleptonize              =  F
usegravity                  =  F
useheatad                   =  F
useheater                   =  F
usehydro                    =  T
useimbound                  =  F
useincompns                 =  F
useinlet                    =  F
uselegacylabels             =  T
usemultiphase               =  F
useorchestration            =  F
useoutlet                   =  F
useparticles                =  F
useradtrans                 =  F
usests                      =  F
usestsfordiffusion          =  F
usesolidmechanics           =  F
use_3dfullctu               =  T
use_auxeinteqn              =  T
use_avisc                   =  T [CHANGED]
use_cma_advection           =  F
use_cma_flattening          =  F
use_flash_surr_blks_fill    =  T
use_flattening              =  F
use_gravhalfupdate          =  T
use_hybridorder             =  F
use_reduced_orrery          =  T
use_steepening              =  F
use_upwindtvd               =  F
writestatsummary            =  T
                                                                               
 ==============================================================================
                                                                               
 Known units of measurement:
                                                                               
              Unit                          CGS Value                Base Unit
  1                  cm                     1.0000                           cm
  2                   s                     1.0000                            s
  3                   g                     1.0000                            g
  4                   K                     1.0000                            K
  5                 esu                     1.0000                          esu
  6                 mol                     1.0000                          mol
  7                   m                     100.00                           cm
  8                  km                    1.00000E+05                       cm
  9                  pc                    3.08568E+18                       cm
 10                 kpc                    3.08568E+21                       cm
 11                 Mpc                    3.08568E+24                       cm
 12                 Gpc                    3.08568E+27                       cm
 13                Rsun                    6.96000E+10                       cm
 14                  AU                    1.49598E+13                       cm
 15                  yr                    3.15569E+07                        s
 16                 Myr                    3.15569E+13                        s
 17                 Gyr                    3.15569E+16                        s
 18                  kg                     1000.0                            g
 19                Msun                    1.98892E+33                        g
 20                 amu                    1.66054E-24                        g
 21                  eV                     11605.                            K
 22                   C                    2.99792E+09                      esu
 23                LFLY                    3.08568E+24                       cm
 24                TFLY                    2.05759E+17                        s
 25                MFLY                    9.88470E+45                        g
 26            clLength                    3.08568E+24                       cm
 27              clTime                    3.15569E+16                        s
 28              clMass                    1.98892E+48                        g
 29              clTemp                    1.16045E+07                        K
-----------End of Units--------------------
                                                                               
 Known physical constants:
                                                                               
    Constant Name       Constant Value   cm       s        g        K        esu      mol
  1              Newton    6.67408E-08   3.0     -2.0     -1.0      0.0      0.0      0.0    
  2      speed of light    2.99792E+10   1.0     -1.0      0.0      0.0      0.0      0.0    
  3              Planck    6.62607E-27   2.0     -1.0      1.0      0.0      0.0      0.0    
  4     electron charge    4.80320E-10   0.0      0.0      0.0      0.0      1.0      0.0    
  5       electron mass    9.10938E-28   0.0      0.0      1.0      0.0      0.0      0.0    
  6         proton mass    1.67262E-24   0.0      0.0      1.0      0.0      0.0      0.0    
  7      fine-structure    7.29735E-03   0.0      0.0      0.0      0.0      0.0      0.0    
  8            Avogadro    6.02214E+23   0.0      0.0      0.0      0.0      0.0     -1.0    
  9           Boltzmann    1.38065E-16   2.0     -2.0      1.0     -1.0      0.0      0.0    
 10  ideal gas constant    8.31446E+07   2.0     -2.0      1.0     -1.0      0.0     -1.0    
 11                Wien    0.28978       1.0      0.0      0.0      1.0      0.0      0.0    
 12    Stefan-Boltzmann    5.67037E-05   0.0     -3.0      1.0     -4.0      0.0      0.0    
 13  Radiation Constant    7.56572E-15  -1.0     -2.0      1.0     -4.0      0.0      0.0    
 14                  pi     3.1416       0.0      0.0      0.0      0.0      0.0      0.0    
 15                   e     2.7183       0.0      0.0      0.0      0.0      0.0      0.0    
 16               Euler    0.57722       0.0      0.0      0.0      0.0      0.0      0.0    
 ==============================================================================
                                                                               
 Multifluid database: not configured in
                                                                               
 ==============================================================================
 [ 03-02-2025  01:59:19.875 ] [gr_initGeometry] checking BCs for idir: 1
 [ 03-02-2025  01:59:19.875 ] [gr_initGeometry] checking BCs for idir: 2
 [ 03-02-2025  01:59:19.875 ] [gr_initGeometry] checking BCs for idir: 3
 [ 03-02-2025  01:59:37.834 ] [GRID amr_refine_derefine]: initiating refinement
 [ 03-02-2025  01:59:37.834 ] [GRID amr_refine_derefine]: redist. phase.  tot blks requested: 262144
 [GRID amr_refine_derefine] min blks 73    max blks 74    tot blks 262144
 [GRID amr_refine_derefine] min leaf blks 73    max leaf blks 74    tot leaf blks 262144
 [ 03-02-2025  01:59:39.688 ] [GRID amr_refine_derefine]: refinement complete
 [ 03-02-2025  02:23:36.669 ] [GRID gr_expandDomain]: iteration=1, create level=2
 INFO: Grid_fillGuardCells is ignoring masking.
 [ 03-02-2025  02:24:49.511 ] [mpi_amr_comm_setup]: buffer_dim_send=9172513, buffer_dim_recv=8150953
 [ 03-02-2025  02:24:57.323 ] [GRID amr_refine_derefine]: initiating refinement
 [ 03-02-2025  02:24:57.345 ] [GRID amr_refine_derefine]: redist. phase.  tot blks requested: 262208
 [GRID amr_refine_derefine] min blks 73    max blks 74    tot blks 262208
 [GRID amr_refine_derefine] min leaf blks 72    max leaf blks 74    tot leaf blks 262200
 [ 03-02-2025  02:24:58.073 ] [GRID amr_refine_derefine]: refinement complete
 [ 03-02-2025  02:24:58.078 ] [GRID gr_expandDomain]: iteration=2, create level=3
 [ 03-02-2025  02:26:18.672 ] [GRID amr_refine_derefine]: initiating refinement
 [ 03-02-2025  02:26:18.698 ] [GRID amr_refine_derefine]: redist. phase.  tot blks requested: 263168
 [GRID amr_refine_derefine] min blks 73    max blks 78    tot blks 263168
 [GRID amr_refine_derefine] min leaf blks 68    max leaf blks 74    tot leaf blks 263040
 [ 03-02-2025  02:26:20.532 ] [GRID amr_refine_derefine]: refinement complete
 [ 03-02-2025  02:26:20.537 ] [GRID gr_expandDomain]: iteration=3, create level=4
 [ 03-02-2025  02:27:41.479 ] [GRID amr_refine_derefine]: initiating refinement
 [ 03-02-2025  02:27:41.514 ] [GRID amr_refine_derefine]: redist. phase.  tot blks requested: 266176
 [GRID amr_refine_derefine] min blks 74    max blks 81    tot blks 266176
 [GRID amr_refine_derefine] min leaf blks 68    max leaf blks 75    tot leaf blks 265672
 [ 03-02-2025  02:27:43.356 ] [GRID amr_refine_derefine]: refinement complete
 [ 03-02-2025  02:27:43.362 ] [GRID gr_expandDomain]: iteration=4, create level=5
 [ 03-02-2025  02:28:57.175 ] [mpi_amr_comm_setup]: buffer_dim_send=9836329, buffer_dim_recv=8308021
 [ 03-02-2025  02:29:05.373 ] [GRID amr_refine_derefine]: initiating refinement
 [ 03-02-2025  02:29:05.403 ] [GRID amr_refine_derefine]: redist. phase.  tot blks requested: 277632
 [GRID amr_refine_derefine] min blks 77    max blks 84    tot blks 277632
 [GRID amr_refine_derefine] min leaf blks 71    max leaf blks 78    tot leaf blks 275696
 [ 03-02-2025  02:29:07.332 ] [GRID amr_refine_derefine]: refinement complete
 [ 03-02-2025  02:29:07.341 ] [GRID gr_expandDomain]: iteration=5, create level=6
 [ 03-02-2025  02:30:26.489 ] [mpi_amr_comm_setup]: buffer_dim_send=9533749, buffer_dim_recv=9102145
 [ 03-02-2025  02:30:31.738 ] [GRID amr_refine_derefine]: initiating refinement
 [ 03-02-2025  02:30:31.770 ] [GRID amr_refine_derefine]: redist. phase.  tot blks requested: 318976
 [GRID amr_refine_derefine] min blks 88    max blks 95    tot blks 318976
 [GRID amr_refine_derefine] min leaf blks 80    max leaf blks 89    tot leaf blks 311872
 [ 03-02-2025  02:30:34.620 ] [GRID amr_refine_derefine]: refinement complete
 [ 03-02-2025  02:30:34.626 ] [GRID gr_expandDomain]: iteration=6, create level=6
 [ 03-02-2025  02:32:02.232 ] [mpi_amr_comm_setup]: buffer_dim_send=9570781, buffer_dim_recv=7995733
 [ 03-02-2025  02:32:11.980 ] [GRID gr_expandDomain]: iteration=7, create level=6
 [ 03-02-2025  02:33:49.350 ] [GRID gr_expandDomain]: iteration=8, create level=6
 [ 03-02-2025  02:35:23.064 ] memory: /proc vsize    (MB):     4524.54 (min)       4856.12 (max)       4704.70 (avg)
 [ 03-02-2025  02:35:23.065 ] memory: /proc rss      (MB):     1836.79 (min)       1978.27 (max)       1866.07 (avg)
 [ 03-02-2025  02:35:23.066 ] memory: /proc vsize    (MB):     4524.54 (min)       4856.12 (max)       4704.70 (avg)
 [ 03-02-2025  02:35:23.066 ] memory: /proc rss      (MB):     1836.79 (min)       1978.27 (max)       1866.07 (avg)
 [ 03-02-2025  02:35:23.198 ] memory: /proc vsize    (MB):     4524.54 (min)       4856.12 (max)       4704.70 (avg)
 [ 03-02-2025  02:35:23.198 ] memory: /proc rss      (MB):     1836.79 (min)       1978.27 (max)       1866.07 (avg)
 [ 03-02-2025  02:35:38.127 ] [IO_writeCheckpoint] open: type=checkpoint name=sedov_hdf5_chk_0000
 [ 03-02-2025  02:37:33.427 ] [io_writeData]: wrote  318976          blocks
 [ 03-02-2025  02:37:33.445 ] [IO_writeCheckpoint] close: type=checkpoint name=sedov_hdf5_chk_0000
 [ 03-02-2025  02:37:34.281 ] [IO_writePlotfile] open: type=plotfile name=sedov_hdf5_plt_cnt_0000
 [ 03-02-2025  02:37:46.913 ] [io_writeData]: wrote  318976          blocks
 [ 03-02-2025  02:37:46.936 ] [IO_writePlotfile] close: type=plotfile name=sedov_hdf5_plt_cnt_0000
 [ 03-02-2025  02:37:46.939 ] memory: /proc vsize    (MB):     4575.77 (min)       5008.08 (max)       4728.79 (avg)
 [ 03-02-2025  02:37:46.939 ] memory: /proc rss      (MB):     1843.79 (min)       1985.00 (max)       1875.70 (avg)
 [ 03-02-2025  02:37:46.939 ] [Driver_evolveAll]: Entering evolution loop
 [ 03-02-2025  02:37:46.939 ] step: n=1 t=0.000000E+00 dt=1.000000E-10
 [ 03-02-2025  02:38:18.670 ] step: n=2 t=1.000000E-10 dt=2.000000E-10
 [ 03-02-2025  02:39:11.009 ] step: n=3 t=3.000000E-10 dt=4.000000E-10
 [ 03-02-2025  02:39:42.615 ] step: n=4 t=7.000000E-10 dt=8.000000E-10
 [ 03-02-2025  02:40:35.069 ] step: n=5 t=1.500000E-09 dt=1.600000E-09
 [ 03-02-2025  02:41:06.663 ] step: n=6 t=3.100000E-09 dt=3.200000E-09
 [ 03-02-2025  02:41:59.292 ] step: n=7 t=6.300000E-09 dt=6.400000E-09
 [ 03-02-2025  02:42:30.997 ] step: n=8 t=1.270000E-08 dt=1.280000E-08
 [ 03-02-2025  02:43:23.219 ] [GRID amr_refine_derefine]: initiating refinement
 [ 03-02-2025  02:43:23.236 ] [GRID amr_refine_derefine]: redist. phase.  tot blks requested: 319168
 [GRID amr_refine_derefine] min blks 88    max blks 96    tot blks 319168
 [GRID amr_refine_derefine] min leaf blks 81    max leaf blks 89    tot leaf blks 312040
 [ 03-02-2025  02:43:24.259 ] [GRID amr_refine_derefine]: refinement complete
 [ 03-02-2025  02:43:25.320 ] step: n=9 t=2.550000E-08 dt=2.560000E-08
 [ 03-02-2025  02:43:57.210 ] step: n=10 t=5.110000E-08 dt=5.120000E-08
 [ 03-02-2025  02:44:49.629 ] [GRID amr_refine_derefine]: initiating refinement
 [ 03-02-2025  02:44:49.648 ] [GRID amr_refine_derefine]: redist. phase.  tot blks requested: 319552
 [GRID amr_refine_derefine] min blks 88    max blks 96    tot blks 319552
 [GRID amr_refine_derefine] min leaf blks 81    max leaf blks 89    tot leaf blks 312376
 [ 03-02-2025  02:44:50.818 ] [GRID amr_refine_derefine]: refinement complete
 [ 03-02-2025  02:45:06.836 ] [IO_writeCheckpoint] open: type=checkpoint name=sedov_hdf5_chk_0001
 [ 03-02-2025  02:47:06.327 ] [io_writeData]: wrote  319552          blocks
 [ 03-02-2025  02:47:06.596 ] [IO_writeCheckpoint] close: type=checkpoint name=sedov_hdf5_chk_0001
 [ 03-02-2025  02:47:06.597 ] step: n=11 t=1.023000E-07 dt=5.148208E-08
 [ 03-02-2025  02:47:06.597 ] [mpi_amr_comm_setup]: buffer_dim_send=9562717, buffer_dim_recv=7995733
 [ 03-02-2025  02:47:39.641 ] step: n=12 t=1.537821E-07 dt=5.055515E-08
 [ 03-02-2025  02:48:34.459 ] [GRID amr_refine_derefine]: initiating refinement
 [ 03-02-2025  02:48:34.487 ] [GRID amr_refine_derefine]: redist. phase.  tot blks requested: 320320
 [GRID amr_refine_derefine] min blks 88    max blks 96    tot blks 320320
 [GRID amr_refine_derefine] min leaf blks 81    max leaf blks 89    tot leaf blks 313048
 [ 03-02-2025  02:48:37.420 ] [GRID amr_refine_derefine]: refinement complete
 [ 03-02-2025  02:48:38.707 ] step: n=13 t=2.043372E-07 dt=4.968707E-08
 [ 03-02-2025  02:48:38.708 ] [mpi_amr_comm_setup]: buffer_dim_send=9694309, buffer_dim_recv=7995733
 [ 03-02-2025  02:49:11.991 ] step: n=14 t=2.540243E-07 dt=4.886723E-08
 [ 03-02-2025  02:50:06.788 ] [GRID amr_refine_derefine]: initiating refinement
 [ 03-02-2025  02:50:06.814 ] [GRID amr_refine_derefine]: redist. phase.  tot blks requested: 321472
 [GRID amr_refine_derefine] min blks 88    max blks 96    tot blks 321472
 [GRID amr_refine_derefine] min leaf blks 81    max leaf blks 89    tot leaf blks 314056
 [ 03-02-2025  02:50:10.520 ] [GRID amr_refine_derefine]: refinement complete
 [ 03-02-2025  02:50:11.782 ] step: n=15 t=3.028915E-07 dt=4.807240E-08
 [ 03-02-2025  02:50:11.782 ] [mpi_amr_comm_setup]: buffer_dim_send=10284265, buffer_dim_recv=9480793
 [ 03-02-2025  02:50:45.511 ] step: n=16 t=3.509639E-07 dt=4.731231E-08
 [ 03-02-2025  02:51:41.076 ] [GRID amr_refine_derefine]: initiating refinement
 [ 03-02-2025  02:51:41.098 ] [GRID amr_refine_derefine]: redist. phase.  tot blks requested: 321664
 [GRID amr_refine_derefine] min blks 88    max blks 96    tot blks 321664
 [GRID amr_refine_derefine] min leaf blks 81    max leaf blks 89    tot leaf blks 314224
 [ 03-02-2025  02:51:42.082 ] [GRID amr_refine_derefine]: refinement complete
 [ 03-02-2025  02:51:43.148 ] step: n=17 t=3.982762E-07 dt=4.660259E-08
 [ 03-02-2025  02:52:18.599 ] step: n=18 t=4.448788E-07 dt=4.594186E-08
 [ 03-02-2025  02:53:16.007 ] step: n=19 t=4.908207E-07 dt=4.531939E-08
 [ 03-02-2025  02:53:51.635 ] step: n=20 t=5.361401E-07 dt=4.469658E-08
 [ 03-02-2025  02:55:05.087 ] [IO_writeCheckpoint] open: type=checkpoint name=sedov_hdf5_chk_0002
 [ 03-02-2025  02:57:09.694 ] [io_writeData]: wrote  321664          blocks
 [ 03-02-2025  02:57:10.100 ] [IO_writeCheckpoint] close: type=checkpoint name=sedov_hdf5_chk_0002
 [ 03-02-2025  02:57:10.103 ] step: n=21 t=5.808367E-07 dt=4.410979E-08
 [ 03-02-2025  02:57:45.584 ] step: n=22 t=6.249464E-07 dt=4.356693E-08
 [ 03-02-2025  02:58:42.410 ] [GRID amr_refine_derefine]: initiating refinement
 [ 03-02-2025  02:58:42.433 ] [GRID amr_refine_derefine]: redist. phase.  tot blks requested: 322048
 [GRID amr_refine_derefine] min blks 88    max blks 96    tot blks 322048
 [GRID amr_refine_derefine] min leaf blks 81    max leaf blks 89    tot leaf blks 314560
 [ 03-02-2025  02:58:43.974 ] [GRID amr_refine_derefine]: refinement complete
 [ 03-02-2025  02:58:45.043 ] step: n=23 t=6.685134E-07 dt=4.304799E-08
 [ 03-02-2025  02:58:45.043 ] [mpi_amr_comm_setup]: buffer_dim_send=10218469, buffer_dim_recv=9480793
 [ 03-02-2025  02:59:20.291 ] step: n=24 t=7.115614E-07 dt=4.253934E-08
 [ 03-02-2025  03:00:17.077 ] [GRID amr_refine_derefine]: initiating refinement
 [ 03-02-2025  03:00:17.101 ] [GRID amr_refine_derefine]: redist. phase.  tot blks requested: 322432
 [GRID amr_refine_derefine] min blks 88    max blks 97    tot blks 322432
 [GRID amr_refine_derefine] min leaf blks 81    max leaf blks 89    tot leaf blks 314896
 [ 03-02-2025  03:00:18.600 ] [GRID amr_refine_derefine]: refinement complete
 [ 03-02-2025  03:00:19.880 ] step: n=25 t=7.541007E-07 dt=4.206069E-08
 [ 03-02-2025  03:00:55.128 ] step: n=26 t=7.961614E-07 dt=4.159556E-08
 [ 03-02-2025  03:01:51.780 ] [GRID amr_refine_derefine]: initiating refinement
 [ 03-02-2025  03:01:51.803 ] [GRID amr_refine_derefine]: redist. phase.  tot blks requested: 323200
 [GRID amr_refine_derefine] min blks 89    max blks 97    tot blks 323200
 [GRID amr_refine_derefine] min leaf blks 82    max leaf blks 90    tot leaf blks 315568
 [ 03-02-2025  03:01:54.430 ] [GRID amr_refine_derefine]: refinement complete
 [ 03-02-2025  03:01:56.121 ] step: n=27 t=8.377570E-07 dt=4.109344E-08
 [ 03-02-2025  03:02:31.522 ] step: n=28 t=8.788504E-07 dt=4.059195E-08
 [ 03-02-2025  03:03:29.279 ] step: n=29 t=9.194423E-07 dt=4.009407E-08
 [ 03-02-2025  03:04:05.031 ] step: n=30 t=9.595364E-07 dt=3.963341E-08
 [ 03-02-2025  03:05:02.330 ] [GRID amr_refine_derefine]: initiating refinement
 [ 03-02-2025  03:05:02.375 ] [GRID amr_refine_derefine]: redist. phase.  tot blks requested: 323968
 [GRID amr_refine_derefine] min blks 89    max blks 97    tot blks 323968
 [GRID amr_refine_derefine] min leaf blks 81    max leaf blks 90    tot leaf blks 316240
 [ 03-02-2025  03:05:04.827 ] [GRID amr_refine_derefine]: refinement complete
 [ 03-02-2025  03:05:21.471 ] [IO_writeCheckpoint] open: type=checkpoint name=sedov_hdf5_chk_0003
 [ 03-02-2025  03:07:22.826 ] [io_writeData]: wrote  323968          blocks
 [ 03-02-2025  03:07:22.975 ] [IO_writeCheckpoint] close: type=checkpoint name=sedov_hdf5_chk_0003
 [ 03-02-2025  03:07:22.978 ] step: n=31 t=9.991698E-07 dt=3.921543E-08
 [ 03-02-2025  03:07:22.981 ] [mpi_amr_comm_setup]: buffer_dim_send=10096225, buffer_dim_recv=9480793
 [ 03-02-2025  03:07:57.379 ] step: n=32 t=1.038385E-06 dt=3.883616E-08
 [ 03-02-2025  03:08:54.518 ] [GRID amr_refine_derefine]: initiating refinement
 [ 03-02-2025  03:08:54.538 ] [GRID amr_refine_derefine]: redist. phase.  tot blks requested: 324736
 [GRID amr_refine_derefine] min blks 89    max blks 97    tot blks 324736
 [GRID amr_refine_derefine] min leaf blks 82    max leaf blks 90    tot leaf blks 316912
 [ 03-02-2025  03:08:56.911 ] [GRID amr_refine_derefine]: refinement complete
 [ 03-02-2025  03:08:58.512 ] step: n=33 t=1.077221E-06 dt=3.848919E-08
 [ 03-02-2025  03:08:58.513 ] [mpi_amr_comm_setup]: buffer_dim_send=10631017, buffer_dim_recv=9619165
 [ 03-02-2025  03:09:34.608 ] step: n=34 t=1.115711E-06 dt=3.816827E-08
 [ 03-02-2025  03:10:32.611 ] step: n=35 t=1.153879E-06 dt=3.786364E-08
 [ 03-02-2025  03:11:08.442 ] step: n=36 t=1.191743E-06 dt=3.757623E-08
 [ 03-02-2025  03:12:06.270 ] step: n=37 t=1.229319E-06 dt=3.730651E-08
 [ 03-02-2025  03:12:42.447 ] step: n=38 t=1.266625E-06 dt=3.703419E-08
 [ 03-02-2025  03:13:39.743 ] [GRID amr_refine_derefine]: initiating refinement
 [ 03-02-2025  03:13:39.762 ] [GRID amr_refine_derefine]: redist. phase.  tot blks requested: 324928
 [GRID amr_refine_derefine] min blks 89    max blks 97    tot blks 324928
 [GRID amr_refine_derefine] min leaf blks 82    max leaf blks 90    tot leaf blks 317080
 [ 03-02-2025  03:13:40.785 ] [GRID amr_refine_derefine]: refinement complete
 [ 03-02-2025  03:13:41.866 ] step: n=39 t=1.303659E-06 dt=3.676561E-08
 [ 03-02-2025  03:14:18.550 ] step: n=40 t=1.340425E-06 dt=3.651223E-08
 [ 03-02-2025  03:15:17.175 ] [GRID amr_refine_derefine]: initiating refinement
 [ 03-02-2025  03:15:17.200 ] [GRID amr_refine_derefine]: redist. phase.  tot blks requested: 325120
 [GRID amr_refine_derefine] min blks 89    max blks 97    tot blks 325120
 [GRID amr_refine_derefine] min leaf blks 82    max leaf blks 90    tot leaf blks 317248
 [ 03-02-2025  03:15:18.190 ] [GRID amr_refine_derefine]: refinement complete
 [ 03-02-2025  03:15:34.924 ] [IO_writeCheckpoint] open: type=checkpoint name=sedov_hdf5_chk_0004
 [ 03-02-2025  03:17:34.438 ] [io_writeData]: wrote  325120          blocks
 [ 03-02-2025  03:17:34.761 ] [IO_writeCheckpoint] close: type=checkpoint name=sedov_hdf5_chk_0004
 [ 03-02-2025  03:17:34.764 ] step: n=41 t=1.376937E-06 dt=3.627985E-08
 [ 03-02-2025  03:18:10.609 ] step: n=42 t=1.413217E-06 dt=3.606985E-08
 [ 03-02-2025  03:19:08.526 ] step: n=43 t=1.449287E-06 dt=3.587395E-08
 [ 03-02-2025  03:19:44.815 ] step: n=44 t=1.485161E-06 dt=3.569822E-08
 [ 03-02-2025  03:20:42.240 ] [GRID amr_refine_derefine]: initiating refinement
 [ 03-02-2025  03:20:42.265 ] [GRID amr_refine_derefine]: redist. phase.  tot blks requested: 326272
 [GRID amr_refine_derefine] min blks 89    max blks 97    tot blks 326272
 [GRID amr_refine_derefine] min leaf blks 82    max leaf blks 90    tot leaf blks 318256
 [ 03-02-2025  03:20:46.737 ] [GRID amr_refine_derefine]: refinement complete
 [ 03-02-2025  03:20:48.056 ] step: n=45 t=1.520859E-06 dt=3.554189E-08
 [ 03-02-2025  03:20:48.056 ] [mpi_amr_comm_setup]: buffer_dim_send=10629733, buffer_dim_recv=9619165
 [ 03-02-2025  03:21:22.893 ] step: n=46 t=1.556401E-06 dt=3.540765E-08
 [ 03-02-2025  03:22:19.689 ] step: n=47 t=1.591809E-06 dt=3.530243E-08
 [ 03-02-2025  03:22:54.341 ] step: n=48 t=1.627111E-06 dt=3.520851E-08
 [ 03-02-2025  03:23:50.870 ] step: n=49 t=1.662320E-06 dt=3.512232E-08
 [ 03-02-2025  03:24:25.049 ] step: n=50 t=1.697442E-06 dt=3.506173E-08
 [ 03-02-2025  03:25:21.064 ] [GRID amr_refine_derefine]: initiating refinement
 [ 03-02-2025  03:25:21.086 ] [GRID amr_refine_derefine]: redist. phase.  tot blks requested: 326656
 [GRID amr_refine_derefine] min blks 90    max blks 98    tot blks 326656
 [GRID amr_refine_derefine] min leaf blks 83    max leaf blks 91    tot leaf blks 318592
 [ 03-02-2025  03:25:22.419 ] [GRID amr_refine_derefine]: refinement complete
 [ 03-02-2025  03:25:39.368 ] [IO_writeCheckpoint] open: type=checkpoint name=sedov_hdf5_chk_0005
 [ 03-02-2025  03:27:40.218 ] [io_writeData]: wrote  326656          blocks
 [ 03-02-2025  03:27:40.416 ] [IO_writeCheckpoint] close: type=checkpoint name=sedov_hdf5_chk_0005
 [ 03-02-2025  03:27:40.420 ] step: n=51 t=1.732504E-06 dt=3.502552E-08
 [ 03-02-2025  03:28:15.141 ] step: n=52 t=1.767529E-06 dt=3.500864E-08
 [ 03-02-2025  03:29:10.987 ] [GRID amr_refine_derefine]: initiating refinement
 [ 03-02-2025  03:29:11.006 ] [GRID amr_refine_derefine]: redist. phase.  tot blks requested: 328192
 [GRID amr_refine_derefine] min blks 90    max blks 98    tot blks 328192
 [GRID amr_refine_derefine] min leaf blks 83    max leaf blks 91    tot leaf blks 319936
 [ 03-02-2025  03:29:15.615 ] [GRID amr_refine_derefine]: refinement complete
 [ 03-02-2025  03:29:16.917 ] step: n=53 t=1.802538E-06 dt=3.501215E-08
 [ 03-02-2025  03:29:51.547 ] step: n=54 t=1.837550E-06 dt=3.501823E-08
 [ 03-02-2025  03:30:48.506 ] step: n=55 t=1.872568E-06 dt=3.502558E-08
 [ 03-02-2025  03:31:23.697 ] step: n=56 t=1.907594E-06 dt=3.503618E-08
 [ 03-02-2025  03:32:20.876 ] step: n=57 t=1.942630E-06 dt=3.505074E-08
 [ 03-02-2025  03:32:55.926 ] step: n=58 t=1.977681E-06 dt=3.507960E-08
 [ 03-02-2025  03:33:52.966 ] step: n=59 t=2.012760E-06 dt=3.511136E-08
 [ 03-02-2025  03:34:27.836 ] step: n=60 t=2.047872E-06 dt=3.511160E-08
 [ 03-02-2025  03:35:40.778 ] [IO_writeCheckpoint] open: type=checkpoint name=sedov_hdf5_chk_0006
 [ 03-02-2025  03:37:43.152 ] [io_writeData]: wrote  328192          blocks
 [ 03-02-2025  03:37:43.511 ] [IO_writeCheckpoint] close: type=checkpoint name=sedov_hdf5_chk_0006
 [ 03-02-2025  03:37:43.515 ] [Driver_evolveAll]: Exiting evolution loop
 [ 03-02-2025  03:37:44.240 ] [IO_writePlotfile] open: type=plotfile name=sedov_forced_hdf5_plt_cnt_0000
 [ 03-02-2025  03:37:57.183 ] [io_writeData]: wrote  328192          blocks
 [ 03-02-2025  03:37:57.254 ] [IO_writePlotfile] close: type=plotfile name=sedov_forced_hdf5_plt_cnt_0000
 [ 03-02-2025  03:37:57.259 ] memory: /proc vsize    (MB):     4579.90 (min)       5029.77 (max)       4762.71 (avg)
 [ 03-02-2025  03:37:57.259 ] memory: /proc rss      (MB):     2474.62 (min)       2689.21 (max)       2523.24 (avg)
 ==============================================================================
 perf_summary: code performance summary for process            0
                      beginning : 03-02-2025  01:59:19
                         ending : 03-02-2025  03:37:57
   seconds in monitoring period :             5917.387
      number of evolution steps :                   60
 ------------------------------------------------------------------------------
 accounting unit                       time sec  num calls   secs avg  time pct
 ------------------------------------------------------------------------------
 initialization                       2307.066      1        2307.066    38.988
  eos                                    2.447      8           0.306     0.041
  guardcell internal                    28.209      7           4.030     0.477
   amr_guardcell                        26.334      7           3.762     0.445
   eos gc                                0.001      7           0.000     0.000
  writeCheckpoint                      130.117      1         130.117     2.199
   restrictAll                          14.098      1          14.098     0.238
  writePlotfile                         13.487      1          13.487     0.228
 writePlotfile                          13.736      1          13.736     0.232
 evolution                            3596.574      1        3596.574    60.780
  Hydro                               1517.213     60          25.287    25.640
   Head                                313.099     60           5.218     5.291
    guardcell internal                 313.094     60           5.218     5.291
     amr_guardcell                     288.107     60           4.802     4.869
     eos gc                              0.008     60           0.000     0.000
   compute fluxes                     1146.371     60          19.106    19.373
    hy_computeFluxes                  1146.357   5354           0.214    19.373
     RiemannState                      994.712   5354           0.186    16.810
     getFaceFlux                       150.432   5354           0.028     2.542
   conserveFluxes                        0.406     60           0.007     0.007
   update solution                      56.788     60           0.946     0.960
    update solution body                56.772   5354           0.011     0.959
     unsplitUpdate                      20.607   5354           0.004     0.348
  sourceTerms                            0.000     60           0.000     0.000
  Particles_advance                      0.000     60           0.000     0.000
  Gravity potential                      0.000     60           0.000     0.000
  IO_output                           1371.405    120          11.428    23.176
   diagnostics                         548.185    120           4.568     9.264
   checkpointing                       823.161      6         137.193    13.911
    writeCheckpoint                    823.147      6         137.191    13.911
     restrictAll                        88.771      6          14.795     1.500
  Grid_updateRefinement                700.078     60          11.668    11.831
   eos                                   8.979     15           0.599     0.152
   tree                                691.098     60          11.518    11.679
    markRefineDerefine                 179.189     30           5.973     3.028
     guardcell internal                155.515     30           5.184     2.628
      amr_guardcell                    142.952     30           4.765     2.416
      eos gc                             0.003     30           0.000     0.000
    amr_refine_derefine                500.656     30          16.689     8.461
    updateData                           0.002     30           0.000     0.000
   updateParticleRefinement              0.000     15           0.000     0.000
  Driver_computeDt                       7.783     60           0.130     0.132
 ==============================================================================
 [ 03-02-2025  03:37:57.269 ] [Timers_getSummary]: Not writing timer max/min/avg values because not all processors had same timers
 [ 03-02-2025  03:37:57.269 ] LOGFILE_END: FLASH run complete.
 FLASH log file:  03-02-2025  03:38:34.758    Run number:  1
 ==============================================================================
 Number of MPI tasks:               3584
 MPI version:                          3
 MPI subversion:                       1
 Dimensionality:                       3
 Max Number of Blocks/Proc:          200
 Number x zones:                      32
 Number y zones:                      32
 Number z zones:                      32
 Setup stamp:     Fri Nov 1 14:03:57 2024
 Build stamp:     Fri Nov 1 14:04:23 2024
 System info:     Linux corona211 4.18.0-553.22.1.1toss.t4.x86_64 #1 SMP Tue Sep 24 16:50:00 PDT 2
 Version:         Flash-X 1.0 (heads/main-0-g6040ba49-dirty)                                      
 Build directory: /usr/workspace/ather1/Flash-X/sedov
 Setup syntax:    /usr/workspace/ather1/Flash-X/bin/setup.py Sedov -auto -3d -nxb=32 -nyb=32 -nzb=32 +parallelio -objdir=/usr/workspace/ather1/Flash-X/sedov
 f compiler flags: mpif90 -ggdb -c -O2 -fdefault-real-8 -fdefault-double-8 -Wuninitialized -fallow-argument-mismatch -fallow-argument-mismatch -DMAXBLOCKS=200 -DNXB=32 -DNYB=32 -DNZB=32 -DN_DIM=3
 c compiler flags:    mpicc -I/p/lustre2/ather1/hdf5-1.14.4-3/install/include -DH5_USE_18_API -ggdb -c -O2 -Wuninitialized -D_FORTIFY_SOURCE=2 -DMAXBLOCKS=200 -DNXB=32 -DNYB=32 -DNZB=32 -DN_DIM=3
 ==============================================================================
 Comment:  Sedov explosion
 ==============================================================================
 FLASH Units used:
   Driver/DriverMain/Unsplit
   Grid/GridBoundaryConditions
   Grid/GridMain/AMR/Paramesh4/PM4_package/flash_avoid_orrery
   Grid/GridMain/AMR/Paramesh4/PM4_package/headers
   Grid/GridMain/AMR/Paramesh4/PM4_package/source
   Grid/GridMain/AMR/Paramesh4/PM4_package/utilities/multigrid
   Grid/GridMain/AMR/Paramesh4/interpolation/prolong
   Grid/GridMain/AMR/Paramesh4/levelFlux
   Grid/localAPI
   IO/IOMain/hdf5/parallel/PM
   IO/localAPI
   PhysicalConstants/PhysicalConstantsMain
   RuntimeParameters/RuntimeParametersMain
   Simulation/SimulationMain/Sedov
   TimeAdvance/TimeAdvanceMain/StrangSplit
   flashUtilities/contiguousConversion
   flashUtilities/general
   flashUtilities/interpolation/oneDim
   flashUtilities/nameValueLL
   flashUtilities/sorting/quicksort
   flashUtilities/system/memoryUsage/legacy
   monitors/Logfile/LogfileMain
   monitors/Timers/TimersMain/MPINative
   physics/Eos/EosMain/Gamma
   physics/Hydro/HydroMain/unsplit/OnlyHydro
   physics/Hydro/HydroMain/unsplit/levelFlux
   physics/Hydro/localAPI
 ==============================================================================
 RuntimeParameters:
                                                                               
 ==============================================================================
bndpriorityone              =          1
bndprioritythree            =          3
bndprioritytwo              =          2
checkpointfileintervalstep  =         10 [CHANGED]
checkpointfilenumber        =          0
dr_abortpause               =          2
dr_dtminbelowaction         =          1
drift_break_inst            =          0
drift_trunc_mantissa        =          2
drift_verbose_inst          =          0
eos_entrelescalechoice      =          6
eos_loglevel                =        700
fileformatversion           =          9
forcedplotfilenumber        =          0
gr_lrefmaxtimevalue_1       =         -1
gr_lrefmaxtimevalue_10      =         -1
gr_lrefmaxtimevalue_11      =         -1
gr_lrefmaxtimevalue_12      =         -1
gr_lrefmaxtimevalue_13      =         -1
gr_lrefmaxtimevalue_14      =         -1
gr_lrefmaxtimevalue_15      =         -1
gr_lrefmaxtimevalue_16      =         -1
gr_lrefmaxtimevalue_17      =         -1
gr_lrefmaxtimevalue_18      =         -1
gr_lrefmaxtimevalue_19      =         -1
gr_lrefmaxtimevalue_2       =         -1
gr_lrefmaxtimevalue_20      =         -1
gr_lrefmaxtimevalue_3       =         -1
gr_lrefmaxtimevalue_4       =         -1
gr_lrefmaxtimevalue_5       =         -1
gr_lrefmaxtimevalue_6       =         -1
gr_lrefmaxtimevalue_7       =         -1
gr_lrefmaxtimevalue_8       =         -1
gr_lrefmaxtimevalue_9       =         -1
gr_pmrpdivergencefree       =         -1
gr_pmrpifaceoff             =          0
gr_pmrpl2p5d                =          0
gr_pmrpmaxblocks            =         -1
gr_pmrpmflags               =          1
gr_pmrpnboundaries          =          6
gr_pmrpndim                 =          3
gr_pmrpnedgevar1            =         -1
gr_pmrpnfacevar             =         -1
gr_pmrpnfielddivf           =         -1
gr_pmrpnfluxvar             =         -1
gr_pmrpnguard               =         -1
gr_pmrpnguardwork           =         -1
gr_pmrpnvar                 =         -1
gr_pmrpnvarwork             =          1
gr_pmrpnvarcorn             =          0
gr_pmrpnvaredge             =          0
gr_pmrpnxb                  =         -1
gr_pmrpnyb                  =         -1
gr_pmrpnzb                  =         -1
gr_restrictallmethod        =          3
gr_sanitizedatamode         =          1
gr_sanitizeverbosity        =          5
gr_tilesizex                =         32
gr_tilesizey                =         32
gr_tilesizez                =         32
hy_3torder                  =         -1
hydrocomputedtoption        =         -1
iprocs                      =          1
interpol_order              =          2
irenorm                     =          0
jprocs                      =          1
kprocs                      =          1
lrefine_del                 =          0
lrefine_max                 =          6 [CHANGED]
lrefine_min                 =          1
lrefine_min_init            =          1
max_particles_per_blk       =        100
memory_stat_freq            =     100000
meshcopycount               =          1
min_particles_per_blk       =          1
nbegin                      =          1
nblockx                     =         64 [CHANGED]
nblocky                     =         64 [CHANGED]
nblockz                     =         64 [CHANGED]
nend                        =         60 [CHANGED]
nrefs                       =          2
nsteptotalsts               =          5
order                       =          3 [CHANGED]
outputsplitnum              =          1
plotfileintervalstep        =          0
plotfilenumber              =          0
refine_var_count            =          4
rolling_checkpoint          =      10000
sim_centerrefinelevel       =          1
sim_integralslevel          =         -1
sim_nsubzones               =          7
sweeporder                  =        123
transorder                  =          1
wr_integrals_freq           =          1
limitedslopebeta            =                 0.100E+01
cfl                         =                 0.800E+00
checkpointfileintervaltime  =                 0.000E+00 [CHANGED]
checkpointfileintervalz     =                 0.180+309
cvisc                       =                 0.100E+00
derefine_cutoff_1           =                 0.200E+00
derefine_cutoff_2           =                 0.200E+00
derefine_cutoff_3           =                 0.200E+00
derefine_cutoff_4           =                 0.200E+00
dr_dtmincontinue            =                 0.000E+00
dr_tstepslowstartfactor     =                 0.100E+00
dtinit                      =                 0.100E-09
dtmax                       =                 0.100E+06
dtmin                       =                 0.100E-09
eintswitch                  =                 0.100E-03 [CHANGED]
eos_singlespeciesa          =                 0.100E+01
eos_singlespeciesz          =                 0.100E+01
gamma                       =                 0.140E+01 [CHANGED]
gr_btworkchildscaling       =                 0.100E+01
gr_btworkdefaultleaf        =                 0.200E+01
gr_btworkdefaultpar         =                 0.100E+01
gr_btworklbleaf             =                 0.000E+00
gr_btworklbpar              =                 0.000E+00
gr_btworkubleaf             =                 0.100E+07
gr_btworkubpar              =                 0.100E+07
gr_lrefinemaxredlogbase     =                 0.100E+02
gr_lrefinemaxredradiusfact  =                 0.000E+00
gr_lrefinemaxredtref        =                 0.000E+00
gr_lrefinemaxredtimescale   =                 0.100E+01
gr_lrefmaxtime_1            =                -0.100E+01
gr_lrefmaxtime_10           =                -0.100E+01
gr_lrefmaxtime_11           =                -0.100E+01
gr_lrefmaxtime_12           =                -0.100E+01
gr_lrefmaxtime_13           =                -0.100E+01
gr_lrefmaxtime_14           =                -0.100E+01
gr_lrefmaxtime_15           =                -0.100E+01
gr_lrefmaxtime_16           =                -0.100E+01
gr_lrefmaxtime_17           =                -0.100E+01
gr_lrefmaxtime_18           =                -0.100E+01
gr_lrefmaxtime_19           =                -0.100E+01
gr_lrefmaxtime_2            =                -0.100E+01
gr_lrefmaxtime_20           =                -0.100E+01
gr_lrefmaxtime_3            =                -0.100E+01
gr_lrefmaxtime_4            =                -0.100E+01
gr_lrefmaxtime_5            =                -0.100E+01
gr_lrefmaxtime_6            =                -0.100E+01
gr_lrefmaxtime_7            =                -0.100E+01
gr_lrefmaxtime_8            =                -0.100E+01
gr_lrefmaxtime_9            =                -0.100E+01
hy_cflfallbackfactor        =                 0.900E+00
hy_fpresinmomflux           =                 0.100E+01
hybridorderkappa            =                 0.000E+00
nusts                       =                 0.200E+00 [CHANGED]
plotfileintervaltime        =                 0.000E+00 [CHANGED]
plotfileintervalz           =                 0.180+309
radiusgp                    =                 0.200E+01
refine_cutoff_1             =                 0.800E+00
refine_cutoff_2             =                 0.800E+00
refine_cutoff_3             =                 0.800E+00
refine_cutoff_4             =                 0.800E+00
refine_filter_1             =                 0.100E-01
refine_filter_2             =                 0.100E-01
refine_filter_3             =                 0.100E-01
refine_filter_4             =                 0.100E-01
rss_limit                   =                -0.100E+01
sigmagp                     =                 0.300E+01
sim_derefineradius          =                 0.000E+00
sim_earliestlstime          =                 0.000E+00
sim_expenergy               =                 0.100E+01
sim_largestnormradius       =                 0.180+309
sim_latestlstime            =                 0.180+309
sim_minrhoinit              =                 0.100E-19
sim_pambient                =                 0.100E-04
sim_rinit                   =                 0.137E-01 [CHANGED]
sim_rhoambient              =                 0.100E+01
sim_smallestnormradius      =                 0.000E+00
sim_xctr                    =                 0.500E+00
sim_yctr                    =                 0.500E+00
sim_zctr                    =                 0.500E+00
small                       =                 0.100E-09
smalle                      =                 0.100E-09
smallp                      =                 0.100E-09
smallt                      =                 0.100E-09
smallu                      =                 0.100E-09
smallx                      =                 0.100E-09
smlrho                      =                 0.100E-09
tinitial                    =                 0.000E+00
tiny                        =                 0.100E-15
tmax                        =                 0.500E+06 [CHANGED]
tstep_change_factor         =                 0.200E+01
wall_clock_checkpoint       =                 0.432E+05
wall_clock_time_limit       =                 0.605E+06
x_refine_center             =                 0.000E+00
xmax                        =                 0.100E+01
xmin                        =                 0.000E+00
y_refine_center             =                 0.000E+00
ymax                        =                 0.100E+01
ymin                        =                 0.000E+00
zfinal                      =                 0.000E+00
zinitial                    =                -0.100E+01
z_refine_center             =                 0.000E+00
zmax                        =                 0.100E+01
zmin                        =                 0.000E+00
riemannsolver               = Roe                            [CHANGED]
unitsystem                  = none                          
basenm                      = sedov_                         [CHANGED]
entropyfixmethod            = HARTENHYMAN                   
eosmode                     = dens_ie                       
eosmodeinit                 = dens_ie                       
geometry                    = cartesian                     
gr_pmrpoutputdir            = ./                            
grav_boundary_type          = isolated                      
hy_eosmodegc                = see eosMode                   
log_file                    = sedov.log                      [CHANGED]
output_directory            =                               
pc_unitsbase                = CGS                           
plot_grid_var_1             = none                          
plot_grid_var_10            = none                          
plot_grid_var_11            = none                          
plot_grid_var_12            = none                          
plot_grid_var_13            = none                          
plot_grid_var_14            = none                          
plot_grid_var_15            = none                          
plot_grid_var_16            = none                          
plot_grid_var_17            = none                          
plot_grid_var_18            = none                          
plot_grid_var_19            = none                          
plot_grid_var_2             = none                          
plot_grid_var_20            = none                          
plot_grid_var_21            = none                          
plot_grid_var_22            = none                          
plot_grid_var_23            = none                          
plot_grid_var_24            = none                          
plot_grid_var_25            = none                          
plot_grid_var_26            = none                          
plot_grid_var_27            = none                          
plot_grid_var_28            = none                          
plot_grid_var_29            = none                          
plot_grid_var_3             = none                          
plot_grid_var_30            = none                          
plot_grid_var_31            = none                          
plot_grid_var_32            = none                          
plot_grid_var_33            = none                          
plot_grid_var_34            = none                          
plot_grid_var_35            = none                          
plot_grid_var_36            = none                          
plot_grid_var_37            = none                          
plot_grid_var_38            = none                          
plot_grid_var_39            = none                          
plot_grid_var_4             = none                          
plot_grid_var_40            = none                          
plot_grid_var_41            = none                          
plot_grid_var_42            = none                          
plot_grid_var_43            = none                          
plot_grid_var_44            = none                          
plot_grid_var_45            = none                          
plot_grid_var_46            = none                          
plot_grid_var_47            = none                          
plot_grid_var_48            = none                          
plot_grid_var_49            = none                          
plot_grid_var_5             = none                          
plot_grid_var_50            = none                          
plot_grid_var_51            = none                          
plot_grid_var_52            = none                          
plot_grid_var_53            = none                          
plot_grid_var_54            = none                          
plot_grid_var_55            = none                          
plot_grid_var_56            = none                          
plot_grid_var_57            = none                          
plot_grid_var_58            = none                          
plot_grid_var_59            = none                          
plot_grid_var_6             = none                          
plot_grid_var_60            = none                          
plot_grid_var_61            = none                          
plot_grid_var_62            = none                          
plot_grid_var_63            = none                          
plot_grid_var_64            = none                          
plot_grid_var_65            = none                          
plot_grid_var_66            = none                          
plot_grid_var_67            = none                          
plot_grid_var_68            = none                          
plot_grid_var_69            = none                          
plot_grid_var_7             = none                          
plot_grid_var_70            = none                          
plot_grid_var_71            = none                          
plot_grid_var_72            = none                          
plot_grid_var_73            = none                          
plot_grid_var_74            = none                          
plot_grid_var_75            = none                          
plot_grid_var_76            = none                          
plot_grid_var_77            = none                          
plot_grid_var_78            = none                          
plot_grid_var_8             = none                          
plot_grid_var_9             = none                          
plot_var_1                  = dens                           [CHANGED]
plot_var_10                 = none                          
plot_var_11                 = none                          
plot_var_12                 = none                          
plot_var_13                 = none                          
plot_var_14                 = none                          
plot_var_15                 = none                          
plot_var_16                 = none                          
plot_var_17                 = none                          
plot_var_18                 = none                          
plot_var_2                  = pres                           [CHANGED]
plot_var_3                  = temp                           [CHANGED]
plot_var_4                  = none                          
plot_var_5                  = none                          
plot_var_6                  = none                          
plot_var_7                  = none                          
plot_var_8                  = none                          
plot_var_9                  = none                          
prof_file                   = profile.dat                   
refine_var_1                = dens                           [CHANGED]
refine_var_2                = pres                           [CHANGED]
refine_var_3                = none                          
refine_var_4                = none                          
run_comment                 = Sedov explosion                [CHANGED]
run_number                  = 1                             
sim_proffilename            = /dev/null                      [CHANGED]
slopelimiter                = mc                             [CHANGED]
stats_file                  = flashx.dat                    
wenomethod                  = WENO5                         
xl_boundary_type            = outflow                        [CHANGED]
xr_boundary_type            = outflow                        [CHANGED]
yl_boundary_type            = outflow                        [CHANGED]
yr_boundary_type            = outflow                        [CHANGED]
zl_boundary_type            = outflow                        [CHANGED]
zr_boundary_type            = outflow                        [CHANGED]
csvsummaryallprocs          =  F
eosforriemann               =  F
logsummaryallprocs          =  F
addthermalflux              =  T
allowdtstsdominate          =  F
alwayscomputeuservars       =  T
alwaysrestrictcheckpoint    =  T
charlimiting                =  T
chkguardcellsinput          =  F
chkguardcellsoutput         =  F
conserveangmom              =  F
converttoconsvdformeshcalls =  F
converttoconsvdinmeshinterp =  T
corners                     =  F
dr_printtsteploc            =  T
dr_shortenlaststepbeforetmax =  F
drift_tuples                =  F
eachprocwritesownabortlog   =  F
eachprocwritessummary       =  F
earlyblockdistadjustment    =  T
enablemaskedgcfill          =  F
entropy                     =  F
flux_correct                =  T
flux_correct_perlevel       =  F
geometryoverride            =  F
gr_bcenableapplymixedgds    =  T
gr_bndgcfillneedsprimitivevars =  T
gr_btcustomwork             =  F
gr_btexchangework           =  F
gr_btsortbywork             =  T
gr_enabletiling             =  F
gr_lrefinemaxbytime         =  F
gr_lrefinemaxreddobylogr    =  F
gr_lrefinemaxreddobytime    =  F
gr_pmrpadvancealllevels     =  F
gr_pmrpamrerrorchecking     =  F
gr_pmrpcartesianpm          =  F
gr_pmrpconserve             =  F
gr_pmrpconsvfluxdensities   =  T
gr_pmrpconsvfluxes          =  F
gr_pmrpcurvilinear          =  F
gr_pmrpcurvilinearconserve  =  F
gr_pmrpcylindricalpm        =  F
gr_pmrpdiagonals            =  T
gr_pmrpedgevalue            =  T
gr_pmrpedgevalueinteg       =  F
gr_pmrpemptycells           =  F
gr_pmrpforceconsistency     =  T
gr_pmrplsingularline        =  F
gr_pmrpnopermanentguardcells =  F
gr_pmrppolarpm              =  F
gr_pmrppredcorr             =  F
gr_pmrpsphericalpm          =  F
gr_pmrptimingmpi            =  F
gr_pmrptimingmpix           =  F
gr_pmrpvardt                =  F
gr_usetiling                =  F
hy_fallbacklowercfl         =  F
hy_fullspecmsfluxhandling   =  T
hy_usetiling                =  F
ignoreforcedplot            =  F
io_writemscalarintegrals    =  F
plotfilegridquantitydp      =  F
plotfilemetadatadp          =  F
reducegcellfills            =  F
refine_on_particle_count    =  F
restart                     =  F
shockdetect                 =  F
shocklowercfl               =  F
sim_bcsetbdryvar            =  F
sim_forcecenterderefine     =  F
sim_onelevelintegralsonly   =  F
summaryoutputonly           =  F
threadblocklistbuild        =  F
threaddelepblocklist        =  F
threaddelepwithinblock      =  F
threaddriverblocklist       =  F
threaddriverwithinblock     =  F
threadeoswithinblock        =  F
threadhydroblocklist        =  F
threadhydrowithinblock      =  F
threadraytracebuild         =  F
threadwithinblockbuild      =  F
tmr_suppressinparallel      =  F
typematchedxfer             =  T
unbiased_geometry           =  F
updatehydrofluxes           =  T
useburn                     =  F
usecollectivehdf5           =  T
usedeleptonize              =  F
usegravity                  =  F
useheatad                   =  F
useheater                   =  F
usehydro                    =  T
useimbound                  =  F
useincompns                 =  F
useinlet                    =  F
uselegacylabels             =  T
usemultiphase               =  F
useorchestration            =  F
useoutlet                   =  F
useparticles                =  F
useradtrans                 =  F
usests                      =  F
usestsfordiffusion          =  F
usesolidmechanics           =  F
use_3dfullctu               =  T
use_auxeinteqn              =  T
use_avisc                   =  T [CHANGED]
use_cma_advection           =  F
use_cma_flattening          =  F
use_flash_surr_blks_fill    =  T
use_flattening              =  F
use_gravhalfupdate          =  T
use_hybridorder             =  F
use_reduced_orrery          =  T
use_steepening              =  F
use_upwindtvd               =  F
writestatsummary            =  T
                                                                               
 ==============================================================================
                                                                               
 Known units of measurement:
                                                                               
              Unit                          CGS Value                Base Unit
  1                  cm                     1.0000                           cm
  2                   s                     1.0000                            s
  3                   g                     1.0000                            g
  4                   K                     1.0000                            K
  5                 esu                     1.0000                          esu
  6                 mol                     1.0000                          mol
  7                   m                     100.00                           cm
  8                  km                    1.00000E+05                       cm
  9                  pc                    3.08568E+18                       cm
 10                 kpc                    3.08568E+21                       cm
 11                 Mpc                    3.08568E+24                       cm
 12                 Gpc                    3.08568E+27                       cm
 13                Rsun                    6.96000E+10                       cm
 14                  AU                    1.49598E+13                       cm
 15                  yr                    3.15569E+07                        s
 16                 Myr                    3.15569E+13                        s
 17                 Gyr                    3.15569E+16                        s
 18                  kg                     1000.0                            g
 19                Msun                    1.98892E+33                        g
 20                 amu                    1.66054E-24                        g
 21                  eV                     11605.                            K
 22                   C                    2.99792E+09                      esu
 23                LFLY                    3.08568E+24                       cm
 24                TFLY                    2.05759E+17                        s
 25                MFLY                    9.88470E+45                        g
 26            clLength                    3.08568E+24                       cm
 27              clTime                    3.15569E+16                        s
 28              clMass                    1.98892E+48                        g
 29              clTemp                    1.16045E+07                        K
-----------End of Units--------------------
                                                                               
 Known physical constants:
                                                                               
    Constant Name       Constant Value   cm       s        g        K        esu      mol
  1              Newton    6.67408E-08   3.0     -2.0     -1.0      0.0      0.0      0.0    
  2      speed of light    2.99792E+10   1.0     -1.0      0.0      0.0      0.0      0.0    
  3              Planck    6.62607E-27   2.0     -1.0      1.0      0.0      0.0      0.0    
  4     electron charge    4.80320E-10   0.0      0.0      0.0      0.0      1.0      0.0    
  5       electron mass    9.10938E-28   0.0      0.0      1.0      0.0      0.0      0.0    
  6         proton mass    1.67262E-24   0.0      0.0      1.0      0.0      0.0      0.0    
  7      fine-structure    7.29735E-03   0.0      0.0      0.0      0.0      0.0      0.0    
  8            Avogadro    6.02214E+23   0.0      0.0      0.0      0.0      0.0     -1.0    
  9           Boltzmann    1.38065E-16   2.0     -2.0      1.0     -1.0      0.0      0.0    
 10  ideal gas constant    8.31446E+07   2.0     -2.0      1.0     -1.0      0.0     -1.0    
 11                Wien    0.28978       1.0      0.0      0.0      1.0      0.0      0.0    
 12    Stefan-Boltzmann    5.67037E-05   0.0     -3.0      1.0     -4.0      0.0      0.0    
 13  Radiation Constant    7.56572E-15  -1.0     -2.0      1.0     -4.0      0.0      0.0    
 14                  pi     3.1416       0.0      0.0      0.0      0.0      0.0      0.0    
 15                   e     2.7183       0.0      0.0      0.0      0.0      0.0      0.0    
 16               Euler    0.57722       0.0      0.0      0.0      0.0      0.0      0.0    
 ==============================================================================
                                                                               
 Multifluid database: not configured in
                                                                               
 ==============================================================================
 [ 03-02-2025  03:38:34.760 ] [gr_initGeometry] checking BCs for idir: 1
 [ 03-02-2025  03:38:34.760 ] [gr_initGeometry] checking BCs for idir: 2
 [ 03-02-2025  03:38:34.760 ] [gr_initGeometry] checking BCs for idir: 3
 [ 03-02-2025  03:38:52.720 ] [GRID amr_refine_derefine]: initiating refinement
 [ 03-02-2025  03:38:52.720 ] [GRID amr_refine_derefine]: redist. phase.  tot blks requested: 262144
 [GRID amr_refine_derefine] min blks 73    max blks 74    tot blks 262144
 [GRID amr_refine_derefine] min leaf blks 73    max leaf blks 74    tot leaf blks 262144
 [ 03-02-2025  03:38:54.565 ] [GRID amr_refine_derefine]: refinement complete
 [ 03-02-2025  04:02:51.563 ] [GRID gr_expandDomain]: iteration=1, create level=2
 INFO: Grid_fillGuardCells is ignoring masking.
 [ 03-02-2025  04:04:04.454 ] [mpi_amr_comm_setup]: buffer_dim_send=9172513, buffer_dim_recv=8150953
 [ 03-02-2025  04:04:12.217 ] [GRID amr_refine_derefine]: initiating refinement
 [ 03-02-2025  04:04:12.235 ] [GRID amr_refine_derefine]: redist. phase.  tot blks requested: 262208
 [GRID amr_refine_derefine] min blks 73    max blks 74    tot blks 262208
 [GRID amr_refine_derefine] min leaf blks 72    max leaf blks 74    tot leaf blks 262200
 [ 03-02-2025  04:04:12.960 ] [GRID amr_refine_derefine]: refinement complete
 [ 03-02-2025  04:04:12.965 ] [GRID gr_expandDomain]: iteration=2, create level=3
 [ 03-02-2025  04:05:33.532 ] [GRID amr_refine_derefine]: initiating refinement
 [ 03-02-2025  04:05:33.560 ] [GRID amr_refine_derefine]: redist. phase.  tot blks requested: 263168
 [GRID amr_refine_derefine] min blks 73    max blks 78    tot blks 263168
 [GRID amr_refine_derefine] min leaf blks 68    max leaf blks 74    tot leaf blks 263040
 [ 03-02-2025  04:05:35.411 ] [GRID amr_refine_derefine]: refinement complete
 [ 03-02-2025  04:05:35.416 ] [GRID gr_expandDomain]: iteration=3, create level=4
 [ 03-02-2025  04:06:56.348 ] [GRID amr_refine_derefine]: initiating refinement
 [ 03-02-2025  04:06:56.374 ] [GRID amr_refine_derefine]: redist. phase.  tot blks requested: 266176
 [GRID amr_refine_derefine] min blks 74    max blks 81    tot blks 266176
 [GRID amr_refine_derefine] min leaf blks 68    max leaf blks 75    tot leaf blks 265672
 [ 03-02-2025  04:06:58.198 ] [GRID amr_refine_derefine]: refinement complete
 [ 03-02-2025  04:06:58.202 ] [GRID gr_expandDomain]: iteration=4, create level=5
 [ 03-02-2025  04:08:12.032 ] [mpi_amr_comm_setup]: buffer_dim_send=9836329, buffer_dim_recv=8308021
 [ 03-02-2025  04:08:20.198 ] [GRID amr_refine_derefine]: initiating refinement
 [ 03-02-2025  04:08:20.226 ] [GRID amr_refine_derefine]: redist. phase.  tot blks requested: 277632
 [GRID amr_refine_derefine] min blks 77    max blks 84    tot blks 277632
 [GRID amr_refine_derefine] min leaf blks 71    max leaf blks 78    tot leaf blks 275696
 [ 03-02-2025  04:08:22.171 ] [GRID amr_refine_derefine]: refinement complete
 [ 03-02-2025  04:08:22.177 ] [GRID gr_expandDomain]: iteration=5, create level=6
 [ 03-02-2025  04:09:41.280 ] [mpi_amr_comm_setup]: buffer_dim_send=9533749, buffer_dim_recv=9102145
 [ 03-02-2025  04:09:46.553 ] [GRID amr_refine_derefine]: initiating refinement
 [ 03-02-2025  04:09:46.595 ] [GRID amr_refine_derefine]: redist. phase.  tot blks requested: 318976
 [GRID amr_refine_derefine] min blks 88    max blks 95    tot blks 318976
 [GRID amr_refine_derefine] min leaf blks 80    max leaf blks 89    tot leaf blks 311872
 [ 03-02-2025  04:09:49.330 ] [GRID amr_refine_derefine]: refinement complete
 [ 03-02-2025  04:09:49.335 ] [GRID gr_expandDomain]: iteration=6, create level=6
 [ 03-02-2025  04:11:16.934 ] [mpi_amr_comm_setup]: buffer_dim_send=9570781, buffer_dim_recv=7995733
 [ 03-02-2025  04:11:26.595 ] [GRID gr_expandDomain]: iteration=7, create level=6
 [ 03-02-2025  04:13:03.849 ] [GRID gr_expandDomain]: iteration=8, create level=6
 [ 03-02-2025  04:14:37.545 ] memory: /proc vsize    (MB):     4517.57 (min)       4842.79 (max)       4704.95 (avg)
 [ 03-02-2025  04:14:37.545 ] memory: /proc rss      (MB):     1836.88 (min)       1974.96 (max)       1866.21 (avg)
 [ 03-02-2025  04:14:37.546 ] memory: /proc vsize    (MB):     4517.57 (min)       4842.79 (max)       4704.95 (avg)
 [ 03-02-2025  04:14:37.547 ] memory: /proc rss      (MB):     1836.88 (min)       1974.96 (max)       1866.21 (avg)
 [ 03-02-2025  04:14:37.678 ] memory: /proc vsize    (MB):     4517.57 (min)       4842.79 (max)       4704.95 (avg)
 [ 03-02-2025  04:14:37.678 ] memory: /proc rss      (MB):     1836.88 (min)       1974.96 (max)       1866.21 (avg)
 [ 03-02-2025  04:14:52.438 ] [IO_writeCheckpoint] open: type=checkpoint name=sedov_hdf5_chk_0000
 [ 03-02-2025  04:16:44.324 ] [io_writeData]: wrote  318976          blocks
 [ 03-02-2025  04:16:44.343 ] [IO_writeCheckpoint] close: type=checkpoint name=sedov_hdf5_chk_0000
 [ 03-02-2025  04:16:44.687 ] [IO_writePlotfile] open: type=plotfile name=sedov_hdf5_plt_cnt_0000
 [ 03-02-2025  04:16:56.644 ] [io_writeData]: wrote  318976          blocks
 [ 03-02-2025  04:16:56.652 ] [IO_writePlotfile] close: type=plotfile name=sedov_hdf5_plt_cnt_0000
 [ 03-02-2025  04:16:56.655 ] memory: /proc vsize    (MB):     4544.31 (min)       5007.38 (max)       4728.91 (avg)
 [ 03-02-2025  04:16:56.655 ] memory: /proc rss      (MB):     1843.84 (min)       1983.22 (max)       1875.93 (avg)
 [ 03-02-2025  04:16:56.655 ] [Driver_evolveAll]: Entering evolution loop
 [ 03-02-2025  04:16:56.655 ] step: n=1 t=0.000000E+00 dt=1.000000E-10
 [ 03-02-2025  04:17:28.331 ] step: n=2 t=1.000000E-10 dt=2.000000E-10
 [ 03-02-2025  04:18:20.503 ] step: n=3 t=3.000000E-10 dt=4.000000E-10
 [ 03-02-2025  04:18:51.997 ] step: n=4 t=7.000000E-10 dt=8.000000E-10
 [ 03-02-2025  04:19:44.321 ] step: n=5 t=1.500000E-09 dt=1.600000E-09
 [ 03-02-2025  04:20:15.837 ] step: n=6 t=3.100000E-09 dt=3.200000E-09
 [ 03-02-2025  04:21:08.197 ] step: n=7 t=6.300000E-09 dt=6.400000E-09
 [ 03-02-2025  04:21:39.895 ] step: n=8 t=1.270000E-08 dt=1.280000E-08
 [ 03-02-2025  04:22:31.970 ] [GRID amr_refine_derefine]: initiating refinement
 [ 03-02-2025  04:22:31.992 ] [GRID amr_refine_derefine]: redist. phase.  tot blks requested: 319168
 [GRID amr_refine_derefine] min blks 88    max blks 96    tot blks 319168
 [GRID amr_refine_derefine] min leaf blks 81    max leaf blks 89    tot leaf blks 312040
 [ 03-02-2025  04:22:33.011 ] [GRID amr_refine_derefine]: refinement complete
 [ 03-02-2025  04:22:34.074 ] step: n=9 t=2.550000E-08 dt=2.560000E-08
 [ 03-02-2025  04:23:05.862 ] step: n=10 t=5.110000E-08 dt=5.120000E-08
 [ 03-02-2025  04:23:57.959 ] [GRID amr_refine_derefine]: initiating refinement
 [ 03-02-2025  04:23:57.978 ] [GRID amr_refine_derefine]: redist. phase.  tot blks requested: 319552
 [GRID amr_refine_derefine] min blks 88    max blks 96    tot blks 319552
 [GRID amr_refine_derefine] min leaf blks 81    max leaf blks 89    tot leaf blks 312376
 [ 03-02-2025  04:23:59.144 ] [GRID amr_refine_derefine]: refinement complete
 [ 03-02-2025  04:24:15.007 ] [IO_writeCheckpoint] open: type=checkpoint name=sedov_hdf5_chk_0001
 [ 03-02-2025  04:26:04.627 ] [io_writeData]: wrote  319552          blocks
 [ 03-02-2025  04:26:04.894 ] [IO_writeCheckpoint] close: type=checkpoint name=sedov_hdf5_chk_0001
 [ 03-02-2025  04:26:04.895 ] step: n=11 t=1.023000E-07 dt=5.148208E-08
 [ 03-02-2025  04:26:04.895 ] [mpi_amr_comm_setup]: buffer_dim_send=9562717, buffer_dim_recv=7995733
 [ 03-02-2025  04:26:37.805 ] step: n=12 t=1.537821E-07 dt=5.055515E-08
 [ 03-02-2025  04:27:32.417 ] [GRID amr_refine_derefine]: initiating refinement
 [ 03-02-2025  04:27:32.440 ] [GRID amr_refine_derefine]: redist. phase.  tot blks requested: 320320
 [GRID amr_refine_derefine] min blks 88    max blks 96    tot blks 320320
 [GRID amr_refine_derefine] min leaf blks 81    max leaf blks 89    tot leaf blks 313048
 [ 03-02-2025  04:27:35.324 ] [GRID amr_refine_derefine]: refinement complete
 [ 03-02-2025  04:27:36.609 ] step: n=13 t=2.043372E-07 dt=4.968707E-08
 [ 03-02-2025  04:27:36.610 ] [mpi_amr_comm_setup]: buffer_dim_send=9694309, buffer_dim_recv=7995733
 [ 03-02-2025  04:28:09.176 ] step: n=14 t=2.540243E-07 dt=4.886723E-08
 [ 03-02-2025  04:29:03.438 ] [GRID amr_refine_derefine]: initiating refinement
 [ 03-02-2025  04:29:03.458 ] [GRID amr_refine_derefine]: redist. phase.  tot blks requested: 321472
 [GRID amr_refine_derefine] min blks 88    max blks 96    tot blks 321472
 [GRID amr_refine_derefine] min leaf blks 81    max leaf blks 89    tot leaf blks 314056
 [ 03-02-2025  04:29:07.140 ] [GRID amr_refine_derefine]: refinement complete
 [ 03-02-2025  04:29:08.400 ] step: n=15 t=3.028915E-07 dt=4.807240E-08
 [ 03-02-2025  04:29:08.400 ] [mpi_amr_comm_setup]: buffer_dim_send=10284265, buffer_dim_recv=9480793
 [ 03-02-2025  04:29:41.186 ] step: n=16 t=3.509639E-07 dt=4.731231E-08
 [ 03-02-2025  04:30:36.074 ] [GRID amr_refine_derefine]: initiating refinement
 [ 03-02-2025  04:30:36.109 ] [GRID amr_refine_derefine]: redist. phase.  tot blks requested: 321664
 [GRID amr_refine_derefine] min blks 88    max blks 96    tot blks 321664
 [GRID amr_refine_derefine] min leaf blks 81    max leaf blks 89    tot leaf blks 314224
 [ 03-02-2025  04:30:37.093 ] [GRID amr_refine_derefine]: refinement complete
 [ 03-02-2025  04:30:38.158 ] step: n=17 t=3.982762E-07 dt=4.660259E-08
 [ 03-02-2025  04:31:13.203 ] step: n=18 t=4.448788E-07 dt=4.594186E-08
 [ 03-02-2025  04:32:10.450 ] step: n=19 t=4.908207E-07 dt=4.531939E-08
 [ 03-02-2025  04:32:46.078 ] step: n=20 t=5.361401E-07 dt=4.469658E-08
 [ 03-02-2025  04:33:58.819 ] [IO_writeCheckpoint] open: type=checkpoint name=sedov_hdf5_chk_0002
 [ 03-02-2025  04:35:55.455 ] [io_writeData]: wrote  321664          blocks
 [ 03-02-2025  04:35:55.568 ] [IO_writeCheckpoint] close: type=checkpoint name=sedov_hdf5_chk_0002
 [ 03-02-2025  04:35:55.571 ] step: n=21 t=5.808367E-07 dt=4.410979E-08
 [ 03-02-2025  04:36:31.129 ] step: n=22 t=6.249464E-07 dt=4.356693E-08
 [ 03-02-2025  04:37:26.958 ] [GRID amr_refine_derefine]: initiating refinement
 [ 03-02-2025  04:37:26.976 ] [GRID amr_refine_derefine]: redist. phase.  tot blks requested: 322048
 [GRID amr_refine_derefine] min blks 88    max blks 96    tot blks 322048
 [GRID amr_refine_derefine] min leaf blks 81    max leaf blks 89    tot leaf blks 314560
 [ 03-02-2025  04:37:28.499 ] [GRID amr_refine_derefine]: refinement complete
 [ 03-02-2025  04:37:29.567 ] step: n=23 t=6.685134E-07 dt=4.304799E-08
 [ 03-02-2025  04:37:29.567 ] [mpi_amr_comm_setup]: buffer_dim_send=10218469, buffer_dim_recv=9480793
 [ 03-02-2025  04:38:03.228 ] step: n=24 t=7.115614E-07 dt=4.253934E-08
 [ 03-02-2025  04:38:58.203 ] [GRID amr_refine_derefine]: initiating refinement
 [ 03-02-2025  04:38:58.222 ] [GRID amr_refine_derefine]: redist. phase.  tot blks requested: 322432
 [GRID amr_refine_derefine] min blks 88    max blks 97    tot blks 322432
 [GRID amr_refine_derefine] min leaf blks 81    max leaf blks 89    tot leaf blks 314896
 [ 03-02-2025  04:38:59.715 ] [GRID amr_refine_derefine]: refinement complete
 [ 03-02-2025  04:39:00.984 ] step: n=25 t=7.541007E-07 dt=4.206069E-08
 [ 03-02-2025  04:39:34.644 ] step: n=26 t=7.961614E-07 dt=4.159556E-08
 [ 03-02-2025  04:40:29.582 ] [GRID amr_refine_derefine]: initiating refinement
 [ 03-02-2025  04:40:29.608 ] [GRID amr_refine_derefine]: redist. phase.  tot blks requested: 323200
 [GRID amr_refine_derefine] min blks 89    max blks 97    tot blks 323200
 [GRID amr_refine_derefine] min leaf blks 82    max leaf blks 90    tot leaf blks 315568
 [ 03-02-2025  04:40:32.210 ] [GRID amr_refine_derefine]: refinement complete
 [ 03-02-2025  04:40:33.878 ] step: n=27 t=8.377570E-07 dt=4.109344E-08
 [ 03-02-2025  04:41:07.725 ] step: n=28 t=8.788504E-07 dt=4.059195E-08
 [ 03-02-2025  04:42:03.236 ] step: n=29 t=9.194423E-07 dt=4.009407E-08
 [ 03-02-2025  04:42:37.179 ] step: n=30 t=9.595364E-07 dt=3.963341E-08
 [ 03-02-2025  04:43:32.533 ] [GRID amr_refine_derefine]: initiating refinement
 [ 03-02-2025  04:43:32.552 ] [GRID amr_refine_derefine]: redist. phase.  tot blks requested: 323968
 [GRID amr_refine_derefine] min blks 89    max blks 97    tot blks 323968
 [GRID amr_refine_derefine] min leaf blks 81    max leaf blks 90    tot leaf blks 316240
 [ 03-02-2025  04:43:35.549 ] [GRID amr_refine_derefine]: refinement complete
 [ 03-02-2025  04:43:52.463 ] [IO_writeCheckpoint] open: type=checkpoint name=sedov_hdf5_chk_0003
 [ 03-02-2025  04:45:48.103 ] [io_writeData]: wrote  323968          blocks
 [ 03-02-2025  04:45:48.191 ] [IO_writeCheckpoint] close: type=checkpoint name=sedov_hdf5_chk_0003
 [ 03-02-2025  04:45:48.193 ] step: n=31 t=9.991698E-07 dt=3.921543E-08
 [ 03-02-2025  04:45:48.196 ] [mpi_amr_comm_setup]: buffer_dim_send=10096225, buffer_dim_recv=9480793
 [ 03-02-2025  04:46:26.164 ] step: n=32 t=1.038385E-06 dt=3.883616E-08
 [ 03-02-2025  04:47:25.522 ] [GRID amr_refine_derefine]: initiating refinement
 [ 03-02-2025  04:47:25.541 ] [GRID amr_refine_derefine]: redist. phase.  tot blks requested: 324736
 [GRID amr_refine_derefine] min blks 89    max blks 97    tot blks 324736
 [GRID amr_refine_derefine] min leaf blks 82    max leaf blks 90    tot leaf blks 316912
 [ 03-02-2025  04:47:28.130 ] [GRID amr_refine_derefine]: refinement complete
 [ 03-02-2025  04:47:29.737 ] step: n=33 t=1.077221E-06 dt=3.848919E-08
 [ 03-02-2025  04:47:29.738 ] [mpi_amr_comm_setup]: buffer_dim_send=10631017, buffer_dim_recv=9619165
 [ 03-02-2025  04:48:07.941 ] step: n=34 t=1.115711E-06 dt=3.816827E-08
 [ 03-02-2025  04:49:08.026 ] step: n=35 t=1.153879E-06 dt=3.786364E-08
 [ 03-02-2025  04:49:46.413 ] step: n=36 t=1.191743E-06 dt=3.757623E-08
 [ 03-02-2025  04:50:46.466 ] step: n=37 t=1.229319E-06 dt=3.730651E-08
 [ 03-02-2025  04:51:24.906 ] step: n=38 t=1.266625E-06 dt=3.703419E-08
 [ 03-02-2025  04:52:24.550 ] [GRID amr_refine_derefine]: initiating refinement
 [ 03-02-2025  04:52:24.571 ] [GRID amr_refine_derefine]: redist. phase.  tot blks requested: 324928
 [GRID amr_refine_derefine] min blks 89    max blks 97    tot blks 324928
 [GRID amr_refine_derefine] min leaf blks 82    max leaf blks 90    tot leaf blks 317080
 [ 03-02-2025  04:52:25.668 ] [GRID amr_refine_derefine]: refinement complete
 [ 03-02-2025  04:52:26.746 ] step: n=39 t=1.303659E-06 dt=3.676561E-08
 [ 03-02-2025  04:53:05.327 ] step: n=40 t=1.340425E-06 dt=3.651223E-08
 [ 03-02-2025  04:54:05.668 ] [GRID amr_refine_derefine]: initiating refinement
 [ 03-02-2025  04:54:05.688 ] [GRID amr_refine_derefine]: redist. phase.  tot blks requested: 325120
 [GRID amr_refine_derefine] min blks 89    max blks 97    tot blks 325120
 [GRID amr_refine_derefine] min leaf blks 82    max leaf blks 90    tot leaf blks 317248
 [ 03-02-2025  04:54:06.721 ] [GRID amr_refine_derefine]: refinement complete
 [ 03-02-2025  04:54:23.184 ] [IO_writeCheckpoint] open: type=checkpoint name=sedov_hdf5_chk_0004
 [ 03-02-2025  04:56:19.399 ] [io_writeData]: wrote  325120          blocks
 [ 03-02-2025  04:56:19.515 ] [IO_writeCheckpoint] close: type=checkpoint name=sedov_hdf5_chk_0004
 [ 03-02-2025  04:56:19.520 ] step: n=41 t=1.376937E-06 dt=3.627985E-08
 [ 03-02-2025  04:56:53.130 ] step: n=42 t=1.413217E-06 dt=3.606985E-08
 [ 03-02-2025  04:57:48.029 ] step: n=43 t=1.449287E-06 dt=3.587395E-08
 [ 03-02-2025  04:58:21.362 ] step: n=44 t=1.485161E-06 dt=3.569822E-08
 [ 03-02-2025  04:59:16.074 ] [GRID amr_refine_derefine]: initiating refinement
 [ 03-02-2025  04:59:16.094 ] [GRID amr_refine_derefine]: redist. phase.  tot blks requested: 326272
 [GRID amr_refine_derefine] min blks 89    max blks 97    tot blks 326272
 [GRID amr_refine_derefine] min leaf blks 82    max leaf blks 90    tot leaf blks 318256
 [ 03-02-2025  04:59:20.715 ] [GRID amr_refine_derefine]: refinement complete
 [ 03-02-2025  04:59:22.033 ] step: n=45 t=1.520859E-06 dt=3.554189E-08
 [ 03-02-2025  04:59:22.034 ] [mpi_amr_comm_setup]: buffer_dim_send=10629733, buffer_dim_recv=9619165
 [ 03-02-2025  04:59:55.384 ] step: n=46 t=1.556401E-06 dt=3.540765E-08
 [ 03-02-2025  05:00:50.675 ] step: n=47 t=1.591809E-06 dt=3.530243E-08
 [ 03-02-2025  05:01:23.941 ] step: n=48 t=1.627111E-06 dt=3.520851E-08
 [ 03-02-2025  05:02:19.196 ] step: n=49 t=1.662320E-06 dt=3.512232E-08
 [ 03-02-2025  05:02:52.524 ] step: n=50 t=1.697442E-06 dt=3.506173E-08
 [ 03-02-2025  05:03:47.258 ] [GRID amr_refine_derefine]: initiating refinement
 [ 03-02-2025  05:03:47.277 ] [GRID amr_refine_derefine]: redist. phase.  tot blks requested: 326656
 [GRID amr_refine_derefine] min blks 90    max blks 98    tot blks 326656
 [GRID amr_refine_derefine] min leaf blks 83    max leaf blks 91    tot leaf blks 318592
 [ 03-02-2025  05:03:48.563 ] [GRID amr_refine_derefine]: refinement complete
 [ 03-02-2025  05:04:05.496 ] [IO_writeCheckpoint] open: type=checkpoint name=sedov_hdf5_chk_0005
 [ 03-02-2025  05:06:40.477 ] [io_writeData]: wrote  326656          blocks
 [ 03-02-2025  05:06:40.566 ] [IO_writeCheckpoint] close: type=checkpoint name=sedov_hdf5_chk_0005
 [ 03-02-2025  05:06:40.569 ] step: n=51 t=1.732504E-06 dt=3.502552E-08
 [ 03-02-2025  05:07:15.598 ] step: n=52 t=1.767529E-06 dt=3.500864E-08
 [ 03-02-2025  05:08:11.596 ] [GRID amr_refine_derefine]: initiating refinement
 [ 03-02-2025  05:08:11.614 ] [GRID amr_refine_derefine]: redist. phase.  tot blks requested: 328192
 [GRID amr_refine_derefine] min blks 90    max blks 98    tot blks 328192
 [GRID amr_refine_derefine] min leaf blks 83    max leaf blks 91    tot leaf blks 319936
 [ 03-02-2025  05:08:17.111 ] [GRID amr_refine_derefine]: refinement complete
 [ 03-02-2025  05:08:18.398 ] step: n=53 t=1.802538E-06 dt=3.501215E-08
 [ 03-02-2025  05:08:53.643 ] step: n=54 t=1.837550E-06 dt=3.501823E-08
 [ 03-02-2025  05:09:50.992 ] step: n=55 t=1.872568E-06 dt=3.502558E-08
 [ 03-02-2025  05:10:26.540 ] step: n=56 t=1.907594E-06 dt=3.503618E-08
 [ 03-02-2025  05:11:23.582 ] step: n=57 t=1.942630E-06 dt=3.505074E-08
 [ 03-02-2025  05:11:59.059 ] step: n=58 t=1.977681E-06 dt=3.507960E-08
 [ 03-02-2025  05:12:56.679 ] step: n=59 t=2.012760E-06 dt=3.511136E-08
 [ 03-02-2025  05:13:31.890 ] step: n=60 t=2.047872E-06 dt=3.511160E-08
 [ 03-02-2025  05:14:44.870 ] [IO_writeCheckpoint] open: type=checkpoint name=sedov_hdf5_chk_0006
 [ 03-02-2025  05:16:40.964 ] [io_writeData]: wrote  328192          blocks
 [ 03-02-2025  05:16:41.164 ] [IO_writeCheckpoint] close: type=checkpoint name=sedov_hdf5_chk_0006
 [ 03-02-2025  05:16:41.166 ] [Driver_evolveAll]: Exiting evolution loop
 [ 03-02-2025  05:16:41.869 ] [IO_writePlotfile] open: type=plotfile name=sedov_forced_hdf5_plt_cnt_0000
 [ 03-02-2025  05:16:54.958 ] [io_writeData]: wrote  328192          blocks
 [ 03-02-2025  05:16:55.246 ] [IO_writePlotfile] close: type=plotfile name=sedov_forced_hdf5_plt_cnt_0000
 [ 03-02-2025  05:16:55.250 ] memory: /proc vsize    (MB):     4621.39 (min)       5029.57 (max)       4762.85 (avg)
 [ 03-02-2025  05:16:55.250 ] memory: /proc rss      (MB):     2475.61 (min)       2688.70 (max)       2523.33 (avg)
 ==============================================================================
 perf_summary: code performance summary for process            0
                      beginning : 03-02-2025  03:38:34
                         ending : 03-02-2025  05:16:55
   seconds in monitoring period :             5900.493
      number of evolution steps :                   60
 ------------------------------------------------------------------------------
 accounting unit                       time sec  num calls   secs avg  time pct
 ------------------------------------------------------------------------------
 initialization                       2301.898      1        2301.898    39.012
  eos                                    2.444      8           0.306     0.041
  guardcell internal                    28.473      7           4.068     0.483
   amr_guardcell                        26.616      7           3.802     0.451
   eos gc                                0.001      7           0.000     0.000
  writeCheckpoint                      126.530      1         126.530     2.144
   restrictAll                          14.100      1          14.100     0.239
  writePlotfile                         12.309      1          12.309     0.209
 writePlotfile                          14.072      1          14.072     0.238
 evolution                            3584.511      1        3584.511    60.749
  Hydro                               1513.448     60          25.224    25.650
   Head                                319.128     60           5.319     5.408
    guardcell internal                 319.123     60           5.319     5.408
     amr_guardcell                     295.032     60           4.917     5.000
     eos gc                              0.010     60           0.000     0.000
   compute fluxes                     1130.700     60          18.845    19.163
    hy_computeFluxes                  1130.687   5354           0.211    19.163
     RiemannState                      978.626   5354           0.183    16.586
     getFaceFlux                       150.890   5354           0.028     2.557
   conserveFluxes                        0.464     60           0.008     0.008
   update solution                      62.640     60           1.044     1.062
    update solution body                62.621   5354           0.012     1.061
     unsplitUpdate                      22.016   5354           0.004     0.373
  sourceTerms                            0.000     60           0.000     0.000
  Particles_advance                      0.000     60           0.000     0.000
  Gravity potential                      0.000     60           0.000     0.000
  IO_output                           1366.404    120          11.387    23.157
   diagnostics                         543.476    120           4.529     9.211
   checkpointing                       822.875      6         137.146    13.946
    writeCheckpoint                    822.861      6         137.143    13.946
     restrictAll                        88.437      6          14.740     1.499
  Grid_updateRefinement                696.759     60          11.613    11.808
   eos                                   8.942     15           0.596     0.152
   tree                                687.816     60          11.464    11.657
    markRefineDerefine                 182.604     30           6.087     3.095
     guardcell internal                159.732     30           5.324     2.707
      amr_guardcell                    147.716     30           4.924     2.503
      eos gc                             0.003     30           0.000     0.000
    amr_refine_derefine                494.036     30          16.468     8.373
    updateData                           0.002     30           0.000     0.000
   updateParticleRefinement              0.000     15           0.000     0.000
  Driver_computeDt                       7.818     60           0.130     0.133
 ==============================================================================
 [ 03-02-2025  05:16:55.258 ] [Timers_getSummary]: Not writing timer max/min/avg values because not all processors had same timers
 [ 03-02-2025  05:16:55.258 ] LOGFILE_END: FLASH run complete.
 FLASH log file:  03-02-2025  05:17:24.424    Run number:  1
 ==============================================================================
 Number of MPI tasks:               3584
 MPI version:                          3
 MPI subversion:                       1
 Dimensionality:                       3
 Max Number of Blocks/Proc:          200
 Number x zones:                      32
 Number y zones:                      32
 Number z zones:                      32
 Setup stamp:     Fri Nov 1 14:03:57 2024
 Build stamp:     Fri Nov 1 14:04:23 2024
 System info:     Linux corona211 4.18.0-553.22.1.1toss.t4.x86_64 #1 SMP Tue Sep 24 16:50:00 PDT 2
 Version:         Flash-X 1.0 (heads/main-0-g6040ba49-dirty)                                      
 Build directory: /usr/workspace/ather1/Flash-X/sedov
 Setup syntax:    /usr/workspace/ather1/Flash-X/bin/setup.py Sedov -auto -3d -nxb=32 -nyb=32 -nzb=32 +parallelio -objdir=/usr/workspace/ather1/Flash-X/sedov
 f compiler flags: mpif90 -ggdb -c -O2 -fdefault-real-8 -fdefault-double-8 -Wuninitialized -fallow-argument-mismatch -fallow-argument-mismatch -DMAXBLOCKS=200 -DNXB=32 -DNYB=32 -DNZB=32 -DN_DIM=3
 c compiler flags:    mpicc -I/p/lustre2/ather1/hdf5-1.14.4-3/install/include -DH5_USE_18_API -ggdb -c -O2 -Wuninitialized -D_FORTIFY_SOURCE=2 -DMAXBLOCKS=200 -DNXB=32 -DNYB=32 -DNZB=32 -DN_DIM=3
 ==============================================================================
 Comment:  Sedov explosion
 ==============================================================================
 FLASH Units used:
   Driver/DriverMain/Unsplit
   Grid/GridBoundaryConditions
   Grid/GridMain/AMR/Paramesh4/PM4_package/flash_avoid_orrery
   Grid/GridMain/AMR/Paramesh4/PM4_package/headers
   Grid/GridMain/AMR/Paramesh4/PM4_package/source
   Grid/GridMain/AMR/Paramesh4/PM4_package/utilities/multigrid
   Grid/GridMain/AMR/Paramesh4/interpolation/prolong
   Grid/GridMain/AMR/Paramesh4/levelFlux
   Grid/localAPI
   IO/IOMain/hdf5/parallel/PM
   IO/localAPI
   PhysicalConstants/PhysicalConstantsMain
   RuntimeParameters/RuntimeParametersMain
   Simulation/SimulationMain/Sedov
   TimeAdvance/TimeAdvanceMain/StrangSplit
   flashUtilities/contiguousConversion
   flashUtilities/general
   flashUtilities/interpolation/oneDim
   flashUtilities/nameValueLL
   flashUtilities/sorting/quicksort
   flashUtilities/system/memoryUsage/legacy
   monitors/Logfile/LogfileMain
   monitors/Timers/TimersMain/MPINative
   physics/Eos/EosMain/Gamma
   physics/Hydro/HydroMain/unsplit/OnlyHydro
   physics/Hydro/HydroMain/unsplit/levelFlux
   physics/Hydro/localAPI
 ==============================================================================
 RuntimeParameters:
                                                                               
 ==============================================================================
bndpriorityone              =          1
bndprioritythree            =          3
bndprioritytwo              =          2
checkpointfileintervalstep  =         10 [CHANGED]
checkpointfilenumber        =          0
dr_abortpause               =          2
dr_dtminbelowaction         =          1
drift_break_inst            =          0
drift_trunc_mantissa        =          2
drift_verbose_inst          =          0
eos_entrelescalechoice      =          6
eos_loglevel                =        700
fileformatversion           =          9
forcedplotfilenumber        =          0
gr_lrefmaxtimevalue_1       =         -1
gr_lrefmaxtimevalue_10      =         -1
gr_lrefmaxtimevalue_11      =         -1
gr_lrefmaxtimevalue_12      =         -1
gr_lrefmaxtimevalue_13      =         -1
gr_lrefmaxtimevalue_14      =         -1
gr_lrefmaxtimevalue_15      =         -1
gr_lrefmaxtimevalue_16      =         -1
gr_lrefmaxtimevalue_17      =         -1
gr_lrefmaxtimevalue_18      =         -1
gr_lrefmaxtimevalue_19      =         -1
gr_lrefmaxtimevalue_2       =         -1
gr_lrefmaxtimevalue_20      =         -1
gr_lrefmaxtimevalue_3       =         -1
gr_lrefmaxtimevalue_4       =         -1
gr_lrefmaxtimevalue_5       =         -1
gr_lrefmaxtimevalue_6       =         -1
gr_lrefmaxtimevalue_7       =         -1
gr_lrefmaxtimevalue_8       =         -1
gr_lrefmaxtimevalue_9       =         -1
gr_pmrpdivergencefree       =         -1
gr_pmrpifaceoff             =          0
gr_pmrpl2p5d                =          0
gr_pmrpmaxblocks            =         -1
gr_pmrpmflags               =          1
gr_pmrpnboundaries          =          6
gr_pmrpndim                 =          3
gr_pmrpnedgevar1            =         -1
gr_pmrpnfacevar             =         -1
gr_pmrpnfielddivf           =         -1
gr_pmrpnfluxvar             =         -1
gr_pmrpnguard               =         -1
gr_pmrpnguardwork           =         -1
gr_pmrpnvar                 =         -1
gr_pmrpnvarwork             =          1
gr_pmrpnvarcorn             =          0
gr_pmrpnvaredge             =          0
gr_pmrpnxb                  =         -1
gr_pmrpnyb                  =         -1
gr_pmrpnzb                  =         -1
gr_restrictallmethod        =          3
gr_sanitizedatamode         =          1
gr_sanitizeverbosity        =          5
gr_tilesizex                =         32
gr_tilesizey                =         32
gr_tilesizez                =         32
hy_3torder                  =         -1
hydrocomputedtoption        =         -1
iprocs                      =          1
interpol_order              =          2
irenorm                     =          0
jprocs                      =          1
kprocs                      =          1
lrefine_del                 =          0
lrefine_max                 =          6 [CHANGED]
lrefine_min                 =          1
lrefine_min_init            =          1
max_particles_per_blk       =        100
memory_stat_freq            =     100000
meshcopycount               =          1
min_particles_per_blk       =          1
nbegin                      =          1
nblockx                     =         64 [CHANGED]
nblocky                     =         64 [CHANGED]
nblockz                     =         64 [CHANGED]
nend                        =         60 [CHANGED]
nrefs                       =          2
nsteptotalsts               =          5
order                       =          3 [CHANGED]
outputsplitnum              =          1
plotfileintervalstep        =          0
plotfilenumber              =          0
refine_var_count            =          4
rolling_checkpoint          =      10000
sim_centerrefinelevel       =          1
sim_integralslevel          =         -1
sim_nsubzones               =          7
sweeporder                  =        123
transorder                  =          1
wr_integrals_freq           =          1
limitedslopebeta            =                 0.100E+01
cfl                         =                 0.800E+00
checkpointfileintervaltime  =                 0.000E+00 [CHANGED]
checkpointfileintervalz     =                 0.180+309
cvisc                       =                 0.100E+00
derefine_cutoff_1           =                 0.200E+00
derefine_cutoff_2           =                 0.200E+00
derefine_cutoff_3           =                 0.200E+00
derefine_cutoff_4           =                 0.200E+00
dr_dtmincontinue            =                 0.000E+00
dr_tstepslowstartfactor     =                 0.100E+00
dtinit                      =                 0.100E-09
dtmax                       =                 0.100E+06
dtmin                       =                 0.100E-09
eintswitch                  =                 0.100E-03 [CHANGED]
eos_singlespeciesa          =                 0.100E+01
eos_singlespeciesz          =                 0.100E+01
gamma                       =                 0.140E+01 [CHANGED]
gr_btworkchildscaling       =                 0.100E+01
gr_btworkdefaultleaf        =                 0.200E+01
gr_btworkdefaultpar         =                 0.100E+01
gr_btworklbleaf             =                 0.000E+00
gr_btworklbpar              =                 0.000E+00
gr_btworkubleaf             =                 0.100E+07
gr_btworkubpar              =                 0.100E+07
gr_lrefinemaxredlogbase     =                 0.100E+02
gr_lrefinemaxredradiusfact  =                 0.000E+00
gr_lrefinemaxredtref        =                 0.000E+00
gr_lrefinemaxredtimescale   =                 0.100E+01
gr_lrefmaxtime_1            =                -0.100E+01
gr_lrefmaxtime_10           =                -0.100E+01
gr_lrefmaxtime_11           =                -0.100E+01
gr_lrefmaxtime_12           =                -0.100E+01
gr_lrefmaxtime_13           =                -0.100E+01
gr_lrefmaxtime_14           =                -0.100E+01
gr_lrefmaxtime_15           =                -0.100E+01
gr_lrefmaxtime_16           =                -0.100E+01
gr_lrefmaxtime_17           =                -0.100E+01
gr_lrefmaxtime_18           =                -0.100E+01
gr_lrefmaxtime_19           =                -0.100E+01
gr_lrefmaxtime_2            =                -0.100E+01
gr_lrefmaxtime_20           =                -0.100E+01
gr_lrefmaxtime_3            =                -0.100E+01
gr_lrefmaxtime_4            =                -0.100E+01
gr_lrefmaxtime_5            =                -0.100E+01
gr_lrefmaxtime_6            =                -0.100E+01
gr_lrefmaxtime_7            =                -0.100E+01
gr_lrefmaxtime_8            =                -0.100E+01
gr_lrefmaxtime_9            =                -0.100E+01
hy_cflfallbackfactor        =                 0.900E+00
hy_fpresinmomflux           =                 0.100E+01
hybridorderkappa            =                 0.000E+00
nusts                       =                 0.200E+00 [CHANGED]
plotfileintervaltime        =                 0.000E+00 [CHANGED]
plotfileintervalz           =                 0.180+309
radiusgp                    =                 0.200E+01
refine_cutoff_1             =                 0.800E+00
refine_cutoff_2             =                 0.800E+00
refine_cutoff_3             =                 0.800E+00
refine_cutoff_4             =                 0.800E+00
refine_filter_1             =                 0.100E-01
refine_filter_2             =                 0.100E-01
refine_filter_3             =                 0.100E-01
refine_filter_4             =                 0.100E-01
rss_limit                   =                -0.100E+01
sigmagp                     =                 0.300E+01
sim_derefineradius          =                 0.000E+00
sim_earliestlstime          =                 0.000E+00
sim_expenergy               =                 0.100E+01
sim_largestnormradius       =                 0.180+309
sim_latestlstime            =                 0.180+309
sim_minrhoinit              =                 0.100E-19
sim_pambient                =                 0.100E-04
sim_rinit                   =                 0.137E-01 [CHANGED]
sim_rhoambient              =                 0.100E+01
sim_smallestnormradius      =                 0.000E+00
sim_xctr                    =                 0.500E+00
sim_yctr                    =                 0.500E+00
sim_zctr                    =                 0.500E+00
small                       =                 0.100E-09
smalle                      =                 0.100E-09
smallp                      =                 0.100E-09
smallt                      =                 0.100E-09
smallu                      =                 0.100E-09
smallx                      =                 0.100E-09
smlrho                      =                 0.100E-09
tinitial                    =                 0.000E+00
tiny                        =                 0.100E-15
tmax                        =                 0.500E+06 [CHANGED]
tstep_change_factor         =                 0.200E+01
wall_clock_checkpoint       =                 0.432E+05
wall_clock_time_limit       =                 0.605E+06
x_refine_center             =                 0.000E+00
xmax                        =                 0.100E+01
xmin                        =                 0.000E+00
y_refine_center             =                 0.000E+00
ymax                        =                 0.100E+01
ymin                        =                 0.000E+00
zfinal                      =                 0.000E+00
zinitial                    =                -0.100E+01
z_refine_center             =                 0.000E+00
zmax                        =                 0.100E+01
zmin                        =                 0.000E+00
riemannsolver               = Roe                            [CHANGED]
unitsystem                  = none                          
basenm                      = sedov_                         [CHANGED]
entropyfixmethod            = HARTENHYMAN                   
eosmode                     = dens_ie                       
eosmodeinit                 = dens_ie                       
geometry                    = cartesian                     
gr_pmrpoutputdir            = ./                            
grav_boundary_type          = isolated                      
hy_eosmodegc                = see eosMode                   
log_file                    = sedov.log                      [CHANGED]
output_directory            =                               
pc_unitsbase                = CGS                           
plot_grid_var_1             = none                          
plot_grid_var_10            = none                          
plot_grid_var_11            = none                          
plot_grid_var_12            = none                          
plot_grid_var_13            = none                          
plot_grid_var_14            = none                          
plot_grid_var_15            = none                          
plot_grid_var_16            = none                          
plot_grid_var_17            = none                          
plot_grid_var_18            = none                          
plot_grid_var_19            = none                          
plot_grid_var_2             = none                          
plot_grid_var_20            = none                          
plot_grid_var_21            = none                          
plot_grid_var_22            = none                          
plot_grid_var_23            = none                          
plot_grid_var_24            = none                          
plot_grid_var_25            = none                          
plot_grid_var_26            = none                          
plot_grid_var_27            = none                          
plot_grid_var_28            = none                          
plot_grid_var_29            = none                          
plot_grid_var_3             = none                          
plot_grid_var_30            = none                          
plot_grid_var_31            = none                          
plot_grid_var_32            = none                          
plot_grid_var_33            = none                          
plot_grid_var_34            = none                          
plot_grid_var_35            = none                          
plot_grid_var_36            = none                          
plot_grid_var_37            = none                          
plot_grid_var_38            = none                          
plot_grid_var_39            = none                          
plot_grid_var_4             = none                          
plot_grid_var_40            = none                          
plot_grid_var_41            = none                          
plot_grid_var_42            = none                          
plot_grid_var_43            = none                          
plot_grid_var_44            = none                          
plot_grid_var_45            = none                          
plot_grid_var_46            = none                          
plot_grid_var_47            = none                          
plot_grid_var_48            = none                          
plot_grid_var_49            = none                          
plot_grid_var_5             = none                          
plot_grid_var_50            = none                          
plot_grid_var_51            = none                          
plot_grid_var_52            = none                          
plot_grid_var_53            = none                          
plot_grid_var_54            = none                          
plot_grid_var_55            = none                          
plot_grid_var_56            = none                          
plot_grid_var_57            = none                          
plot_grid_var_58            = none                          
plot_grid_var_59            = none                          
plot_grid_var_6             = none                          
plot_grid_var_60            = none                          
plot_grid_var_61            = none                          
plot_grid_var_62            = none                          
plot_grid_var_63            = none                          
plot_grid_var_64            = none                          
plot_grid_var_65            = none                          
plot_grid_var_66            = none                          
plot_grid_var_67            = none                          
plot_grid_var_68            = none                          
plot_grid_var_69            = none                          
plot_grid_var_7             = none                          
plot_grid_var_70            = none                          
plot_grid_var_71            = none                          
plot_grid_var_72            = none                          
plot_grid_var_73            = none                          
plot_grid_var_74            = none                          
plot_grid_var_75            = none                          
plot_grid_var_76            = none                          
plot_grid_var_77            = none                          
plot_grid_var_78            = none                          
plot_grid_var_8             = none                          
plot_grid_var_9             = none                          
plot_var_1                  = dens                           [CHANGED]
plot_var_10                 = none                          
plot_var_11                 = none                          
plot_var_12                 = none                          
plot_var_13                 = none                          
plot_var_14                 = none                          
plot_var_15                 = none                          
plot_var_16                 = none                          
plot_var_17                 = none                          
plot_var_18                 = none                          
plot_var_2                  = pres                           [CHANGED]
plot_var_3                  = temp                           [CHANGED]
plot_var_4                  = none                          
plot_var_5                  = none                          
plot_var_6                  = none                          
plot_var_7                  = none                          
plot_var_8                  = none                          
plot_var_9                  = none                          
prof_file                   = profile.dat                   
refine_var_1                = dens                           [CHANGED]
refine_var_2                = pres                           [CHANGED]
refine_var_3                = none                          
refine_var_4                = none                          
run_comment                 = Sedov explosion                [CHANGED]
run_number                  = 1                             
sim_proffilename            = /dev/null                      [CHANGED]
slopelimiter                = mc                             [CHANGED]
stats_file                  = flashx.dat                    
wenomethod                  = WENO5                         
xl_boundary_type            = outflow                        [CHANGED]
xr_boundary_type            = outflow                        [CHANGED]
yl_boundary_type            = outflow                        [CHANGED]
yr_boundary_type            = outflow                        [CHANGED]
zl_boundary_type            = outflow                        [CHANGED]
zr_boundary_type            = outflow                        [CHANGED]
csvsummaryallprocs          =  F
eosforriemann               =  F
logsummaryallprocs          =  F
addthermalflux              =  T
allowdtstsdominate          =  F
alwayscomputeuservars       =  T
alwaysrestrictcheckpoint    =  T
charlimiting                =  T
chkguardcellsinput          =  F
chkguardcellsoutput         =  F
conserveangmom              =  F
converttoconsvdformeshcalls =  F
converttoconsvdinmeshinterp =  T
corners                     =  F
dr_printtsteploc            =  T
dr_shortenlaststepbeforetmax =  F
drift_tuples                =  F
eachprocwritesownabortlog   =  F
eachprocwritessummary       =  F
earlyblockdistadjustment    =  T
enablemaskedgcfill          =  F
entropy                     =  F
flux_correct                =  T
flux_correct_perlevel       =  F
geometryoverride            =  F
gr_bcenableapplymixedgds    =  T
gr_bndgcfillneedsprimitivevars =  T
gr_btcustomwork             =  F
gr_btexchangework           =  F
gr_btsortbywork             =  T
gr_enabletiling             =  F
gr_lrefinemaxbytime         =  F
gr_lrefinemaxreddobylogr    =  F
gr_lrefinemaxreddobytime    =  F
gr_pmrpadvancealllevels     =  F
gr_pmrpamrerrorchecking     =  F
gr_pmrpcartesianpm          =  F
gr_pmrpconserve             =  F
gr_pmrpconsvfluxdensities   =  T
gr_pmrpconsvfluxes          =  F
gr_pmrpcurvilinear          =  F
gr_pmrpcurvilinearconserve  =  F
gr_pmrpcylindricalpm        =  F
gr_pmrpdiagonals            =  T
gr_pmrpedgevalue            =  T
gr_pmrpedgevalueinteg       =  F
gr_pmrpemptycells           =  F
gr_pmrpforceconsistency     =  T
gr_pmrplsingularline        =  F
gr_pmrpnopermanentguardcells =  F
gr_pmrppolarpm              =  F
gr_pmrppredcorr             =  F
gr_pmrpsphericalpm          =  F
gr_pmrptimingmpi            =  F
gr_pmrptimingmpix           =  F
gr_pmrpvardt                =  F
gr_usetiling                =  F
hy_fallbacklowercfl         =  F
hy_fullspecmsfluxhandling   =  T
hy_usetiling                =  F
ignoreforcedplot            =  F
io_writemscalarintegrals    =  F
plotfilegridquantitydp      =  F
plotfilemetadatadp          =  F
reducegcellfills            =  F
refine_on_particle_count    =  F
restart                     =  F
shockdetect                 =  F
shocklowercfl               =  F
sim_bcsetbdryvar            =  F
sim_forcecenterderefine     =  F
sim_onelevelintegralsonly   =  F
summaryoutputonly           =  F
threadblocklistbuild        =  F
threaddelepblocklist        =  F
threaddelepwithinblock      =  F
threaddriverblocklist       =  F
threaddriverwithinblock     =  F
threadeoswithinblock        =  F
threadhydroblocklist        =  F
threadhydrowithinblock      =  F
threadraytracebuild         =  F
threadwithinblockbuild      =  F
tmr_suppressinparallel      =  F
typematchedxfer             =  T
unbiased_geometry           =  F
updatehydrofluxes           =  T
useburn                     =  F
usecollectivehdf5           =  T
usedeleptonize              =  F
usegravity                  =  F
useheatad                   =  F
useheater                   =  F
usehydro                    =  T
useimbound                  =  F
useincompns                 =  F
useinlet                    =  F
uselegacylabels             =  T
usemultiphase               =  F
useorchestration            =  F
useoutlet                   =  F
useparticles                =  F
useradtrans                 =  F
usests                      =  F
usestsfordiffusion          =  F
usesolidmechanics           =  F
use_3dfullctu               =  T
use_auxeinteqn              =  T
use_avisc                   =  T [CHANGED]
use_cma_advection           =  F
use_cma_flattening          =  F
use_flash_surr_blks_fill    =  T
use_flattening              =  F
use_gravhalfupdate          =  T
use_hybridorder             =  F
use_reduced_orrery          =  T
use_steepening              =  F
use_upwindtvd               =  F
writestatsummary            =  T
                                                                               
 ==============================================================================
                                                                               
 Known units of measurement:
                                                                               
              Unit                          CGS Value                Base Unit
  1                  cm                     1.0000                           cm
  2                   s                     1.0000                            s
  3                   g                     1.0000                            g
  4                   K                     1.0000                            K
  5                 esu                     1.0000                          esu
  6                 mol                     1.0000                          mol
  7                   m                     100.00                           cm
  8                  km                    1.00000E+05                       cm
  9                  pc                    3.08568E+18                       cm
 10                 kpc                    3.08568E+21                       cm
 11                 Mpc                    3.08568E+24                       cm
 12                 Gpc                    3.08568E+27                       cm
 13                Rsun                    6.96000E+10                       cm
 14                  AU                    1.49598E+13                       cm
 15                  yr                    3.15569E+07                        s
 16                 Myr                    3.15569E+13                        s
 17                 Gyr                    3.15569E+16                        s
 18                  kg                     1000.0                            g
 19                Msun                    1.98892E+33                        g
 20                 amu                    1.66054E-24                        g
 21                  eV                     11605.                            K
 22                   C                    2.99792E+09                      esu
 23                LFLY                    3.08568E+24                       cm
 24                TFLY                    2.05759E+17                        s
 25                MFLY                    9.88470E+45                        g
 26            clLength                    3.08568E+24                       cm
 27              clTime                    3.15569E+16                        s
 28              clMass                    1.98892E+48                        g
 29              clTemp                    1.16045E+07                        K
-----------End of Units--------------------
                                                                               
 Known physical constants:
                                                                               
    Constant Name       Constant Value   cm       s        g        K        esu      mol
  1              Newton    6.67408E-08   3.0     -2.0     -1.0      0.0      0.0      0.0    
  2      speed of light    2.99792E+10   1.0     -1.0      0.0      0.0      0.0      0.0    
  3              Planck    6.62607E-27   2.0     -1.0      1.0      0.0      0.0      0.0    
  4     electron charge    4.80320E-10   0.0      0.0      0.0      0.0      1.0      0.0    
  5       electron mass    9.10938E-28   0.0      0.0      1.0      0.0      0.0      0.0    
  6         proton mass    1.67262E-24   0.0      0.0      1.0      0.0      0.0      0.0    
  7      fine-structure    7.29735E-03   0.0      0.0      0.0      0.0      0.0      0.0    
  8            Avogadro    6.02214E+23   0.0      0.0      0.0      0.0      0.0     -1.0    
  9           Boltzmann    1.38065E-16   2.0     -2.0      1.0     -1.0      0.0      0.0    
 10  ideal gas constant    8.31446E+07   2.0     -2.0      1.0     -1.0      0.0     -1.0    
 11                Wien    0.28978       1.0      0.0      0.0      1.0      0.0      0.0    
 12    Stefan-Boltzmann    5.67037E-05   0.0     -3.0      1.0     -4.0      0.0      0.0    
 13  Radiation Constant    7.56572E-15  -1.0     -2.0      1.0     -4.0      0.0      0.0    
 14                  pi     3.1416       0.0      0.0      0.0      0.0      0.0      0.0    
 15                   e     2.7183       0.0      0.0      0.0      0.0      0.0      0.0    
 16               Euler    0.57722       0.0      0.0      0.0      0.0      0.0      0.0    
 ==============================================================================
                                                                               
 Multifluid database: not configured in
                                                                               
 ==============================================================================
 [ 03-02-2025  05:17:24.425 ] [gr_initGeometry] checking BCs for idir: 1
 [ 03-02-2025  05:17:24.425 ] [gr_initGeometry] checking BCs for idir: 2
 [ 03-02-2025  05:17:24.425 ] [gr_initGeometry] checking BCs for idir: 3
 [ 03-02-2025  05:17:50.136 ] [GRID amr_refine_derefine]: initiating refinement
 [ 03-02-2025  05:17:50.136 ] [GRID amr_refine_derefine]: redist. phase.  tot blks requested: 262144
 [GRID amr_refine_derefine] min blks 73    max blks 74    tot blks 262144
 [GRID amr_refine_derefine] min leaf blks 73    max leaf blks 74    tot leaf blks 262144
 [ 03-02-2025  05:17:52.031 ] [GRID amr_refine_derefine]: refinement complete
 [ 03-02-2025  05:41:49.459 ] [GRID gr_expandDomain]: iteration=1, create level=2
 INFO: Grid_fillGuardCells is ignoring masking.
 [ 03-02-2025  05:43:02.318 ] [mpi_amr_comm_setup]: buffer_dim_send=9172513, buffer_dim_recv=8150953
 [ 03-02-2025  05:43:10.184 ] [GRID amr_refine_derefine]: initiating refinement
 [ 03-02-2025  05:43:10.203 ] [GRID amr_refine_derefine]: redist. phase.  tot blks requested: 262208
 [GRID amr_refine_derefine] min blks 73    max blks 74    tot blks 262208
 [GRID amr_refine_derefine] min leaf blks 72    max leaf blks 74    tot leaf blks 262200
 [ 03-02-2025  05:43:10.931 ] [GRID amr_refine_derefine]: refinement complete
 [ 03-02-2025  05:43:10.936 ] [GRID gr_expandDomain]: iteration=2, create level=3
 [ 03-02-2025  05:44:31.597 ] [GRID amr_refine_derefine]: initiating refinement
 [ 03-02-2025  05:44:31.621 ] [GRID amr_refine_derefine]: redist. phase.  tot blks requested: 263168
 [GRID amr_refine_derefine] min blks 73    max blks 78    tot blks 263168
 [GRID amr_refine_derefine] min leaf blks 68    max leaf blks 74    tot leaf blks 263040
 [ 03-02-2025  05:44:33.494 ] [GRID amr_refine_derefine]: refinement complete
 [ 03-02-2025  05:44:33.499 ] [GRID gr_expandDomain]: iteration=3, create level=4
 [ 03-02-2025  05:45:54.458 ] [GRID amr_refine_derefine]: initiating refinement
 [ 03-02-2025  05:45:54.485 ] [GRID amr_refine_derefine]: redist. phase.  tot blks requested: 266176
 [GRID amr_refine_derefine] min blks 74    max blks 81    tot blks 266176
 [GRID amr_refine_derefine] min leaf blks 68    max leaf blks 75    tot leaf blks 265672
 [ 03-02-2025  05:45:56.318 ] [GRID amr_refine_derefine]: refinement complete
 [ 03-02-2025  05:45:56.322 ] [GRID gr_expandDomain]: iteration=4, create level=5
 [ 03-02-2025  05:47:10.065 ] [mpi_amr_comm_setup]: buffer_dim_send=9836329, buffer_dim_recv=8308021
 [ 03-02-2025  05:47:17.963 ] [GRID amr_refine_derefine]: initiating refinement
 [ 03-02-2025  05:47:17.997 ] [GRID amr_refine_derefine]: redist. phase.  tot blks requested: 277632
 [GRID amr_refine_derefine] min blks 77    max blks 84    tot blks 277632
 [GRID amr_refine_derefine] min leaf blks 71    max leaf blks 78    tot leaf blks 275696
 [ 03-02-2025  05:47:19.972 ] [GRID amr_refine_derefine]: refinement complete
 [ 03-02-2025  05:47:19.978 ] [GRID gr_expandDomain]: iteration=5, create level=6
 [ 03-02-2025  05:48:39.118 ] [mpi_amr_comm_setup]: buffer_dim_send=9533749, buffer_dim_recv=9102145
 [ 03-02-2025  05:48:44.346 ] [GRID amr_refine_derefine]: initiating refinement
 [ 03-02-2025  05:48:44.378 ] [GRID amr_refine_derefine]: redist. phase.  tot blks requested: 318976
 [GRID amr_refine_derefine] min blks 88    max blks 95    tot blks 318976
 [GRID amr_refine_derefine] min leaf blks 80    max leaf blks 89    tot leaf blks 311872
 [ 03-02-2025  05:48:47.246 ] [GRID amr_refine_derefine]: refinement complete
 [ 03-02-2025  05:48:47.252 ] [GRID gr_expandDomain]: iteration=6, create level=6
 [ 03-02-2025  05:50:14.897 ] [mpi_amr_comm_setup]: buffer_dim_send=9570781, buffer_dim_recv=7995733
 [ 03-02-2025  05:50:24.629 ] [GRID gr_expandDomain]: iteration=7, create level=6
 [ 03-02-2025  05:52:02.008 ] [GRID gr_expandDomain]: iteration=8, create level=6
 [ 03-02-2025  05:53:35.774 ] memory: /proc vsize    (MB):     4510.34 (min)       4828.81 (max)       4704.57 (avg)
 [ 03-02-2025  05:53:35.775 ] memory: /proc rss      (MB):     1836.93 (min)       1963.39 (max)       1865.97 (avg)
 [ 03-02-2025  05:53:35.776 ] memory: /proc vsize    (MB):     4510.34 (min)       4828.81 (max)       4704.57 (avg)
 [ 03-02-2025  05:53:35.776 ] memory: /proc rss      (MB):     1836.93 (min)       1963.39 (max)       1865.97 (avg)
 [ 03-02-2025  05:53:35.908 ] memory: /proc vsize    (MB):     4510.34 (min)       4828.81 (max)       4704.57 (avg)
 [ 03-02-2025  05:53:35.908 ] memory: /proc rss      (MB):     1836.93 (min)       1963.39 (max)       1865.98 (avg)
 [ 03-02-2025  05:53:50.636 ] [IO_writeCheckpoint] open: type=checkpoint name=sedov_hdf5_chk_0000
 [ 03-02-2025  05:55:38.559 ] [io_writeData]: wrote  318976          blocks
 [ 03-02-2025  05:55:38.577 ] [IO_writeCheckpoint] close: type=checkpoint name=sedov_hdf5_chk_0000
 [ 03-02-2025  05:55:38.899 ] [IO_writePlotfile] open: type=plotfile name=sedov_hdf5_plt_cnt_0000
 [ 03-02-2025  05:55:50.273 ] [io_writeData]: wrote  318976          blocks
 [ 03-02-2025  05:55:50.283 ] [IO_writePlotfile] close: type=plotfile name=sedov_hdf5_plt_cnt_0000
 [ 03-02-2025  05:55:50.284 ] memory: /proc vsize    (MB):     4536.06 (min)       5007.11 (max)       4728.66 (avg)
 [ 03-02-2025  05:55:50.284 ] memory: /proc rss      (MB):     1843.83 (min)       1970.59 (max)       1875.59 (avg)
 [ 03-02-2025  05:55:50.284 ] [Driver_evolveAll]: Entering evolution loop
 [ 03-02-2025  05:55:50.284 ] step: n=1 t=0.000000E+00 dt=1.000000E-10
 [ 03-02-2025  05:56:22.050 ] step: n=2 t=1.000000E-10 dt=2.000000E-10
 [ 03-02-2025  05:57:14.427 ] step: n=3 t=3.000000E-10 dt=4.000000E-10
 [ 03-02-2025  05:57:46.024 ] step: n=4 t=7.000000E-10 dt=8.000000E-10
 [ 03-02-2025  05:58:38.531 ] step: n=5 t=1.500000E-09 dt=1.600000E-09
 [ 03-02-2025  05:59:10.200 ] step: n=6 t=3.100000E-09 dt=3.200000E-09
 [ 03-02-2025  06:00:02.600 ] step: n=7 t=6.300000E-09 dt=6.400000E-09
 [ 03-02-2025  06:00:34.367 ] step: n=8 t=1.270000E-08 dt=1.280000E-08
 [ 03-02-2025  06:01:26.612 ] [GRID amr_refine_derefine]: initiating refinement
 [ 03-02-2025  06:01:26.632 ] [GRID amr_refine_derefine]: redist. phase.  tot blks requested: 319168
 [GRID amr_refine_derefine] min blks 88    max blks 96    tot blks 319168
 [GRID amr_refine_derefine] min leaf blks 81    max leaf blks 89    tot leaf blks 312040
 [ 03-02-2025  06:01:27.648 ] [GRID amr_refine_derefine]: refinement complete
 [ 03-02-2025  06:01:28.714 ] step: n=9 t=2.550000E-08 dt=2.560000E-08
 [ 03-02-2025  06:02:00.626 ] step: n=10 t=5.110000E-08 dt=5.120000E-08
 [ 03-02-2025  06:02:53.095 ] [GRID amr_refine_derefine]: initiating refinement
 [ 03-02-2025  06:02:53.120 ] [GRID amr_refine_derefine]: redist. phase.  tot blks requested: 319552
 [GRID amr_refine_derefine] min blks 88    max blks 96    tot blks 319552
 [GRID amr_refine_derefine] min leaf blks 81    max leaf blks 89    tot leaf blks 312376
 [ 03-02-2025  06:02:54.303 ] [GRID amr_refine_derefine]: refinement complete
 [ 03-02-2025  06:03:10.244 ] [IO_writeCheckpoint] open: type=checkpoint name=sedov_hdf5_chk_0001
 [ 03-02-2025  06:04:58.989 ] [io_writeData]: wrote  319552          blocks
 [ 03-02-2025  06:04:59.020 ] [IO_writeCheckpoint] close: type=checkpoint name=sedov_hdf5_chk_0001
 [ 03-02-2025  06:04:59.021 ] step: n=11 t=1.023000E-07 dt=5.148208E-08
 [ 03-02-2025  06:04:59.022 ] [mpi_amr_comm_setup]: buffer_dim_send=9562717, buffer_dim_recv=7995733
 [ 03-02-2025  06:05:31.635 ] step: n=12 t=1.537821E-07 dt=5.055515E-08
 [ 03-02-2025  06:06:25.380 ] [GRID amr_refine_derefine]: initiating refinement
 [ 03-02-2025  06:06:25.400 ] [GRID amr_refine_derefine]: redist. phase.  tot blks requested: 320320
 [GRID amr_refine_derefine] min blks 88    max blks 96    tot blks 320320
 [GRID amr_refine_derefine] min leaf blks 81    max leaf blks 89    tot leaf blks 313048
 [ 03-02-2025  06:06:28.220 ] [GRID amr_refine_derefine]: refinement complete
 [ 03-02-2025  06:06:29.499 ] step: n=13 t=2.043372E-07 dt=4.968707E-08
 [ 03-02-2025  06:06:29.499 ] [mpi_amr_comm_setup]: buffer_dim_send=9694309, buffer_dim_recv=7995733
 [ 03-02-2025  06:07:02.024 ] step: n=14 t=2.540243E-07 dt=4.886723E-08
 [ 03-02-2025  06:07:55.582 ] [GRID amr_refine_derefine]: initiating refinement
 [ 03-02-2025  06:07:55.610 ] [GRID amr_refine_derefine]: redist. phase.  tot blks requested: 321472
 [GRID amr_refine_derefine] min blks 88    max blks 96    tot blks 321472
 [GRID amr_refine_derefine] min leaf blks 81    max leaf blks 89    tot leaf blks 314056
 [ 03-02-2025  06:07:59.493 ] [GRID amr_refine_derefine]: refinement complete
 [ 03-02-2025  06:08:00.748 ] step: n=15 t=3.028915E-07 dt=4.807240E-08
 [ 03-02-2025  06:08:00.749 ] [mpi_amr_comm_setup]: buffer_dim_send=10284265, buffer_dim_recv=9480793
 [ 03-02-2025  06:08:33.456 ] step: n=16 t=3.509639E-07 dt=4.731231E-08
 [ 03-02-2025  06:09:28.151 ] [GRID amr_refine_derefine]: initiating refinement
 [ 03-02-2025  06:09:28.170 ] [GRID amr_refine_derefine]: redist. phase.  tot blks requested: 321664
 [GRID amr_refine_derefine] min blks 88    max blks 96    tot blks 321664
 [GRID amr_refine_derefine] min leaf blks 81    max leaf blks 89    tot leaf blks 314224
 [ 03-02-2025  06:09:29.155 ] [GRID amr_refine_derefine]: refinement complete
 [ 03-02-2025  06:09:30.227 ] step: n=17 t=3.982762E-07 dt=4.660259E-08
 [ 03-02-2025  06:10:05.311 ] step: n=18 t=4.448788E-07 dt=4.594186E-08
 [ 03-02-2025  06:11:02.158 ] step: n=19 t=4.908207E-07 dt=4.531939E-08
 [ 03-02-2025  06:11:37.517 ] step: n=20 t=5.361401E-07 dt=4.469658E-08
 [ 03-02-2025  06:12:49.987 ] [IO_writeCheckpoint] open: type=checkpoint name=sedov_hdf5_chk_0002
 [ 03-02-2025  06:14:44.373 ] [io_writeData]: wrote  321664          blocks
 [ 03-02-2025  06:14:44.654 ] [IO_writeCheckpoint] close: type=checkpoint name=sedov_hdf5_chk_0002
 [ 03-02-2025  06:14:44.657 ] step: n=21 t=5.808367E-07 dt=4.410979E-08
 [ 03-02-2025  06:15:20.097 ] step: n=22 t=6.249464E-07 dt=4.356693E-08
 [ 03-02-2025  06:16:16.678 ] [GRID amr_refine_derefine]: initiating refinement
 [ 03-02-2025  06:16:16.700 ] [GRID amr_refine_derefine]: redist. phase.  tot blks requested: 322048
 [GRID amr_refine_derefine] min blks 88    max blks 96    tot blks 322048
 [GRID amr_refine_derefine] min leaf blks 81    max leaf blks 89    tot leaf blks 314560
 [ 03-02-2025  06:16:18.174 ] [GRID amr_refine_derefine]: refinement complete
 [ 03-02-2025  06:16:19.243 ] step: n=23 t=6.685134E-07 dt=4.304799E-08
 [ 03-02-2025  06:16:19.244 ] [mpi_amr_comm_setup]: buffer_dim_send=10218469, buffer_dim_recv=9480793
 [ 03-02-2025  06:16:54.290 ] step: n=24 t=7.115614E-07 dt=4.253934E-08
 [ 03-02-2025  06:17:50.543 ] [GRID amr_refine_derefine]: initiating refinement
 [ 03-02-2025  06:17:50.562 ] [GRID amr_refine_derefine]: redist. phase.  tot blks requested: 322432
 [GRID amr_refine_derefine] min blks 88    max blks 97    tot blks 322432
 [GRID amr_refine_derefine] min leaf blks 81    max leaf blks 89    tot leaf blks 314896
 [ 03-02-2025  06:17:52.032 ] [GRID amr_refine_derefine]: refinement complete
 [ 03-02-2025  06:17:53.291 ] step: n=25 t=7.541007E-07 dt=4.206069E-08
 [ 03-02-2025  06:18:28.171 ] step: n=26 t=7.961614E-07 dt=4.159556E-08
 [ 03-02-2025  06:19:24.539 ] [GRID amr_refine_derefine]: initiating refinement
 [ 03-02-2025  06:19:24.559 ] [GRID amr_refine_derefine]: redist. phase.  tot blks requested: 323200
 [GRID amr_refine_derefine] min blks 89    max blks 97    tot blks 323200
 [GRID amr_refine_derefine] min leaf blks 82    max leaf blks 90    tot leaf blks 315568
 [ 03-02-2025  06:19:27.196 ] [GRID amr_refine_derefine]: refinement complete
 [ 03-02-2025  06:19:28.893 ] step: n=27 t=8.377570E-07 dt=4.109344E-08
 [ 03-02-2025  06:20:03.496 ] step: n=28 t=8.788504E-07 dt=4.059195E-08
 [ 03-02-2025  06:21:00.229 ] step: n=29 t=9.194423E-07 dt=4.009407E-08
 [ 03-02-2025  06:21:35.563 ] step: n=30 t=9.595364E-07 dt=3.963341E-08
 [ 03-02-2025  06:22:32.600 ] [GRID amr_refine_derefine]: initiating refinement
 [ 03-02-2025  06:22:32.620 ] [GRID amr_refine_derefine]: redist. phase.  tot blks requested: 323968
 [GRID amr_refine_derefine] min blks 89    max blks 97    tot blks 323968
 [GRID amr_refine_derefine] min leaf blks 81    max leaf blks 90    tot leaf blks 316240
 [ 03-02-2025  06:22:35.757 ] [GRID amr_refine_derefine]: refinement complete
 [ 03-02-2025  06:22:52.402 ] [IO_writeCheckpoint] open: type=checkpoint name=sedov_hdf5_chk_0003
 [ 03-02-2025  06:24:48.346 ] [io_writeData]: wrote  323968          blocks
 [ 03-02-2025  06:24:48.545 ] [IO_writeCheckpoint] close: type=checkpoint name=sedov_hdf5_chk_0003
 [ 03-02-2025  06:24:48.549 ] step: n=31 t=9.991698E-07 dt=3.921543E-08
 [ 03-02-2025  06:24:48.552 ] [mpi_amr_comm_setup]: buffer_dim_send=10096225, buffer_dim_recv=9480793
 [ 03-02-2025  06:25:26.371 ] step: n=32 t=1.038385E-06 dt=3.883616E-08
 [ 03-02-2025  06:26:26.309 ] [GRID amr_refine_derefine]: initiating refinement
 [ 03-02-2025  06:26:26.333 ] [GRID amr_refine_derefine]: redist. phase.  tot blks requested: 324736
 [GRID amr_refine_derefine] min blks 89    max blks 97    tot blks 324736
 [GRID amr_refine_derefine] min leaf blks 82    max leaf blks 90    tot leaf blks 316912
 [ 03-02-2025  06:26:28.969 ] [GRID amr_refine_derefine]: refinement complete
 [ 03-02-2025  06:26:30.560 ] step: n=33 t=1.077221E-06 dt=3.848919E-08
 [ 03-02-2025  06:26:30.561 ] [mpi_amr_comm_setup]: buffer_dim_send=10631017, buffer_dim_recv=9619165
 [ 03-02-2025  06:27:09.185 ] step: n=34 t=1.115711E-06 dt=3.816827E-08
 [ 03-02-2025  06:28:08.971 ] step: n=35 t=1.153879E-06 dt=3.786364E-08
 [ 03-02-2025  06:28:47.806 ] step: n=36 t=1.191743E-06 dt=3.757623E-08
 [ 03-02-2025  06:29:48.450 ] step: n=37 t=1.229319E-06 dt=3.730651E-08
 [ 03-02-2025  06:30:26.882 ] step: n=38 t=1.266625E-06 dt=3.703419E-08
 [ 03-02-2025  06:31:27.090 ] [GRID amr_refine_derefine]: initiating refinement
 [ 03-02-2025  06:31:27.118 ] [GRID amr_refine_derefine]: redist. phase.  tot blks requested: 324928
 [GRID amr_refine_derefine] min blks 89    max blks 97    tot blks 324928
 [GRID amr_refine_derefine] min leaf blks 82    max leaf blks 90    tot leaf blks 317080
 [ 03-02-2025  06:31:28.208 ] [GRID amr_refine_derefine]: refinement complete
 [ 03-02-2025  06:31:29.284 ] step: n=39 t=1.303659E-06 dt=3.676561E-08
 [ 03-02-2025  06:32:07.966 ] step: n=40 t=1.340425E-06 dt=3.651223E-08
 [ 03-02-2025  06:33:08.223 ] [GRID amr_refine_derefine]: initiating refinement
 [ 03-02-2025  06:33:08.243 ] [GRID amr_refine_derefine]: redist. phase.  tot blks requested: 325120
 [GRID amr_refine_derefine] min blks 89    max blks 97    tot blks 325120
 [GRID amr_refine_derefine] min leaf blks 82    max leaf blks 90    tot leaf blks 317248
 [ 03-02-2025  06:33:09.263 ] [GRID amr_refine_derefine]: refinement complete
 [ 03-02-2025  06:33:25.674 ] [IO_writeCheckpoint] open: type=checkpoint name=sedov_hdf5_chk_0004
 [ 03-02-2025  06:35:23.083 ] [io_writeData]: wrote  325120          blocks
 [ 03-02-2025  06:35:23.171 ] [IO_writeCheckpoint] close: type=checkpoint name=sedov_hdf5_chk_0004
 [ 03-02-2025  06:35:23.174 ] step: n=41 t=1.376937E-06 dt=3.627985E-08
 [ 03-02-2025  06:35:57.352 ] step: n=42 t=1.413217E-06 dt=3.606985E-08
 [ 03-02-2025  06:36:52.950 ] step: n=43 t=1.449287E-06 dt=3.587395E-08
 [ 03-02-2025  06:37:27.559 ] step: n=44 t=1.485161E-06 dt=3.569822E-08
 [ 03-02-2025  06:38:22.897 ] [GRID amr_refine_derefine]: initiating refinement
 [ 03-02-2025  06:38:22.919 ] [GRID amr_refine_derefine]: redist. phase.  tot blks requested: 326272
 [GRID amr_refine_derefine] min blks 89    max blks 97    tot blks 326272
 [GRID amr_refine_derefine] min leaf blks 82    max leaf blks 90    tot leaf blks 318256
 [ 03-02-2025  06:38:26.513 ] [GRID amr_refine_derefine]: refinement complete
 [ 03-02-2025  06:38:27.821 ] step: n=45 t=1.520859E-06 dt=3.554189E-08
 [ 03-02-2025  06:38:27.821 ] [mpi_amr_comm_setup]: buffer_dim_send=10629733, buffer_dim_recv=9619165
 [ 03-02-2025  06:39:02.614 ] step: n=46 t=1.556401E-06 dt=3.540765E-08
 [ 03-02-2025  06:39:58.795 ] step: n=47 t=1.591809E-06 dt=3.530243E-08
 [ 03-02-2025  06:40:33.483 ] step: n=48 t=1.627111E-06 dt=3.520851E-08
 [ 03-02-2025  06:41:30.386 ] step: n=49 t=1.662320E-06 dt=3.512232E-08
 [ 03-02-2025  06:42:05.134 ] step: n=50 t=1.697442E-06 dt=3.506173E-08
 [ 03-02-2025  06:43:01.375 ] [GRID amr_refine_derefine]: initiating refinement
 [ 03-02-2025  06:43:01.394 ] [GRID amr_refine_derefine]: redist. phase.  tot blks requested: 326656
 [GRID amr_refine_derefine] min blks 90    max blks 98    tot blks 326656
 [GRID amr_refine_derefine] min leaf blks 83    max leaf blks 91    tot leaf blks 318592
 [ 03-02-2025  06:43:02.699 ] [GRID amr_refine_derefine]: refinement complete
 [ 03-02-2025  06:43:19.725 ] [IO_writeCheckpoint] open: type=checkpoint name=sedov_hdf5_chk_0005
 [ 03-02-2025  06:45:17.393 ] [io_writeData]: wrote  326656          blocks
 [ 03-02-2025  06:45:17.458 ] [IO_writeCheckpoint] close: type=checkpoint name=sedov_hdf5_chk_0005
 [ 03-02-2025  06:45:17.461 ] step: n=51 t=1.732504E-06 dt=3.502552E-08
 [ 03-02-2025  06:45:51.721 ] step: n=52 t=1.767529E-06 dt=3.500864E-08
 [ 03-02-2025  06:46:48.132 ] [GRID amr_refine_derefine]: initiating refinement
 [ 03-02-2025  06:46:48.165 ] [GRID amr_refine_derefine]: redist. phase.  tot blks requested: 328192
 [GRID amr_refine_derefine] min blks 90    max blks 98    tot blks 328192
 [GRID amr_refine_derefine] min leaf blks 83    max leaf blks 91    tot leaf blks 319936
 [ 03-02-2025  06:46:52.286 ] [GRID amr_refine_derefine]: refinement complete
 [ 03-02-2025  06:46:53.583 ] step: n=53 t=1.802538E-06 dt=3.501215E-08
 [ 03-02-2025  06:47:28.257 ] step: n=54 t=1.837550E-06 dt=3.501823E-08
 [ 03-02-2025  06:48:25.328 ] step: n=55 t=1.872568E-06 dt=3.502558E-08
 [ 03-02-2025  06:49:00.923 ] step: n=56 t=1.907594E-06 dt=3.503618E-08
 [ 03-02-2025  06:49:57.900 ] step: n=57 t=1.942630E-06 dt=3.505074E-08
 [ 03-02-2025  06:50:33.392 ] step: n=58 t=1.977681E-06 dt=3.507960E-08
 [ 03-02-2025  06:51:30.598 ] step: n=59 t=2.012760E-06 dt=3.511136E-08
 [ 03-02-2025  06:52:05.681 ] step: n=60 t=2.047872E-06 dt=3.511160E-08
 [ 03-02-2025  06:53:19.056 ] [IO_writeCheckpoint] open: type=checkpoint name=sedov_hdf5_chk_0006
 [ 03-02-2025  06:55:15.930 ] [io_writeData]: wrote  328192          blocks
 [ 03-02-2025  06:55:16.013 ] [IO_writeCheckpoint] close: type=checkpoint name=sedov_hdf5_chk_0006
 [ 03-02-2025  06:55:16.015 ] [Driver_evolveAll]: Exiting evolution loop
 [ 03-02-2025  06:55:16.734 ] [IO_writePlotfile] open: type=plotfile name=sedov_forced_hdf5_plt_cnt_0000
 [ 03-02-2025  06:55:29.349 ] [io_writeData]: wrote  328192          blocks
 [ 03-02-2025  06:55:29.674 ] [IO_writePlotfile] close: type=plotfile name=sedov_forced_hdf5_plt_cnt_0000
 [ 03-02-2025  06:55:29.676 ] memory: /proc vsize    (MB):     4557.43 (min)       5029.60 (max)       4762.72 (avg)
 [ 03-02-2025  06:55:29.677 ] memory: /proc rss      (MB):     2475.61 (min)       2690.57 (max)       2523.23 (avg)
 ==============================================================================
 perf_summary: code performance summary for process            0
                      beginning : 03-02-2025  05:17:24
                         ending : 03-02-2025  06:55:29
   seconds in monitoring period :             5885.253
      number of evolution steps :                   60
 ------------------------------------------------------------------------------
 accounting unit                       time sec  num calls   secs avg  time pct
 ------------------------------------------------------------------------------
 initialization                       2305.861      1        2305.861    39.180
  eos                                    2.436      8           0.305     0.041
  guardcell internal                    28.415      7           4.059     0.483
   amr_guardcell                        26.570      7           3.796     0.451
   eos gc                                0.001      7           0.000     0.000
  writeCheckpoint                      122.537      1         122.537     2.082
   restrictAll                          14.099      1          14.099     0.240
  writePlotfile                         11.704      1          11.704     0.199
 writePlotfile                          13.655      1          13.655     0.232
 evolution                            3565.731      1        3565.731    60.588
  Hydro                               1521.042     60          25.351    25.845
   Head                                315.774     60           5.263     5.366
    guardcell internal                 315.770     60           5.263     5.365
     amr_guardcell                     291.473     60           4.858     4.953
     eos gc                              0.007     60           0.000     0.000
   compute fluxes                     1141.688     60          19.028    19.399
    hy_computeFluxes                  1141.675   5354           0.213    19.399
     RiemannState                      989.496   5354           0.185    16.813
     getFaceFlux                       150.975   5354           0.028     2.565
   conserveFluxes                        0.481     60           0.008     0.008
   update solution                      62.560     60           1.043     1.063
    update solution body                62.542   5354           0.012     1.063
     unsplitUpdate                      21.934   5354           0.004     0.373
  sourceTerms                            0.000     60           0.000     0.000
  Particles_advance                      0.000     60           0.000     0.000
  Gravity potential                      0.000     60           0.000     0.000
  IO_output                           1342.456    120          11.187    22.811
   diagnostics                         558.021    120           4.650     9.482
   checkpointing                       784.394      6         130.732    13.328
    writeCheckpoint                    784.377      6         130.730    13.328
     restrictAll                        88.574      6          14.762     1.505
  Grid_updateRefinement                694.101     60          11.568    11.794
   eos                                   8.669     15           0.578     0.147
   tree                                685.432     60          11.424    11.647
    markRefineDerefine                 180.441     30           6.015     3.066
     guardcell internal                157.025     30           5.234     2.668
      amr_guardcell                    144.730     30           4.824     2.459
      eos gc                             0.003     30           0.000     0.000
    amr_refine_derefine                493.755     30          16.458     8.390
    updateData                           0.003     30           0.000     0.000
   updateParticleRefinement              0.000     15           0.000     0.000
  Driver_computeDt                       8.042     60           0.134     0.137
 ==============================================================================
 [ 03-02-2025  06:55:29.686 ] [Timers_getSummary]: Not writing timer max/min/avg values because not all processors had same timers
 [ 03-02-2025  06:55:29.686 ] LOGFILE_END: FLASH run complete.
 FLASH log file:  03-02-2025  06:55:59.680    Run number:  1
 ==============================================================================
 Number of MPI tasks:               3584
 MPI version:                          3
 MPI subversion:                       1
 Dimensionality:                       3
 Max Number of Blocks/Proc:          200
 Number x zones:                      32
 Number y zones:                      32
 Number z zones:                      32
 Setup stamp:     Fri Nov 1 14:03:57 2024
 Build stamp:     Fri Nov 1 14:04:23 2024
 System info:     Linux corona211 4.18.0-553.22.1.1toss.t4.x86_64 #1 SMP Tue Sep 24 16:50:00 PDT 2
 Version:         Flash-X 1.0 (heads/main-0-g6040ba49-dirty)                                      
 Build directory: /usr/workspace/ather1/Flash-X/sedov
 Setup syntax:    /usr/workspace/ather1/Flash-X/bin/setup.py Sedov -auto -3d -nxb=32 -nyb=32 -nzb=32 +parallelio -objdir=/usr/workspace/ather1/Flash-X/sedov
 f compiler flags: mpif90 -ggdb -c -O2 -fdefault-real-8 -fdefault-double-8 -Wuninitialized -fallow-argument-mismatch -fallow-argument-mismatch -DMAXBLOCKS=200 -DNXB=32 -DNYB=32 -DNZB=32 -DN_DIM=3
 c compiler flags:    mpicc -I/p/lustre2/ather1/hdf5-1.14.4-3/install/include -DH5_USE_18_API -ggdb -c -O2 -Wuninitialized -D_FORTIFY_SOURCE=2 -DMAXBLOCKS=200 -DNXB=32 -DNYB=32 -DNZB=32 -DN_DIM=3
 ==============================================================================
 Comment:  Sedov explosion
 ==============================================================================
 FLASH Units used:
   Driver/DriverMain/Unsplit
   Grid/GridBoundaryConditions
   Grid/GridMain/AMR/Paramesh4/PM4_package/flash_avoid_orrery
   Grid/GridMain/AMR/Paramesh4/PM4_package/headers
   Grid/GridMain/AMR/Paramesh4/PM4_package/source
   Grid/GridMain/AMR/Paramesh4/PM4_package/utilities/multigrid
   Grid/GridMain/AMR/Paramesh4/interpolation/prolong
   Grid/GridMain/AMR/Paramesh4/levelFlux
   Grid/localAPI
   IO/IOMain/hdf5/parallel/PM
   IO/localAPI
   PhysicalConstants/PhysicalConstantsMain
   RuntimeParameters/RuntimeParametersMain
   Simulation/SimulationMain/Sedov
   TimeAdvance/TimeAdvanceMain/StrangSplit
   flashUtilities/contiguousConversion
   flashUtilities/general
   flashUtilities/interpolation/oneDim
   flashUtilities/nameValueLL
   flashUtilities/sorting/quicksort
   flashUtilities/system/memoryUsage/legacy
   monitors/Logfile/LogfileMain
   monitors/Timers/TimersMain/MPINative
   physics/Eos/EosMain/Gamma
   physics/Hydro/HydroMain/unsplit/OnlyHydro
   physics/Hydro/HydroMain/unsplit/levelFlux
   physics/Hydro/localAPI
 ==============================================================================
 RuntimeParameters:
                                                                               
 ==============================================================================
bndpriorityone              =          1
bndprioritythree            =          3
bndprioritytwo              =          2
checkpointfileintervalstep  =         10 [CHANGED]
checkpointfilenumber        =          0
dr_abortpause               =          2
dr_dtminbelowaction         =          1
drift_break_inst            =          0
drift_trunc_mantissa        =          2
drift_verbose_inst          =          0
eos_entrelescalechoice      =          6
eos_loglevel                =        700
fileformatversion           =          9
forcedplotfilenumber        =          0
gr_lrefmaxtimevalue_1       =         -1
gr_lrefmaxtimevalue_10      =         -1
gr_lrefmaxtimevalue_11      =         -1
gr_lrefmaxtimevalue_12      =         -1
gr_lrefmaxtimevalue_13      =         -1
gr_lrefmaxtimevalue_14      =         -1
gr_lrefmaxtimevalue_15      =         -1
gr_lrefmaxtimevalue_16      =         -1
gr_lrefmaxtimevalue_17      =         -1
gr_lrefmaxtimevalue_18      =         -1
gr_lrefmaxtimevalue_19      =         -1
gr_lrefmaxtimevalue_2       =         -1
gr_lrefmaxtimevalue_20      =         -1
gr_lrefmaxtimevalue_3       =         -1
gr_lrefmaxtimevalue_4       =         -1
gr_lrefmaxtimevalue_5       =         -1
gr_lrefmaxtimevalue_6       =         -1
gr_lrefmaxtimevalue_7       =         -1
gr_lrefmaxtimevalue_8       =         -1
gr_lrefmaxtimevalue_9       =         -1
gr_pmrpdivergencefree       =         -1
gr_pmrpifaceoff             =          0
gr_pmrpl2p5d                =          0
gr_pmrpmaxblocks            =         -1
gr_pmrpmflags               =          1
gr_pmrpnboundaries          =          6
gr_pmrpndim                 =          3
gr_pmrpnedgevar1            =         -1
gr_pmrpnfacevar             =         -1
gr_pmrpnfielddivf           =         -1
gr_pmrpnfluxvar             =         -1
gr_pmrpnguard               =         -1
gr_pmrpnguardwork           =         -1
gr_pmrpnvar                 =         -1
gr_pmrpnvarwork             =          1
gr_pmrpnvarcorn             =          0
gr_pmrpnvaredge             =          0
gr_pmrpnxb                  =         -1
gr_pmrpnyb                  =         -1
gr_pmrpnzb                  =         -1
gr_restrictallmethod        =          3
gr_sanitizedatamode         =          1
gr_sanitizeverbosity        =          5
gr_tilesizex                =         32
gr_tilesizey                =         32
gr_tilesizez                =         32
hy_3torder                  =         -1
hydrocomputedtoption        =         -1
iprocs                      =          1
interpol_order              =          2
irenorm                     =          0
jprocs                      =          1
kprocs                      =          1
lrefine_del                 =          0
lrefine_max                 =          6 [CHANGED]
lrefine_min                 =          1
lrefine_min_init            =          1
max_particles_per_blk       =        100
memory_stat_freq            =     100000
meshcopycount               =          1
min_particles_per_blk       =          1
nbegin                      =          1
nblockx                     =         64 [CHANGED]
nblocky                     =         64 [CHANGED]
nblockz                     =         64 [CHANGED]
nend                        =         60 [CHANGED]
nrefs                       =          2
nsteptotalsts               =          5
order                       =          3 [CHANGED]
outputsplitnum              =          1
plotfileintervalstep        =          0
plotfilenumber              =          0
refine_var_count            =          4
rolling_checkpoint          =      10000
sim_centerrefinelevel       =          1
sim_integralslevel          =         -1
sim_nsubzones               =          7
sweeporder                  =        123
transorder                  =          1
wr_integrals_freq           =          1
limitedslopebeta            =                 0.100E+01
cfl                         =                 0.800E+00
checkpointfileintervaltime  =                 0.000E+00 [CHANGED]
checkpointfileintervalz     =                 0.180+309
cvisc                       =                 0.100E+00
derefine_cutoff_1           =                 0.200E+00
derefine_cutoff_2           =                 0.200E+00
derefine_cutoff_3           =                 0.200E+00
derefine_cutoff_4           =                 0.200E+00
dr_dtmincontinue            =                 0.000E+00
dr_tstepslowstartfactor     =                 0.100E+00
dtinit                      =                 0.100E-09
dtmax                       =                 0.100E+06
dtmin                       =                 0.100E-09
eintswitch                  =                 0.100E-03 [CHANGED]
eos_singlespeciesa          =                 0.100E+01
eos_singlespeciesz          =                 0.100E+01
gamma                       =                 0.140E+01 [CHANGED]
gr_btworkchildscaling       =                 0.100E+01
gr_btworkdefaultleaf        =                 0.200E+01
gr_btworkdefaultpar         =                 0.100E+01
gr_btworklbleaf             =                 0.000E+00
gr_btworklbpar              =                 0.000E+00
gr_btworkubleaf             =                 0.100E+07
gr_btworkubpar              =                 0.100E+07
gr_lrefinemaxredlogbase     =                 0.100E+02
gr_lrefinemaxredradiusfact  =                 0.000E+00
gr_lrefinemaxredtref        =                 0.000E+00
gr_lrefinemaxredtimescale   =                 0.100E+01
gr_lrefmaxtime_1            =                -0.100E+01
gr_lrefmaxtime_10           =                -0.100E+01
gr_lrefmaxtime_11           =                -0.100E+01
gr_lrefmaxtime_12           =                -0.100E+01
gr_lrefmaxtime_13           =                -0.100E+01
gr_lrefmaxtime_14           =                -0.100E+01
gr_lrefmaxtime_15           =                -0.100E+01
gr_lrefmaxtime_16           =                -0.100E+01
gr_lrefmaxtime_17           =                -0.100E+01
gr_lrefmaxtime_18           =                -0.100E+01
gr_lrefmaxtime_19           =                -0.100E+01
gr_lrefmaxtime_2            =                -0.100E+01
gr_lrefmaxtime_20           =                -0.100E+01
gr_lrefmaxtime_3            =                -0.100E+01
gr_lrefmaxtime_4            =                -0.100E+01
gr_lrefmaxtime_5            =                -0.100E+01
gr_lrefmaxtime_6            =                -0.100E+01
gr_lrefmaxtime_7            =                -0.100E+01
gr_lrefmaxtime_8            =                -0.100E+01
gr_lrefmaxtime_9            =                -0.100E+01
hy_cflfallbackfactor        =                 0.900E+00
hy_fpresinmomflux           =                 0.100E+01
hybridorderkappa            =                 0.000E+00
nusts                       =                 0.200E+00 [CHANGED]
plotfileintervaltime        =                 0.000E+00 [CHANGED]
plotfileintervalz           =                 0.180+309
radiusgp                    =                 0.200E+01
refine_cutoff_1             =                 0.800E+00
refine_cutoff_2             =                 0.800E+00
refine_cutoff_3             =                 0.800E+00
refine_cutoff_4             =                 0.800E+00
refine_filter_1             =                 0.100E-01
refine_filter_2             =                 0.100E-01
refine_filter_3             =                 0.100E-01
refine_filter_4             =                 0.100E-01
rss_limit                   =                -0.100E+01
sigmagp                     =                 0.300E+01
sim_derefineradius          =                 0.000E+00
sim_earliestlstime          =                 0.000E+00
sim_expenergy               =                 0.100E+01
sim_largestnormradius       =                 0.180+309
sim_latestlstime            =                 0.180+309
sim_minrhoinit              =                 0.100E-19
sim_pambient                =                 0.100E-04
sim_rinit                   =                 0.137E-01 [CHANGED]
sim_rhoambient              =                 0.100E+01
sim_smallestnormradius      =                 0.000E+00
sim_xctr                    =                 0.500E+00
sim_yctr                    =                 0.500E+00
sim_zctr                    =                 0.500E+00
small                       =                 0.100E-09
smalle                      =                 0.100E-09
smallp                      =                 0.100E-09
smallt                      =                 0.100E-09
smallu                      =                 0.100E-09
smallx                      =                 0.100E-09
smlrho                      =                 0.100E-09
tinitial                    =                 0.000E+00
tiny                        =                 0.100E-15
tmax                        =                 0.500E+06 [CHANGED]
tstep_change_factor         =                 0.200E+01
wall_clock_checkpoint       =                 0.432E+05
wall_clock_time_limit       =                 0.605E+06
x_refine_center             =                 0.000E+00
xmax                        =                 0.100E+01
xmin                        =                 0.000E+00
y_refine_center             =                 0.000E+00
ymax                        =                 0.100E+01
ymin                        =                 0.000E+00
zfinal                      =                 0.000E+00
zinitial                    =                -0.100E+01
z_refine_center             =                 0.000E+00
zmax                        =                 0.100E+01
zmin                        =                 0.000E+00
riemannsolver               = Roe                            [CHANGED]
unitsystem                  = none                          
basenm                      = sedov_                         [CHANGED]
entropyfixmethod            = HARTENHYMAN                   
eosmode                     = dens_ie                       
eosmodeinit                 = dens_ie                       
geometry                    = cartesian                     
gr_pmrpoutputdir            = ./                            
grav_boundary_type          = isolated                      
hy_eosmodegc                = see eosMode                   
log_file                    = sedov.log                      [CHANGED]
output_directory            =                               
pc_unitsbase                = CGS                           
plot_grid_var_1             = none                          
plot_grid_var_10            = none                          
plot_grid_var_11            = none                          
plot_grid_var_12            = none                          
plot_grid_var_13            = none                          
plot_grid_var_14            = none                          
plot_grid_var_15            = none                          
plot_grid_var_16            = none                          
plot_grid_var_17            = none                          
plot_grid_var_18            = none                          
plot_grid_var_19            = none                          
plot_grid_var_2             = none                          
plot_grid_var_20            = none                          
plot_grid_var_21            = none                          
plot_grid_var_22            = none                          
plot_grid_var_23            = none                          
plot_grid_var_24            = none                          
plot_grid_var_25            = none                          
plot_grid_var_26            = none                          
plot_grid_var_27            = none                          
plot_grid_var_28            = none                          
plot_grid_var_29            = none                          
plot_grid_var_3             = none                          
plot_grid_var_30            = none                          
plot_grid_var_31            = none                          
plot_grid_var_32            = none                          
plot_grid_var_33            = none                          
plot_grid_var_34            = none                          
plot_grid_var_35            = none                          
plot_grid_var_36            = none                          
plot_grid_var_37            = none                          
plot_grid_var_38            = none                          
plot_grid_var_39            = none                          
plot_grid_var_4             = none                          
plot_grid_var_40            = none                          
plot_grid_var_41            = none                          
plot_grid_var_42            = none                          
plot_grid_var_43            = none                          
plot_grid_var_44            = none                          
plot_grid_var_45            = none                          
plot_grid_var_46            = none                          
plot_grid_var_47            = none                          
plot_grid_var_48            = none                          
plot_grid_var_49            = none                          
plot_grid_var_5             = none                          
plot_grid_var_50            = none                          
plot_grid_var_51            = none                          
plot_grid_var_52            = none                          
plot_grid_var_53            = none                          
plot_grid_var_54            = none                          
plot_grid_var_55            = none                          
plot_grid_var_56            = none                          
plot_grid_var_57            = none                          
plot_grid_var_58            = none                          
plot_grid_var_59            = none                          
plot_grid_var_6             = none                          
plot_grid_var_60            = none                          
plot_grid_var_61            = none                          
plot_grid_var_62            = none                          
plot_grid_var_63            = none                          
plot_grid_var_64            = none                          
plot_grid_var_65            = none                          
plot_grid_var_66            = none                          
plot_grid_var_67            = none                          
plot_grid_var_68            = none                          
plot_grid_var_69            = none                          
plot_grid_var_7             = none                          
plot_grid_var_70            = none                          
plot_grid_var_71            = none                          
plot_grid_var_72            = none                          
plot_grid_var_73            = none                          
plot_grid_var_74            = none                          
plot_grid_var_75            = none                          
plot_grid_var_76            = none                          
plot_grid_var_77            = none                          
plot_grid_var_78            = none                          
plot_grid_var_8             = none                          
plot_grid_var_9             = none                          
plot_var_1                  = dens                           [CHANGED]
plot_var_10                 = none                          
plot_var_11                 = none                          
plot_var_12                 = none                          
plot_var_13                 = none                          
plot_var_14                 = none                          
plot_var_15                 = none                          
plot_var_16                 = none                          
plot_var_17                 = none                          
plot_var_18                 = none                          
plot_var_2                  = pres                           [CHANGED]
plot_var_3                  = temp                           [CHANGED]
plot_var_4                  = none                          
plot_var_5                  = none                          
plot_var_6                  = none                          
plot_var_7                  = none                          
plot_var_8                  = none                          
plot_var_9                  = none                          
prof_file                   = profile.dat                   
refine_var_1                = dens                           [CHANGED]
refine_var_2                = pres                           [CHANGED]
refine_var_3                = none                          
refine_var_4                = none                          
run_comment                 = Sedov explosion                [CHANGED]
run_number                  = 1                             
sim_proffilename            = /dev/null                      [CHANGED]
slopelimiter                = mc                             [CHANGED]
stats_file                  = flashx.dat                    
wenomethod                  = WENO5                         
xl_boundary_type            = outflow                        [CHANGED]
xr_boundary_type            = outflow                        [CHANGED]
yl_boundary_type            = outflow                        [CHANGED]
yr_boundary_type            = outflow                        [CHANGED]
zl_boundary_type            = outflow                        [CHANGED]
zr_boundary_type            = outflow                        [CHANGED]
csvsummaryallprocs          =  F
eosforriemann               =  F
logsummaryallprocs          =  F
addthermalflux              =  T
allowdtstsdominate          =  F
alwayscomputeuservars       =  T
alwaysrestrictcheckpoint    =  T
charlimiting                =  T
chkguardcellsinput          =  F
chkguardcellsoutput         =  F
conserveangmom              =  F
converttoconsvdformeshcalls =  F
converttoconsvdinmeshinterp =  T
corners                     =  F
dr_printtsteploc            =  T
dr_shortenlaststepbeforetmax =  F
drift_tuples                =  F
eachprocwritesownabortlog   =  F
eachprocwritessummary       =  F
earlyblockdistadjustment    =  T
enablemaskedgcfill          =  F
entropy                     =  F
flux_correct                =  T
flux_correct_perlevel       =  F
geometryoverride            =  F
gr_bcenableapplymixedgds    =  T
gr_bndgcfillneedsprimitivevars =  T
gr_btcustomwork             =  F
gr_btexchangework           =  F
gr_btsortbywork             =  T
gr_enabletiling             =  F
gr_lrefinemaxbytime         =  F
gr_lrefinemaxreddobylogr    =  F
gr_lrefinemaxreddobytime    =  F
gr_pmrpadvancealllevels     =  F
gr_pmrpamrerrorchecking     =  F
gr_pmrpcartesianpm          =  F
gr_pmrpconserve             =  F
gr_pmrpconsvfluxdensities   =  T
gr_pmrpconsvfluxes          =  F
gr_pmrpcurvilinear          =  F
gr_pmrpcurvilinearconserve  =  F
gr_pmrpcylindricalpm        =  F
gr_pmrpdiagonals            =  T
gr_pmrpedgevalue            =  T
gr_pmrpedgevalueinteg       =  F
gr_pmrpemptycells           =  F
gr_pmrpforceconsistency     =  T
gr_pmrplsingularline        =  F
gr_pmrpnopermanentguardcells =  F
gr_pmrppolarpm              =  F
gr_pmrppredcorr             =  F
gr_pmrpsphericalpm          =  F
gr_pmrptimingmpi            =  F
gr_pmrptimingmpix           =  F
gr_pmrpvardt                =  F
gr_usetiling                =  F
hy_fallbacklowercfl         =  F
hy_fullspecmsfluxhandling   =  T
hy_usetiling                =  F
ignoreforcedplot            =  F
io_writemscalarintegrals    =  F
plotfilegridquantitydp      =  F
plotfilemetadatadp          =  F
reducegcellfills            =  F
refine_on_particle_count    =  F
restart                     =  F
shockdetect                 =  F
shocklowercfl               =  F
sim_bcsetbdryvar            =  F
sim_forcecenterderefine     =  F
sim_onelevelintegralsonly   =  F
summaryoutputonly           =  F
threadblocklistbuild        =  F
threaddelepblocklist        =  F
threaddelepwithinblock      =  F
threaddriverblocklist       =  F
threaddriverwithinblock     =  F
threadeoswithinblock        =  F
threadhydroblocklist        =  F
threadhydrowithinblock      =  F
threadraytracebuild         =  F
threadwithinblockbuild      =  F
tmr_suppressinparallel      =  F
typematchedxfer             =  T
unbiased_geometry           =  F
updatehydrofluxes           =  T
useburn                     =  F
usecollectivehdf5           =  T
usedeleptonize              =  F
usegravity                  =  F
useheatad                   =  F
useheater                   =  F
usehydro                    =  T
useimbound                  =  F
useincompns                 =  F
useinlet                    =  F
uselegacylabels             =  T
usemultiphase               =  F
useorchestration            =  F
useoutlet                   =  F
useparticles                =  F
useradtrans                 =  F
usests                      =  F
usestsfordiffusion          =  F
usesolidmechanics           =  F
use_3dfullctu               =  T
use_auxeinteqn              =  T
use_avisc                   =  T [CHANGED]
use_cma_advection           =  F
use_cma_flattening          =  F
use_flash_surr_blks_fill    =  T
use_flattening              =  F
use_gravhalfupdate          =  T
use_hybridorder             =  F
use_reduced_orrery          =  T
use_steepening              =  F
use_upwindtvd               =  F
writestatsummary            =  T
                                                                               
 ==============================================================================
                                                                               
 Known units of measurement:
                                                                               
              Unit                          CGS Value                Base Unit
  1                  cm                     1.0000                           cm
  2                   s                     1.0000                            s
  3                   g                     1.0000                            g
  4                   K                     1.0000                            K
  5                 esu                     1.0000                          esu
  6                 mol                     1.0000                          mol
  7                   m                     100.00                           cm
  8                  km                    1.00000E+05                       cm
  9                  pc                    3.08568E+18                       cm
 10                 kpc                    3.08568E+21                       cm
 11                 Mpc                    3.08568E+24                       cm
 12                 Gpc                    3.08568E+27                       cm
 13                Rsun                    6.96000E+10                       cm
 14                  AU                    1.49598E+13                       cm
 15                  yr                    3.15569E+07                        s
 16                 Myr                    3.15569E+13                        s
 17                 Gyr                    3.15569E+16                        s
 18                  kg                     1000.0                            g
 19                Msun                    1.98892E+33                        g
 20                 amu                    1.66054E-24                        g
 21                  eV                     11605.                            K
 22                   C                    2.99792E+09                      esu
 23                LFLY                    3.08568E+24                       cm
 24                TFLY                    2.05759E+17                        s
 25                MFLY                    9.88470E+45                        g
 26            clLength                    3.08568E+24                       cm
 27              clTime                    3.15569E+16                        s
 28              clMass                    1.98892E+48                        g
 29              clTemp                    1.16045E+07                        K
-----------End of Units--------------------
                                                                               
 Known physical constants:
                                                                               
    Constant Name       Constant Value   cm       s        g        K        esu      mol
  1              Newton    6.67408E-08   3.0     -2.0     -1.0      0.0      0.0      0.0    
  2      speed of light    2.99792E+10   1.0     -1.0      0.0      0.0      0.0      0.0    
  3              Planck    6.62607E-27   2.0     -1.0      1.0      0.0      0.0      0.0    
  4     electron charge    4.80320E-10   0.0      0.0      0.0      0.0      1.0      0.0    
  5       electron mass    9.10938E-28   0.0      0.0      1.0      0.0      0.0      0.0    
  6         proton mass    1.67262E-24   0.0      0.0      1.0      0.0      0.0      0.0    
  7      fine-structure    7.29735E-03   0.0      0.0      0.0      0.0      0.0      0.0    
  8            Avogadro    6.02214E+23   0.0      0.0      0.0      0.0      0.0     -1.0    
  9           Boltzmann    1.38065E-16   2.0     -2.0      1.0     -1.0      0.0      0.0    
 10  ideal gas constant    8.31446E+07   2.0     -2.0      1.0     -1.0      0.0     -1.0    
 11                Wien    0.28978       1.0      0.0      0.0      1.0      0.0      0.0    
 12    Stefan-Boltzmann    5.67037E-05   0.0     -3.0      1.0     -4.0      0.0      0.0    
 13  Radiation Constant    7.56572E-15  -1.0     -2.0      1.0     -4.0      0.0      0.0    
 14                  pi     3.1416       0.0      0.0      0.0      0.0      0.0      0.0    
 15                   e     2.7183       0.0      0.0      0.0      0.0      0.0      0.0    
 16               Euler    0.57722       0.0      0.0      0.0      0.0      0.0      0.0    
 ==============================================================================
                                                                               
 Multifluid database: not configured in
                                                                               
 ==============================================================================
 [ 03-02-2025  06:55:59.685 ] [gr_initGeometry] checking BCs for idir: 1
 [ 03-02-2025  06:55:59.685 ] [gr_initGeometry] checking BCs for idir: 2
 [ 03-02-2025  06:55:59.686 ] [gr_initGeometry] checking BCs for idir: 3
 [ 03-02-2025  06:56:23.047 ] [GRID amr_refine_derefine]: initiating refinement
 [ 03-02-2025  06:56:23.047 ] [GRID amr_refine_derefine]: redist. phase.  tot blks requested: 262144
 [GRID amr_refine_derefine] min blks 73    max blks 74    tot blks 262144
 [GRID amr_refine_derefine] min leaf blks 73    max leaf blks 74    tot leaf blks 262144
 [ 03-02-2025  06:56:24.902 ] [GRID amr_refine_derefine]: refinement complete
 [ 03-02-2025  07:20:25.037 ] [GRID gr_expandDomain]: iteration=1, create level=2
 INFO: Grid_fillGuardCells is ignoring masking.
 [ 03-02-2025  07:21:37.922 ] [mpi_amr_comm_setup]: buffer_dim_send=9172513, buffer_dim_recv=8150953
 [ 03-02-2025  07:21:45.783 ] [GRID amr_refine_derefine]: initiating refinement
 [ 03-02-2025  07:21:45.808 ] [GRID amr_refine_derefine]: redist. phase.  tot blks requested: 262208
 [GRID amr_refine_derefine] min blks 73    max blks 74    tot blks 262208
 [GRID amr_refine_derefine] min leaf blks 72    max leaf blks 74    tot leaf blks 262200
 [ 03-02-2025  07:21:46.532 ] [GRID amr_refine_derefine]: refinement complete
 [ 03-02-2025  07:21:46.537 ] [GRID gr_expandDomain]: iteration=2, create level=3
 [ 03-02-2025  07:23:07.204 ] [GRID amr_refine_derefine]: initiating refinement
 [ 03-02-2025  07:23:07.230 ] [GRID amr_refine_derefine]: redist. phase.  tot blks requested: 263168
 [GRID amr_refine_derefine] min blks 73    max blks 78    tot blks 263168
 [GRID amr_refine_derefine] min leaf blks 68    max leaf blks 74    tot leaf blks 263040
 [ 03-02-2025  07:23:09.102 ] [GRID amr_refine_derefine]: refinement complete
 [ 03-02-2025  07:23:09.108 ] [GRID gr_expandDomain]: iteration=3, create level=4
 [ 03-02-2025  07:24:30.046 ] [GRID amr_refine_derefine]: initiating refinement
 [ 03-02-2025  07:24:30.071 ] [GRID amr_refine_derefine]: redist. phase.  tot blks requested: 266176
 [GRID amr_refine_derefine] min blks 74    max blks 81    tot blks 266176
 [GRID amr_refine_derefine] min leaf blks 68    max leaf blks 75    tot leaf blks 265672
 [ 03-02-2025  07:24:31.910 ] [GRID amr_refine_derefine]: refinement complete
 [ 03-02-2025  07:24:31.917 ] [GRID gr_expandDomain]: iteration=4, create level=5
 [ 03-02-2025  07:25:45.676 ] [mpi_amr_comm_setup]: buffer_dim_send=9836329, buffer_dim_recv=8308021
 [ 03-02-2025  07:25:53.887 ] [GRID amr_refine_derefine]: initiating refinement
 [ 03-02-2025  07:25:53.916 ] [GRID amr_refine_derefine]: redist. phase.  tot blks requested: 277632
 [GRID amr_refine_derefine] min blks 77    max blks 84    tot blks 277632
 [GRID amr_refine_derefine] min leaf blks 71    max leaf blks 78    tot leaf blks 275696
 [ 03-02-2025  07:25:55.856 ] [GRID amr_refine_derefine]: refinement complete
 [ 03-02-2025  07:25:55.862 ] [GRID gr_expandDomain]: iteration=5, create level=6
 [ 03-02-2025  07:27:15.013 ] [mpi_amr_comm_setup]: buffer_dim_send=9533749, buffer_dim_recv=9102145
 [ 03-02-2025  07:27:20.250 ] [GRID amr_refine_derefine]: initiating refinement
 [ 03-02-2025  07:27:20.283 ] [GRID amr_refine_derefine]: redist. phase.  tot blks requested: 318976
 [GRID amr_refine_derefine] min blks 88    max blks 95    tot blks 318976
 [GRID amr_refine_derefine] min leaf blks 80    max leaf blks 89    tot leaf blks 311872
 [ 03-02-2025  07:27:23.067 ] [GRID amr_refine_derefine]: refinement complete
 [ 03-02-2025  07:27:23.074 ] [GRID gr_expandDomain]: iteration=6, create level=6
 [ 03-02-2025  07:28:50.705 ] [mpi_amr_comm_setup]: buffer_dim_send=9570781, buffer_dim_recv=7995733
 [ 03-02-2025  07:29:00.366 ] [GRID gr_expandDomain]: iteration=7, create level=6
 [ 03-02-2025  07:30:37.645 ] [GRID gr_expandDomain]: iteration=8, create level=6
 [ 03-02-2025  07:32:11.330 ] memory: /proc vsize    (MB):     4516.34 (min)       4857.68 (max)       4703.99 (avg)
 [ 03-02-2025  07:32:11.331 ] memory: /proc rss      (MB):     1836.83 (min)       1979.75 (max)       1865.30 (avg)
 [ 03-02-2025  07:32:11.332 ] memory: /proc vsize    (MB):     4516.34 (min)       4857.68 (max)       4703.99 (avg)
 [ 03-02-2025  07:32:11.332 ] memory: /proc rss      (MB):     1836.83 (min)       1979.75 (max)       1865.30 (avg)
 [ 03-02-2025  07:32:11.464 ] memory: /proc vsize    (MB):     4516.34 (min)       4857.68 (max)       4703.99 (avg)
 [ 03-02-2025  07:32:11.464 ] memory: /proc rss      (MB):     1836.83 (min)       1979.75 (max)       1865.31 (avg)
 [ 03-02-2025  07:32:26.166 ] [IO_writeCheckpoint] open: type=checkpoint name=sedov_hdf5_chk_0000
 [ 03-02-2025  07:34:12.712 ] [io_writeData]: wrote  318976          blocks
 [ 03-02-2025  07:34:12.739 ] [IO_writeCheckpoint] close: type=checkpoint name=sedov_hdf5_chk_0000
 [ 03-02-2025  07:34:13.050 ] [IO_writePlotfile] open: type=plotfile name=sedov_hdf5_plt_cnt_0000
 [ 03-02-2025  07:34:23.997 ] [io_writeData]: wrote  318976          blocks
 [ 03-02-2025  07:34:24.006 ] [IO_writePlotfile] close: type=plotfile name=sedov_hdf5_plt_cnt_0000
 [ 03-02-2025  07:34:24.008 ] memory: /proc vsize    (MB):     4575.77 (min)       5007.64 (max)       4728.36 (avg)
 [ 03-02-2025  07:34:24.008 ] memory: /proc rss      (MB):     1843.71 (min)       1986.46 (max)       1874.98 (avg)
 [ 03-02-2025  07:34:24.008 ] [Driver_evolveAll]: Entering evolution loop
 [ 03-02-2025  07:34:24.008 ] step: n=1 t=0.000000E+00 dt=1.000000E-10
 [ 03-02-2025  07:34:55.817 ] step: n=2 t=1.000000E-10 dt=2.000000E-10
 [ 03-02-2025  07:35:48.218 ] step: n=3 t=3.000000E-10 dt=4.000000E-10
 [ 03-02-2025  07:36:19.773 ] step: n=4 t=7.000000E-10 dt=8.000000E-10
 [ 03-02-2025  07:37:12.284 ] step: n=5 t=1.500000E-09 dt=1.600000E-09
 [ 03-02-2025  07:37:43.886 ] step: n=6 t=3.100000E-09 dt=3.200000E-09
 [ 03-02-2025  07:38:36.470 ] step: n=7 t=6.300000E-09 dt=6.400000E-09
 [ 03-02-2025  07:39:08.146 ] step: n=8 t=1.270000E-08 dt=1.280000E-08
 [ 03-02-2025  07:40:00.355 ] [GRID amr_refine_derefine]: initiating refinement
 [ 03-02-2025  07:40:00.376 ] [GRID amr_refine_derefine]: redist. phase.  tot blks requested: 319168
 [GRID amr_refine_derefine] min blks 88    max blks 96    tot blks 319168
 [GRID amr_refine_derefine] min leaf blks 81    max leaf blks 89    tot leaf blks 312040
 [ 03-02-2025  07:40:01.380 ] [GRID amr_refine_derefine]: refinement complete
 [ 03-02-2025  07:40:02.446 ] step: n=9 t=2.550000E-08 dt=2.560000E-08
 [ 03-02-2025  07:40:34.343 ] step: n=10 t=5.110000E-08 dt=5.120000E-08
 [ 03-02-2025  07:41:26.498 ] [GRID amr_refine_derefine]: initiating refinement
 [ 03-02-2025  07:41:26.523 ] [GRID amr_refine_derefine]: redist. phase.  tot blks requested: 319552
 [GRID amr_refine_derefine] min blks 88    max blks 96    tot blks 319552
 [GRID amr_refine_derefine] min leaf blks 81    max leaf blks 89    tot leaf blks 312376
 [ 03-02-2025  07:41:27.698 ] [GRID amr_refine_derefine]: refinement complete
 [ 03-02-2025  07:41:43.588 ] [IO_writeCheckpoint] open: type=checkpoint name=sedov_hdf5_chk_0001
 [ 03-02-2025  07:43:30.837 ] [io_writeData]: wrote  319552          blocks
 [ 03-02-2025  07:43:31.195 ] [IO_writeCheckpoint] close: type=checkpoint name=sedov_hdf5_chk_0001
 [ 03-02-2025  07:43:31.198 ] step: n=11 t=1.023000E-07 dt=5.148208E-08
 [ 03-02-2025  07:43:31.198 ] [mpi_amr_comm_setup]: buffer_dim_send=9562717, buffer_dim_recv=7995733
 [ 03-02-2025  07:44:04.004 ] step: n=12 t=1.537821E-07 dt=5.055515E-08
 [ 03-02-2025  07:44:58.627 ] [GRID amr_refine_derefine]: initiating refinement
 [ 03-02-2025  07:44:58.649 ] [GRID amr_refine_derefine]: redist. phase.  tot blks requested: 320320
 [GRID amr_refine_derefine] min blks 88    max blks 96    tot blks 320320
 [GRID amr_refine_derefine] min leaf blks 81    max leaf blks 89    tot leaf blks 313048
 [ 03-02-2025  07:45:01.511 ] [GRID amr_refine_derefine]: refinement complete
 [ 03-02-2025  07:45:02.787 ] step: n=13 t=2.043372E-07 dt=4.968707E-08
 [ 03-02-2025  07:45:02.788 ] [mpi_amr_comm_setup]: buffer_dim_send=9694309, buffer_dim_recv=7995733
 [ 03-02-2025  07:45:35.600 ] step: n=14 t=2.540243E-07 dt=4.886723E-08
 [ 03-02-2025  07:46:29.602 ] [GRID amr_refine_derefine]: initiating refinement
 [ 03-02-2025  07:46:29.622 ] [GRID amr_refine_derefine]: redist. phase.  tot blks requested: 321472
 [GRID amr_refine_derefine] min blks 88    max blks 96    tot blks 321472
 [GRID amr_refine_derefine] min leaf blks 81    max leaf blks 89    tot leaf blks 314056
 [ 03-02-2025  07:46:33.637 ] [GRID amr_refine_derefine]: refinement complete
 [ 03-02-2025  07:46:34.894 ] step: n=15 t=3.028915E-07 dt=4.807240E-08
 [ 03-02-2025  07:46:34.895 ] [mpi_amr_comm_setup]: buffer_dim_send=10284265, buffer_dim_recv=9480793
 [ 03-02-2025  07:47:08.084 ] step: n=16 t=3.509639E-07 dt=4.731231E-08
 [ 03-02-2025  07:48:03.217 ] [GRID amr_refine_derefine]: initiating refinement
 [ 03-02-2025  07:48:03.235 ] [GRID amr_refine_derefine]: redist. phase.  tot blks requested: 321664
 [GRID amr_refine_derefine] min blks 88    max blks 96    tot blks 321664
 [GRID amr_refine_derefine] min leaf blks 81    max leaf blks 89    tot leaf blks 314224
 [ 03-02-2025  07:48:04.217 ] [GRID amr_refine_derefine]: refinement complete
 [ 03-02-2025  07:48:05.281 ] step: n=17 t=3.982762E-07 dt=4.660259E-08
 [ 03-02-2025  07:48:40.118 ] step: n=18 t=4.448788E-07 dt=4.594186E-08
 [ 03-02-2025  07:49:36.853 ] step: n=19 t=4.908207E-07 dt=4.531939E-08
 [ 03-02-2025  07:50:11.890 ] step: n=20 t=5.361401E-07 dt=4.469658E-08
 [ 03-02-2025  07:51:24.183 ] [IO_writeCheckpoint] open: type=checkpoint name=sedov_hdf5_chk_0002
 [ 03-02-2025  07:53:18.734 ] [io_writeData]: wrote  321664          blocks
 [ 03-02-2025  07:53:18.990 ] [IO_writeCheckpoint] close: type=checkpoint name=sedov_hdf5_chk_0002
 [ 03-02-2025  07:53:18.993 ] step: n=21 t=5.808367E-07 dt=4.410979E-08
 [ 03-02-2025  07:53:54.596 ] step: n=22 t=6.249464E-07 dt=4.356693E-08
 [ 03-02-2025  07:54:51.432 ] [GRID amr_refine_derefine]: initiating refinement
 [ 03-02-2025  07:54:51.455 ] [GRID amr_refine_derefine]: redist. phase.  tot blks requested: 322048
 [GRID amr_refine_derefine] min blks 88    max blks 96    tot blks 322048
 [GRID amr_refine_derefine] min leaf blks 81    max leaf blks 89    tot leaf blks 314560
 [ 03-02-2025  07:54:52.868 ] [GRID amr_refine_derefine]: refinement complete
 [ 03-02-2025  07:54:53.934 ] step: n=23 t=6.685134E-07 dt=4.304799E-08
 [ 03-02-2025  07:54:53.934 ] [mpi_amr_comm_setup]: buffer_dim_send=10218469, buffer_dim_recv=9480793
 [ 03-02-2025  07:55:27.897 ] step: n=24 t=7.115614E-07 dt=4.253934E-08
 [ 03-02-2025  07:56:23.367 ] [GRID amr_refine_derefine]: initiating refinement
 [ 03-02-2025  07:56:23.387 ] [GRID amr_refine_derefine]: redist. phase.  tot blks requested: 322432
 [GRID amr_refine_derefine] min blks 88    max blks 97    tot blks 322432
 [GRID amr_refine_derefine] min leaf blks 81    max leaf blks 89    tot leaf blks 314896
 [ 03-02-2025  07:56:24.753 ] [GRID amr_refine_derefine]: refinement complete
 [ 03-02-2025  07:56:26.014 ] step: n=25 t=7.541007E-07 dt=4.206069E-08
 [ 03-02-2025  07:57:00.349 ] step: n=26 t=7.961614E-07 dt=4.159556E-08
 [ 03-02-2025  07:57:56.299 ] [GRID amr_refine_derefine]: initiating refinement
 [ 03-02-2025  07:57:56.320 ] [GRID amr_refine_derefine]: redist. phase.  tot blks requested: 323200
 [GRID amr_refine_derefine] min blks 89    max blks 97    tot blks 323200
 [GRID amr_refine_derefine] min leaf blks 82    max leaf blks 90    tot leaf blks 315568
 [ 03-02-2025  07:57:58.794 ] [GRID amr_refine_derefine]: refinement complete
 [ 03-02-2025  07:58:00.481 ] step: n=27 t=8.377570E-07 dt=4.109344E-08
 [ 03-02-2025  07:58:35.350 ] step: n=28 t=8.788504E-07 dt=4.059195E-08
 [ 03-02-2025  07:59:32.366 ] step: n=29 t=9.194423E-07 dt=4.009407E-08
 [ 03-02-2025  08:00:07.620 ] step: n=30 t=9.595364E-07 dt=3.963341E-08
 [ 03-02-2025  08:01:04.644 ] [GRID amr_refine_derefine]: initiating refinement
 [ 03-02-2025  08:01:04.668 ] [GRID amr_refine_derefine]: redist. phase.  tot blks requested: 323968
 [GRID amr_refine_derefine] min blks 89    max blks 97    tot blks 323968
 [GRID amr_refine_derefine] min leaf blks 81    max leaf blks 90    tot leaf blks 316240
 [ 03-02-2025  08:01:07.529 ] [GRID amr_refine_derefine]: refinement complete
 [ 03-02-2025  08:01:24.022 ] [IO_writeCheckpoint] open: type=checkpoint name=sedov_hdf5_chk_0003
 [ 03-02-2025  08:03:18.866 ] [io_writeData]: wrote  323968          blocks
 [ 03-02-2025  08:03:18.984 ] [IO_writeCheckpoint] close: type=checkpoint name=sedov_hdf5_chk_0003
 [ 03-02-2025  08:03:18.986 ] step: n=31 t=9.991698E-07 dt=3.921543E-08
 [ 03-02-2025  08:03:18.989 ] [mpi_amr_comm_setup]: buffer_dim_send=10096225, buffer_dim_recv=9480793
 [ 03-02-2025  08:03:57.686 ] step: n=32 t=1.038385E-06 dt=3.883616E-08
 [ 03-02-2025  08:04:58.032 ] [GRID amr_refine_derefine]: initiating refinement
 [ 03-02-2025  08:04:58.053 ] [GRID amr_refine_derefine]: redist. phase.  tot blks requested: 324736
 [GRID amr_refine_derefine] min blks 89    max blks 97    tot blks 324736
 [GRID amr_refine_derefine] min leaf blks 82    max leaf blks 90    tot leaf blks 316912
 [ 03-02-2025  08:05:00.716 ] [GRID amr_refine_derefine]: refinement complete
 [ 03-02-2025  08:05:02.307 ] step: n=33 t=1.077221E-06 dt=3.848919E-08
 [ 03-02-2025  08:05:02.307 ] [mpi_amr_comm_setup]: buffer_dim_send=10631017, buffer_dim_recv=9619165
 [ 03-02-2025  08:05:41.455 ] step: n=34 t=1.115711E-06 dt=3.816827E-08
 [ 03-02-2025  08:06:42.349 ] step: n=35 t=1.153879E-06 dt=3.786364E-08
 [ 03-02-2025  08:07:20.930 ] step: n=36 t=1.191743E-06 dt=3.757623E-08
 [ 03-02-2025  08:08:21.753 ] step: n=37 t=1.229319E-06 dt=3.730651E-08
 [ 03-02-2025  08:09:00.866 ] step: n=38 t=1.266625E-06 dt=3.703419E-08
 [ 03-02-2025  08:10:01.250 ] [GRID amr_refine_derefine]: initiating refinement
 [ 03-02-2025  08:10:01.271 ] [GRID amr_refine_derefine]: redist. phase.  tot blks requested: 324928
 [GRID amr_refine_derefine] min blks 89    max blks 97    tot blks 324928
 [GRID amr_refine_derefine] min leaf blks 82    max leaf blks 90    tot leaf blks 317080
 [ 03-02-2025  08:10:02.368 ] [GRID amr_refine_derefine]: refinement complete
 [ 03-02-2025  08:10:03.446 ] step: n=39 t=1.303659E-06 dt=3.676561E-08
 [ 03-02-2025  08:10:42.753 ] step: n=40 t=1.340425E-06 dt=3.651223E-08
 [ 03-02-2025  08:11:43.471 ] [GRID amr_refine_derefine]: initiating refinement
 [ 03-02-2025  08:11:43.493 ] [GRID amr_refine_derefine]: redist. phase.  tot blks requested: 325120
 [GRID amr_refine_derefine] min blks 89    max blks 97    tot blks 325120
 [GRID amr_refine_derefine] min leaf blks 82    max leaf blks 90    tot leaf blks 317248
 [ 03-02-2025  08:11:44.544 ] [GRID amr_refine_derefine]: refinement complete
 [ 03-02-2025  08:12:00.809 ] [IO_writeCheckpoint] open: type=checkpoint name=sedov_hdf5_chk_0004
 [ 03-02-2025  08:13:58.040 ] [io_writeData]: wrote  325120          blocks
 [ 03-02-2025  08:13:58.137 ] [IO_writeCheckpoint] close: type=checkpoint name=sedov_hdf5_chk_0004
 [ 03-02-2025  08:13:58.140 ] step: n=41 t=1.376937E-06 dt=3.627985E-08
 [ 03-02-2025  08:14:37.038 ] step: n=42 t=1.413217E-06 dt=3.606985E-08
 [ 03-02-2025  08:15:37.721 ] step: n=43 t=1.449287E-06 dt=3.587395E-08
 [ 03-02-2025  08:16:16.441 ] step: n=44 t=1.485161E-06 dt=3.569822E-08
 [ 03-02-2025  08:17:16.922 ] [GRID amr_refine_derefine]: initiating refinement
 [ 03-02-2025  08:17:16.946 ] [GRID amr_refine_derefine]: redist. phase.  tot blks requested: 326272
 [GRID amr_refine_derefine] min blks 89    max blks 97    tot blks 326272
 [GRID amr_refine_derefine] min leaf blks 82    max leaf blks 90    tot leaf blks 318256
 [ 03-02-2025  08:17:24.201 ] [GRID amr_refine_derefine]: refinement complete
 [ 03-02-2025  08:17:25.522 ] step: n=45 t=1.520859E-06 dt=3.554189E-08
 [ 03-02-2025  08:17:25.522 ] [mpi_amr_comm_setup]: buffer_dim_send=10629733, buffer_dim_recv=9619165
 [ 03-02-2025  08:17:58.883 ] step: n=46 t=1.556401E-06 dt=3.540765E-08
 [ 03-02-2025  08:18:54.469 ] step: n=47 t=1.591809E-06 dt=3.530243E-08
 [ 03-02-2025  08:19:27.743 ] step: n=48 t=1.627111E-06 dt=3.520851E-08
 [ 03-02-2025  08:20:23.245 ] step: n=49 t=1.662320E-06 dt=3.512232E-08
 [ 03-02-2025  08:20:56.534 ] step: n=50 t=1.697442E-06 dt=3.506173E-08
 [ 03-02-2025  08:21:51.696 ] [GRID amr_refine_derefine]: initiating refinement
 [ 03-02-2025  08:21:51.715 ] [GRID amr_refine_derefine]: redist. phase.  tot blks requested: 326656
 [GRID amr_refine_derefine] min blks 90    max blks 98    tot blks 326656
 [GRID amr_refine_derefine] min leaf blks 83    max leaf blks 91    tot leaf blks 318592
 [ 03-02-2025  08:21:53.043 ] [GRID amr_refine_derefine]: refinement complete
 [ 03-02-2025  08:22:10.120 ] [IO_writeCheckpoint] open: type=checkpoint name=sedov_hdf5_chk_0005
 [ 03-02-2025  08:24:08.406 ] [io_writeData]: wrote  326656          blocks
 [ 03-02-2025  08:24:08.499 ] [IO_writeCheckpoint] close: type=checkpoint name=sedov_hdf5_chk_0005
 [ 03-02-2025  08:24:08.502 ] step: n=51 t=1.732504E-06 dt=3.502552E-08
 [ 03-02-2025  08:24:43.156 ] step: n=52 t=1.767529E-06 dt=3.500864E-08
 [ 03-02-2025  08:25:39.850 ] [GRID amr_refine_derefine]: initiating refinement
 [ 03-02-2025  08:25:39.871 ] [GRID amr_refine_derefine]: redist. phase.  tot blks requested: 328192
 [GRID amr_refine_derefine] min blks 90    max blks 98    tot blks 328192
 [GRID amr_refine_derefine] min leaf blks 83    max leaf blks 91    tot leaf blks 319936
 [ 03-02-2025  08:25:45.168 ] [GRID amr_refine_derefine]: refinement complete
 [ 03-02-2025  08:25:46.455 ] step: n=53 t=1.802538E-06 dt=3.501215E-08
 [ 03-02-2025  08:26:21.947 ] step: n=54 t=1.837550E-06 dt=3.501823E-08
 [ 03-02-2025  08:27:19.403 ] step: n=55 t=1.872568E-06 dt=3.502558E-08
 [ 03-02-2025  08:27:54.908 ] step: n=56 t=1.907594E-06 dt=3.503618E-08
 [ 03-02-2025  08:28:53.031 ] step: n=57 t=1.942630E-06 dt=3.505074E-08
 [ 03-02-2025  08:29:28.364 ] step: n=58 t=1.977681E-06 dt=3.507960E-08
 [ 03-02-2025  08:30:26.237 ] step: n=59 t=2.012760E-06 dt=3.511136E-08
 [ 03-02-2025  08:31:01.235 ] step: n=60 t=2.047872E-06 dt=3.511160E-08
 [ 03-02-2025  08:32:14.922 ] [IO_writeCheckpoint] open: type=checkpoint name=sedov_hdf5_chk_0006
 [ 03-02-2025  08:34:12.332 ] [io_writeData]: wrote  328192          blocks
 [ 03-02-2025  08:34:12.450 ] [IO_writeCheckpoint] close: type=checkpoint name=sedov_hdf5_chk_0006
 [ 03-02-2025  08:34:12.454 ] [Driver_evolveAll]: Exiting evolution loop
 [ 03-02-2025  08:34:13.188 ] [IO_writePlotfile] open: type=plotfile name=sedov_forced_hdf5_plt_cnt_0000
 [ 03-02-2025  08:34:25.369 ] [io_writeData]: wrote  328192          blocks
 [ 03-02-2025  08:34:25.843 ] [IO_writePlotfile] close: type=plotfile name=sedov_forced_hdf5_plt_cnt_0000
 [ 03-02-2025  08:34:25.848 ] memory: /proc vsize    (MB):     4575.89 (min)       5029.60 (max)       4762.77 (avg)
 [ 03-02-2025  08:34:25.848 ] memory: /proc rss      (MB):     2475.56 (min)       2688.78 (max)       2523.47 (avg)
 ==============================================================================
 perf_summary: code performance summary for process            0
                      beginning : 03-02-2025  06:55:59
                         ending : 03-02-2025  08:34:25
   seconds in monitoring period :             5906.168
      number of evolution steps :                   60
 ------------------------------------------------------------------------------
 accounting unit                       time sec  num calls   secs avg  time pct
 ------------------------------------------------------------------------------
 initialization                       2304.328      1        2304.328    39.016
  eos                                    2.433      8           0.304     0.041
  guardcell internal                    28.266      7           4.038     0.479
   amr_guardcell                        26.387      7           3.770     0.447
   eos gc                                0.001      7           0.000     0.000
  writeCheckpoint                      121.145      1         121.145     2.051
   restrictAll                          14.104      1          14.104     0.239
  writePlotfile                         11.267      1          11.267     0.191
 writePlotfile                          13.381      1          13.381     0.227
 evolution                            3588.444      1        3588.444    60.758
  Hydro                               1528.635     60          25.477    25.882
   Head                                316.496     60           5.275     5.359
    guardcell internal                 316.492     60           5.275     5.359
     amr_guardcell                     291.783     60           4.863     4.940
     eos gc                              0.008     60           0.000     0.000
   compute fluxes                     1150.387     60          19.173    19.478
    hy_computeFluxes                  1150.374   5354           0.215    19.478
     RiemannState                      999.410   5354           0.187    16.921
     getFaceFlux                       149.791   5354           0.028     2.536
   conserveFluxes                        0.424     60           0.007     0.007
   update solution                      60.759     60           1.013     1.029
    update solution body                60.741   5354           0.011     1.028
     unsplitUpdate                      21.647   5354           0.004     0.367
  sourceTerms                            0.000     60           0.000     0.000
  Particles_advance                      0.000     60           0.000     0.000
  Gravity potential                      0.000     60           0.000     0.000
  IO_output                           1348.736    120          11.239    22.836
   diagnostics                         565.863    120           4.716     9.581
   checkpointing                       782.798      6         130.466    13.254
    writeCheckpoint                    782.782      6         130.464    13.254
     restrictAll                        88.746      6          14.791     1.503
  Grid_updateRefinement                703.231     60          11.721    11.907
   eos                                   9.003     15           0.600     0.152
   tree                                694.227     60          11.570    11.754
    markRefineDerefine                 180.349     30           6.012     3.054
     guardcell internal                157.356     30           5.245     2.664
      amr_guardcell                    145.042     30           4.835     2.456
      eos gc                             0.003     30           0.000     0.000
    amr_refine_derefine                502.669     30          16.756     8.511
    updateData                           0.002     30           0.000     0.000
   updateParticleRefinement              0.000     15           0.000     0.000
  Driver_computeDt                       7.727     60           0.129     0.131
 ==============================================================================
 [ 03-02-2025  08:34:25.858 ] [Timers_getSummary]: Not writing timer max/min/avg values because not all processors had same timers
 [ 03-02-2025  08:34:25.858 ] LOGFILE_END: FLASH run complete.
