 FLASH log file:  03-04-2025  12:12:16.631    Run number:  1
 ==============================================================================
 Number of MPI tasks:               1792
 MPI version:                          3
 MPI subversion:                       1
 Dimensionality:                       3
 Max Number of Blocks/Proc:          200
 Number x zones:                      32
 Number y zones:                      32
 Number z zones:                      32
 Setup stamp:     Fri Nov 1 14:03:57 2024
 Build stamp:     Fri Nov 1 14:04:23 2024
 System info:     Linux corona211 4.18.0-553.22.1.1toss.t4.x86_64 #1 SMP Tue Sep 24 16:50:00 PDT 2
 Version:         Flash-X 1.0 (heads/main-0-g6040ba49-dirty)                                      
 Build directory: /usr/workspace/ather1/Flash-X/sedov
 Setup syntax:    /usr/workspace/ather1/Flash-X/bin/setup.py Sedov -auto -3d -nxb=32 -nyb=32 -nzb=32 +parallelio -objdir=/usr/workspace/ather1/Flash-X/sedov
 f compiler flags: mpif90 -ggdb -c -O2 -fdefault-real-8 -fdefault-double-8 -Wuninitialized -fallow-argument-mismatch -fallow-argument-mismatch -DMAXBLOCKS=200 -DNXB=32 -DNYB=32 -DNZB=32 -DN_DIM=3
 c compiler flags:    mpicc -I/p/lustre2/ather1/hdf5-1.14.4-3/install/include -DH5_USE_18_API -ggdb -c -O2 -Wuninitialized -D_FORTIFY_SOURCE=2 -DMAXBLOCKS=200 -DNXB=32 -DNYB=32 -DNZB=32 -DN_DIM=3
 ==============================================================================
 Comment:  Sedov explosion
 ==============================================================================
 FLASH Units used:
   Driver/DriverMain/Unsplit
   Grid/GridBoundaryConditions
   Grid/GridMain/AMR/Paramesh4/PM4_package/flash_avoid_orrery
   Grid/GridMain/AMR/Paramesh4/PM4_package/headers
   Grid/GridMain/AMR/Paramesh4/PM4_package/source
   Grid/GridMain/AMR/Paramesh4/PM4_package/utilities/multigrid
   Grid/GridMain/AMR/Paramesh4/interpolation/prolong
   Grid/GridMain/AMR/Paramesh4/levelFlux
   Grid/localAPI
   IO/IOMain/hdf5/parallel/PM
   IO/localAPI
   PhysicalConstants/PhysicalConstantsMain
   RuntimeParameters/RuntimeParametersMain
   Simulation/SimulationMain/Sedov
   TimeAdvance/TimeAdvanceMain/StrangSplit
   flashUtilities/contiguousConversion
   flashUtilities/general
   flashUtilities/interpolation/oneDim
   flashUtilities/nameValueLL
   flashUtilities/sorting/quicksort
   flashUtilities/system/memoryUsage/legacy
   monitors/Logfile/LogfileMain
   monitors/Timers/TimersMain/MPINative
   physics/Eos/EosMain/Gamma
   physics/Hydro/HydroMain/unsplit/OnlyHydro
   physics/Hydro/HydroMain/unsplit/levelFlux
   physics/Hydro/localAPI
 ==============================================================================
 RuntimeParameters:
                                                                               
 ==============================================================================
bndpriorityone              =          1
bndprioritythree            =          3
bndprioritytwo              =          2
checkpointfileintervalstep  =         10 [CHANGED]
checkpointfilenumber        =          0
dr_abortpause               =          2
dr_dtminbelowaction         =          1
drift_break_inst            =          0
drift_trunc_mantissa        =          2
drift_verbose_inst          =          0
eos_entrelescalechoice      =          6
eos_loglevel                =        700
fileformatversion           =          9
forcedplotfilenumber        =          0
gr_lrefmaxtimevalue_1       =         -1
gr_lrefmaxtimevalue_10      =         -1
gr_lrefmaxtimevalue_11      =         -1
gr_lrefmaxtimevalue_12      =         -1
gr_lrefmaxtimevalue_13      =         -1
gr_lrefmaxtimevalue_14      =         -1
gr_lrefmaxtimevalue_15      =         -1
gr_lrefmaxtimevalue_16      =         -1
gr_lrefmaxtimevalue_17      =         -1
gr_lrefmaxtimevalue_18      =         -1
gr_lrefmaxtimevalue_19      =         -1
gr_lrefmaxtimevalue_2       =         -1
gr_lrefmaxtimevalue_20      =         -1
gr_lrefmaxtimevalue_3       =         -1
gr_lrefmaxtimevalue_4       =         -1
gr_lrefmaxtimevalue_5       =         -1
gr_lrefmaxtimevalue_6       =         -1
gr_lrefmaxtimevalue_7       =         -1
gr_lrefmaxtimevalue_8       =         -1
gr_lrefmaxtimevalue_9       =         -1
gr_pmrpdivergencefree       =         -1
gr_pmrpifaceoff             =          0
gr_pmrpl2p5d                =          0
gr_pmrpmaxblocks            =         -1
gr_pmrpmflags               =          1
gr_pmrpnboundaries          =          6
gr_pmrpndim                 =          3
gr_pmrpnedgevar1            =         -1
gr_pmrpnfacevar             =         -1
gr_pmrpnfielddivf           =         -1
gr_pmrpnfluxvar             =         -1
gr_pmrpnguard               =         -1
gr_pmrpnguardwork           =         -1
gr_pmrpnvar                 =         -1
gr_pmrpnvarwork             =          1
gr_pmrpnvarcorn             =          0
gr_pmrpnvaredge             =          0
gr_pmrpnxb                  =         -1
gr_pmrpnyb                  =         -1
gr_pmrpnzb                  =         -1
gr_restrictallmethod        =          3
gr_sanitizedatamode         =          1
gr_sanitizeverbosity        =          5
gr_tilesizex                =         32
gr_tilesizey                =         32
gr_tilesizez                =         32
hy_3torder                  =         -1
hydrocomputedtoption        =         -1
iprocs                      =          1
interpol_order              =          2
irenorm                     =          0
jprocs                      =          1
kprocs                      =          1
lrefine_del                 =          0
lrefine_max                 =          6 [CHANGED]
lrefine_min                 =          1
lrefine_min_init            =          1
max_particles_per_blk       =        100
memory_stat_freq            =     100000
meshcopycount               =          1
min_particles_per_blk       =          1
nbegin                      =          1
nblockx                     =         32 [CHANGED]
nblocky                     =         32 [CHANGED]
nblockz                     =         32 [CHANGED]
nend                        =         60 [CHANGED]
nrefs                       =          2
nsteptotalsts               =          5
order                       =          3 [CHANGED]
outputsplitnum              =          1
plotfileintervalstep        =          0
plotfilenumber              =          0
refine_var_count            =          4
rolling_checkpoint          =      10000
sim_centerrefinelevel       =          1
sim_integralslevel          =         -1
sim_nsubzones               =          7
sweeporder                  =        123
transorder                  =          1
wr_integrals_freq           =          1
limitedslopebeta            =                 0.100E+01
cfl                         =                 0.800E+00
checkpointfileintervaltime  =                 0.000E+00 [CHANGED]
checkpointfileintervalz     =                 0.180+309
cvisc                       =                 0.100E+00
derefine_cutoff_1           =                 0.200E+00
derefine_cutoff_2           =                 0.200E+00
derefine_cutoff_3           =                 0.200E+00
derefine_cutoff_4           =                 0.200E+00
dr_dtmincontinue            =                 0.000E+00
dr_tstepslowstartfactor     =                 0.100E+00
dtinit                      =                 0.100E-09
dtmax                       =                 0.100E+06
dtmin                       =                 0.100E-09
eintswitch                  =                 0.100E-03 [CHANGED]
eos_singlespeciesa          =                 0.100E+01
eos_singlespeciesz          =                 0.100E+01
gamma                       =                 0.140E+01 [CHANGED]
gr_btworkchildscaling       =                 0.100E+01
gr_btworkdefaultleaf        =                 0.200E+01
gr_btworkdefaultpar         =                 0.100E+01
gr_btworklbleaf             =                 0.000E+00
gr_btworklbpar              =                 0.000E+00
gr_btworkubleaf             =                 0.100E+07
gr_btworkubpar              =                 0.100E+07
gr_lrefinemaxredlogbase     =                 0.100E+02
gr_lrefinemaxredradiusfact  =                 0.000E+00
gr_lrefinemaxredtref        =                 0.000E+00
gr_lrefinemaxredtimescale   =                 0.100E+01
gr_lrefmaxtime_1            =                -0.100E+01
gr_lrefmaxtime_10           =                -0.100E+01
gr_lrefmaxtime_11           =                -0.100E+01
gr_lrefmaxtime_12           =                -0.100E+01
gr_lrefmaxtime_13           =                -0.100E+01
gr_lrefmaxtime_14           =                -0.100E+01
gr_lrefmaxtime_15           =                -0.100E+01
gr_lrefmaxtime_16           =                -0.100E+01
gr_lrefmaxtime_17           =                -0.100E+01
gr_lrefmaxtime_18           =                -0.100E+01
gr_lrefmaxtime_19           =                -0.100E+01
gr_lrefmaxtime_2            =                -0.100E+01
gr_lrefmaxtime_20           =                -0.100E+01
gr_lrefmaxtime_3            =                -0.100E+01
gr_lrefmaxtime_4            =                -0.100E+01
gr_lrefmaxtime_5            =                -0.100E+01
gr_lrefmaxtime_6            =                -0.100E+01
gr_lrefmaxtime_7            =                -0.100E+01
gr_lrefmaxtime_8            =                -0.100E+01
gr_lrefmaxtime_9            =                -0.100E+01
hy_cflfallbackfactor        =                 0.900E+00
hy_fpresinmomflux           =                 0.100E+01
hybridorderkappa            =                 0.000E+00
nusts                       =                 0.200E+00 [CHANGED]
plotfileintervaltime        =                 0.000E+00 [CHANGED]
plotfileintervalz           =                 0.180+309
radiusgp                    =                 0.200E+01
refine_cutoff_1             =                 0.800E+00
refine_cutoff_2             =                 0.800E+00
refine_cutoff_3             =                 0.800E+00
refine_cutoff_4             =                 0.800E+00
refine_filter_1             =                 0.100E-01
refine_filter_2             =                 0.100E-01
refine_filter_3             =                 0.100E-01
refine_filter_4             =                 0.100E-01
rss_limit                   =                -0.100E+01
sigmagp                     =                 0.300E+01
sim_derefineradius          =                 0.000E+00
sim_earliestlstime          =                 0.000E+00
sim_expenergy               =                 0.100E+01
sim_largestnormradius       =                 0.180+309
sim_latestlstime            =                 0.180+309
sim_minrhoinit              =                 0.100E-19
sim_pambient                =                 0.100E-04
sim_rinit                   =                 0.137E-01 [CHANGED]
sim_rhoambient              =                 0.100E+01
sim_smallestnormradius      =                 0.000E+00
sim_xctr                    =                 0.500E+00
sim_yctr                    =                 0.500E+00
sim_zctr                    =                 0.500E+00
small                       =                 0.100E-09
smalle                      =                 0.100E-09
smallp                      =                 0.100E-09
smallt                      =                 0.100E-09
smallu                      =                 0.100E-09
smallx                      =                 0.100E-09
smlrho                      =                 0.100E-09
tinitial                    =                 0.000E+00
tiny                        =                 0.100E-15
tmax                        =                 0.500E+06 [CHANGED]
tstep_change_factor         =                 0.200E+01
wall_clock_checkpoint       =                 0.432E+05
wall_clock_time_limit       =                 0.605E+06
x_refine_center             =                 0.000E+00
xmax                        =                 0.100E+01
xmin                        =                 0.000E+00
y_refine_center             =                 0.000E+00
ymax                        =                 0.100E+01
ymin                        =                 0.000E+00
zfinal                      =                 0.000E+00
zinitial                    =                -0.100E+01
z_refine_center             =                 0.000E+00
zmax                        =                 0.100E+01
zmin                        =                 0.000E+00
riemannsolver               = Roe                            [CHANGED]
unitsystem                  = none                          
basenm                      = sedov_                         [CHANGED]
entropyfixmethod            = HARTENHYMAN                   
eosmode                     = dens_ie                       
eosmodeinit                 = dens_ie                       
geometry                    = cartesian                     
gr_pmrpoutputdir            = ./                            
grav_boundary_type          = isolated                      
hy_eosmodegc                = see eosMode                   
log_file                    = sedov.log                      [CHANGED]
output_directory            =                               
pc_unitsbase                = CGS                           
plot_grid_var_1             = none                          
plot_grid_var_10            = none                          
plot_grid_var_11            = none                          
plot_grid_var_12            = none                          
plot_grid_var_13            = none                          
plot_grid_var_14            = none                          
plot_grid_var_15            = none                          
plot_grid_var_16            = none                          
plot_grid_var_17            = none                          
plot_grid_var_18            = none                          
plot_grid_var_19            = none                          
plot_grid_var_2             = none                          
plot_grid_var_20            = none                          
plot_grid_var_21            = none                          
plot_grid_var_22            = none                          
plot_grid_var_23            = none                          
plot_grid_var_24            = none                          
plot_grid_var_25            = none                          
plot_grid_var_26            = none                          
plot_grid_var_27            = none                          
plot_grid_var_28            = none                          
plot_grid_var_29            = none                          
plot_grid_var_3             = none                          
plot_grid_var_30            = none                          
plot_grid_var_31            = none                          
plot_grid_var_32            = none                          
plot_grid_var_33            = none                          
plot_grid_var_34            = none                          
plot_grid_var_35            = none                          
plot_grid_var_36            = none                          
plot_grid_var_37            = none                          
plot_grid_var_38            = none                          
plot_grid_var_39            = none                          
plot_grid_var_4             = none                          
plot_grid_var_40            = none                          
plot_grid_var_41            = none                          
plot_grid_var_42            = none                          
plot_grid_var_43            = none                          
plot_grid_var_44            = none                          
plot_grid_var_45            = none                          
plot_grid_var_46            = none                          
plot_grid_var_47            = none                          
plot_grid_var_48            = none                          
plot_grid_var_49            = none                          
plot_grid_var_5             = none                          
plot_grid_var_50            = none                          
plot_grid_var_51            = none                          
plot_grid_var_52            = none                          
plot_grid_var_53            = none                          
plot_grid_var_54            = none                          
plot_grid_var_55            = none                          
plot_grid_var_56            = none                          
plot_grid_var_57            = none                          
plot_grid_var_58            = none                          
plot_grid_var_59            = none                          
plot_grid_var_6             = none                          
plot_grid_var_60            = none                          
plot_grid_var_61            = none                          
plot_grid_var_62            = none                          
plot_grid_var_63            = none                          
plot_grid_var_64            = none                          
plot_grid_var_65            = none                          
plot_grid_var_66            = none                          
plot_grid_var_67            = none                          
plot_grid_var_68            = none                          
plot_grid_var_69            = none                          
plot_grid_var_7             = none                          
plot_grid_var_70            = none                          
plot_grid_var_71            = none                          
plot_grid_var_72            = none                          
plot_grid_var_73            = none                          
plot_grid_var_74            = none                          
plot_grid_var_75            = none                          
plot_grid_var_76            = none                          
plot_grid_var_77            = none                          
plot_grid_var_78            = none                          
plot_grid_var_8             = none                          
plot_grid_var_9             = none                          
plot_var_1                  = dens                           [CHANGED]
plot_var_10                 = none                          
plot_var_11                 = none                          
plot_var_12                 = none                          
plot_var_13                 = none                          
plot_var_14                 = none                          
plot_var_15                 = none                          
plot_var_16                 = none                          
plot_var_17                 = none                          
plot_var_18                 = none                          
plot_var_2                  = pres                           [CHANGED]
plot_var_3                  = temp                           [CHANGED]
plot_var_4                  = none                          
plot_var_5                  = none                          
plot_var_6                  = none                          
plot_var_7                  = none                          
plot_var_8                  = none                          
plot_var_9                  = none                          
prof_file                   = profile.dat                   
refine_var_1                = dens                           [CHANGED]
refine_var_2                = pres                           [CHANGED]
refine_var_3                = none                          
refine_var_4                = none                          
run_comment                 = Sedov explosion                [CHANGED]
run_number                  = 1                             
sim_proffilename            = /dev/null                      [CHANGED]
slopelimiter                = mc                             [CHANGED]
stats_file                  = flashx.dat                    
wenomethod                  = WENO5                         
xl_boundary_type            = outflow                        [CHANGED]
xr_boundary_type            = outflow                        [CHANGED]
yl_boundary_type            = outflow                        [CHANGED]
yr_boundary_type            = outflow                        [CHANGED]
zl_boundary_type            = outflow                        [CHANGED]
zr_boundary_type            = outflow                        [CHANGED]
csvsummaryallprocs          =  F
eosforriemann               =  F
logsummaryallprocs          =  F
addthermalflux              =  T
allowdtstsdominate          =  F
alwayscomputeuservars       =  T
alwaysrestrictcheckpoint    =  T
charlimiting                =  T
chkguardcellsinput          =  F
chkguardcellsoutput         =  F
conserveangmom              =  F
converttoconsvdformeshcalls =  F
converttoconsvdinmeshinterp =  T
corners                     =  F
dr_printtsteploc            =  T
dr_shortenlaststepbeforetmax =  F
drift_tuples                =  F
eachprocwritesownabortlog   =  F
eachprocwritessummary       =  F
earlyblockdistadjustment    =  T
enablemaskedgcfill          =  F
entropy                     =  F
flux_correct                =  T
flux_correct_perlevel       =  F
geometryoverride            =  F
gr_bcenableapplymixedgds    =  T
gr_bndgcfillneedsprimitivevars =  T
gr_btcustomwork             =  F
gr_btexchangework           =  F
gr_btsortbywork             =  T
gr_enabletiling             =  F
gr_lrefinemaxbytime         =  F
gr_lrefinemaxreddobylogr    =  F
gr_lrefinemaxreddobytime    =  F
gr_pmrpadvancealllevels     =  F
gr_pmrpamrerrorchecking     =  F
gr_pmrpcartesianpm          =  F
gr_pmrpconserve             =  F
gr_pmrpconsvfluxdensities   =  T
gr_pmrpconsvfluxes          =  F
gr_pmrpcurvilinear          =  F
gr_pmrpcurvilinearconserve  =  F
gr_pmrpcylindricalpm        =  F
gr_pmrpdiagonals            =  T
gr_pmrpedgevalue            =  T
gr_pmrpedgevalueinteg       =  F
gr_pmrpemptycells           =  F
gr_pmrpforceconsistency     =  T
gr_pmrplsingularline        =  F
gr_pmrpnopermanentguardcells =  F
gr_pmrppolarpm              =  F
gr_pmrppredcorr             =  F
gr_pmrpsphericalpm          =  F
gr_pmrptimingmpi            =  F
gr_pmrptimingmpix           =  F
gr_pmrpvardt                =  F
gr_usetiling                =  F
hy_fallbacklowercfl         =  F
hy_fullspecmsfluxhandling   =  T
hy_usetiling                =  F
ignoreforcedplot            =  F
io_writemscalarintegrals    =  F
plotfilegridquantitydp      =  F
plotfilemetadatadp          =  F
reducegcellfills            =  F
refine_on_particle_count    =  F
restart                     =  F
shockdetect                 =  F
shocklowercfl               =  F
sim_bcsetbdryvar            =  F
sim_forcecenterderefine     =  F
sim_onelevelintegralsonly   =  F
summaryoutputonly           =  F
threadblocklistbuild        =  F
threaddelepblocklist        =  F
threaddelepwithinblock      =  F
threaddriverblocklist       =  F
threaddriverwithinblock     =  F
threadeoswithinblock        =  F
threadhydroblocklist        =  F
threadhydrowithinblock      =  F
threadraytracebuild         =  F
threadwithinblockbuild      =  F
tmr_suppressinparallel      =  F
typematchedxfer             =  T
unbiased_geometry           =  F
updatehydrofluxes           =  T
useburn                     =  F
usecollectivehdf5           =  T
usedeleptonize              =  F
usegravity                  =  F
useheatad                   =  F
useheater                   =  F
usehydro                    =  T
useimbound                  =  F
useincompns                 =  F
useinlet                    =  F
uselegacylabels             =  T
usemultiphase               =  F
useorchestration            =  F
useoutlet                   =  F
useparticles                =  F
useradtrans                 =  F
usests                      =  F
usestsfordiffusion          =  F
usesolidmechanics           =  F
use_3dfullctu               =  T
use_auxeinteqn              =  T
use_avisc                   =  T [CHANGED]
use_cma_advection           =  F
use_cma_flattening          =  F
use_flash_surr_blks_fill    =  T
use_flattening              =  F
use_gravhalfupdate          =  T
use_hybridorder             =  F
use_reduced_orrery          =  T
use_steepening              =  F
use_upwindtvd               =  F
writestatsummary            =  T
                                                                               
 ==============================================================================
                                                                               
 Known units of measurement:
                                                                               
              Unit                          CGS Value                Base Unit
  1                  cm                     1.0000                           cm
  2                   s                     1.0000                            s
  3                   g                     1.0000                            g
  4                   K                     1.0000                            K
  5                 esu                     1.0000                          esu
  6                 mol                     1.0000                          mol
  7                   m                     100.00                           cm
  8                  km                    1.00000E+05                       cm
  9                  pc                    3.08568E+18                       cm
 10                 kpc                    3.08568E+21                       cm
 11                 Mpc                    3.08568E+24                       cm
 12                 Gpc                    3.08568E+27                       cm
 13                Rsun                    6.96000E+10                       cm
 14                  AU                    1.49598E+13                       cm
 15                  yr                    3.15569E+07                        s
 16                 Myr                    3.15569E+13                        s
 17                 Gyr                    3.15569E+16                        s
 18                  kg                     1000.0                            g
 19                Msun                    1.98892E+33                        g
 20                 amu                    1.66054E-24                        g
 21                  eV                     11605.                            K
 22                   C                    2.99792E+09                      esu
 23                LFLY                    3.08568E+24                       cm
 24                TFLY                    2.05759E+17                        s
 25                MFLY                    9.88470E+45                        g
 26            clLength                    3.08568E+24                       cm
 27              clTime                    3.15569E+16                        s
 28              clMass                    1.98892E+48                        g
 29              clTemp                    1.16045E+07                        K
-----------End of Units--------------------
                                                                               
 Known physical constants:
                                                                               
    Constant Name       Constant Value   cm       s        g        K        esu      mol
  1              Newton    6.67408E-08   3.0     -2.0     -1.0      0.0      0.0      0.0    
  2      speed of light    2.99792E+10   1.0     -1.0      0.0      0.0      0.0      0.0    
  3              Planck    6.62607E-27   2.0     -1.0      1.0      0.0      0.0      0.0    
  4     electron charge    4.80320E-10   0.0      0.0      0.0      0.0      1.0      0.0    
  5       electron mass    9.10938E-28   0.0      0.0      1.0      0.0      0.0      0.0    
  6         proton mass    1.67262E-24   0.0      0.0      1.0      0.0      0.0      0.0    
  7      fine-structure    7.29735E-03   0.0      0.0      0.0      0.0      0.0      0.0    
  8            Avogadro    6.02214E+23   0.0      0.0      0.0      0.0      0.0     -1.0    
  9           Boltzmann    1.38065E-16   2.0     -2.0      1.0     -1.0      0.0      0.0    
 10  ideal gas constant    8.31446E+07   2.0     -2.0      1.0     -1.0      0.0     -1.0    
 11                Wien    0.28978       1.0      0.0      0.0      1.0      0.0      0.0    
 12    Stefan-Boltzmann    5.67037E-05   0.0     -3.0      1.0     -4.0      0.0      0.0    
 13  Radiation Constant    7.56572E-15  -1.0     -2.0      1.0     -4.0      0.0      0.0    
 14                  pi     3.1416       0.0      0.0      0.0      0.0      0.0      0.0    
 15                   e     2.7183       0.0      0.0      0.0      0.0      0.0      0.0    
 16               Euler    0.57722       0.0      0.0      0.0      0.0      0.0      0.0    
 ==============================================================================
                                                                               
 Multifluid database: not configured in
                                                                               
 ==============================================================================
 [ 03-04-2025  12:12:16.637 ] [gr_initGeometry] checking BCs for idir: 1
 [ 03-04-2025  12:12:16.638 ] [gr_initGeometry] checking BCs for idir: 2
 [ 03-04-2025  12:12:16.639 ] [gr_initGeometry] checking BCs for idir: 3
 [ 03-04-2025  12:12:18.606 ] [GRID amr_refine_derefine]: initiating refinement
 [ 03-04-2025  12:12:18.609 ] [GRID amr_refine_derefine]: redist. phase.  tot blks requested: 32768
 [GRID amr_refine_derefine] min blks 18    max blks 19    tot blks 32768
 [GRID amr_refine_derefine] min leaf blks 18    max leaf blks 19    tot leaf blks 32768
 [ 03-04-2025  12:12:19.099 ] [GRID amr_refine_derefine]: refinement complete
 [ 03-04-2025  12:12:31.426 ] [GRID gr_expandDomain]: iteration=1, create level=2
 INFO: Grid_fillGuardCells is ignoring masking.
 [ 03-04-2025  12:12:49.431 ] [mpi_amr_comm_setup]: buffer_dim_send=5176573, buffer_dim_recv=3646981
 [ 03-04-2025  12:12:52.922 ] [GRID amr_refine_derefine]: initiating refinement
 [ 03-04-2025  12:12:52.937 ] [GRID amr_refine_derefine]: redist. phase.  tot blks requested: 32832
 [GRID amr_refine_derefine] min blks 18    max blks 19    tot blks 32832
 [GRID amr_refine_derefine] min leaf blks 17    max leaf blks 19    tot leaf blks 32824
 [ 03-04-2025  12:12:53.203 ] [GRID amr_refine_derefine]: refinement complete
 [ 03-04-2025  12:12:53.212 ] [GRID gr_expandDomain]: iteration=2, create level=3
 [ 03-04-2025  12:13:14.409 ] [GRID amr_refine_derefine]: initiating refinement
 [ 03-04-2025  12:13:14.428 ] [GRID amr_refine_derefine]: redist. phase.  tot blks requested: 32896
 [GRID amr_refine_derefine] min blks 18    max blks 20    tot blks 32896
 [GRID amr_refine_derefine] min leaf blks 17    max leaf blks 19    tot leaf blks 32880
 [ 03-04-2025  12:13:14.696 ] [GRID amr_refine_derefine]: refinement complete
 [ 03-04-2025  12:13:14.704 ] [GRID gr_expandDomain]: iteration=3, create level=4
 [ 03-04-2025  12:13:36.596 ] [GRID amr_refine_derefine]: initiating refinement
 [ 03-04-2025  12:13:36.636 ] [GRID amr_refine_derefine]: redist. phase.  tot blks requested: 34304
 [GRID amr_refine_derefine] min blks 19    max blks 22    tot blks 34304
 [GRID amr_refine_derefine] min leaf blks 17    max leaf blks 20    tot leaf blks 34112
 [ 03-04-2025  12:13:37.122 ] [GRID amr_refine_derefine]: refinement complete
 [ 03-04-2025  12:13:37.132 ] [GRID gr_expandDomain]: iteration=4, create level=5
 [ 03-04-2025  12:13:57.251 ] [mpi_amr_comm_setup]: buffer_dim_send=5313661, buffer_dim_recv=4312081
 [ 03-04-2025  12:13:59.901 ] [GRID amr_refine_derefine]: initiating refinement
 [ 03-04-2025  12:13:59.925 ] [GRID amr_refine_derefine]: redist. phase.  tot blks requested: 37312
 [GRID amr_refine_derefine] min blks 20    max blks 24    tot blks 37312
 [GRID amr_refine_derefine] min leaf blks 18    max leaf blks 21    tot leaf blks 36744
 [ 03-04-2025  12:14:00.464 ] [GRID amr_refine_derefine]: refinement complete
 [ 03-04-2025  12:14:00.476 ] [GRID gr_expandDomain]: iteration=5, create level=6
 [ 03-04-2025  12:14:22.650 ] [mpi_amr_comm_setup]: buffer_dim_send=5713933, buffer_dim_recv=4459801
 [ 03-04-2025  12:14:24.852 ] [GRID amr_refine_derefine]: initiating refinement
 [ 03-04-2025  12:14:24.871 ] [GRID amr_refine_derefine]: redist. phase.  tot blks requested: 48768
 [GRID amr_refine_derefine] min blks 26    max blks 30    tot blks 48768
 [GRID amr_refine_derefine] min leaf blks 23    max leaf blks 27    tot leaf blks 46768
 [ 03-04-2025  12:14:25.648 ] [GRID amr_refine_derefine]: refinement complete
 [ 03-04-2025  12:14:25.672 ] [GRID gr_expandDomain]: iteration=6, create level=6
 [ 03-04-2025  12:14:54.210 ] [mpi_amr_comm_setup]: buffer_dim_send=7881145, buffer_dim_recv=5392297
 [ 03-04-2025  12:14:56.621 ] [GRID gr_expandDomain]: iteration=7, create level=6
 [ 03-04-2025  12:15:27.567 ] [GRID gr_expandDomain]: iteration=8, create level=6
 [ 03-04-2025  12:15:56.950 ] memory: /proc vsize    (MB):     4528.07 (min)       4791.52 (max)       4698.89 (avg)
 [ 03-04-2025  12:15:56.953 ] memory: /proc rss      (MB):     1839.84 (min)       1925.20 (max)       1861.14 (avg)
 [ 03-04-2025  12:15:56.957 ] memory: /proc vsize    (MB):     4528.07 (min)       4791.52 (max)       4698.89 (avg)
 [ 03-04-2025  12:15:56.960 ] memory: /proc rss      (MB):     1839.84 (min)       1925.20 (max)       1861.14 (avg)
 [ 03-04-2025  12:15:57.006 ] memory: /proc vsize    (MB):     4528.07 (min)       4791.52 (max)       4698.89 (avg)
 [ 03-04-2025  12:15:57.010 ] memory: /proc rss      (MB):     1839.84 (min)       1925.20 (max)       1861.14 (avg)
 [ 03-04-2025  12:16:03.987 ] [IO_writeCheckpoint] open: type=checkpoint name=sedov_hdf5_chk_0000
 [ 03-04-2025  12:16:43.030 ] [io_writeData]: wrote   48768          blocks
 [ 03-04-2025  12:16:43.174 ] [IO_writeCheckpoint] close: type=checkpoint name=sedov_hdf5_chk_0000
 [ 03-04-2025  12:16:43.320 ] [IO_writePlotfile] open: type=plotfile name=sedov_hdf5_plt_cnt_0000
 [ 03-04-2025  12:16:48.609 ] [io_writeData]: wrote   48768          blocks
 [ 03-04-2025  12:16:48.645 ] [IO_writePlotfile] close: type=plotfile name=sedov_hdf5_plt_cnt_0000
 [ 03-04-2025  12:16:48.650 ] memory: /proc vsize    (MB):     4545.68 (min)       5023.46 (max)       4718.79 (avg)
 [ 03-04-2025  12:16:48.654 ] memory: /proc rss      (MB):     1846.64 (min)       1939.77 (max)       1871.59 (avg)
 [ 03-04-2025  12:16:48.659 ] [Driver_evolveAll]: Entering evolution loop
 [ 03-04-2025  12:16:48.665 ] step: n=1 t=0.000000E+00 dt=1.000000E-10
 [ 03-04-2025  12:16:58.560 ] step: n=2 t=1.000000E-10 dt=2.000000E-10
 [ 03-04-2025  12:17:14.852 ] step: n=3 t=3.000000E-10 dt=4.000000E-10
 [ 03-04-2025  12:17:24.673 ] step: n=4 t=7.000000E-10 dt=8.000000E-10
 [ 03-04-2025  12:17:40.989 ] step: n=5 t=1.500000E-09 dt=1.600000E-09
 [ 03-04-2025  12:17:50.859 ] step: n=6 t=3.100000E-09 dt=3.200000E-09
 [ 03-04-2025  12:18:07.259 ] step: n=7 t=6.300000E-09 dt=6.400000E-09
 [ 03-04-2025  12:18:17.170 ] step: n=8 t=1.270000E-08 dt=1.280000E-08
 [ 03-04-2025  12:18:33.552 ] step: n=9 t=2.550000E-08 dt=2.560000E-08
 [ 03-04-2025  12:18:43.500 ] step: n=10 t=5.110000E-08 dt=5.120000E-08
 [ 03-04-2025  12:19:07.672 ] [IO_writeCheckpoint] open: type=checkpoint name=sedov_hdf5_chk_0001
 [ 03-04-2025  12:19:42.385 ] [io_writeData]: wrote   48768          blocks
 [ 03-04-2025  12:19:42.392 ] [IO_writeCheckpoint] close: type=checkpoint name=sedov_hdf5_chk_0001
 [ 03-04-2025  12:19:42.397 ] step: n=11 t=1.023000E-07 dt=1.024000E-07
 [ 03-04-2025  12:19:52.279 ] step: n=12 t=2.047000E-07 dt=9.937542E-08
 [ 03-04-2025  12:20:08.636 ] step: n=13 t=3.040754E-07 dt=9.615282E-08
 [ 03-04-2025  12:20:18.597 ] step: n=14 t=4.002282E-07 dt=9.325600E-08
 [ 03-04-2025  12:20:34.961 ] step: n=15 t=4.934842E-07 dt=9.058955E-08
 [ 03-04-2025  12:20:44.880 ] step: n=16 t=5.840738E-07 dt=8.822195E-08
 [ 03-04-2025  12:21:01.278 ] step: n=17 t=6.722957E-07 dt=8.592743E-08
 [ 03-04-2025  12:21:11.224 ] step: n=18 t=7.582232E-07 dt=8.368672E-08
 [ 03-04-2025  12:21:27.656 ] step: n=19 t=8.419099E-07 dt=8.162257E-08
 [ 03-04-2025  12:21:37.575 ] step: n=20 t=9.235325E-07 dt=7.981691E-08
 [ 03-04-2025  12:22:01.252 ] [IO_writeCheckpoint] open: type=checkpoint name=sedov_hdf5_chk_0002
 [ 03-04-2025  12:22:12.118 ] [io_writeData]: wrote   48768          blocks
 [ 03-04-2025  12:22:12.127 ] [IO_writeCheckpoint] close: type=checkpoint name=sedov_hdf5_chk_0002
 [ 03-04-2025  12:22:12.130 ] step: n=21 t=1.003349E-06 dt=7.822053E-08
 [ 03-04-2025  12:22:22.151 ] step: n=22 t=1.081570E-06 dt=7.684528E-08
 [ 03-04-2025  12:22:38.532 ] step: n=23 t=1.158415E-06 dt=7.555985E-08
 [ 03-04-2025  12:22:48.448 ] step: n=24 t=1.233975E-06 dt=7.447396E-08
 [ 03-04-2025  12:23:04.713 ] [GRID amr_refine_derefine]: initiating refinement
 [ 03-04-2025  12:23:04.727 ] [GRID amr_refine_derefine]: redist. phase.  tot blks requested: 49152
 [GRID amr_refine_derefine] min blks 26    max blks 30    tot blks 49152
 [GRID amr_refine_derefine] min leaf blks 24    max leaf blks 27    tot leaf blks 47104
 [ 03-04-2025  12:23:05.401 ] [GRID amr_refine_derefine]: refinement complete
 [ 03-04-2025  12:23:06.004 ] step: n=25 t=1.308449E-06 dt=7.359418E-08
 [ 03-04-2025  12:23:06.006 ] [mpi_amr_comm_setup]: buffer_dim_send=7863733, buffer_dim_recv=5392297
 [ 03-04-2025  12:23:15.997 ] step: n=26 t=1.382043E-06 dt=7.289860E-08
 [ 03-04-2025  12:23:32.375 ] step: n=27 t=1.454942E-06 dt=7.238261E-08
 [ 03-04-2025  12:23:42.350 ] step: n=28 t=1.527324E-06 dt=7.195505E-08
 [ 03-04-2025  12:23:58.718 ] step: n=29 t=1.599279E-06 dt=7.160819E-08
 [ 03-04-2025  12:24:08.704 ] step: n=30 t=1.670888E-06 dt=7.137201E-08
 [ 03-04-2025  12:24:32.523 ] [IO_writeCheckpoint] open: type=checkpoint name=sedov_hdf5_chk_0003
 [ 03-04-2025  12:24:43.783 ] [io_writeData]: wrote   49152          blocks
 [ 03-04-2025  12:24:43.790 ] [IO_writeCheckpoint] close: type=checkpoint name=sedov_hdf5_chk_0003
 [ 03-04-2025  12:24:43.793 ] step: n=31 t=1.742260E-06 dt=7.124494E-08
 [ 03-04-2025  12:24:53.771 ] step: n=32 t=1.813505E-06 dt=7.119740E-08
 [ 03-04-2025  12:25:10.172 ] step: n=33 t=1.884702E-06 dt=7.120661E-08
 [ 03-04-2025  12:25:20.076 ] step: n=34 t=1.955909E-06 dt=7.122364E-08
 [ 03-04-2025  12:25:36.467 ] step: n=35 t=2.027132E-06 dt=7.124414E-08
 [ 03-04-2025  12:25:46.368 ] step: n=36 t=2.098376E-06 dt=7.127462E-08
 [ 03-04-2025  12:26:02.661 ] [GRID amr_refine_derefine]: initiating refinement
 [ 03-04-2025  12:26:02.684 ] [GRID amr_refine_derefine]: redist. phase.  tot blks requested: 49920
 [GRID amr_refine_derefine] min blks 27    max blks 31    tot blks 49920
 [GRID amr_refine_derefine] min leaf blks 24    max leaf blks 28    tot leaf blks 47776
 [ 03-04-2025  12:26:03.385 ] [GRID amr_refine_derefine]: refinement complete
 [ 03-04-2025  12:26:03.957 ] step: n=37 t=2.169651E-06 dt=7.132802E-08
 [ 03-04-2025  12:26:03.960 ] [mpi_amr_comm_setup]: buffer_dim_send=7338289, buffer_dim_recv=5392297
 [ 03-04-2025  12:26:13.939 ] step: n=38 t=2.240979E-06 dt=7.141305E-08
 [ 03-04-2025  12:26:30.458 ] step: n=39 t=2.312392E-06 dt=7.142860E-08
 [ 03-04-2025  12:26:40.411 ] step: n=40 t=2.383821E-06 dt=7.142437E-08
 [ 03-04-2025  12:27:04.578 ] [IO_writeCheckpoint] open: type=checkpoint name=sedov_hdf5_chk_0004
 [ 03-04-2025  12:27:15.529 ] [io_writeData]: wrote   49920          blocks
 [ 03-04-2025  12:27:15.566 ] [IO_writeCheckpoint] close: type=checkpoint name=sedov_hdf5_chk_0004
 [ 03-04-2025  12:27:15.569 ] step: n=41 t=2.455245E-06 dt=7.141417E-08
 [ 03-04-2025  12:27:25.572 ] step: n=42 t=2.526659E-06 dt=7.140932E-08
 [ 03-04-2025  12:27:42.088 ] step: n=43 t=2.598068E-06 dt=7.141878E-08
 [ 03-04-2025  12:27:52.045 ] step: n=44 t=2.669487E-06 dt=7.142363E-08
 [ 03-04-2025  12:28:08.584 ] step: n=45 t=2.740911E-06 dt=7.140413E-08
 [ 03-04-2025  12:28:18.546 ] step: n=46 t=2.812315E-06 dt=7.140388E-08
 [ 03-04-2025  12:28:34.959 ] [GRID amr_refine_derefine]: initiating refinement
 [ 03-04-2025  12:28:34.977 ] [GRID amr_refine_derefine]: redist. phase.  tot blks requested: 50304
 [GRID amr_refine_derefine] min blks 27    max blks 31    tot blks 50304
 [GRID amr_refine_derefine] min leaf blks 24    max leaf blks 28    tot leaf blks 48112
 [ 03-04-2025  12:28:35.662 ] [GRID amr_refine_derefine]: refinement complete
 [ 03-04-2025  12:28:36.155 ] step: n=47 t=2.883719E-06 dt=7.140292E-08
 [ 03-04-2025  12:28:36.157 ] [mpi_amr_comm_setup]: buffer_dim_send=7910833, buffer_dim_recv=5392297
 [ 03-04-2025  12:28:46.221 ] step: n=48 t=2.955122E-06 dt=7.140606E-08
 [ 03-04-2025  12:29:02.739 ] [GRID amr_refine_derefine]: initiating refinement
 [ 03-04-2025  12:29:02.770 ] [GRID amr_refine_derefine]: redist. phase.  tot blks requested: 50496
 [GRID amr_refine_derefine] min blks 27    max blks 31    tot blks 50496
 [GRID amr_refine_derefine] min leaf blks 24    max leaf blks 28    tot leaf blks 48280
 [ 03-04-2025  12:29:03.270 ] [GRID amr_refine_derefine]: refinement complete
 [ 03-04-2025  12:29:03.750 ] step: n=49 t=3.026528E-06 dt=7.141819E-08
 [ 03-04-2025  12:29:03.753 ] [mpi_amr_comm_setup]: buffer_dim_send=6484429, buffer_dim_recv=4958125
 [ 03-04-2025  12:29:13.924 ] step: n=50 t=3.097946E-06 dt=7.145160E-08
 [ 03-04-2025  12:29:30.597 ] [GRID amr_refine_derefine]: initiating refinement
 [ 03-04-2025  12:29:30.619 ] [GRID amr_refine_derefine]: redist. phase.  tot blks requested: 50688
 [GRID amr_refine_derefine] min blks 27    max blks 31    tot blks 50688
 [GRID amr_refine_derefine] min leaf blks 24    max leaf blks 28    tot leaf blks 48448
 [ 03-04-2025  12:29:31.056 ] [GRID amr_refine_derefine]: refinement complete
 [ 03-04-2025  12:29:39.292 ] [IO_writeCheckpoint] open: type=checkpoint name=sedov_hdf5_chk_0005
 [ 03-04-2025  12:29:50.585 ] [io_writeData]: wrote   50688          blocks
 [ 03-04-2025  12:29:50.596 ] [IO_writeCheckpoint] close: type=checkpoint name=sedov_hdf5_chk_0005
 [ 03-04-2025  12:29:50.600 ] step: n=51 t=3.169398E-06 dt=7.144310E-08
 [ 03-04-2025  12:30:00.896 ] step: n=52 t=3.240841E-06 dt=7.143606E-08
 [ 03-04-2025  12:30:17.814 ] step: n=53 t=3.312277E-06 dt=7.143079E-08
 [ 03-04-2025  12:30:28.095 ] step: n=54 t=3.383708E-06 dt=7.142810E-08
 [ 03-04-2025  12:30:45.021 ] step: n=55 t=3.455136E-06 dt=7.143310E-08
 [ 03-04-2025  12:30:55.318 ] step: n=56 t=3.526569E-06 dt=7.144995E-08
 [ 03-04-2025  12:31:12.228 ] step: n=57 t=3.598019E-06 dt=7.144585E-08
 [ 03-04-2025  12:31:22.497 ] step: n=58 t=3.669465E-06 dt=7.143776E-08
 [ 03-04-2025  12:31:39.405 ] step: n=59 t=3.740902E-06 dt=7.143330E-08
 [ 03-04-2025  12:31:49.674 ] step: n=60 t=3.812336E-06 dt=7.143015E-08
 [ 03-04-2025  12:32:14.296 ] [IO_writeCheckpoint] open: type=checkpoint name=sedov_hdf5_chk_0006
 [ 03-04-2025  12:32:25.542 ] [io_writeData]: wrote   50688          blocks
 [ 03-04-2025  12:32:25.550 ] [IO_writeCheckpoint] close: type=checkpoint name=sedov_hdf5_chk_0006
 [ 03-04-2025  12:32:25.553 ] [Driver_evolveAll]: Exiting evolution loop
 [ 03-04-2025  12:32:25.718 ] [IO_writePlotfile] open: type=plotfile name=sedov_forced_hdf5_plt_cnt_0000
 [ 03-04-2025  12:32:32.105 ] [io_writeData]: wrote   50688          blocks
 [ 03-04-2025  12:32:32.375 ] [IO_writePlotfile] close: type=plotfile name=sedov_forced_hdf5_plt_cnt_0000
 [ 03-04-2025  12:32:32.479 ] memory: /proc vsize    (MB):     4635.77 (min)       5048.34 (max)       4781.07 (avg)
 [ 03-04-2025  12:32:32.525 ] memory: /proc rss      (MB):     2071.57 (min)       2221.54 (max)       2116.99 (avg)
 ==============================================================================
 perf_summary: code performance summary for process            0
                      beginning : 03-04-2025  12:12:16
                         ending : 03-04-2025  12:32:32
   seconds in monitoring period :             1215.938
      number of evolution steps :                   60
 ------------------------------------------------------------------------------
 accounting unit                       time sec  num calls   secs avg  time pct
 ------------------------------------------------------------------------------
 initialization                        272.026      1         272.026    22.372
  eos                                    0.634      8           0.079     0.052
  guardcell internal                    10.632      7           1.519     0.874
   amr_guardcell                        10.020      7           1.431     0.824
   eos gc                                0.000      7           0.000     0.000
  writeCheckpoint                       46.123      1          46.123     3.793
   restrictAll                           6.233      1           6.233     0.513
  writePlotfile                          5.468      1           5.468     0.450
 writePlotfile                           6.801      1           6.801     0.559
 evolution                             936.889      1         936.889    77.051
  Hydro                                459.745     60           7.662    37.810
   Head                                 96.754     60           1.613     7.957
    guardcell internal                  96.753     60           1.613     7.957
     amr_guardcell                      89.056     60           1.484     7.324
     eos gc                              0.003     60           0.000     0.000
   compute fluxes                      346.281     60           5.771    28.479
    hy_computeFluxes                   346.277   1632           0.212    28.478
     RiemannState                      298.349   1632           0.183    24.537
     getFaceFlux                        47.542   1632           0.029     3.910
   conserveFluxes                        0.143     60           0.002     0.012
   update solution                      16.421     60           0.274     1.350
    update solution body                16.417   1632           0.010     1.350
     unsplitUpdate                       6.043   1632           0.004     0.497
  sourceTerms                            0.000     60           0.000     0.000
  Particles_advance                      0.000     60           0.000     0.000
  Gravity potential                      0.000     60           0.000     0.000
  IO_output                            273.509    120           2.279    22.494
   diagnostics                         137.303    120           1.144    11.292
   checkpointing                       136.050      6          22.675    11.189
    writeCheckpoint                    136.040      6          22.673    11.188
     restrictAll                        38.756      6           6.459     3.187
  Grid_updateRefinement                200.893     60           3.348    16.522
   eos                                   0.933      5           0.187     0.077
   tree                                199.960     60           3.333    16.445
    markRefineDerefine                  55.861     30           1.862     4.594
     guardcell internal                 48.420     30           1.614     3.982
      amr_guardcell                     44.519     30           1.484     3.661
      eos gc                             0.001     30           0.000     0.000
    amr_refine_derefine                140.839     30           4.695    11.583
    updateData                           0.001     30           0.000     0.000
   updateParticleRefinement              0.000      5           0.000     0.000
  Driver_computeDt                       2.509     60           0.042     0.206
 ==============================================================================
 [ 03-04-2025  12:32:32.713 ] [Timers_getSummary]: Not writing timer max/min/avg values because not all processors had same timers
 [ 03-04-2025  12:32:32.818 ] LOGFILE_END: FLASH run complete.
 FLASH log file:  03-04-2025  12:32:51.972    Run number:  1
 ==============================================================================
 Number of MPI tasks:               1792
 MPI version:                          3
 MPI subversion:                       1
 Dimensionality:                       3
 Max Number of Blocks/Proc:          200
 Number x zones:                      32
 Number y zones:                      32
 Number z zones:                      32
 Setup stamp:     Fri Nov 1 14:03:57 2024
 Build stamp:     Fri Nov 1 14:04:23 2024
 System info:     Linux corona211 4.18.0-553.22.1.1toss.t4.x86_64 #1 SMP Tue Sep 24 16:50:00 PDT 2
 Version:         Flash-X 1.0 (heads/main-0-g6040ba49-dirty)                                      
 Build directory: /usr/workspace/ather1/Flash-X/sedov
 Setup syntax:    /usr/workspace/ather1/Flash-X/bin/setup.py Sedov -auto -3d -nxb=32 -nyb=32 -nzb=32 +parallelio -objdir=/usr/workspace/ather1/Flash-X/sedov
 f compiler flags: mpif90 -ggdb -c -O2 -fdefault-real-8 -fdefault-double-8 -Wuninitialized -fallow-argument-mismatch -fallow-argument-mismatch -DMAXBLOCKS=200 -DNXB=32 -DNYB=32 -DNZB=32 -DN_DIM=3
 c compiler flags:    mpicc -I/p/lustre2/ather1/hdf5-1.14.4-3/install/include -DH5_USE_18_API -ggdb -c -O2 -Wuninitialized -D_FORTIFY_SOURCE=2 -DMAXBLOCKS=200 -DNXB=32 -DNYB=32 -DNZB=32 -DN_DIM=3
 ==============================================================================
 Comment:  Sedov explosion
 ==============================================================================
 FLASH Units used:
   Driver/DriverMain/Unsplit
   Grid/GridBoundaryConditions
   Grid/GridMain/AMR/Paramesh4/PM4_package/flash_avoid_orrery
   Grid/GridMain/AMR/Paramesh4/PM4_package/headers
   Grid/GridMain/AMR/Paramesh4/PM4_package/source
   Grid/GridMain/AMR/Paramesh4/PM4_package/utilities/multigrid
   Grid/GridMain/AMR/Paramesh4/interpolation/prolong
   Grid/GridMain/AMR/Paramesh4/levelFlux
   Grid/localAPI
   IO/IOMain/hdf5/parallel/PM
   IO/localAPI
   PhysicalConstants/PhysicalConstantsMain
   RuntimeParameters/RuntimeParametersMain
   Simulation/SimulationMain/Sedov
   TimeAdvance/TimeAdvanceMain/StrangSplit
   flashUtilities/contiguousConversion
   flashUtilities/general
   flashUtilities/interpolation/oneDim
   flashUtilities/nameValueLL
   flashUtilities/sorting/quicksort
   flashUtilities/system/memoryUsage/legacy
   monitors/Logfile/LogfileMain
   monitors/Timers/TimersMain/MPINative
   physics/Eos/EosMain/Gamma
   physics/Hydro/HydroMain/unsplit/OnlyHydro
   physics/Hydro/HydroMain/unsplit/levelFlux
   physics/Hydro/localAPI
 ==============================================================================
 RuntimeParameters:
                                                                               
 ==============================================================================
bndpriorityone              =          1
bndprioritythree            =          3
bndprioritytwo              =          2
checkpointfileintervalstep  =         10 [CHANGED]
checkpointfilenumber        =          0
dr_abortpause               =          2
dr_dtminbelowaction         =          1
drift_break_inst            =          0
drift_trunc_mantissa        =          2
drift_verbose_inst          =          0
eos_entrelescalechoice      =          6
eos_loglevel                =        700
fileformatversion           =          9
forcedplotfilenumber        =          0
gr_lrefmaxtimevalue_1       =         -1
gr_lrefmaxtimevalue_10      =         -1
gr_lrefmaxtimevalue_11      =         -1
gr_lrefmaxtimevalue_12      =         -1
gr_lrefmaxtimevalue_13      =         -1
gr_lrefmaxtimevalue_14      =         -1
gr_lrefmaxtimevalue_15      =         -1
gr_lrefmaxtimevalue_16      =         -1
gr_lrefmaxtimevalue_17      =         -1
gr_lrefmaxtimevalue_18      =         -1
gr_lrefmaxtimevalue_19      =         -1
gr_lrefmaxtimevalue_2       =         -1
gr_lrefmaxtimevalue_20      =         -1
gr_lrefmaxtimevalue_3       =         -1
gr_lrefmaxtimevalue_4       =         -1
gr_lrefmaxtimevalue_5       =         -1
gr_lrefmaxtimevalue_6       =         -1
gr_lrefmaxtimevalue_7       =         -1
gr_lrefmaxtimevalue_8       =         -1
gr_lrefmaxtimevalue_9       =         -1
gr_pmrpdivergencefree       =         -1
gr_pmrpifaceoff             =          0
gr_pmrpl2p5d                =          0
gr_pmrpmaxblocks            =         -1
gr_pmrpmflags               =          1
gr_pmrpnboundaries          =          6
gr_pmrpndim                 =          3
gr_pmrpnedgevar1            =         -1
gr_pmrpnfacevar             =         -1
gr_pmrpnfielddivf           =         -1
gr_pmrpnfluxvar             =         -1
gr_pmrpnguard               =         -1
gr_pmrpnguardwork           =         -1
gr_pmrpnvar                 =         -1
gr_pmrpnvarwork             =          1
gr_pmrpnvarcorn             =          0
gr_pmrpnvaredge             =          0
gr_pmrpnxb                  =         -1
gr_pmrpnyb                  =         -1
gr_pmrpnzb                  =         -1
gr_restrictallmethod        =          3
gr_sanitizedatamode         =          1
gr_sanitizeverbosity        =          5
gr_tilesizex                =         32
gr_tilesizey                =         32
gr_tilesizez                =         32
hy_3torder                  =         -1
hydrocomputedtoption        =         -1
iprocs                      =          1
interpol_order              =          2
irenorm                     =          0
jprocs                      =          1
kprocs                      =          1
lrefine_del                 =          0
lrefine_max                 =          6 [CHANGED]
lrefine_min                 =          1
lrefine_min_init            =          1
max_particles_per_blk       =        100
memory_stat_freq            =     100000
meshcopycount               =          1
min_particles_per_blk       =          1
nbegin                      =          1
nblockx                     =         32 [CHANGED]
nblocky                     =         32 [CHANGED]
nblockz                     =         32 [CHANGED]
nend                        =         60 [CHANGED]
nrefs                       =          2
nsteptotalsts               =          5
order                       =          3 [CHANGED]
outputsplitnum              =          1
plotfileintervalstep        =          0
plotfilenumber              =          0
refine_var_count            =          4
rolling_checkpoint          =      10000
sim_centerrefinelevel       =          1
sim_integralslevel          =         -1
sim_nsubzones               =          7
sweeporder                  =        123
transorder                  =          1
wr_integrals_freq           =          1
limitedslopebeta            =                 0.100E+01
cfl                         =                 0.800E+00
checkpointfileintervaltime  =                 0.000E+00 [CHANGED]
checkpointfileintervalz     =                 0.180+309
cvisc                       =                 0.100E+00
derefine_cutoff_1           =                 0.200E+00
derefine_cutoff_2           =                 0.200E+00
derefine_cutoff_3           =                 0.200E+00
derefine_cutoff_4           =                 0.200E+00
dr_dtmincontinue            =                 0.000E+00
dr_tstepslowstartfactor     =                 0.100E+00
dtinit                      =                 0.100E-09
dtmax                       =                 0.100E+06
dtmin                       =                 0.100E-09
eintswitch                  =                 0.100E-03 [CHANGED]
eos_singlespeciesa          =                 0.100E+01
eos_singlespeciesz          =                 0.100E+01
gamma                       =                 0.140E+01 [CHANGED]
gr_btworkchildscaling       =                 0.100E+01
gr_btworkdefaultleaf        =                 0.200E+01
gr_btworkdefaultpar         =                 0.100E+01
gr_btworklbleaf             =                 0.000E+00
gr_btworklbpar              =                 0.000E+00
gr_btworkubleaf             =                 0.100E+07
gr_btworkubpar              =                 0.100E+07
gr_lrefinemaxredlogbase     =                 0.100E+02
gr_lrefinemaxredradiusfact  =                 0.000E+00
gr_lrefinemaxredtref        =                 0.000E+00
gr_lrefinemaxredtimescale   =                 0.100E+01
gr_lrefmaxtime_1            =                -0.100E+01
gr_lrefmaxtime_10           =                -0.100E+01
gr_lrefmaxtime_11           =                -0.100E+01
gr_lrefmaxtime_12           =                -0.100E+01
gr_lrefmaxtime_13           =                -0.100E+01
gr_lrefmaxtime_14           =                -0.100E+01
gr_lrefmaxtime_15           =                -0.100E+01
gr_lrefmaxtime_16           =                -0.100E+01
gr_lrefmaxtime_17           =                -0.100E+01
gr_lrefmaxtime_18           =                -0.100E+01
gr_lrefmaxtime_19           =                -0.100E+01
gr_lrefmaxtime_2            =                -0.100E+01
gr_lrefmaxtime_20           =                -0.100E+01
gr_lrefmaxtime_3            =                -0.100E+01
gr_lrefmaxtime_4            =                -0.100E+01
gr_lrefmaxtime_5            =                -0.100E+01
gr_lrefmaxtime_6            =                -0.100E+01
gr_lrefmaxtime_7            =                -0.100E+01
gr_lrefmaxtime_8            =                -0.100E+01
gr_lrefmaxtime_9            =                -0.100E+01
hy_cflfallbackfactor        =                 0.900E+00
hy_fpresinmomflux           =                 0.100E+01
hybridorderkappa            =                 0.000E+00
nusts                       =                 0.200E+00 [CHANGED]
plotfileintervaltime        =                 0.000E+00 [CHANGED]
plotfileintervalz           =                 0.180+309
radiusgp                    =                 0.200E+01
refine_cutoff_1             =                 0.800E+00
refine_cutoff_2             =                 0.800E+00
refine_cutoff_3             =                 0.800E+00
refine_cutoff_4             =                 0.800E+00
refine_filter_1             =                 0.100E-01
refine_filter_2             =                 0.100E-01
refine_filter_3             =                 0.100E-01
refine_filter_4             =                 0.100E-01
rss_limit                   =                -0.100E+01
sigmagp                     =                 0.300E+01
sim_derefineradius          =                 0.000E+00
sim_earliestlstime          =                 0.000E+00
sim_expenergy               =                 0.100E+01
sim_largestnormradius       =                 0.180+309
sim_latestlstime            =                 0.180+309
sim_minrhoinit              =                 0.100E-19
sim_pambient                =                 0.100E-04
sim_rinit                   =                 0.137E-01 [CHANGED]
sim_rhoambient              =                 0.100E+01
sim_smallestnormradius      =                 0.000E+00
sim_xctr                    =                 0.500E+00
sim_yctr                    =                 0.500E+00
sim_zctr                    =                 0.500E+00
small                       =                 0.100E-09
smalle                      =                 0.100E-09
smallp                      =                 0.100E-09
smallt                      =                 0.100E-09
smallu                      =                 0.100E-09
smallx                      =                 0.100E-09
smlrho                      =                 0.100E-09
tinitial                    =                 0.000E+00
tiny                        =                 0.100E-15
tmax                        =                 0.500E+06 [CHANGED]
tstep_change_factor         =                 0.200E+01
wall_clock_checkpoint       =                 0.432E+05
wall_clock_time_limit       =                 0.605E+06
x_refine_center             =                 0.000E+00
xmax                        =                 0.100E+01
xmin                        =                 0.000E+00
y_refine_center             =                 0.000E+00
ymax                        =                 0.100E+01
ymin                        =                 0.000E+00
zfinal                      =                 0.000E+00
zinitial                    =                -0.100E+01
z_refine_center             =                 0.000E+00
zmax                        =                 0.100E+01
zmin                        =                 0.000E+00
riemannsolver               = Roe                            [CHANGED]
unitsystem                  = none                          
basenm                      = sedov_                         [CHANGED]
entropyfixmethod            = HARTENHYMAN                   
eosmode                     = dens_ie                       
eosmodeinit                 = dens_ie                       
geometry                    = cartesian                     
gr_pmrpoutputdir            = ./                            
grav_boundary_type          = isolated                      
hy_eosmodegc                = see eosMode                   
log_file                    = sedov.log                      [CHANGED]
output_directory            =                               
pc_unitsbase                = CGS                           
plot_grid_var_1             = none                          
plot_grid_var_10            = none                          
plot_grid_var_11            = none                          
plot_grid_var_12            = none                          
plot_grid_var_13            = none                          
plot_grid_var_14            = none                          
plot_grid_var_15            = none                          
plot_grid_var_16            = none                          
plot_grid_var_17            = none                          
plot_grid_var_18            = none                          
plot_grid_var_19            = none                          
plot_grid_var_2             = none                          
plot_grid_var_20            = none                          
plot_grid_var_21            = none                          
plot_grid_var_22            = none                          
plot_grid_var_23            = none                          
plot_grid_var_24            = none                          
plot_grid_var_25            = none                          
plot_grid_var_26            = none                          
plot_grid_var_27            = none                          
plot_grid_var_28            = none                          
plot_grid_var_29            = none                          
plot_grid_var_3             = none                          
plot_grid_var_30            = none                          
plot_grid_var_31            = none                          
plot_grid_var_32            = none                          
plot_grid_var_33            = none                          
plot_grid_var_34            = none                          
plot_grid_var_35            = none                          
plot_grid_var_36            = none                          
plot_grid_var_37            = none                          
plot_grid_var_38            = none                          
plot_grid_var_39            = none                          
plot_grid_var_4             = none                          
plot_grid_var_40            = none                          
plot_grid_var_41            = none                          
plot_grid_var_42            = none                          
plot_grid_var_43            = none                          
plot_grid_var_44            = none                          
plot_grid_var_45            = none                          
plot_grid_var_46            = none                          
plot_grid_var_47            = none                          
plot_grid_var_48            = none                          
plot_grid_var_49            = none                          
plot_grid_var_5             = none                          
plot_grid_var_50            = none                          
plot_grid_var_51            = none                          
plot_grid_var_52            = none                          
plot_grid_var_53            = none                          
plot_grid_var_54            = none                          
plot_grid_var_55            = none                          
plot_grid_var_56            = none                          
plot_grid_var_57            = none                          
plot_grid_var_58            = none                          
plot_grid_var_59            = none                          
plot_grid_var_6             = none                          
plot_grid_var_60            = none                          
plot_grid_var_61            = none                          
plot_grid_var_62            = none                          
plot_grid_var_63            = none                          
plot_grid_var_64            = none                          
plot_grid_var_65            = none                          
plot_grid_var_66            = none                          
plot_grid_var_67            = none                          
plot_grid_var_68            = none                          
plot_grid_var_69            = none                          
plot_grid_var_7             = none                          
plot_grid_var_70            = none                          
plot_grid_var_71            = none                          
plot_grid_var_72            = none                          
plot_grid_var_73            = none                          
plot_grid_var_74            = none                          
plot_grid_var_75            = none                          
plot_grid_var_76            = none                          
plot_grid_var_77            = none                          
plot_grid_var_78            = none                          
plot_grid_var_8             = none                          
plot_grid_var_9             = none                          
plot_var_1                  = dens                           [CHANGED]
plot_var_10                 = none                          
plot_var_11                 = none                          
plot_var_12                 = none                          
plot_var_13                 = none                          
plot_var_14                 = none                          
plot_var_15                 = none                          
plot_var_16                 = none                          
plot_var_17                 = none                          
plot_var_18                 = none                          
plot_var_2                  = pres                           [CHANGED]
plot_var_3                  = temp                           [CHANGED]
plot_var_4                  = none                          
plot_var_5                  = none                          
plot_var_6                  = none                          
plot_var_7                  = none                          
plot_var_8                  = none                          
plot_var_9                  = none                          
prof_file                   = profile.dat                   
refine_var_1                = dens                           [CHANGED]
refine_var_2                = pres                           [CHANGED]
refine_var_3                = none                          
refine_var_4                = none                          
run_comment                 = Sedov explosion                [CHANGED]
run_number                  = 1                             
sim_proffilename            = /dev/null                      [CHANGED]
slopelimiter                = mc                             [CHANGED]
stats_file                  = flashx.dat                    
wenomethod                  = WENO5                         
xl_boundary_type            = outflow                        [CHANGED]
xr_boundary_type            = outflow                        [CHANGED]
yl_boundary_type            = outflow                        [CHANGED]
yr_boundary_type            = outflow                        [CHANGED]
zl_boundary_type            = outflow                        [CHANGED]
zr_boundary_type            = outflow                        [CHANGED]
csvsummaryallprocs          =  F
eosforriemann               =  F
logsummaryallprocs          =  F
addthermalflux              =  T
allowdtstsdominate          =  F
alwayscomputeuservars       =  T
alwaysrestrictcheckpoint    =  T
charlimiting                =  T
chkguardcellsinput          =  F
chkguardcellsoutput         =  F
conserveangmom              =  F
converttoconsvdformeshcalls =  F
converttoconsvdinmeshinterp =  T
corners                     =  F
dr_printtsteploc            =  T
dr_shortenlaststepbeforetmax =  F
drift_tuples                =  F
eachprocwritesownabortlog   =  F
eachprocwritessummary       =  F
earlyblockdistadjustment    =  T
enablemaskedgcfill          =  F
entropy                     =  F
flux_correct                =  T
flux_correct_perlevel       =  F
geometryoverride            =  F
gr_bcenableapplymixedgds    =  T
gr_bndgcfillneedsprimitivevars =  T
gr_btcustomwork             =  F
gr_btexchangework           =  F
gr_btsortbywork             =  T
gr_enabletiling             =  F
gr_lrefinemaxbytime         =  F
gr_lrefinemaxreddobylogr    =  F
gr_lrefinemaxreddobytime    =  F
gr_pmrpadvancealllevels     =  F
gr_pmrpamrerrorchecking     =  F
gr_pmrpcartesianpm          =  F
gr_pmrpconserve             =  F
gr_pmrpconsvfluxdensities   =  T
gr_pmrpconsvfluxes          =  F
gr_pmrpcurvilinear          =  F
gr_pmrpcurvilinearconserve  =  F
gr_pmrpcylindricalpm        =  F
gr_pmrpdiagonals            =  T
gr_pmrpedgevalue            =  T
gr_pmrpedgevalueinteg       =  F
gr_pmrpemptycells           =  F
gr_pmrpforceconsistency     =  T
gr_pmrplsingularline        =  F
gr_pmrpnopermanentguardcells =  F
gr_pmrppolarpm              =  F
gr_pmrppredcorr             =  F
gr_pmrpsphericalpm          =  F
gr_pmrptimingmpi            =  F
gr_pmrptimingmpix           =  F
gr_pmrpvardt                =  F
gr_usetiling                =  F
hy_fallbacklowercfl         =  F
hy_fullspecmsfluxhandling   =  T
hy_usetiling                =  F
ignoreforcedplot            =  F
io_writemscalarintegrals    =  F
plotfilegridquantitydp      =  F
plotfilemetadatadp          =  F
reducegcellfills            =  F
refine_on_particle_count    =  F
restart                     =  F
shockdetect                 =  F
shocklowercfl               =  F
sim_bcsetbdryvar            =  F
sim_forcecenterderefine     =  F
sim_onelevelintegralsonly   =  F
summaryoutputonly           =  F
threadblocklistbuild        =  F
threaddelepblocklist        =  F
threaddelepwithinblock      =  F
threaddriverblocklist       =  F
threaddriverwithinblock     =  F
threadeoswithinblock        =  F
threadhydroblocklist        =  F
threadhydrowithinblock      =  F
threadraytracebuild         =  F
threadwithinblockbuild      =  F
tmr_suppressinparallel      =  F
typematchedxfer             =  T
unbiased_geometry           =  F
updatehydrofluxes           =  T
useburn                     =  F
usecollectivehdf5           =  T
usedeleptonize              =  F
usegravity                  =  F
useheatad                   =  F
useheater                   =  F
usehydro                    =  T
useimbound                  =  F
useincompns                 =  F
useinlet                    =  F
uselegacylabels             =  T
usemultiphase               =  F
useorchestration            =  F
useoutlet                   =  F
useparticles                =  F
useradtrans                 =  F
usests                      =  F
usestsfordiffusion          =  F
usesolidmechanics           =  F
use_3dfullctu               =  T
use_auxeinteqn              =  T
use_avisc                   =  T [CHANGED]
use_cma_advection           =  F
use_cma_flattening          =  F
use_flash_surr_blks_fill    =  T
use_flattening              =  F
use_gravhalfupdate          =  T
use_hybridorder             =  F
use_reduced_orrery          =  T
use_steepening              =  F
use_upwindtvd               =  F
writestatsummary            =  T
                                                                               
 ==============================================================================
                                                                               
 Known units of measurement:
                                                                               
              Unit                          CGS Value                Base Unit
  1                  cm                     1.0000                           cm
  2                   s                     1.0000                            s
  3                   g                     1.0000                            g
  4                   K                     1.0000                            K
  5                 esu                     1.0000                          esu
  6                 mol                     1.0000                          mol
  7                   m                     100.00                           cm
  8                  km                    1.00000E+05                       cm
  9                  pc                    3.08568E+18                       cm
 10                 kpc                    3.08568E+21                       cm
 11                 Mpc                    3.08568E+24                       cm
 12                 Gpc                    3.08568E+27                       cm
 13                Rsun                    6.96000E+10                       cm
 14                  AU                    1.49598E+13                       cm
 15                  yr                    3.15569E+07                        s
 16                 Myr                    3.15569E+13                        s
 17                 Gyr                    3.15569E+16                        s
 18                  kg                     1000.0                            g
 19                Msun                    1.98892E+33                        g
 20                 amu                    1.66054E-24                        g
 21                  eV                     11605.                            K
 22                   C                    2.99792E+09                      esu
 23                LFLY                    3.08568E+24                       cm
 24                TFLY                    2.05759E+17                        s
 25                MFLY                    9.88470E+45                        g
 26            clLength                    3.08568E+24                       cm
 27              clTime                    3.15569E+16                        s
 28              clMass                    1.98892E+48                        g
 29              clTemp                    1.16045E+07                        K
-----------End of Units--------------------
                                                                               
 Known physical constants:
                                                                               
    Constant Name       Constant Value   cm       s        g        K        esu      mol
  1              Newton    6.67408E-08   3.0     -2.0     -1.0      0.0      0.0      0.0    
  2      speed of light    2.99792E+10   1.0     -1.0      0.0      0.0      0.0      0.0    
  3              Planck    6.62607E-27   2.0     -1.0      1.0      0.0      0.0      0.0    
  4     electron charge    4.80320E-10   0.0      0.0      0.0      0.0      1.0      0.0    
  5       electron mass    9.10938E-28   0.0      0.0      1.0      0.0      0.0      0.0    
  6         proton mass    1.67262E-24   0.0      0.0      1.0      0.0      0.0      0.0    
  7      fine-structure    7.29735E-03   0.0      0.0      0.0      0.0      0.0      0.0    
  8            Avogadro    6.02214E+23   0.0      0.0      0.0      0.0      0.0     -1.0    
  9           Boltzmann    1.38065E-16   2.0     -2.0      1.0     -1.0      0.0      0.0    
 10  ideal gas constant    8.31446E+07   2.0     -2.0      1.0     -1.0      0.0     -1.0    
 11                Wien    0.28978       1.0      0.0      0.0      1.0      0.0      0.0    
 12    Stefan-Boltzmann    5.67037E-05   0.0     -3.0      1.0     -4.0      0.0      0.0    
 13  Radiation Constant    7.56572E-15  -1.0     -2.0      1.0     -4.0      0.0      0.0    
 14                  pi     3.1416       0.0      0.0      0.0      0.0      0.0      0.0    
 15                   e     2.7183       0.0      0.0      0.0      0.0      0.0      0.0    
 16               Euler    0.57722       0.0      0.0      0.0      0.0      0.0      0.0    
 ==============================================================================
                                                                               
 Multifluid database: not configured in
                                                                               
 ==============================================================================
 [ 03-04-2025  12:32:51.983 ] [gr_initGeometry] checking BCs for idir: 1
 [ 03-04-2025  12:32:51.985 ] [gr_initGeometry] checking BCs for idir: 2
 [ 03-04-2025  12:32:51.987 ] [gr_initGeometry] checking BCs for idir: 3
 [ 03-04-2025  12:32:54.405 ] [GRID amr_refine_derefine]: initiating refinement
 [ 03-04-2025  12:32:54.407 ] [GRID amr_refine_derefine]: redist. phase.  tot blks requested: 32768
 [GRID amr_refine_derefine] min blks 18    max blks 19    tot blks 32768
 [GRID amr_refine_derefine] min leaf blks 18    max leaf blks 19    tot leaf blks 32768
 [ 03-04-2025  12:32:54.919 ] [GRID amr_refine_derefine]: refinement complete
 [ 03-04-2025  12:33:07.393 ] [GRID gr_expandDomain]: iteration=1, create level=2
 INFO: Grid_fillGuardCells is ignoring masking.
 [ 03-04-2025  12:33:25.159 ] [mpi_amr_comm_setup]: buffer_dim_send=5176573, buffer_dim_recv=3646981
 [ 03-04-2025  12:33:29.041 ] [GRID amr_refine_derefine]: initiating refinement
 [ 03-04-2025  12:33:29.065 ] [GRID amr_refine_derefine]: redist. phase.  tot blks requested: 32832
 [GRID amr_refine_derefine] min blks 18    max blks 19    tot blks 32832
 [GRID amr_refine_derefine] min leaf blks 17    max leaf blks 19    tot leaf blks 32824
 [ 03-04-2025  12:33:29.349 ] [GRID amr_refine_derefine]: refinement complete
 [ 03-04-2025  12:33:29.358 ] [GRID gr_expandDomain]: iteration=2, create level=3
 [ 03-04-2025  12:33:51.148 ] [GRID amr_refine_derefine]: initiating refinement
 [ 03-04-2025  12:33:51.171 ] [GRID amr_refine_derefine]: redist. phase.  tot blks requested: 32896
 [GRID amr_refine_derefine] min blks 18    max blks 20    tot blks 32896
 [GRID amr_refine_derefine] min leaf blks 17    max leaf blks 19    tot leaf blks 32880
 [ 03-04-2025  12:33:51.448 ] [GRID amr_refine_derefine]: refinement complete
 [ 03-04-2025  12:33:51.457 ] [GRID gr_expandDomain]: iteration=3, create level=4
 [ 03-04-2025  12:34:13.402 ] [GRID amr_refine_derefine]: initiating refinement
 [ 03-04-2025  12:34:13.429 ] [GRID amr_refine_derefine]: redist. phase.  tot blks requested: 34304
 [GRID amr_refine_derefine] min blks 19    max blks 22    tot blks 34304
 [GRID amr_refine_derefine] min leaf blks 17    max leaf blks 20    tot leaf blks 34112
 [ 03-04-2025  12:34:13.924 ] [GRID amr_refine_derefine]: refinement complete
 [ 03-04-2025  12:34:13.934 ] [GRID gr_expandDomain]: iteration=4, create level=5
 [ 03-04-2025  12:34:34.022 ] [mpi_amr_comm_setup]: buffer_dim_send=5313661, buffer_dim_recv=4312081
 [ 03-04-2025  12:34:36.791 ] [GRID amr_refine_derefine]: initiating refinement
 [ 03-04-2025  12:34:36.811 ] [GRID amr_refine_derefine]: redist. phase.  tot blks requested: 37312
 [GRID amr_refine_derefine] min blks 20    max blks 24    tot blks 37312
 [GRID amr_refine_derefine] min leaf blks 18    max leaf blks 21    tot leaf blks 36744
 [ 03-04-2025  12:34:37.347 ] [GRID amr_refine_derefine]: refinement complete
 [ 03-04-2025  12:34:37.356 ] [GRID gr_expandDomain]: iteration=5, create level=6
 [ 03-04-2025  12:34:59.515 ] [mpi_amr_comm_setup]: buffer_dim_send=5713933, buffer_dim_recv=4459801
 [ 03-04-2025  12:35:01.742 ] [GRID amr_refine_derefine]: initiating refinement
 [ 03-04-2025  12:35:01.768 ] [GRID amr_refine_derefine]: redist. phase.  tot blks requested: 48768
 [GRID amr_refine_derefine] min blks 26    max blks 30    tot blks 48768
 [GRID amr_refine_derefine] min leaf blks 23    max leaf blks 27    tot leaf blks 46768
 [ 03-04-2025  12:35:02.665 ] [GRID amr_refine_derefine]: refinement complete
 [ 03-04-2025  12:35:02.695 ] [GRID gr_expandDomain]: iteration=6, create level=6
 [ 03-04-2025  12:35:31.186 ] [mpi_amr_comm_setup]: buffer_dim_send=7881145, buffer_dim_recv=5392297
 [ 03-04-2025  12:35:33.648 ] [GRID gr_expandDomain]: iteration=7, create level=6
 [ 03-04-2025  12:36:04.598 ] [GRID gr_expandDomain]: iteration=8, create level=6
 [ 03-04-2025  12:36:33.998 ] memory: /proc vsize    (MB):     4528.08 (min)       4788.07 (max)       4698.76 (avg)
 [ 03-04-2025  12:36:33.998 ] memory: /proc rss      (MB):     1839.93 (min)       1925.48 (max)       1861.18 (avg)
 [ 03-04-2025  12:36:34.000 ] memory: /proc vsize    (MB):     4528.08 (min)       4788.07 (max)       4698.76 (avg)
 [ 03-04-2025  12:36:34.000 ] memory: /proc rss      (MB):     1839.93 (min)       1925.48 (max)       1861.18 (avg)
 [ 03-04-2025  12:36:34.046 ] memory: /proc vsize    (MB):     4528.08 (min)       4788.07 (max)       4698.76 (avg)
 [ 03-04-2025  12:36:34.046 ] memory: /proc rss      (MB):     1839.93 (min)       1925.48 (max)       1861.18 (avg)
 [ 03-04-2025  12:36:40.771 ] [IO_writeCheckpoint] open: type=checkpoint name=sedov_hdf5_chk_0000
 [ 03-04-2025  12:37:19.415 ] [io_writeData]: wrote   48768          blocks
 [ 03-04-2025  12:37:19.501 ] [IO_writeCheckpoint] close: type=checkpoint name=sedov_hdf5_chk_0000
 [ 03-04-2025  12:37:19.637 ] [IO_writePlotfile] open: type=plotfile name=sedov_hdf5_plt_cnt_0000
 [ 03-04-2025  12:37:24.866 ] [io_writeData]: wrote   48768          blocks
 [ 03-04-2025  12:37:24.889 ] [IO_writePlotfile] close: type=plotfile name=sedov_hdf5_plt_cnt_0000
 [ 03-04-2025  12:37:24.891 ] memory: /proc vsize    (MB):     4545.68 (min)       5023.53 (max)       4718.67 (avg)
 [ 03-04-2025  12:37:24.893 ] memory: /proc rss      (MB):     1846.77 (min)       1940.65 (max)       1871.56 (avg)
 [ 03-04-2025  12:37:24.896 ] [Driver_evolveAll]: Entering evolution loop
 [ 03-04-2025  12:37:24.900 ] step: n=1 t=0.000000E+00 dt=1.000000E-10
 [ 03-04-2025  12:37:34.789 ] step: n=2 t=1.000000E-10 dt=2.000000E-10
 [ 03-04-2025  12:37:51.098 ] step: n=3 t=3.000000E-10 dt=4.000000E-10
 [ 03-04-2025  12:38:00.911 ] step: n=4 t=7.000000E-10 dt=8.000000E-10
 [ 03-04-2025  12:38:17.214 ] step: n=5 t=1.500000E-09 dt=1.600000E-09
 [ 03-04-2025  12:38:27.069 ] step: n=6 t=3.100000E-09 dt=3.200000E-09
 [ 03-04-2025  12:38:43.472 ] step: n=7 t=6.300000E-09 dt=6.400000E-09
 [ 03-04-2025  12:38:53.358 ] step: n=8 t=1.270000E-08 dt=1.280000E-08
 [ 03-04-2025  12:39:09.727 ] step: n=9 t=2.550000E-08 dt=2.560000E-08
 [ 03-04-2025  12:39:19.666 ] step: n=10 t=5.110000E-08 dt=5.120000E-08
 [ 03-04-2025  12:39:44.003 ] [IO_writeCheckpoint] open: type=checkpoint name=sedov_hdf5_chk_0001
 [ 03-04-2025  12:40:18.646 ] [io_writeData]: wrote   48768          blocks
 [ 03-04-2025  12:40:18.652 ] [IO_writeCheckpoint] close: type=checkpoint name=sedov_hdf5_chk_0001
 [ 03-04-2025  12:40:18.653 ] step: n=11 t=1.023000E-07 dt=1.024000E-07
 [ 03-04-2025  12:40:28.537 ] step: n=12 t=2.047000E-07 dt=9.937542E-08
 [ 03-04-2025  12:40:44.901 ] step: n=13 t=3.040754E-07 dt=9.615282E-08
 [ 03-04-2025  12:40:54.859 ] step: n=14 t=4.002282E-07 dt=9.325600E-08
 [ 03-04-2025  12:41:11.253 ] step: n=15 t=4.934842E-07 dt=9.058955E-08
 [ 03-04-2025  12:41:21.154 ] step: n=16 t=5.840738E-07 dt=8.822195E-08
 [ 03-04-2025  12:41:37.526 ] step: n=17 t=6.722957E-07 dt=8.592743E-08
 [ 03-04-2025  12:41:47.460 ] step: n=18 t=7.582232E-07 dt=8.368672E-08
 [ 03-04-2025  12:42:03.870 ] step: n=19 t=8.419099E-07 dt=8.162257E-08
 [ 03-04-2025  12:42:13.792 ] step: n=20 t=9.235325E-07 dt=7.981691E-08
 [ 03-04-2025  12:42:37.745 ] [IO_writeCheckpoint] open: type=checkpoint name=sedov_hdf5_chk_0002
 [ 03-04-2025  12:42:48.642 ] [io_writeData]: wrote   48768          blocks
 [ 03-04-2025  12:42:48.648 ] [IO_writeCheckpoint] close: type=checkpoint name=sedov_hdf5_chk_0002
 [ 03-04-2025  12:42:48.650 ] step: n=21 t=1.003349E-06 dt=7.822053E-08
 [ 03-04-2025  12:42:58.584 ] step: n=22 t=1.081570E-06 dt=7.684528E-08
 [ 03-04-2025  12:43:14.981 ] step: n=23 t=1.158415E-06 dt=7.555985E-08
 [ 03-04-2025  12:43:24.890 ] step: n=24 t=1.233975E-06 dt=7.447396E-08
 [ 03-04-2025  12:43:41.171 ] [GRID amr_refine_derefine]: initiating refinement
 [ 03-04-2025  12:43:41.186 ] [GRID amr_refine_derefine]: redist. phase.  tot blks requested: 49152
 [GRID amr_refine_derefine] min blks 26    max blks 30    tot blks 49152
 [GRID amr_refine_derefine] min leaf blks 24    max leaf blks 27    tot leaf blks 47104
 [ 03-04-2025  12:43:41.867 ] [GRID amr_refine_derefine]: refinement complete
 [ 03-04-2025  12:43:42.468 ] step: n=25 t=1.308449E-06 dt=7.359418E-08
 [ 03-04-2025  12:43:42.468 ] [mpi_amr_comm_setup]: buffer_dim_send=7863733, buffer_dim_recv=5392297
 [ 03-04-2025  12:43:52.430 ] step: n=26 t=1.382043E-06 dt=7.289860E-08
 [ 03-04-2025  12:44:08.815 ] step: n=27 t=1.454942E-06 dt=7.238261E-08
 [ 03-04-2025  12:44:18.785 ] step: n=28 t=1.527324E-06 dt=7.195505E-08
 [ 03-04-2025  12:44:35.171 ] step: n=29 t=1.599279E-06 dt=7.160819E-08
 [ 03-04-2025  12:44:45.160 ] step: n=30 t=1.670888E-06 dt=7.137201E-08
 [ 03-04-2025  12:45:08.685 ] [IO_writeCheckpoint] open: type=checkpoint name=sedov_hdf5_chk_0003
 [ 03-04-2025  12:45:19.509 ] [io_writeData]: wrote   49152          blocks
 [ 03-04-2025  12:45:19.546 ] [IO_writeCheckpoint] close: type=checkpoint name=sedov_hdf5_chk_0003
 [ 03-04-2025  12:45:19.548 ] step: n=31 t=1.742260E-06 dt=7.124494E-08
 [ 03-04-2025  12:45:29.525 ] step: n=32 t=1.813505E-06 dt=7.119740E-08
 [ 03-04-2025  12:45:45.843 ] step: n=33 t=1.884702E-06 dt=7.120661E-08
 [ 03-04-2025  12:45:55.803 ] step: n=34 t=1.955909E-06 dt=7.122364E-08
 [ 03-04-2025  12:46:12.120 ] step: n=35 t=2.027132E-06 dt=7.124414E-08
 [ 03-04-2025  12:46:22.127 ] step: n=36 t=2.098376E-06 dt=7.127462E-08
 [ 03-04-2025  12:46:38.380 ] [GRID amr_refine_derefine]: initiating refinement
 [ 03-04-2025  12:46:38.390 ] [GRID amr_refine_derefine]: redist. phase.  tot blks requested: 49920
 [GRID amr_refine_derefine] min blks 27    max blks 31    tot blks 49920
 [GRID amr_refine_derefine] min leaf blks 24    max leaf blks 28    tot leaf blks 47776
 [ 03-04-2025  12:46:39.059 ] [GRID amr_refine_derefine]: refinement complete
 [ 03-04-2025  12:46:39.630 ] step: n=37 t=2.169651E-06 dt=7.132802E-08
 [ 03-04-2025  12:46:39.630 ] [mpi_amr_comm_setup]: buffer_dim_send=7338289, buffer_dim_recv=5392297
 [ 03-04-2025  12:46:49.656 ] step: n=38 t=2.240979E-06 dt=7.141305E-08
 [ 03-04-2025  12:47:06.195 ] step: n=39 t=2.312392E-06 dt=7.142860E-08
 [ 03-04-2025  12:47:16.150 ] step: n=40 t=2.383821E-06 dt=7.142437E-08
 [ 03-04-2025  12:47:40.345 ] [IO_writeCheckpoint] open: type=checkpoint name=sedov_hdf5_chk_0004
 [ 03-04-2025  12:47:51.492 ] [io_writeData]: wrote   49920          blocks
 [ 03-04-2025  12:47:51.505 ] [IO_writeCheckpoint] close: type=checkpoint name=sedov_hdf5_chk_0004
 [ 03-04-2025  12:47:51.506 ] step: n=41 t=2.455245E-06 dt=7.141417E-08
 [ 03-04-2025  12:48:01.505 ] step: n=42 t=2.526659E-06 dt=7.140932E-08
 [ 03-04-2025  12:48:18.028 ] step: n=43 t=2.598068E-06 dt=7.141878E-08
 [ 03-04-2025  12:48:27.990 ] step: n=44 t=2.669487E-06 dt=7.142363E-08
 [ 03-04-2025  12:48:44.493 ] step: n=45 t=2.740911E-06 dt=7.140413E-08
 [ 03-04-2025  12:48:54.453 ] step: n=46 t=2.812315E-06 dt=7.140388E-08
 [ 03-04-2025  12:49:10.864 ] [GRID amr_refine_derefine]: initiating refinement
 [ 03-04-2025  12:49:10.877 ] [GRID amr_refine_derefine]: redist. phase.  tot blks requested: 50304
 [GRID amr_refine_derefine] min blks 27    max blks 31    tot blks 50304
 [GRID amr_refine_derefine] min leaf blks 24    max leaf blks 28    tot leaf blks 48112
 [ 03-04-2025  12:49:11.567 ] [GRID amr_refine_derefine]: refinement complete
 [ 03-04-2025  12:49:12.056 ] step: n=47 t=2.883719E-06 dt=7.140292E-08
 [ 03-04-2025  12:49:12.057 ] [mpi_amr_comm_setup]: buffer_dim_send=7910833, buffer_dim_recv=5392297
 [ 03-04-2025  12:49:22.129 ] step: n=48 t=2.955122E-06 dt=7.140606E-08
 [ 03-04-2025  12:49:38.615 ] [GRID amr_refine_derefine]: initiating refinement
 [ 03-04-2025  12:49:38.632 ] [GRID amr_refine_derefine]: redist. phase.  tot blks requested: 50496
 [GRID amr_refine_derefine] min blks 27    max blks 31    tot blks 50496
 [GRID amr_refine_derefine] min leaf blks 24    max leaf blks 28    tot leaf blks 48280
 [ 03-04-2025  12:49:39.108 ] [GRID amr_refine_derefine]: refinement complete
 [ 03-04-2025  12:49:39.584 ] step: n=49 t=3.026528E-06 dt=7.141819E-08
 [ 03-04-2025  12:49:39.584 ] [mpi_amr_comm_setup]: buffer_dim_send=6484429, buffer_dim_recv=4958125
 [ 03-04-2025  12:49:49.769 ] step: n=50 t=3.097946E-06 dt=7.145160E-08
 [ 03-04-2025  12:50:06.506 ] [GRID amr_refine_derefine]: initiating refinement
 [ 03-04-2025  12:50:06.521 ] [GRID amr_refine_derefine]: redist. phase.  tot blks requested: 50688
 [GRID amr_refine_derefine] min blks 27    max blks 31    tot blks 50688
 [GRID amr_refine_derefine] min leaf blks 24    max leaf blks 28    tot leaf blks 48448
 [ 03-04-2025  12:50:06.971 ] [GRID amr_refine_derefine]: refinement complete
 [ 03-04-2025  12:50:15.200 ] [IO_writeCheckpoint] open: type=checkpoint name=sedov_hdf5_chk_0005
 [ 03-04-2025  12:50:26.929 ] [io_writeData]: wrote   50688          blocks
 [ 03-04-2025  12:50:26.936 ] [IO_writeCheckpoint] close: type=checkpoint name=sedov_hdf5_chk_0005
 [ 03-04-2025  12:50:26.937 ] step: n=51 t=3.169398E-06 dt=7.144310E-08
 [ 03-04-2025  12:50:37.240 ] step: n=52 t=3.240841E-06 dt=7.143606E-08
 [ 03-04-2025  12:50:54.211 ] step: n=53 t=3.312277E-06 dt=7.143079E-08
 [ 03-04-2025  12:51:04.510 ] step: n=54 t=3.383708E-06 dt=7.142810E-08
 [ 03-04-2025  12:51:21.456 ] step: n=55 t=3.455136E-06 dt=7.143310E-08
 [ 03-04-2025  12:51:31.724 ] step: n=56 t=3.526569E-06 dt=7.144995E-08
 [ 03-04-2025  12:51:48.662 ] step: n=57 t=3.598019E-06 dt=7.144585E-08
 [ 03-04-2025  12:51:58.955 ] step: n=58 t=3.669465E-06 dt=7.143776E-08
 [ 03-04-2025  12:52:15.866 ] step: n=59 t=3.740902E-06 dt=7.143330E-08
 [ 03-04-2025  12:52:26.146 ] step: n=60 t=3.812336E-06 dt=7.143015E-08
 [ 03-04-2025  12:52:50.785 ] [IO_writeCheckpoint] open: type=checkpoint name=sedov_hdf5_chk_0006
 [ 03-04-2025  12:53:02.375 ] [io_writeData]: wrote   50688          blocks
 [ 03-04-2025  12:53:02.382 ] [IO_writeCheckpoint] close: type=checkpoint name=sedov_hdf5_chk_0006
 [ 03-04-2025  12:53:02.383 ] [Driver_evolveAll]: Exiting evolution loop
 [ 03-04-2025  12:53:02.561 ] [IO_writePlotfile] open: type=plotfile name=sedov_forced_hdf5_plt_cnt_0000
 [ 03-04-2025  12:53:08.373 ] [io_writeData]: wrote   50688          blocks
 [ 03-04-2025  12:53:08.499 ] [IO_writePlotfile] close: type=plotfile name=sedov_forced_hdf5_plt_cnt_0000
 [ 03-04-2025  12:53:08.576 ] memory: /proc vsize    (MB):     4591.77 (min)       5048.41 (max)       4781.23 (avg)
 [ 03-04-2025  12:53:08.622 ] memory: /proc rss      (MB):     2071.92 (min)       2221.76 (max)       2117.30 (avg)
 ==============================================================================
 perf_summary: code performance summary for process            0
                      beginning : 03-04-2025  12:32:51
                         ending : 03-04-2025  12:53:08
   seconds in monitoring period :             1216.697
      number of evolution steps :                   60
 ------------------------------------------------------------------------------
 accounting unit                       time sec  num calls   secs avg  time pct
 ------------------------------------------------------------------------------
 initialization                        272.924      1         272.924    22.432
  eos                                    0.637      8           0.080     0.052
  guardcell internal                    10.715      7           1.531     0.881
   amr_guardcell                        10.100      7           1.443     0.830
   eos gc                                0.000      7           0.000     0.000
  writeCheckpoint                       45.410      1          45.410     3.732
   restrictAll                           6.303      1           6.303     0.518
  writePlotfile                          5.386      1           5.386     0.443
 writePlotfile                           6.096      1           6.096     0.501
 evolution                             937.484      1         937.484    77.052
  Hydro                                459.551     60           7.659    37.770
   Head                                 96.934     60           1.616     7.967
    guardcell internal                  96.932     60           1.616     7.967
     amr_guardcell                      89.238     60           1.487     7.334
     eos gc                              0.003     60           0.000     0.000
   compute fluxes                      345.981     60           5.766    28.436
    hy_computeFluxes                   345.977   1632           0.212    28.436
     RiemannState                      298.081   1632           0.183    24.499
     getFaceFlux                        47.510   1632           0.029     3.905
   conserveFluxes                        0.142     60           0.002     0.012
   update solution                      16.351     60           0.273     1.344
    update solution body                16.347   1632           0.010     1.344
     unsplitUpdate                       6.015   1632           0.004     0.494
  sourceTerms                            0.000     60           0.000     0.000
  Particles_advance                      0.000     60           0.000     0.000
  Gravity potential                      0.000     60           0.000     0.000
  IO_output                            274.547    120           2.288    22.565
   diagnostics                         137.794    120           1.148    11.325
   checkpointing                       136.702      6          22.784    11.235
    writeCheckpoint                    136.700      6          22.783    11.235
     restrictAll                        38.667      6           6.445     3.178
  Grid_updateRefinement                200.853     60           3.348    16.508
   eos                                   0.955      5           0.191     0.078
   tree                                199.898     60           3.332    16.430
    markRefineDerefine                  55.980     30           1.866     4.601
     guardcell internal                 48.562     30           1.619     3.991
      amr_guardcell                     44.657     30           1.489     3.670
      eos gc                             0.001     30           0.000     0.000
    amr_refine_derefine                140.658     30           4.689    11.561
    updateData                           0.001     30           0.000     0.000
   updateParticleRefinement              0.000      5           0.000     0.000
  Driver_computeDt                       2.485     60           0.041     0.204
 ==============================================================================
 [ 03-04-2025  12:53:08.761 ] [Timers_getSummary]: Not writing timer max/min/avg values because not all processors had same timers
 [ 03-04-2025  12:53:08.803 ] LOGFILE_END: FLASH run complete.
 FLASH log file:  03-04-2025  12:53:28.243    Run number:  1
 ==============================================================================
 Number of MPI tasks:               1792
 MPI version:                          3
 MPI subversion:                       1
 Dimensionality:                       3
 Max Number of Blocks/Proc:          200
 Number x zones:                      32
 Number y zones:                      32
 Number z zones:                      32
 Setup stamp:     Fri Nov 1 14:03:57 2024
 Build stamp:     Fri Nov 1 14:04:23 2024
 System info:     Linux corona211 4.18.0-553.22.1.1toss.t4.x86_64 #1 SMP Tue Sep 24 16:50:00 PDT 2
 Version:         Flash-X 1.0 (heads/main-0-g6040ba49-dirty)                                      
 Build directory: /usr/workspace/ather1/Flash-X/sedov
 Setup syntax:    /usr/workspace/ather1/Flash-X/bin/setup.py Sedov -auto -3d -nxb=32 -nyb=32 -nzb=32 +parallelio -objdir=/usr/workspace/ather1/Flash-X/sedov
 f compiler flags: mpif90 -ggdb -c -O2 -fdefault-real-8 -fdefault-double-8 -Wuninitialized -fallow-argument-mismatch -fallow-argument-mismatch -DMAXBLOCKS=200 -DNXB=32 -DNYB=32 -DNZB=32 -DN_DIM=3
 c compiler flags:    mpicc -I/p/lustre2/ather1/hdf5-1.14.4-3/install/include -DH5_USE_18_API -ggdb -c -O2 -Wuninitialized -D_FORTIFY_SOURCE=2 -DMAXBLOCKS=200 -DNXB=32 -DNYB=32 -DNZB=32 -DN_DIM=3
 ==============================================================================
 Comment:  Sedov explosion
 ==============================================================================
 FLASH Units used:
   Driver/DriverMain/Unsplit
   Grid/GridBoundaryConditions
   Grid/GridMain/AMR/Paramesh4/PM4_package/flash_avoid_orrery
   Grid/GridMain/AMR/Paramesh4/PM4_package/headers
   Grid/GridMain/AMR/Paramesh4/PM4_package/source
   Grid/GridMain/AMR/Paramesh4/PM4_package/utilities/multigrid
   Grid/GridMain/AMR/Paramesh4/interpolation/prolong
   Grid/GridMain/AMR/Paramesh4/levelFlux
   Grid/localAPI
   IO/IOMain/hdf5/parallel/PM
   IO/localAPI
   PhysicalConstants/PhysicalConstantsMain
   RuntimeParameters/RuntimeParametersMain
   Simulation/SimulationMain/Sedov
   TimeAdvance/TimeAdvanceMain/StrangSplit
   flashUtilities/contiguousConversion
   flashUtilities/general
   flashUtilities/interpolation/oneDim
   flashUtilities/nameValueLL
   flashUtilities/sorting/quicksort
   flashUtilities/system/memoryUsage/legacy
   monitors/Logfile/LogfileMain
   monitors/Timers/TimersMain/MPINative
   physics/Eos/EosMain/Gamma
   physics/Hydro/HydroMain/unsplit/OnlyHydro
   physics/Hydro/HydroMain/unsplit/levelFlux
   physics/Hydro/localAPI
 ==============================================================================
 RuntimeParameters:
                                                                               
 ==============================================================================
bndpriorityone              =          1
bndprioritythree            =          3
bndprioritytwo              =          2
checkpointfileintervalstep  =         10 [CHANGED]
checkpointfilenumber        =          0
dr_abortpause               =          2
dr_dtminbelowaction         =          1
drift_break_inst            =          0
drift_trunc_mantissa        =          2
drift_verbose_inst          =          0
eos_entrelescalechoice      =          6
eos_loglevel                =        700
fileformatversion           =          9
forcedplotfilenumber        =          0
gr_lrefmaxtimevalue_1       =         -1
gr_lrefmaxtimevalue_10      =         -1
gr_lrefmaxtimevalue_11      =         -1
gr_lrefmaxtimevalue_12      =         -1
gr_lrefmaxtimevalue_13      =         -1
gr_lrefmaxtimevalue_14      =         -1
gr_lrefmaxtimevalue_15      =         -1
gr_lrefmaxtimevalue_16      =         -1
gr_lrefmaxtimevalue_17      =         -1
gr_lrefmaxtimevalue_18      =         -1
gr_lrefmaxtimevalue_19      =         -1
gr_lrefmaxtimevalue_2       =         -1
gr_lrefmaxtimevalue_20      =         -1
gr_lrefmaxtimevalue_3       =         -1
gr_lrefmaxtimevalue_4       =         -1
gr_lrefmaxtimevalue_5       =         -1
gr_lrefmaxtimevalue_6       =         -1
gr_lrefmaxtimevalue_7       =         -1
gr_lrefmaxtimevalue_8       =         -1
gr_lrefmaxtimevalue_9       =         -1
gr_pmrpdivergencefree       =         -1
gr_pmrpifaceoff             =          0
gr_pmrpl2p5d                =          0
gr_pmrpmaxblocks            =         -1
gr_pmrpmflags               =          1
gr_pmrpnboundaries          =          6
gr_pmrpndim                 =          3
gr_pmrpnedgevar1            =         -1
gr_pmrpnfacevar             =         -1
gr_pmrpnfielddivf           =         -1
gr_pmrpnfluxvar             =         -1
gr_pmrpnguard               =         -1
gr_pmrpnguardwork           =         -1
gr_pmrpnvar                 =         -1
gr_pmrpnvarwork             =          1
gr_pmrpnvarcorn             =          0
gr_pmrpnvaredge             =          0
gr_pmrpnxb                  =         -1
gr_pmrpnyb                  =         -1
gr_pmrpnzb                  =         -1
gr_restrictallmethod        =          3
gr_sanitizedatamode         =          1
gr_sanitizeverbosity        =          5
gr_tilesizex                =         32
gr_tilesizey                =         32
gr_tilesizez                =         32
hy_3torder                  =         -1
hydrocomputedtoption        =         -1
iprocs                      =          1
interpol_order              =          2
irenorm                     =          0
jprocs                      =          1
kprocs                      =          1
lrefine_del                 =          0
lrefine_max                 =          6 [CHANGED]
lrefine_min                 =          1
lrefine_min_init            =          1
max_particles_per_blk       =        100
memory_stat_freq            =     100000
meshcopycount               =          1
min_particles_per_blk       =          1
nbegin                      =          1
nblockx                     =         32 [CHANGED]
nblocky                     =         32 [CHANGED]
nblockz                     =         32 [CHANGED]
nend                        =         60 [CHANGED]
nrefs                       =          2
nsteptotalsts               =          5
order                       =          3 [CHANGED]
outputsplitnum              =          1
plotfileintervalstep        =          0
plotfilenumber              =          0
refine_var_count            =          4
rolling_checkpoint          =      10000
sim_centerrefinelevel       =          1
sim_integralslevel          =         -1
sim_nsubzones               =          7
sweeporder                  =        123
transorder                  =          1
wr_integrals_freq           =          1
limitedslopebeta            =                 0.100E+01
cfl                         =                 0.800E+00
checkpointfileintervaltime  =                 0.000E+00 [CHANGED]
checkpointfileintervalz     =                 0.180+309
cvisc                       =                 0.100E+00
derefine_cutoff_1           =                 0.200E+00
derefine_cutoff_2           =                 0.200E+00
derefine_cutoff_3           =                 0.200E+00
derefine_cutoff_4           =                 0.200E+00
dr_dtmincontinue            =                 0.000E+00
dr_tstepslowstartfactor     =                 0.100E+00
dtinit                      =                 0.100E-09
dtmax                       =                 0.100E+06
dtmin                       =                 0.100E-09
eintswitch                  =                 0.100E-03 [CHANGED]
eos_singlespeciesa          =                 0.100E+01
eos_singlespeciesz          =                 0.100E+01
gamma                       =                 0.140E+01 [CHANGED]
gr_btworkchildscaling       =                 0.100E+01
gr_btworkdefaultleaf        =                 0.200E+01
gr_btworkdefaultpar         =                 0.100E+01
gr_btworklbleaf             =                 0.000E+00
gr_btworklbpar              =                 0.000E+00
gr_btworkubleaf             =                 0.100E+07
gr_btworkubpar              =                 0.100E+07
gr_lrefinemaxredlogbase     =                 0.100E+02
gr_lrefinemaxredradiusfact  =                 0.000E+00
gr_lrefinemaxredtref        =                 0.000E+00
gr_lrefinemaxredtimescale   =                 0.100E+01
gr_lrefmaxtime_1            =                -0.100E+01
gr_lrefmaxtime_10           =                -0.100E+01
gr_lrefmaxtime_11           =                -0.100E+01
gr_lrefmaxtime_12           =                -0.100E+01
gr_lrefmaxtime_13           =                -0.100E+01
gr_lrefmaxtime_14           =                -0.100E+01
gr_lrefmaxtime_15           =                -0.100E+01
gr_lrefmaxtime_16           =                -0.100E+01
gr_lrefmaxtime_17           =                -0.100E+01
gr_lrefmaxtime_18           =                -0.100E+01
gr_lrefmaxtime_19           =                -0.100E+01
gr_lrefmaxtime_2            =                -0.100E+01
gr_lrefmaxtime_20           =                -0.100E+01
gr_lrefmaxtime_3            =                -0.100E+01
gr_lrefmaxtime_4            =                -0.100E+01
gr_lrefmaxtime_5            =                -0.100E+01
gr_lrefmaxtime_6            =                -0.100E+01
gr_lrefmaxtime_7            =                -0.100E+01
gr_lrefmaxtime_8            =                -0.100E+01
gr_lrefmaxtime_9            =                -0.100E+01
hy_cflfallbackfactor        =                 0.900E+00
hy_fpresinmomflux           =                 0.100E+01
hybridorderkappa            =                 0.000E+00
nusts                       =                 0.200E+00 [CHANGED]
plotfileintervaltime        =                 0.000E+00 [CHANGED]
plotfileintervalz           =                 0.180+309
radiusgp                    =                 0.200E+01
refine_cutoff_1             =                 0.800E+00
refine_cutoff_2             =                 0.800E+00
refine_cutoff_3             =                 0.800E+00
refine_cutoff_4             =                 0.800E+00
refine_filter_1             =                 0.100E-01
refine_filter_2             =                 0.100E-01
refine_filter_3             =                 0.100E-01
refine_filter_4             =                 0.100E-01
rss_limit                   =                -0.100E+01
sigmagp                     =                 0.300E+01
sim_derefineradius          =                 0.000E+00
sim_earliestlstime          =                 0.000E+00
sim_expenergy               =                 0.100E+01
sim_largestnormradius       =                 0.180+309
sim_latestlstime            =                 0.180+309
sim_minrhoinit              =                 0.100E-19
sim_pambient                =                 0.100E-04
sim_rinit                   =                 0.137E-01 [CHANGED]
sim_rhoambient              =                 0.100E+01
sim_smallestnormradius      =                 0.000E+00
sim_xctr                    =                 0.500E+00
sim_yctr                    =                 0.500E+00
sim_zctr                    =                 0.500E+00
small                       =                 0.100E-09
smalle                      =                 0.100E-09
smallp                      =                 0.100E-09
smallt                      =                 0.100E-09
smallu                      =                 0.100E-09
smallx                      =                 0.100E-09
smlrho                      =                 0.100E-09
tinitial                    =                 0.000E+00
tiny                        =                 0.100E-15
tmax                        =                 0.500E+06 [CHANGED]
tstep_change_factor         =                 0.200E+01
wall_clock_checkpoint       =                 0.432E+05
wall_clock_time_limit       =                 0.605E+06
x_refine_center             =                 0.000E+00
xmax                        =                 0.100E+01
xmin                        =                 0.000E+00
y_refine_center             =                 0.000E+00
ymax                        =                 0.100E+01
ymin                        =                 0.000E+00
zfinal                      =                 0.000E+00
zinitial                    =                -0.100E+01
z_refine_center             =                 0.000E+00
zmax                        =                 0.100E+01
zmin                        =                 0.000E+00
riemannsolver               = Roe                            [CHANGED]
unitsystem                  = none                          
basenm                      = sedov_                         [CHANGED]
entropyfixmethod            = HARTENHYMAN                   
eosmode                     = dens_ie                       
eosmodeinit                 = dens_ie                       
geometry                    = cartesian                     
gr_pmrpoutputdir            = ./                            
grav_boundary_type          = isolated                      
hy_eosmodegc                = see eosMode                   
log_file                    = sedov.log                      [CHANGED]
output_directory            =                               
pc_unitsbase                = CGS                           
plot_grid_var_1             = none                          
plot_grid_var_10            = none                          
plot_grid_var_11            = none                          
plot_grid_var_12            = none                          
plot_grid_var_13            = none                          
plot_grid_var_14            = none                          
plot_grid_var_15            = none                          
plot_grid_var_16            = none                          
plot_grid_var_17            = none                          
plot_grid_var_18            = none                          
plot_grid_var_19            = none                          
plot_grid_var_2             = none                          
plot_grid_var_20            = none                          
plot_grid_var_21            = none                          
plot_grid_var_22            = none                          
plot_grid_var_23            = none                          
plot_grid_var_24            = none                          
plot_grid_var_25            = none                          
plot_grid_var_26            = none                          
plot_grid_var_27            = none                          
plot_grid_var_28            = none                          
plot_grid_var_29            = none                          
plot_grid_var_3             = none                          
plot_grid_var_30            = none                          
plot_grid_var_31            = none                          
plot_grid_var_32            = none                          
plot_grid_var_33            = none                          
plot_grid_var_34            = none                          
plot_grid_var_35            = none                          
plot_grid_var_36            = none                          
plot_grid_var_37            = none                          
plot_grid_var_38            = none                          
plot_grid_var_39            = none                          
plot_grid_var_4             = none                          
plot_grid_var_40            = none                          
plot_grid_var_41            = none                          
plot_grid_var_42            = none                          
plot_grid_var_43            = none                          
plot_grid_var_44            = none                          
plot_grid_var_45            = none                          
plot_grid_var_46            = none                          
plot_grid_var_47            = none                          
plot_grid_var_48            = none                          
plot_grid_var_49            = none                          
plot_grid_var_5             = none                          
plot_grid_var_50            = none                          
plot_grid_var_51            = none                          
plot_grid_var_52            = none                          
plot_grid_var_53            = none                          
plot_grid_var_54            = none                          
plot_grid_var_55            = none                          
plot_grid_var_56            = none                          
plot_grid_var_57            = none                          
plot_grid_var_58            = none                          
plot_grid_var_59            = none                          
plot_grid_var_6             = none                          
plot_grid_var_60            = none                          
plot_grid_var_61            = none                          
plot_grid_var_62            = none                          
plot_grid_var_63            = none                          
plot_grid_var_64            = none                          
plot_grid_var_65            = none                          
plot_grid_var_66            = none                          
plot_grid_var_67            = none                          
plot_grid_var_68            = none                          
plot_grid_var_69            = none                          
plot_grid_var_7             = none                          
plot_grid_var_70            = none                          
plot_grid_var_71            = none                          
plot_grid_var_72            = none                          
plot_grid_var_73            = none                          
plot_grid_var_74            = none                          
plot_grid_var_75            = none                          
plot_grid_var_76            = none                          
plot_grid_var_77            = none                          
plot_grid_var_78            = none                          
plot_grid_var_8             = none                          
plot_grid_var_9             = none                          
plot_var_1                  = dens                           [CHANGED]
plot_var_10                 = none                          
plot_var_11                 = none                          
plot_var_12                 = none                          
plot_var_13                 = none                          
plot_var_14                 = none                          
plot_var_15                 = none                          
plot_var_16                 = none                          
plot_var_17                 = none                          
plot_var_18                 = none                          
plot_var_2                  = pres                           [CHANGED]
plot_var_3                  = temp                           [CHANGED]
plot_var_4                  = none                          
plot_var_5                  = none                          
plot_var_6                  = none                          
plot_var_7                  = none                          
plot_var_8                  = none                          
plot_var_9                  = none                          
prof_file                   = profile.dat                   
refine_var_1                = dens                           [CHANGED]
refine_var_2                = pres                           [CHANGED]
refine_var_3                = none                          
refine_var_4                = none                          
run_comment                 = Sedov explosion                [CHANGED]
run_number                  = 1                             
sim_proffilename            = /dev/null                      [CHANGED]
slopelimiter                = mc                             [CHANGED]
stats_file                  = flashx.dat                    
wenomethod                  = WENO5                         
xl_boundary_type            = outflow                        [CHANGED]
xr_boundary_type            = outflow                        [CHANGED]
yl_boundary_type            = outflow                        [CHANGED]
yr_boundary_type            = outflow                        [CHANGED]
zl_boundary_type            = outflow                        [CHANGED]
zr_boundary_type            = outflow                        [CHANGED]
csvsummaryallprocs          =  F
eosforriemann               =  F
logsummaryallprocs          =  F
addthermalflux              =  T
allowdtstsdominate          =  F
alwayscomputeuservars       =  T
alwaysrestrictcheckpoint    =  T
charlimiting                =  T
chkguardcellsinput          =  F
chkguardcellsoutput         =  F
conserveangmom              =  F
converttoconsvdformeshcalls =  F
converttoconsvdinmeshinterp =  T
corners                     =  F
dr_printtsteploc            =  T
dr_shortenlaststepbeforetmax =  F
drift_tuples                =  F
eachprocwritesownabortlog   =  F
eachprocwritessummary       =  F
earlyblockdistadjustment    =  T
enablemaskedgcfill          =  F
entropy                     =  F
flux_correct                =  T
flux_correct_perlevel       =  F
geometryoverride            =  F
gr_bcenableapplymixedgds    =  T
gr_bndgcfillneedsprimitivevars =  T
gr_btcustomwork             =  F
gr_btexchangework           =  F
gr_btsortbywork             =  T
gr_enabletiling             =  F
gr_lrefinemaxbytime         =  F
gr_lrefinemaxreddobylogr    =  F
gr_lrefinemaxreddobytime    =  F
gr_pmrpadvancealllevels     =  F
gr_pmrpamrerrorchecking     =  F
gr_pmrpcartesianpm          =  F
gr_pmrpconserve             =  F
gr_pmrpconsvfluxdensities   =  T
gr_pmrpconsvfluxes          =  F
gr_pmrpcurvilinear          =  F
gr_pmrpcurvilinearconserve  =  F
gr_pmrpcylindricalpm        =  F
gr_pmrpdiagonals            =  T
gr_pmrpedgevalue            =  T
gr_pmrpedgevalueinteg       =  F
gr_pmrpemptycells           =  F
gr_pmrpforceconsistency     =  T
gr_pmrplsingularline        =  F
gr_pmrpnopermanentguardcells =  F
gr_pmrppolarpm              =  F
gr_pmrppredcorr             =  F
gr_pmrpsphericalpm          =  F
gr_pmrptimingmpi            =  F
gr_pmrptimingmpix           =  F
gr_pmrpvardt                =  F
gr_usetiling                =  F
hy_fallbacklowercfl         =  F
hy_fullspecmsfluxhandling   =  T
hy_usetiling                =  F
ignoreforcedplot            =  F
io_writemscalarintegrals    =  F
plotfilegridquantitydp      =  F
plotfilemetadatadp          =  F
reducegcellfills            =  F
refine_on_particle_count    =  F
restart                     =  F
shockdetect                 =  F
shocklowercfl               =  F
sim_bcsetbdryvar            =  F
sim_forcecenterderefine     =  F
sim_onelevelintegralsonly   =  F
summaryoutputonly           =  F
threadblocklistbuild        =  F
threaddelepblocklist        =  F
threaddelepwithinblock      =  F
threaddriverblocklist       =  F
threaddriverwithinblock     =  F
threadeoswithinblock        =  F
threadhydroblocklist        =  F
threadhydrowithinblock      =  F
threadraytracebuild         =  F
threadwithinblockbuild      =  F
tmr_suppressinparallel      =  F
typematchedxfer             =  T
unbiased_geometry           =  F
updatehydrofluxes           =  T
useburn                     =  F
usecollectivehdf5           =  T
usedeleptonize              =  F
usegravity                  =  F
useheatad                   =  F
useheater                   =  F
usehydro                    =  T
useimbound                  =  F
useincompns                 =  F
useinlet                    =  F
uselegacylabels             =  T
usemultiphase               =  F
useorchestration            =  F
useoutlet                   =  F
useparticles                =  F
useradtrans                 =  F
usests                      =  F
usestsfordiffusion          =  F
usesolidmechanics           =  F
use_3dfullctu               =  T
use_auxeinteqn              =  T
use_avisc                   =  T [CHANGED]
use_cma_advection           =  F
use_cma_flattening          =  F
use_flash_surr_blks_fill    =  T
use_flattening              =  F
use_gravhalfupdate          =  T
use_hybridorder             =  F
use_reduced_orrery          =  T
use_steepening              =  F
use_upwindtvd               =  F
writestatsummary            =  T
                                                                               
 ==============================================================================
                                                                               
 Known units of measurement:
                                                                               
              Unit                          CGS Value                Base Unit
  1                  cm                     1.0000                           cm
  2                   s                     1.0000                            s
  3                   g                     1.0000                            g
  4                   K                     1.0000                            K
  5                 esu                     1.0000                          esu
  6                 mol                     1.0000                          mol
  7                   m                     100.00                           cm
  8                  km                    1.00000E+05                       cm
  9                  pc                    3.08568E+18                       cm
 10                 kpc                    3.08568E+21                       cm
 11                 Mpc                    3.08568E+24                       cm
 12                 Gpc                    3.08568E+27                       cm
 13                Rsun                    6.96000E+10                       cm
 14                  AU                    1.49598E+13                       cm
 15                  yr                    3.15569E+07                        s
 16                 Myr                    3.15569E+13                        s
 17                 Gyr                    3.15569E+16                        s
 18                  kg                     1000.0                            g
 19                Msun                    1.98892E+33                        g
 20                 amu                    1.66054E-24                        g
 21                  eV                     11605.                            K
 22                   C                    2.99792E+09                      esu
 23                LFLY                    3.08568E+24                       cm
 24                TFLY                    2.05759E+17                        s
 25                MFLY                    9.88470E+45                        g
 26            clLength                    3.08568E+24                       cm
 27              clTime                    3.15569E+16                        s
 28              clMass                    1.98892E+48                        g
 29              clTemp                    1.16045E+07                        K
-----------End of Units--------------------
                                                                               
 Known physical constants:
                                                                               
    Constant Name       Constant Value   cm       s        g        K        esu      mol
  1              Newton    6.67408E-08   3.0     -2.0     -1.0      0.0      0.0      0.0    
  2      speed of light    2.99792E+10   1.0     -1.0      0.0      0.0      0.0      0.0    
  3              Planck    6.62607E-27   2.0     -1.0      1.0      0.0      0.0      0.0    
  4     electron charge    4.80320E-10   0.0      0.0      0.0      0.0      1.0      0.0    
  5       electron mass    9.10938E-28   0.0      0.0      1.0      0.0      0.0      0.0    
  6         proton mass    1.67262E-24   0.0      0.0      1.0      0.0      0.0      0.0    
  7      fine-structure    7.29735E-03   0.0      0.0      0.0      0.0      0.0      0.0    
  8            Avogadro    6.02214E+23   0.0      0.0      0.0      0.0      0.0     -1.0    
  9           Boltzmann    1.38065E-16   2.0     -2.0      1.0     -1.0      0.0      0.0    
 10  ideal gas constant    8.31446E+07   2.0     -2.0      1.0     -1.0      0.0     -1.0    
 11                Wien    0.28978       1.0      0.0      0.0      1.0      0.0      0.0    
 12    Stefan-Boltzmann    5.67037E-05   0.0     -3.0      1.0     -4.0      0.0      0.0    
 13  Radiation Constant    7.56572E-15  -1.0     -2.0      1.0     -4.0      0.0      0.0    
 14                  pi     3.1416       0.0      0.0      0.0      0.0      0.0      0.0    
 15                   e     2.7183       0.0      0.0      0.0      0.0      0.0      0.0    
 16               Euler    0.57722       0.0      0.0      0.0      0.0      0.0      0.0    
 ==============================================================================
                                                                               
 Multifluid database: not configured in
                                                                               
 ==============================================================================
 [ 03-04-2025  12:53:28.245 ] [gr_initGeometry] checking BCs for idir: 1
 [ 03-04-2025  12:53:28.245 ] [gr_initGeometry] checking BCs for idir: 2
 [ 03-04-2025  12:53:28.245 ] [gr_initGeometry] checking BCs for idir: 3
 [ 03-04-2025  12:53:30.205 ] [GRID amr_refine_derefine]: initiating refinement
 [ 03-04-2025  12:53:30.206 ] [GRID amr_refine_derefine]: redist. phase.  tot blks requested: 32768
 [GRID amr_refine_derefine] min blks 18    max blks 19    tot blks 32768
 [GRID amr_refine_derefine] min leaf blks 18    max leaf blks 19    tot leaf blks 32768
 [ 03-04-2025  12:53:30.674 ] [GRID amr_refine_derefine]: refinement complete
 [ 03-04-2025  12:53:43.338 ] [GRID gr_expandDomain]: iteration=1, create level=2
 INFO: Grid_fillGuardCells is ignoring masking.
 [ 03-04-2025  12:54:01.114 ] [mpi_amr_comm_setup]: buffer_dim_send=5176573, buffer_dim_recv=3646981
 [ 03-04-2025  12:54:05.107 ] [GRID amr_refine_derefine]: initiating refinement
 [ 03-04-2025  12:54:05.122 ] [GRID amr_refine_derefine]: redist. phase.  tot blks requested: 32832
 [GRID amr_refine_derefine] min blks 18    max blks 19    tot blks 32832
 [GRID amr_refine_derefine] min leaf blks 17    max leaf blks 19    tot leaf blks 32824
 [ 03-04-2025  12:54:05.396 ] [GRID amr_refine_derefine]: refinement complete
 [ 03-04-2025  12:54:05.400 ] [GRID gr_expandDomain]: iteration=2, create level=3
 [ 03-04-2025  12:54:27.185 ] [GRID amr_refine_derefine]: initiating refinement
 [ 03-04-2025  12:54:27.203 ] [GRID amr_refine_derefine]: redist. phase.  tot blks requested: 32896
 [GRID amr_refine_derefine] min blks 18    max blks 20    tot blks 32896
 [GRID amr_refine_derefine] min leaf blks 17    max leaf blks 19    tot leaf blks 32880
 [ 03-04-2025  12:54:27.477 ] [GRID amr_refine_derefine]: refinement complete
 [ 03-04-2025  12:54:27.481 ] [GRID gr_expandDomain]: iteration=3, create level=4
 [ 03-04-2025  12:54:49.411 ] [GRID amr_refine_derefine]: initiating refinement
 [ 03-04-2025  12:54:49.429 ] [GRID amr_refine_derefine]: redist. phase.  tot blks requested: 34304
 [GRID amr_refine_derefine] min blks 19    max blks 22    tot blks 34304
 [GRID amr_refine_derefine] min leaf blks 17    max leaf blks 20    tot leaf blks 34112
 [ 03-04-2025  12:54:49.912 ] [GRID amr_refine_derefine]: refinement complete
 [ 03-04-2025  12:54:49.919 ] [GRID gr_expandDomain]: iteration=4, create level=5
 [ 03-04-2025  12:55:10.012 ] [mpi_amr_comm_setup]: buffer_dim_send=5313661, buffer_dim_recv=4312081
 [ 03-04-2025  12:55:12.742 ] [GRID amr_refine_derefine]: initiating refinement
 [ 03-04-2025  12:55:12.763 ] [GRID amr_refine_derefine]: redist. phase.  tot blks requested: 37312
 [GRID amr_refine_derefine] min blks 20    max blks 24    tot blks 37312
 [GRID amr_refine_derefine] min leaf blks 18    max leaf blks 21    tot leaf blks 36744
 [ 03-04-2025  12:55:13.303 ] [GRID amr_refine_derefine]: refinement complete
 [ 03-04-2025  12:55:13.310 ] [GRID gr_expandDomain]: iteration=5, create level=6
 [ 03-04-2025  12:55:35.454 ] [mpi_amr_comm_setup]: buffer_dim_send=5713933, buffer_dim_recv=4459801
 [ 03-04-2025  12:55:37.687 ] [GRID amr_refine_derefine]: initiating refinement
 [ 03-04-2025  12:55:37.705 ] [GRID amr_refine_derefine]: redist. phase.  tot blks requested: 48768
 [GRID amr_refine_derefine] min blks 26    max blks 30    tot blks 48768
 [GRID amr_refine_derefine] min leaf blks 23    max leaf blks 27    tot leaf blks 46768
 [ 03-04-2025  12:55:38.576 ] [GRID amr_refine_derefine]: refinement complete
 [ 03-04-2025  12:55:38.596 ] [GRID gr_expandDomain]: iteration=6, create level=6
 [ 03-04-2025  12:56:07.079 ] [mpi_amr_comm_setup]: buffer_dim_send=7881145, buffer_dim_recv=5392297
 [ 03-04-2025  12:56:09.533 ] [GRID gr_expandDomain]: iteration=7, create level=6
 [ 03-04-2025  12:56:40.474 ] [GRID gr_expandDomain]: iteration=8, create level=6
 [ 03-04-2025  12:57:09.857 ] memory: /proc vsize    (MB):     4528.07 (min)       4788.08 (max)       4698.83 (avg)
 [ 03-04-2025  12:57:09.857 ] memory: /proc rss      (MB):     1839.85 (min)       1925.53 (max)       1861.23 (avg)
 [ 03-04-2025  12:57:09.858 ] memory: /proc vsize    (MB):     4528.07 (min)       4788.08 (max)       4698.83 (avg)
 [ 03-04-2025  12:57:09.859 ] memory: /proc rss      (MB):     1839.85 (min)       1925.53 (max)       1861.23 (avg)
 [ 03-04-2025  12:57:09.905 ] memory: /proc vsize    (MB):     4528.07 (min)       4788.08 (max)       4698.83 (avg)
 [ 03-04-2025  12:57:09.905 ] memory: /proc rss      (MB):     1839.85 (min)       1925.53 (max)       1861.23 (avg)
 [ 03-04-2025  12:57:16.613 ] [IO_writeCheckpoint] open: type=checkpoint name=sedov_hdf5_chk_0000
 [ 03-04-2025  12:57:55.461 ] [io_writeData]: wrote   48768          blocks
 [ 03-04-2025  12:57:55.564 ] [IO_writeCheckpoint] close: type=checkpoint name=sedov_hdf5_chk_0000
 [ 03-04-2025  12:57:55.706 ] [IO_writePlotfile] open: type=plotfile name=sedov_hdf5_plt_cnt_0000
 [ 03-04-2025  12:58:00.935 ] [io_writeData]: wrote   48768          blocks
 [ 03-04-2025  12:58:00.946 ] [IO_writePlotfile] close: type=plotfile name=sedov_hdf5_plt_cnt_0000
 [ 03-04-2025  12:58:00.949 ] memory: /proc vsize    (MB):     4545.66 (min)       5023.32 (max)       4718.70 (avg)
 [ 03-04-2025  12:58:00.951 ] memory: /proc rss      (MB):     1846.73 (min)       1935.11 (max)       1871.67 (avg)
 [ 03-04-2025  12:58:00.954 ] [Driver_evolveAll]: Entering evolution loop
 [ 03-04-2025  12:58:00.957 ] step: n=1 t=0.000000E+00 dt=1.000000E-10
 [ 03-04-2025  12:58:10.906 ] step: n=2 t=1.000000E-10 dt=2.000000E-10
 [ 03-04-2025  12:58:27.323 ] step: n=3 t=3.000000E-10 dt=4.000000E-10
 [ 03-04-2025  12:58:37.176 ] step: n=4 t=7.000000E-10 dt=8.000000E-10
 [ 03-04-2025  12:58:53.537 ] step: n=5 t=1.500000E-09 dt=1.600000E-09
 [ 03-04-2025  12:59:03.430 ] step: n=6 t=3.100000E-09 dt=3.200000E-09
 [ 03-04-2025  12:59:19.798 ] step: n=7 t=6.300000E-09 dt=6.400000E-09
 [ 03-04-2025  12:59:29.728 ] step: n=8 t=1.270000E-08 dt=1.280000E-08
 [ 03-04-2025  12:59:46.169 ] step: n=9 t=2.550000E-08 dt=2.560000E-08
 [ 03-04-2025  12:59:56.053 ] step: n=10 t=5.110000E-08 dt=5.120000E-08
 [ 03-04-2025  13:00:19.676 ] [IO_writeCheckpoint] open: type=checkpoint name=sedov_hdf5_chk_0001
 [ 03-04-2025  13:00:54.865 ] [io_writeData]: wrote   48768          blocks
 [ 03-04-2025  13:00:54.873 ] [IO_writeCheckpoint] close: type=checkpoint name=sedov_hdf5_chk_0001
 [ 03-04-2025  13:00:54.874 ] step: n=11 t=1.023000E-07 dt=1.024000E-07
 [ 03-04-2025  13:01:04.744 ] step: n=12 t=2.047000E-07 dt=9.937542E-08
 [ 03-04-2025  13:01:21.144 ] step: n=13 t=3.040754E-07 dt=9.615282E-08
 [ 03-04-2025  13:01:31.137 ] step: n=14 t=4.002282E-07 dt=9.325600E-08
 [ 03-04-2025  13:01:47.567 ] step: n=15 t=4.934842E-07 dt=9.058955E-08
 [ 03-04-2025  13:01:57.481 ] step: n=16 t=5.840738E-07 dt=8.822195E-08
 [ 03-04-2025  13:02:13.899 ] step: n=17 t=6.722957E-07 dt=8.592743E-08
 [ 03-04-2025  13:02:23.797 ] step: n=18 t=7.582232E-07 dt=8.368672E-08
 [ 03-04-2025  13:02:40.256 ] step: n=19 t=8.419099E-07 dt=8.162257E-08
 [ 03-04-2025  13:02:50.225 ] step: n=20 t=9.235325E-07 dt=7.981691E-08
 [ 03-04-2025  13:03:13.935 ] [IO_writeCheckpoint] open: type=checkpoint name=sedov_hdf5_chk_0002
 [ 03-04-2025  13:03:25.032 ] [io_writeData]: wrote   48768          blocks
 [ 03-04-2025  13:03:25.128 ] [IO_writeCheckpoint] close: type=checkpoint name=sedov_hdf5_chk_0002
 [ 03-04-2025  13:03:25.129 ] step: n=21 t=1.003349E-06 dt=7.822053E-08
 [ 03-04-2025  13:03:35.029 ] step: n=22 t=1.081570E-06 dt=7.684528E-08
 [ 03-04-2025  13:03:51.460 ] step: n=23 t=1.158415E-06 dt=7.555985E-08
 [ 03-04-2025  13:04:01.362 ] step: n=24 t=1.233975E-06 dt=7.447396E-08
 [ 03-04-2025  13:04:17.645 ] [GRID amr_refine_derefine]: initiating refinement
 [ 03-04-2025  13:04:17.658 ] [GRID amr_refine_derefine]: redist. phase.  tot blks requested: 49152
 [GRID amr_refine_derefine] min blks 26    max blks 30    tot blks 49152
 [GRID amr_refine_derefine] min leaf blks 24    max leaf blks 27    tot leaf blks 47104
 [ 03-04-2025  13:04:18.312 ] [GRID amr_refine_derefine]: refinement complete
 [ 03-04-2025  13:04:18.913 ] step: n=25 t=1.308449E-06 dt=7.359418E-08
 [ 03-04-2025  13:04:18.913 ] [mpi_amr_comm_setup]: buffer_dim_send=7863733, buffer_dim_recv=5392297
 [ 03-04-2025  13:04:28.830 ] step: n=26 t=1.382043E-06 dt=7.289860E-08
 [ 03-04-2025  13:04:45.158 ] step: n=27 t=1.454942E-06 dt=7.238261E-08
 [ 03-04-2025  13:04:55.145 ] step: n=28 t=1.527324E-06 dt=7.195505E-08
 [ 03-04-2025  13:05:11.530 ] step: n=29 t=1.599279E-06 dt=7.160819E-08
 [ 03-04-2025  13:05:21.459 ] step: n=30 t=1.670888E-06 dt=7.137201E-08
 [ 03-04-2025  13:05:45.071 ] [IO_writeCheckpoint] open: type=checkpoint name=sedov_hdf5_chk_0003
 [ 03-04-2025  13:05:55.992 ] [io_writeData]: wrote   49152          blocks
 [ 03-04-2025  13:05:55.998 ] [IO_writeCheckpoint] close: type=checkpoint name=sedov_hdf5_chk_0003
 [ 03-04-2025  13:05:56.000 ] step: n=31 t=1.742260E-06 dt=7.124494E-08
 [ 03-04-2025  13:06:05.894 ] step: n=32 t=1.813505E-06 dt=7.119740E-08
 [ 03-04-2025  13:06:22.265 ] step: n=33 t=1.884702E-06 dt=7.120661E-08
 [ 03-04-2025  13:06:32.194 ] step: n=34 t=1.955909E-06 dt=7.122364E-08
 [ 03-04-2025  13:06:48.526 ] step: n=35 t=2.027132E-06 dt=7.124414E-08
 [ 03-04-2025  13:06:58.452 ] step: n=36 t=2.098376E-06 dt=7.127462E-08
 [ 03-04-2025  13:07:14.772 ] [GRID amr_refine_derefine]: initiating refinement
 [ 03-04-2025  13:07:14.785 ] [GRID amr_refine_derefine]: redist. phase.  tot blks requested: 49920
 [GRID amr_refine_derefine] min blks 27    max blks 31    tot blks 49920
 [GRID amr_refine_derefine] min leaf blks 24    max leaf blks 28    tot leaf blks 47776
 [ 03-04-2025  13:07:15.458 ] [GRID amr_refine_derefine]: refinement complete
 [ 03-04-2025  13:07:16.030 ] step: n=37 t=2.169651E-06 dt=7.132802E-08
 [ 03-04-2025  13:07:16.030 ] [mpi_amr_comm_setup]: buffer_dim_send=7338289, buffer_dim_recv=5392297
 [ 03-04-2025  13:07:26.022 ] step: n=38 t=2.240979E-06 dt=7.141305E-08
 [ 03-04-2025  13:07:42.621 ] step: n=39 t=2.312392E-06 dt=7.142860E-08
 [ 03-04-2025  13:07:52.615 ] step: n=40 t=2.383821E-06 dt=7.142437E-08
 [ 03-04-2025  13:08:16.654 ] [IO_writeCheckpoint] open: type=checkpoint name=sedov_hdf5_chk_0004
 [ 03-04-2025  13:08:27.624 ] [io_writeData]: wrote   49920          blocks
 [ 03-04-2025  13:08:27.628 ] [IO_writeCheckpoint] close: type=checkpoint name=sedov_hdf5_chk_0004
 [ 03-04-2025  13:08:27.630 ] step: n=41 t=2.455245E-06 dt=7.141417E-08
 [ 03-04-2025  13:08:37.645 ] step: n=42 t=2.526659E-06 dt=7.140932E-08
 [ 03-04-2025  13:08:54.239 ] step: n=43 t=2.598068E-06 dt=7.141878E-08
 [ 03-04-2025  13:09:04.238 ] step: n=44 t=2.669487E-06 dt=7.142363E-08
 [ 03-04-2025  13:09:20.859 ] step: n=45 t=2.740911E-06 dt=7.140413E-08
 [ 03-04-2025  13:09:30.867 ] step: n=46 t=2.812315E-06 dt=7.140388E-08
 [ 03-04-2025  13:09:47.351 ] [GRID amr_refine_derefine]: initiating refinement
 [ 03-04-2025  13:09:47.362 ] [GRID amr_refine_derefine]: redist. phase.  tot blks requested: 50304
 [GRID amr_refine_derefine] min blks 27    max blks 31    tot blks 50304
 [GRID amr_refine_derefine] min leaf blks 24    max leaf blks 28    tot leaf blks 48112
 [ 03-04-2025  13:09:48.046 ] [GRID amr_refine_derefine]: refinement complete
 [ 03-04-2025  13:09:48.537 ] step: n=47 t=2.883719E-06 dt=7.140292E-08
 [ 03-04-2025  13:09:48.537 ] [mpi_amr_comm_setup]: buffer_dim_send=7910833, buffer_dim_recv=5392297
 [ 03-04-2025  13:09:58.628 ] step: n=48 t=2.955122E-06 dt=7.140606E-08
 [ 03-04-2025  13:10:15.145 ] [GRID amr_refine_derefine]: initiating refinement
 [ 03-04-2025  13:10:15.162 ] [GRID amr_refine_derefine]: redist. phase.  tot blks requested: 50496
 [GRID amr_refine_derefine] min blks 27    max blks 31    tot blks 50496
 [GRID amr_refine_derefine] min leaf blks 24    max leaf blks 28    tot leaf blks 48280
 [ 03-04-2025  13:10:15.637 ] [GRID amr_refine_derefine]: refinement complete
 [ 03-04-2025  13:10:16.112 ] step: n=49 t=3.026528E-06 dt=7.141819E-08
 [ 03-04-2025  13:10:16.112 ] [mpi_amr_comm_setup]: buffer_dim_send=6484429, buffer_dim_recv=4958125
 [ 03-04-2025  13:10:26.278 ] step: n=50 t=3.097946E-06 dt=7.145160E-08
 [ 03-04-2025  13:10:42.978 ] [GRID amr_refine_derefine]: initiating refinement
 [ 03-04-2025  13:10:42.997 ] [GRID amr_refine_derefine]: redist. phase.  tot blks requested: 50688
 [GRID amr_refine_derefine] min blks 27    max blks 31    tot blks 50688
 [GRID amr_refine_derefine] min leaf blks 24    max leaf blks 28    tot leaf blks 48448
 [ 03-04-2025  13:10:43.422 ] [GRID amr_refine_derefine]: refinement complete
 [ 03-04-2025  13:10:51.425 ] [IO_writeCheckpoint] open: type=checkpoint name=sedov_hdf5_chk_0005
 [ 03-04-2025  13:11:02.854 ] [io_writeData]: wrote   50688          blocks
 [ 03-04-2025  13:11:02.859 ] [IO_writeCheckpoint] close: type=checkpoint name=sedov_hdf5_chk_0005
 [ 03-04-2025  13:11:02.860 ] step: n=51 t=3.169398E-06 dt=7.144310E-08
 [ 03-04-2025  13:11:13.234 ] step: n=52 t=3.240841E-06 dt=7.143606E-08
 [ 03-04-2025  13:11:30.228 ] step: n=53 t=3.312277E-06 dt=7.143079E-08
 [ 03-04-2025  13:11:40.541 ] step: n=54 t=3.383708E-06 dt=7.142810E-08
 [ 03-04-2025  13:11:57.513 ] step: n=55 t=3.455136E-06 dt=7.143310E-08
 [ 03-04-2025  13:12:07.841 ] step: n=56 t=3.526569E-06 dt=7.144995E-08
 [ 03-04-2025  13:12:24.815 ] step: n=57 t=3.598019E-06 dt=7.144585E-08
 [ 03-04-2025  13:12:35.125 ] step: n=58 t=3.669465E-06 dt=7.143776E-08
 [ 03-04-2025  13:12:52.093 ] step: n=59 t=3.740902E-06 dt=7.143330E-08
 [ 03-04-2025  13:13:02.407 ] step: n=60 t=3.812336E-06 dt=7.143015E-08
 [ 03-04-2025  13:13:26.862 ] [IO_writeCheckpoint] open: type=checkpoint name=sedov_hdf5_chk_0006
 [ 03-04-2025  13:13:38.436 ] [io_writeData]: wrote   50688          blocks
 [ 03-04-2025  13:13:38.443 ] [IO_writeCheckpoint] close: type=checkpoint name=sedov_hdf5_chk_0006
 [ 03-04-2025  13:13:38.445 ] [Driver_evolveAll]: Exiting evolution loop
 [ 03-04-2025  13:13:38.610 ] [IO_writePlotfile] open: type=plotfile name=sedov_forced_hdf5_plt_cnt_0000
 [ 03-04-2025  13:13:45.263 ] [io_writeData]: wrote   50688          blocks
 [ 03-04-2025  13:13:45.457 ] [IO_writePlotfile] close: type=plotfile name=sedov_forced_hdf5_plt_cnt_0000
 [ 03-04-2025  13:13:45.528 ] memory: /proc vsize    (MB):     4636.86 (min)       5048.14 (max)       4781.53 (avg)
 [ 03-04-2025  13:13:45.578 ] memory: /proc rss      (MB):     2073.45 (min)       2221.45 (max)       2117.56 (avg)
 ==============================================================================
 perf_summary: code performance summary for process            0
                      beginning : 03-04-2025  12:53:28
                         ending : 03-04-2025  13:13:45
   seconds in monitoring period :             1217.385
      number of evolution steps :                   60
 ------------------------------------------------------------------------------
 accounting unit                       time sec  num calls   secs avg  time pct
 ------------------------------------------------------------------------------
 initialization                        272.710      1         272.710    22.401
  eos                                    0.637      8           0.080     0.052
  guardcell internal                    10.715      7           1.531     0.880
   amr_guardcell                        10.114      7           1.445     0.831
   eos gc                                0.000      7           0.000     0.000
  writeCheckpoint                       45.614      1          45.614     3.747
   restrictAll                           6.282      1           6.282     0.516
  writePlotfile                          5.381      1           5.381     0.442
 writePlotfile                           6.991      1           6.991     0.574
 evolution                             937.488      1         937.488    77.008
  Hydro                                459.728     60           7.662    37.764
   Head                                 96.937     60           1.616     7.963
    guardcell internal                  96.936     60           1.616     7.963
     amr_guardcell                      89.210     60           1.487     7.328
     eos gc                              0.003     60           0.000     0.000
   compute fluxes                      346.263     60           5.771    28.443
    hy_computeFluxes                   346.259   1632           0.212    28.443
     RiemannState                      298.505   1632           0.183    24.520
     getFaceFlux                        47.372   1632           0.029     3.891
   conserveFluxes                        0.138     60           0.002     0.011
   update solution                      16.247     60           0.271     1.335
    update solution body                16.243   1632           0.010     1.334
     unsplitUpdate                       6.024   1632           0.004     0.495
  sourceTerms                            0.000     60           0.000     0.000
  Particles_advance                      0.000     60           0.000     0.000
  Gravity potential                      0.000     60           0.000     0.000
  IO_output                            273.498    120           2.279    22.466
   diagnostics                         138.099    120           1.151    11.344
   checkpointing                       135.351      6          22.558    11.118
    writeCheckpoint                    135.349      6          22.558    11.118
     restrictAll                        38.850      6           6.475     3.191
  Grid_updateRefinement                201.727     60           3.362    16.571
   eos                                   0.958      5           0.192     0.079
   tree                                200.769     60           3.346    16.492
    markRefineDerefine                  56.014     30           1.867     4.601
     guardcell internal                 48.595     30           1.620     3.992
      amr_guardcell                     44.703     30           1.490     3.672
      eos gc                             0.001     30           0.000     0.000
    amr_refine_derefine                141.492     30           4.716    11.623
    updateData                           0.001     30           0.000     0.000
   updateParticleRefinement              0.000      5           0.000     0.000
  Driver_computeDt                       2.487     60           0.041     0.204
 ==============================================================================
 [ 03-04-2025  13:13:45.728 ] [Timers_getSummary]: Not writing timer max/min/avg values because not all processors had same timers
 [ 03-04-2025  13:13:45.773 ] LOGFILE_END: FLASH run complete.
 FLASH log file:  03-04-2025  13:14:04.691    Run number:  1
 ==============================================================================
 Number of MPI tasks:               1792
 MPI version:                          3
 MPI subversion:                       1
 Dimensionality:                       3
 Max Number of Blocks/Proc:          200
 Number x zones:                      32
 Number y zones:                      32
 Number z zones:                      32
 Setup stamp:     Fri Nov 1 14:03:57 2024
 Build stamp:     Fri Nov 1 14:04:23 2024
 System info:     Linux corona211 4.18.0-553.22.1.1toss.t4.x86_64 #1 SMP Tue Sep 24 16:50:00 PDT 2
 Version:         Flash-X 1.0 (heads/main-0-g6040ba49-dirty)                                      
 Build directory: /usr/workspace/ather1/Flash-X/sedov
 Setup syntax:    /usr/workspace/ather1/Flash-X/bin/setup.py Sedov -auto -3d -nxb=32 -nyb=32 -nzb=32 +parallelio -objdir=/usr/workspace/ather1/Flash-X/sedov
 f compiler flags: mpif90 -ggdb -c -O2 -fdefault-real-8 -fdefault-double-8 -Wuninitialized -fallow-argument-mismatch -fallow-argument-mismatch -DMAXBLOCKS=200 -DNXB=32 -DNYB=32 -DNZB=32 -DN_DIM=3
 c compiler flags:    mpicc -I/p/lustre2/ather1/hdf5-1.14.4-3/install/include -DH5_USE_18_API -ggdb -c -O2 -Wuninitialized -D_FORTIFY_SOURCE=2 -DMAXBLOCKS=200 -DNXB=32 -DNYB=32 -DNZB=32 -DN_DIM=3
 ==============================================================================
 Comment:  Sedov explosion
 ==============================================================================
 FLASH Units used:
   Driver/DriverMain/Unsplit
   Grid/GridBoundaryConditions
   Grid/GridMain/AMR/Paramesh4/PM4_package/flash_avoid_orrery
   Grid/GridMain/AMR/Paramesh4/PM4_package/headers
   Grid/GridMain/AMR/Paramesh4/PM4_package/source
   Grid/GridMain/AMR/Paramesh4/PM4_package/utilities/multigrid
   Grid/GridMain/AMR/Paramesh4/interpolation/prolong
   Grid/GridMain/AMR/Paramesh4/levelFlux
   Grid/localAPI
   IO/IOMain/hdf5/parallel/PM
   IO/localAPI
   PhysicalConstants/PhysicalConstantsMain
   RuntimeParameters/RuntimeParametersMain
   Simulation/SimulationMain/Sedov
   TimeAdvance/TimeAdvanceMain/StrangSplit
   flashUtilities/contiguousConversion
   flashUtilities/general
   flashUtilities/interpolation/oneDim
   flashUtilities/nameValueLL
   flashUtilities/sorting/quicksort
   flashUtilities/system/memoryUsage/legacy
   monitors/Logfile/LogfileMain
   monitors/Timers/TimersMain/MPINative
   physics/Eos/EosMain/Gamma
   physics/Hydro/HydroMain/unsplit/OnlyHydro
   physics/Hydro/HydroMain/unsplit/levelFlux
   physics/Hydro/localAPI
 ==============================================================================
 RuntimeParameters:
                                                                               
 ==============================================================================
bndpriorityone              =          1
bndprioritythree            =          3
bndprioritytwo              =          2
checkpointfileintervalstep  =         10 [CHANGED]
checkpointfilenumber        =          0
dr_abortpause               =          2
dr_dtminbelowaction         =          1
drift_break_inst            =          0
drift_trunc_mantissa        =          2
drift_verbose_inst          =          0
eos_entrelescalechoice      =          6
eos_loglevel                =        700
fileformatversion           =          9
forcedplotfilenumber        =          0
gr_lrefmaxtimevalue_1       =         -1
gr_lrefmaxtimevalue_10      =         -1
gr_lrefmaxtimevalue_11      =         -1
gr_lrefmaxtimevalue_12      =         -1
gr_lrefmaxtimevalue_13      =         -1
gr_lrefmaxtimevalue_14      =         -1
gr_lrefmaxtimevalue_15      =         -1
gr_lrefmaxtimevalue_16      =         -1
gr_lrefmaxtimevalue_17      =         -1
gr_lrefmaxtimevalue_18      =         -1
gr_lrefmaxtimevalue_19      =         -1
gr_lrefmaxtimevalue_2       =         -1
gr_lrefmaxtimevalue_20      =         -1
gr_lrefmaxtimevalue_3       =         -1
gr_lrefmaxtimevalue_4       =         -1
gr_lrefmaxtimevalue_5       =         -1
gr_lrefmaxtimevalue_6       =         -1
gr_lrefmaxtimevalue_7       =         -1
gr_lrefmaxtimevalue_8       =         -1
gr_lrefmaxtimevalue_9       =         -1
gr_pmrpdivergencefree       =         -1
gr_pmrpifaceoff             =          0
gr_pmrpl2p5d                =          0
gr_pmrpmaxblocks            =         -1
gr_pmrpmflags               =          1
gr_pmrpnboundaries          =          6
gr_pmrpndim                 =          3
gr_pmrpnedgevar1            =         -1
gr_pmrpnfacevar             =         -1
gr_pmrpnfielddivf           =         -1
gr_pmrpnfluxvar             =         -1
gr_pmrpnguard               =         -1
gr_pmrpnguardwork           =         -1
gr_pmrpnvar                 =         -1
gr_pmrpnvarwork             =          1
gr_pmrpnvarcorn             =          0
gr_pmrpnvaredge             =          0
gr_pmrpnxb                  =         -1
gr_pmrpnyb                  =         -1
gr_pmrpnzb                  =         -1
gr_restrictallmethod        =          3
gr_sanitizedatamode         =          1
gr_sanitizeverbosity        =          5
gr_tilesizex                =         32
gr_tilesizey                =         32
gr_tilesizez                =         32
hy_3torder                  =         -1
hydrocomputedtoption        =         -1
iprocs                      =          1
interpol_order              =          2
irenorm                     =          0
jprocs                      =          1
kprocs                      =          1
lrefine_del                 =          0
lrefine_max                 =          6 [CHANGED]
lrefine_min                 =          1
lrefine_min_init            =          1
max_particles_per_blk       =        100
memory_stat_freq            =     100000
meshcopycount               =          1
min_particles_per_blk       =          1
nbegin                      =          1
nblockx                     =         32 [CHANGED]
nblocky                     =         32 [CHANGED]
nblockz                     =         32 [CHANGED]
nend                        =         60 [CHANGED]
nrefs                       =          2
nsteptotalsts               =          5
order                       =          3 [CHANGED]
outputsplitnum              =          1
plotfileintervalstep        =          0
plotfilenumber              =          0
refine_var_count            =          4
rolling_checkpoint          =      10000
sim_centerrefinelevel       =          1
sim_integralslevel          =         -1
sim_nsubzones               =          7
sweeporder                  =        123
transorder                  =          1
wr_integrals_freq           =          1
limitedslopebeta            =                 0.100E+01
cfl                         =                 0.800E+00
checkpointfileintervaltime  =                 0.000E+00 [CHANGED]
checkpointfileintervalz     =                 0.180+309
cvisc                       =                 0.100E+00
derefine_cutoff_1           =                 0.200E+00
derefine_cutoff_2           =                 0.200E+00
derefine_cutoff_3           =                 0.200E+00
derefine_cutoff_4           =                 0.200E+00
dr_dtmincontinue            =                 0.000E+00
dr_tstepslowstartfactor     =                 0.100E+00
dtinit                      =                 0.100E-09
dtmax                       =                 0.100E+06
dtmin                       =                 0.100E-09
eintswitch                  =                 0.100E-03 [CHANGED]
eos_singlespeciesa          =                 0.100E+01
eos_singlespeciesz          =                 0.100E+01
gamma                       =                 0.140E+01 [CHANGED]
gr_btworkchildscaling       =                 0.100E+01
gr_btworkdefaultleaf        =                 0.200E+01
gr_btworkdefaultpar         =                 0.100E+01
gr_btworklbleaf             =                 0.000E+00
gr_btworklbpar              =                 0.000E+00
gr_btworkubleaf             =                 0.100E+07
gr_btworkubpar              =                 0.100E+07
gr_lrefinemaxredlogbase     =                 0.100E+02
gr_lrefinemaxredradiusfact  =                 0.000E+00
gr_lrefinemaxredtref        =                 0.000E+00
gr_lrefinemaxredtimescale   =                 0.100E+01
gr_lrefmaxtime_1            =                -0.100E+01
gr_lrefmaxtime_10           =                -0.100E+01
gr_lrefmaxtime_11           =                -0.100E+01
gr_lrefmaxtime_12           =                -0.100E+01
gr_lrefmaxtime_13           =                -0.100E+01
gr_lrefmaxtime_14           =                -0.100E+01
gr_lrefmaxtime_15           =                -0.100E+01
gr_lrefmaxtime_16           =                -0.100E+01
gr_lrefmaxtime_17           =                -0.100E+01
gr_lrefmaxtime_18           =                -0.100E+01
gr_lrefmaxtime_19           =                -0.100E+01
gr_lrefmaxtime_2            =                -0.100E+01
gr_lrefmaxtime_20           =                -0.100E+01
gr_lrefmaxtime_3            =                -0.100E+01
gr_lrefmaxtime_4            =                -0.100E+01
gr_lrefmaxtime_5            =                -0.100E+01
gr_lrefmaxtime_6            =                -0.100E+01
gr_lrefmaxtime_7            =                -0.100E+01
gr_lrefmaxtime_8            =                -0.100E+01
gr_lrefmaxtime_9            =                -0.100E+01
hy_cflfallbackfactor        =                 0.900E+00
hy_fpresinmomflux           =                 0.100E+01
hybridorderkappa            =                 0.000E+00
nusts                       =                 0.200E+00 [CHANGED]
plotfileintervaltime        =                 0.000E+00 [CHANGED]
plotfileintervalz           =                 0.180+309
radiusgp                    =                 0.200E+01
refine_cutoff_1             =                 0.800E+00
refine_cutoff_2             =                 0.800E+00
refine_cutoff_3             =                 0.800E+00
refine_cutoff_4             =                 0.800E+00
refine_filter_1             =                 0.100E-01
refine_filter_2             =                 0.100E-01
refine_filter_3             =                 0.100E-01
refine_filter_4             =                 0.100E-01
rss_limit                   =                -0.100E+01
sigmagp                     =                 0.300E+01
sim_derefineradius          =                 0.000E+00
sim_earliestlstime          =                 0.000E+00
sim_expenergy               =                 0.100E+01
sim_largestnormradius       =                 0.180+309
sim_latestlstime            =                 0.180+309
sim_minrhoinit              =                 0.100E-19
sim_pambient                =                 0.100E-04
sim_rinit                   =                 0.137E-01 [CHANGED]
sim_rhoambient              =                 0.100E+01
sim_smallestnormradius      =                 0.000E+00
sim_xctr                    =                 0.500E+00
sim_yctr                    =                 0.500E+00
sim_zctr                    =                 0.500E+00
small                       =                 0.100E-09
smalle                      =                 0.100E-09
smallp                      =                 0.100E-09
smallt                      =                 0.100E-09
smallu                      =                 0.100E-09
smallx                      =                 0.100E-09
smlrho                      =                 0.100E-09
tinitial                    =                 0.000E+00
tiny                        =                 0.100E-15
tmax                        =                 0.500E+06 [CHANGED]
tstep_change_factor         =                 0.200E+01
wall_clock_checkpoint       =                 0.432E+05
wall_clock_time_limit       =                 0.605E+06
x_refine_center             =                 0.000E+00
xmax                        =                 0.100E+01
xmin                        =                 0.000E+00
y_refine_center             =                 0.000E+00
ymax                        =                 0.100E+01
ymin                        =                 0.000E+00
zfinal                      =                 0.000E+00
zinitial                    =                -0.100E+01
z_refine_center             =                 0.000E+00
zmax                        =                 0.100E+01
zmin                        =                 0.000E+00
riemannsolver               = Roe                            [CHANGED]
unitsystem                  = none                          
basenm                      = sedov_                         [CHANGED]
entropyfixmethod            = HARTENHYMAN                   
eosmode                     = dens_ie                       
eosmodeinit                 = dens_ie                       
geometry                    = cartesian                     
gr_pmrpoutputdir            = ./                            
grav_boundary_type          = isolated                      
hy_eosmodegc                = see eosMode                   
log_file                    = sedov.log                      [CHANGED]
output_directory            =                               
pc_unitsbase                = CGS                           
plot_grid_var_1             = none                          
plot_grid_var_10            = none                          
plot_grid_var_11            = none                          
plot_grid_var_12            = none                          
plot_grid_var_13            = none                          
plot_grid_var_14            = none                          
plot_grid_var_15            = none                          
plot_grid_var_16            = none                          
plot_grid_var_17            = none                          
plot_grid_var_18            = none                          
plot_grid_var_19            = none                          
plot_grid_var_2             = none                          
plot_grid_var_20            = none                          
plot_grid_var_21            = none                          
plot_grid_var_22            = none                          
plot_grid_var_23            = none                          
plot_grid_var_24            = none                          
plot_grid_var_25            = none                          
plot_grid_var_26            = none                          
plot_grid_var_27            = none                          
plot_grid_var_28            = none                          
plot_grid_var_29            = none                          
plot_grid_var_3             = none                          
plot_grid_var_30            = none                          
plot_grid_var_31            = none                          
plot_grid_var_32            = none                          
plot_grid_var_33            = none                          
plot_grid_var_34            = none                          
plot_grid_var_35            = none                          
plot_grid_var_36            = none                          
plot_grid_var_37            = none                          
plot_grid_var_38            = none                          
plot_grid_var_39            = none                          
plot_grid_var_4             = none                          
plot_grid_var_40            = none                          
plot_grid_var_41            = none                          
plot_grid_var_42            = none                          
plot_grid_var_43            = none                          
plot_grid_var_44            = none                          
plot_grid_var_45            = none                          
plot_grid_var_46            = none                          
plot_grid_var_47            = none                          
plot_grid_var_48            = none                          
plot_grid_var_49            = none                          
plot_grid_var_5             = none                          
plot_grid_var_50            = none                          
plot_grid_var_51            = none                          
plot_grid_var_52            = none                          
plot_grid_var_53            = none                          
plot_grid_var_54            = none                          
plot_grid_var_55            = none                          
plot_grid_var_56            = none                          
plot_grid_var_57            = none                          
plot_grid_var_58            = none                          
plot_grid_var_59            = none                          
plot_grid_var_6             = none                          
plot_grid_var_60            = none                          
plot_grid_var_61            = none                          
plot_grid_var_62            = none                          
plot_grid_var_63            = none                          
plot_grid_var_64            = none                          
plot_grid_var_65            = none                          
plot_grid_var_66            = none                          
plot_grid_var_67            = none                          
plot_grid_var_68            = none                          
plot_grid_var_69            = none                          
plot_grid_var_7             = none                          
plot_grid_var_70            = none                          
plot_grid_var_71            = none                          
plot_grid_var_72            = none                          
plot_grid_var_73            = none                          
plot_grid_var_74            = none                          
plot_grid_var_75            = none                          
plot_grid_var_76            = none                          
plot_grid_var_77            = none                          
plot_grid_var_78            = none                          
plot_grid_var_8             = none                          
plot_grid_var_9             = none                          
plot_var_1                  = dens                           [CHANGED]
plot_var_10                 = none                          
plot_var_11                 = none                          
plot_var_12                 = none                          
plot_var_13                 = none                          
plot_var_14                 = none                          
plot_var_15                 = none                          
plot_var_16                 = none                          
plot_var_17                 = none                          
plot_var_18                 = none                          
plot_var_2                  = pres                           [CHANGED]
plot_var_3                  = temp                           [CHANGED]
plot_var_4                  = none                          
plot_var_5                  = none                          
plot_var_6                  = none                          
plot_var_7                  = none                          
plot_var_8                  = none                          
plot_var_9                  = none                          
prof_file                   = profile.dat                   
refine_var_1                = dens                           [CHANGED]
refine_var_2                = pres                           [CHANGED]
refine_var_3                = none                          
refine_var_4                = none                          
run_comment                 = Sedov explosion                [CHANGED]
run_number                  = 1                             
sim_proffilename            = /dev/null                      [CHANGED]
slopelimiter                = mc                             [CHANGED]
stats_file                  = flashx.dat                    
wenomethod                  = WENO5                         
xl_boundary_type            = outflow                        [CHANGED]
xr_boundary_type            = outflow                        [CHANGED]
yl_boundary_type            = outflow                        [CHANGED]
yr_boundary_type            = outflow                        [CHANGED]
zl_boundary_type            = outflow                        [CHANGED]
zr_boundary_type            = outflow                        [CHANGED]
csvsummaryallprocs          =  F
eosforriemann               =  F
logsummaryallprocs          =  F
addthermalflux              =  T
allowdtstsdominate          =  F
alwayscomputeuservars       =  T
alwaysrestrictcheckpoint    =  T
charlimiting                =  T
chkguardcellsinput          =  F
chkguardcellsoutput         =  F
conserveangmom              =  F
converttoconsvdformeshcalls =  F
converttoconsvdinmeshinterp =  T
corners                     =  F
dr_printtsteploc            =  T
dr_shortenlaststepbeforetmax =  F
drift_tuples                =  F
eachprocwritesownabortlog   =  F
eachprocwritessummary       =  F
earlyblockdistadjustment    =  T
enablemaskedgcfill          =  F
entropy                     =  F
flux_correct                =  T
flux_correct_perlevel       =  F
geometryoverride            =  F
gr_bcenableapplymixedgds    =  T
gr_bndgcfillneedsprimitivevars =  T
gr_btcustomwork             =  F
gr_btexchangework           =  F
gr_btsortbywork             =  T
gr_enabletiling             =  F
gr_lrefinemaxbytime         =  F
gr_lrefinemaxreddobylogr    =  F
gr_lrefinemaxreddobytime    =  F
gr_pmrpadvancealllevels     =  F
gr_pmrpamrerrorchecking     =  F
gr_pmrpcartesianpm          =  F
gr_pmrpconserve             =  F
gr_pmrpconsvfluxdensities   =  T
gr_pmrpconsvfluxes          =  F
gr_pmrpcurvilinear          =  F
gr_pmrpcurvilinearconserve  =  F
gr_pmrpcylindricalpm        =  F
gr_pmrpdiagonals            =  T
gr_pmrpedgevalue            =  T
gr_pmrpedgevalueinteg       =  F
gr_pmrpemptycells           =  F
gr_pmrpforceconsistency     =  T
gr_pmrplsingularline        =  F
gr_pmrpnopermanentguardcells =  F
gr_pmrppolarpm              =  F
gr_pmrppredcorr             =  F
gr_pmrpsphericalpm          =  F
gr_pmrptimingmpi            =  F
gr_pmrptimingmpix           =  F
gr_pmrpvardt                =  F
gr_usetiling                =  F
hy_fallbacklowercfl         =  F
hy_fullspecmsfluxhandling   =  T
hy_usetiling                =  F
ignoreforcedplot            =  F
io_writemscalarintegrals    =  F
plotfilegridquantitydp      =  F
plotfilemetadatadp          =  F
reducegcellfills            =  F
refine_on_particle_count    =  F
restart                     =  F
shockdetect                 =  F
shocklowercfl               =  F
sim_bcsetbdryvar            =  F
sim_forcecenterderefine     =  F
sim_onelevelintegralsonly   =  F
summaryoutputonly           =  F
threadblocklistbuild        =  F
threaddelepblocklist        =  F
threaddelepwithinblock      =  F
threaddriverblocklist       =  F
threaddriverwithinblock     =  F
threadeoswithinblock        =  F
threadhydroblocklist        =  F
threadhydrowithinblock      =  F
threadraytracebuild         =  F
threadwithinblockbuild      =  F
tmr_suppressinparallel      =  F
typematchedxfer             =  T
unbiased_geometry           =  F
updatehydrofluxes           =  T
useburn                     =  F
usecollectivehdf5           =  T
usedeleptonize              =  F
usegravity                  =  F
useheatad                   =  F
useheater                   =  F
usehydro                    =  T
useimbound                  =  F
useincompns                 =  F
useinlet                    =  F
uselegacylabels             =  T
usemultiphase               =  F
useorchestration            =  F
useoutlet                   =  F
useparticles                =  F
useradtrans                 =  F
usests                      =  F
usestsfordiffusion          =  F
usesolidmechanics           =  F
use_3dfullctu               =  T
use_auxeinteqn              =  T
use_avisc                   =  T [CHANGED]
use_cma_advection           =  F
use_cma_flattening          =  F
use_flash_surr_blks_fill    =  T
use_flattening              =  F
use_gravhalfupdate          =  T
use_hybridorder             =  F
use_reduced_orrery          =  T
use_steepening              =  F
use_upwindtvd               =  F
writestatsummary            =  T
                                                                               
 ==============================================================================
                                                                               
 Known units of measurement:
                                                                               
              Unit                          CGS Value                Base Unit
  1                  cm                     1.0000                           cm
  2                   s                     1.0000                            s
  3                   g                     1.0000                            g
  4                   K                     1.0000                            K
  5                 esu                     1.0000                          esu
  6                 mol                     1.0000                          mol
  7                   m                     100.00                           cm
  8                  km                    1.00000E+05                       cm
  9                  pc                    3.08568E+18                       cm
 10                 kpc                    3.08568E+21                       cm
 11                 Mpc                    3.08568E+24                       cm
 12                 Gpc                    3.08568E+27                       cm
 13                Rsun                    6.96000E+10                       cm
 14                  AU                    1.49598E+13                       cm
 15                  yr                    3.15569E+07                        s
 16                 Myr                    3.15569E+13                        s
 17                 Gyr                    3.15569E+16                        s
 18                  kg                     1000.0                            g
 19                Msun                    1.98892E+33                        g
 20                 amu                    1.66054E-24                        g
 21                  eV                     11605.                            K
 22                   C                    2.99792E+09                      esu
 23                LFLY                    3.08568E+24                       cm
 24                TFLY                    2.05759E+17                        s
 25                MFLY                    9.88470E+45                        g
 26            clLength                    3.08568E+24                       cm
 27              clTime                    3.15569E+16                        s
 28              clMass                    1.98892E+48                        g
 29              clTemp                    1.16045E+07                        K
-----------End of Units--------------------
                                                                               
 Known physical constants:
                                                                               
    Constant Name       Constant Value   cm       s        g        K        esu      mol
  1              Newton    6.67408E-08   3.0     -2.0     -1.0      0.0      0.0      0.0    
  2      speed of light    2.99792E+10   1.0     -1.0      0.0      0.0      0.0      0.0    
  3              Planck    6.62607E-27   2.0     -1.0      1.0      0.0      0.0      0.0    
  4     electron charge    4.80320E-10   0.0      0.0      0.0      0.0      1.0      0.0    
  5       electron mass    9.10938E-28   0.0      0.0      1.0      0.0      0.0      0.0    
  6         proton mass    1.67262E-24   0.0      0.0      1.0      0.0      0.0      0.0    
  7      fine-structure    7.29735E-03   0.0      0.0      0.0      0.0      0.0      0.0    
  8            Avogadro    6.02214E+23   0.0      0.0      0.0      0.0      0.0     -1.0    
  9           Boltzmann    1.38065E-16   2.0     -2.0      1.0     -1.0      0.0      0.0    
 10  ideal gas constant    8.31446E+07   2.0     -2.0      1.0     -1.0      0.0     -1.0    
 11                Wien    0.28978       1.0      0.0      0.0      1.0      0.0      0.0    
 12    Stefan-Boltzmann    5.67037E-05   0.0     -3.0      1.0     -4.0      0.0      0.0    
 13  Radiation Constant    7.56572E-15  -1.0     -2.0      1.0     -4.0      0.0      0.0    
 14                  pi     3.1416       0.0      0.0      0.0      0.0      0.0      0.0    
 15                   e     2.7183       0.0      0.0      0.0      0.0      0.0      0.0    
 16               Euler    0.57722       0.0      0.0      0.0      0.0      0.0      0.0    
 ==============================================================================
                                                                               
 Multifluid database: not configured in
                                                                               
 ==============================================================================
 [ 03-04-2025  13:14:04.692 ] [gr_initGeometry] checking BCs for idir: 1
 [ 03-04-2025  13:14:04.692 ] [gr_initGeometry] checking BCs for idir: 2
 [ 03-04-2025  13:14:04.692 ] [gr_initGeometry] checking BCs for idir: 3
 [ 03-04-2025  13:14:09.097 ] [GRID amr_refine_derefine]: initiating refinement
 [ 03-04-2025  13:14:09.097 ] [GRID amr_refine_derefine]: redist. phase.  tot blks requested: 32768
 [GRID amr_refine_derefine] min blks 18    max blks 19    tot blks 32768
 [GRID amr_refine_derefine] min leaf blks 18    max leaf blks 19    tot leaf blks 32768
 [ 03-04-2025  13:14:09.543 ] [GRID amr_refine_derefine]: refinement complete
 [ 03-04-2025  13:14:22.117 ] [GRID gr_expandDomain]: iteration=1, create level=2
 INFO: Grid_fillGuardCells is ignoring masking.
 [ 03-04-2025  13:14:39.960 ] [mpi_amr_comm_setup]: buffer_dim_send=5176573, buffer_dim_recv=3646981
 [ 03-04-2025  13:14:43.618 ] [GRID amr_refine_derefine]: initiating refinement
 [ 03-04-2025  13:14:43.639 ] [GRID amr_refine_derefine]: redist. phase.  tot blks requested: 32832
 [GRID amr_refine_derefine] min blks 18    max blks 19    tot blks 32832
 [GRID amr_refine_derefine] min leaf blks 17    max leaf blks 19    tot leaf blks 32824
 [ 03-04-2025  13:14:43.914 ] [GRID amr_refine_derefine]: refinement complete
 [ 03-04-2025  13:14:43.919 ] [GRID gr_expandDomain]: iteration=2, create level=3
 [ 03-04-2025  13:15:05.724 ] [GRID amr_refine_derefine]: initiating refinement
 [ 03-04-2025  13:15:05.739 ] [GRID amr_refine_derefine]: redist. phase.  tot blks requested: 32896
 [GRID amr_refine_derefine] min blks 18    max blks 20    tot blks 32896
 [GRID amr_refine_derefine] min leaf blks 17    max leaf blks 19    tot leaf blks 32880
 [ 03-04-2025  13:15:06.011 ] [GRID amr_refine_derefine]: refinement complete
 [ 03-04-2025  13:15:06.015 ] [GRID gr_expandDomain]: iteration=3, create level=4
 [ 03-04-2025  13:15:27.974 ] [GRID amr_refine_derefine]: initiating refinement
 [ 03-04-2025  13:15:27.997 ] [GRID amr_refine_derefine]: redist. phase.  tot blks requested: 34304
 [GRID amr_refine_derefine] min blks 19    max blks 22    tot blks 34304
 [GRID amr_refine_derefine] min leaf blks 17    max leaf blks 20    tot leaf blks 34112
 [ 03-04-2025  13:15:28.482 ] [GRID amr_refine_derefine]: refinement complete
 [ 03-04-2025  13:15:28.487 ] [GRID gr_expandDomain]: iteration=4, create level=5
 [ 03-04-2025  13:15:48.587 ] [mpi_amr_comm_setup]: buffer_dim_send=5313661, buffer_dim_recv=4312081
 [ 03-04-2025  13:15:51.239 ] [GRID amr_refine_derefine]: initiating refinement
 [ 03-04-2025  13:15:51.271 ] [GRID amr_refine_derefine]: redist. phase.  tot blks requested: 37312
 [GRID amr_refine_derefine] min blks 20    max blks 24    tot blks 37312
 [GRID amr_refine_derefine] min leaf blks 18    max leaf blks 21    tot leaf blks 36744
 [ 03-04-2025  13:15:51.801 ] [GRID amr_refine_derefine]: refinement complete
 [ 03-04-2025  13:15:51.810 ] [GRID gr_expandDomain]: iteration=5, create level=6
 [ 03-04-2025  13:16:13.971 ] [mpi_amr_comm_setup]: buffer_dim_send=5713933, buffer_dim_recv=4459801
 [ 03-04-2025  13:16:16.203 ] [GRID amr_refine_derefine]: initiating refinement
 [ 03-04-2025  13:16:16.225 ] [GRID amr_refine_derefine]: redist. phase.  tot blks requested: 48768
 [GRID amr_refine_derefine] min blks 26    max blks 30    tot blks 48768
 [GRID amr_refine_derefine] min leaf blks 23    max leaf blks 27    tot leaf blks 46768
 [ 03-04-2025  13:16:17.063 ] [GRID amr_refine_derefine]: refinement complete
 [ 03-04-2025  13:16:17.077 ] [GRID gr_expandDomain]: iteration=6, create level=6
 [ 03-04-2025  13:16:45.615 ] [mpi_amr_comm_setup]: buffer_dim_send=7881145, buffer_dim_recv=5392297
 [ 03-04-2025  13:16:48.037 ] [GRID gr_expandDomain]: iteration=7, create level=6
 [ 03-04-2025  13:17:19.002 ] [GRID gr_expandDomain]: iteration=8, create level=6
 [ 03-04-2025  13:17:48.419 ] memory: /proc vsize    (MB):     4528.07 (min)       4788.07 (max)       4698.54 (avg)
 [ 03-04-2025  13:17:48.419 ] memory: /proc rss      (MB):     1839.11 (min)       1925.22 (max)       1860.37 (avg)
 [ 03-04-2025  13:17:48.421 ] memory: /proc vsize    (MB):     4528.07 (min)       4788.07 (max)       4698.54 (avg)
 [ 03-04-2025  13:17:48.422 ] memory: /proc rss      (MB):     1839.33 (min)       1925.22 (max)       1860.46 (avg)
 [ 03-04-2025  13:17:48.468 ] memory: /proc vsize    (MB):     4528.07 (min)       4788.07 (max)       4698.54 (avg)
 [ 03-04-2025  13:17:48.468 ] memory: /proc rss      (MB):     1839.33 (min)       1925.22 (max)       1860.46 (avg)
 [ 03-04-2025  13:17:55.412 ] [IO_writeCheckpoint] open: type=checkpoint name=sedov_hdf5_chk_0000
 [ 03-04-2025  13:18:33.801 ] [io_writeData]: wrote   48768          blocks
 [ 03-04-2025  13:18:33.892 ] [IO_writeCheckpoint] close: type=checkpoint name=sedov_hdf5_chk_0000
 [ 03-04-2025  13:18:34.035 ] [IO_writePlotfile] open: type=plotfile name=sedov_hdf5_plt_cnt_0000
 [ 03-04-2025  13:18:39.261 ] [io_writeData]: wrote   48768          blocks
 [ 03-04-2025  13:18:39.271 ] [IO_writePlotfile] close: type=plotfile name=sedov_hdf5_plt_cnt_0000
 [ 03-04-2025  13:18:39.273 ] memory: /proc vsize    (MB):     4545.79 (min)       5023.45 (max)       4718.52 (avg)
 [ 03-04-2025  13:18:39.275 ] memory: /proc rss      (MB):     1846.49 (min)       1936.67 (max)       1871.22 (avg)
 [ 03-04-2025  13:18:39.279 ] [Driver_evolveAll]: Entering evolution loop
 [ 03-04-2025  13:18:39.282 ] step: n=1 t=0.000000E+00 dt=1.000000E-10
 [ 03-04-2025  13:18:49.213 ] step: n=2 t=1.000000E-10 dt=2.000000E-10
 [ 03-04-2025  13:19:05.580 ] step: n=3 t=3.000000E-10 dt=4.000000E-10
 [ 03-04-2025  13:19:15.414 ] step: n=4 t=7.000000E-10 dt=8.000000E-10
 [ 03-04-2025  13:19:31.791 ] step: n=5 t=1.500000E-09 dt=1.600000E-09
 [ 03-04-2025  13:19:41.634 ] step: n=6 t=3.100000E-09 dt=3.200000E-09
 [ 03-04-2025  13:19:58.036 ] step: n=7 t=6.300000E-09 dt=6.400000E-09
 [ 03-04-2025  13:20:07.940 ] step: n=8 t=1.270000E-08 dt=1.280000E-08
 [ 03-04-2025  13:20:24.346 ] step: n=9 t=2.550000E-08 dt=2.560000E-08
 [ 03-04-2025  13:20:34.222 ] step: n=10 t=5.110000E-08 dt=5.120000E-08
 [ 03-04-2025  13:20:57.948 ] [IO_writeCheckpoint] open: type=checkpoint name=sedov_hdf5_chk_0001
 [ 03-04-2025  13:21:32.355 ] [io_writeData]: wrote   48768          blocks
 [ 03-04-2025  13:21:32.362 ] [IO_writeCheckpoint] close: type=checkpoint name=sedov_hdf5_chk_0001
 [ 03-04-2025  13:21:32.364 ] step: n=11 t=1.023000E-07 dt=1.024000E-07
 [ 03-04-2025  13:21:42.226 ] step: n=12 t=2.047000E-07 dt=9.937542E-08
 [ 03-04-2025  13:21:58.611 ] step: n=13 t=3.040754E-07 dt=9.615282E-08
 [ 03-04-2025  13:22:08.477 ] step: n=14 t=4.002282E-07 dt=9.325600E-08
 [ 03-04-2025  13:22:24.924 ] step: n=15 t=4.934842E-07 dt=9.058955E-08
 [ 03-04-2025  13:22:34.846 ] step: n=16 t=5.840738E-07 dt=8.822195E-08
 [ 03-04-2025  13:22:51.262 ] step: n=17 t=6.722957E-07 dt=8.592743E-08
 [ 03-04-2025  13:23:01.194 ] step: n=18 t=7.582232E-07 dt=8.368672E-08
 [ 03-04-2025  13:23:17.640 ] step: n=19 t=8.419099E-07 dt=8.162257E-08
 [ 03-04-2025  13:23:27.519 ] step: n=20 t=9.235325E-07 dt=7.981691E-08
 [ 03-04-2025  13:23:51.225 ] [IO_writeCheckpoint] open: type=checkpoint name=sedov_hdf5_chk_0002
 [ 03-04-2025  13:24:01.758 ] [io_writeData]: wrote   48768          blocks
 [ 03-04-2025  13:24:01.764 ] [IO_writeCheckpoint] close: type=checkpoint name=sedov_hdf5_chk_0002
 [ 03-04-2025  13:24:01.766 ] step: n=21 t=1.003349E-06 dt=7.822053E-08
 [ 03-04-2025  13:24:11.737 ] step: n=22 t=1.081570E-06 dt=7.684528E-08
 [ 03-04-2025  13:24:28.192 ] step: n=23 t=1.158415E-06 dt=7.555985E-08
 [ 03-04-2025  13:24:38.081 ] step: n=24 t=1.233975E-06 dt=7.447396E-08
 [ 03-04-2025  13:24:54.370 ] [GRID amr_refine_derefine]: initiating refinement
 [ 03-04-2025  13:24:54.382 ] [GRID amr_refine_derefine]: redist. phase.  tot blks requested: 49152
 [GRID amr_refine_derefine] min blks 26    max blks 30    tot blks 49152
 [GRID amr_refine_derefine] min leaf blks 24    max leaf blks 27    tot leaf blks 47104
 [ 03-04-2025  13:24:55.047 ] [GRID amr_refine_derefine]: refinement complete
 [ 03-04-2025  13:24:55.647 ] step: n=25 t=1.308449E-06 dt=7.359418E-08
 [ 03-04-2025  13:24:55.647 ] [mpi_amr_comm_setup]: buffer_dim_send=7863733, buffer_dim_recv=5392297
 [ 03-04-2025  13:25:05.606 ] step: n=26 t=1.382043E-06 dt=7.289860E-08
 [ 03-04-2025  13:25:21.973 ] step: n=27 t=1.454942E-06 dt=7.238261E-08
 [ 03-04-2025  13:25:31.893 ] step: n=28 t=1.527324E-06 dt=7.195505E-08
 [ 03-04-2025  13:25:48.249 ] step: n=29 t=1.599279E-06 dt=7.160819E-08
 [ 03-04-2025  13:25:58.172 ] step: n=30 t=1.670888E-06 dt=7.137201E-08
 [ 03-04-2025  13:26:22.004 ] [IO_writeCheckpoint] open: type=checkpoint name=sedov_hdf5_chk_0003
 [ 03-04-2025  13:26:32.773 ] [io_writeData]: wrote   49152          blocks
 [ 03-04-2025  13:26:32.780 ] [IO_writeCheckpoint] close: type=checkpoint name=sedov_hdf5_chk_0003
 [ 03-04-2025  13:26:32.782 ] step: n=31 t=1.742260E-06 dt=7.124494E-08
 [ 03-04-2025  13:26:42.723 ] step: n=32 t=1.813505E-06 dt=7.119740E-08
 [ 03-04-2025  13:26:59.106 ] step: n=33 t=1.884702E-06 dt=7.120661E-08
 [ 03-04-2025  13:27:09.019 ] step: n=34 t=1.955909E-06 dt=7.122364E-08
 [ 03-04-2025  13:27:25.327 ] step: n=35 t=2.027132E-06 dt=7.124414E-08
 [ 03-04-2025  13:27:35.216 ] step: n=36 t=2.098376E-06 dt=7.127462E-08
 [ 03-04-2025  13:27:51.510 ] [GRID amr_refine_derefine]: initiating refinement
 [ 03-04-2025  13:27:51.530 ] [GRID amr_refine_derefine]: redist. phase.  tot blks requested: 49920
 [GRID amr_refine_derefine] min blks 27    max blks 31    tot blks 49920
 [GRID amr_refine_derefine] min leaf blks 24    max leaf blks 28    tot leaf blks 47776
 [ 03-04-2025  13:27:52.219 ] [GRID amr_refine_derefine]: refinement complete
 [ 03-04-2025  13:27:52.789 ] step: n=37 t=2.169651E-06 dt=7.132802E-08
 [ 03-04-2025  13:27:52.789 ] [mpi_amr_comm_setup]: buffer_dim_send=7338289, buffer_dim_recv=5392297
 [ 03-04-2025  13:28:02.792 ] step: n=38 t=2.240979E-06 dt=7.141305E-08
 [ 03-04-2025  13:28:19.338 ] step: n=39 t=2.312392E-06 dt=7.142860E-08
 [ 03-04-2025  13:28:29.311 ] step: n=40 t=2.383821E-06 dt=7.142437E-08
 [ 03-04-2025  13:28:53.461 ] [IO_writeCheckpoint] open: type=checkpoint name=sedov_hdf5_chk_0004
 [ 03-04-2025  13:29:04.554 ] [io_writeData]: wrote   49920          blocks
 [ 03-04-2025  13:29:04.560 ] [IO_writeCheckpoint] close: type=checkpoint name=sedov_hdf5_chk_0004
 [ 03-04-2025  13:29:04.561 ] step: n=41 t=2.455245E-06 dt=7.141417E-08
 [ 03-04-2025  13:29:14.618 ] step: n=42 t=2.526659E-06 dt=7.140932E-08
 [ 03-04-2025  13:29:31.212 ] step: n=43 t=2.598068E-06 dt=7.141878E-08
 [ 03-04-2025  13:29:41.184 ] step: n=44 t=2.669487E-06 dt=7.142363E-08
 [ 03-04-2025  13:29:57.725 ] step: n=45 t=2.740911E-06 dt=7.140413E-08
 [ 03-04-2025  13:30:07.702 ] step: n=46 t=2.812315E-06 dt=7.140388E-08
 [ 03-04-2025  13:30:24.155 ] [GRID amr_refine_derefine]: initiating refinement
 [ 03-04-2025  13:30:24.171 ] [GRID amr_refine_derefine]: redist. phase.  tot blks requested: 50304
 [GRID amr_refine_derefine] min blks 27    max blks 31    tot blks 50304
 [GRID amr_refine_derefine] min leaf blks 24    max leaf blks 28    tot leaf blks 48112
 [ 03-04-2025  13:30:24.855 ] [GRID amr_refine_derefine]: refinement complete
 [ 03-04-2025  13:30:25.344 ] step: n=47 t=2.883719E-06 dt=7.140292E-08
 [ 03-04-2025  13:30:25.345 ] [mpi_amr_comm_setup]: buffer_dim_send=7910833, buffer_dim_recv=5392297
 [ 03-04-2025  13:30:35.421 ] step: n=48 t=2.955122E-06 dt=7.140606E-08
 [ 03-04-2025  13:30:51.935 ] [GRID amr_refine_derefine]: initiating refinement
 [ 03-04-2025  13:30:51.951 ] [GRID amr_refine_derefine]: redist. phase.  tot blks requested: 50496
 [GRID amr_refine_derefine] min blks 27    max blks 31    tot blks 50496
 [GRID amr_refine_derefine] min leaf blks 24    max leaf blks 28    tot leaf blks 48280
 [ 03-04-2025  13:30:52.436 ] [GRID amr_refine_derefine]: refinement complete
 [ 03-04-2025  13:30:52.910 ] step: n=49 t=3.026528E-06 dt=7.141819E-08
 [ 03-04-2025  13:30:52.910 ] [mpi_amr_comm_setup]: buffer_dim_send=6484429, buffer_dim_recv=4958125
 [ 03-04-2025  13:31:03.081 ] step: n=50 t=3.097946E-06 dt=7.145160E-08
 [ 03-04-2025  13:31:19.749 ] [GRID amr_refine_derefine]: initiating refinement
 [ 03-04-2025  13:31:19.761 ] [GRID amr_refine_derefine]: redist. phase.  tot blks requested: 50688
 [GRID amr_refine_derefine] min blks 27    max blks 31    tot blks 50688
 [GRID amr_refine_derefine] min leaf blks 24    max leaf blks 28    tot leaf blks 48448
 [ 03-04-2025  13:31:20.185 ] [GRID amr_refine_derefine]: refinement complete
 [ 03-04-2025  13:31:28.726 ] [IO_writeCheckpoint] open: type=checkpoint name=sedov_hdf5_chk_0005
 [ 03-04-2025  13:31:39.779 ] [io_writeData]: wrote   50688          blocks
 [ 03-04-2025  13:31:39.787 ] [IO_writeCheckpoint] close: type=checkpoint name=sedov_hdf5_chk_0005
 [ 03-04-2025  13:31:39.788 ] step: n=51 t=3.169398E-06 dt=7.144310E-08
 [ 03-04-2025  13:31:50.114 ] step: n=52 t=3.240841E-06 dt=7.143606E-08
 [ 03-04-2025  13:32:07.074 ] step: n=53 t=3.312277E-06 dt=7.143079E-08
 [ 03-04-2025  13:32:17.361 ] step: n=54 t=3.383708E-06 dt=7.142810E-08
 [ 03-04-2025  13:32:34.321 ] step: n=55 t=3.455136E-06 dt=7.143310E-08
 [ 03-04-2025  13:32:44.591 ] step: n=56 t=3.526569E-06 dt=7.144995E-08
 [ 03-04-2025  13:33:01.550 ] step: n=57 t=3.598019E-06 dt=7.144585E-08
 [ 03-04-2025  13:33:11.816 ] step: n=58 t=3.669465E-06 dt=7.143776E-08
 [ 03-04-2025  13:33:28.768 ] step: n=59 t=3.740902E-06 dt=7.143330E-08
 [ 03-04-2025  13:33:39.029 ] step: n=60 t=3.812336E-06 dt=7.143015E-08
 [ 03-04-2025  13:34:05.254 ] [IO_writeCheckpoint] open: type=checkpoint name=sedov_hdf5_chk_0006
 [ 03-04-2025  13:34:16.747 ] [io_writeData]: wrote   50688          blocks
 [ 03-04-2025  13:34:16.977 ] [IO_writeCheckpoint] close: type=checkpoint name=sedov_hdf5_chk_0006
 [ 03-04-2025  13:34:16.979 ] [Driver_evolveAll]: Exiting evolution loop
 [ 03-04-2025  13:34:17.164 ] [IO_writePlotfile] open: type=plotfile name=sedov_forced_hdf5_plt_cnt_0000
 [ 03-04-2025  13:34:23.365 ] [io_writeData]: wrote   50688          blocks
 [ 03-04-2025  13:34:23.613 ] [IO_writePlotfile] close: type=plotfile name=sedov_forced_hdf5_plt_cnt_0000
 [ 03-04-2025  13:34:23.715 ] memory: /proc vsize    (MB):     4589.56 (min)       5048.27 (max)       4781.30 (avg)
 [ 03-04-2025  13:34:23.757 ] memory: /proc rss      (MB):     2071.98 (min)       2222.31 (max)       2117.24 (avg)
 ==============================================================================
 perf_summary: code performance summary for process            0
                      beginning : 03-04-2025  13:14:04
                         ending : 03-04-2025  13:34:23
   seconds in monitoring period :             1219.109
      number of evolution steps :                   60
 ------------------------------------------------------------------------------
 accounting unit                       time sec  num calls   secs avg  time pct
 ------------------------------------------------------------------------------
 initialization                        274.588      1         274.588    22.524
  eos                                    0.642      8           0.080     0.053
  guardcell internal                    10.815      7           1.545     0.887
   amr_guardcell                        10.197      7           1.457     0.836
   eos gc                                0.000      7           0.000     0.000
  writeCheckpoint                       45.381      1          45.381     3.722
   restrictAll                           6.292      1           6.292     0.516
  writePlotfile                          5.377      1           5.377     0.441
 writePlotfile                           6.610      1           6.610     0.542
 evolution                             937.698      1         937.698    76.917
  Hydro                                459.864     60           7.664    37.721
   Head                                 96.836     60           1.614     7.943
    guardcell internal                  96.835     60           1.614     7.943
     amr_guardcell                      89.152     60           1.486     7.313
     eos gc                              0.003     60           0.000     0.000
   compute fluxes                      346.407     60           5.773    28.415
    hy_computeFluxes                   346.403   1632           0.212    28.414
     RiemannState                      298.447   1632           0.183    24.481
     getFaceFlux                        47.574   1632           0.029     3.902
   conserveFluxes                        0.144     60           0.002     0.012
   update solution                      16.339     60           0.272     1.340
    update solution body                16.335   1632           0.010     1.340
     unsplitUpdate                       6.018   1632           0.004     0.494
  sourceTerms                            0.000     60           0.000     0.000
  Particles_advance                      0.000     60           0.000     0.000
  Gravity potential                      0.000     60           0.000     0.000
  IO_output                            273.581    120           2.280    22.441
   diagnostics                         136.960    120           1.141    11.234
   checkpointing                       136.569      6          22.762    11.202
    writeCheckpoint                    136.567      6          22.761    11.202
     restrictAll                        38.963      6           6.494     3.196
  Grid_updateRefinement                201.712     60           3.362    16.546
   eos                                   0.958      5           0.192     0.079
   tree                                200.754     60           3.346    16.467
    markRefineDerefine                  56.147     30           1.872     4.606
     guardcell internal                 48.806     30           1.627     4.003
      amr_guardcell                     44.964     30           1.499     3.688
      eos gc                             0.001     30           0.000     0.000
    amr_refine_derefine                141.353     30           4.712    11.595
    updateData                           0.001     30           0.000     0.000
   updateParticleRefinement              0.000      5           0.000     0.000
  Driver_computeDt                       2.485     60           0.041     0.204
 ==============================================================================
 [ 03-04-2025  13:34:23.883 ] [Timers_getSummary]: Not writing timer max/min/avg values because not all processors had same timers
 [ 03-04-2025  13:34:23.921 ] LOGFILE_END: FLASH run complete.
 FLASH log file:  03-04-2025  13:34:44.816    Run number:  1
 ==============================================================================
 Number of MPI tasks:               1792
 MPI version:                          3
 MPI subversion:                       1
 Dimensionality:                       3
 Max Number of Blocks/Proc:          200
 Number x zones:                      32
 Number y zones:                      32
 Number z zones:                      32
 Setup stamp:     Fri Nov 1 14:03:57 2024
 Build stamp:     Fri Nov 1 14:04:23 2024
 System info:     Linux corona211 4.18.0-553.22.1.1toss.t4.x86_64 #1 SMP Tue Sep 24 16:50:00 PDT 2
 Version:         Flash-X 1.0 (heads/main-0-g6040ba49-dirty)                                      
 Build directory: /usr/workspace/ather1/Flash-X/sedov
 Setup syntax:    /usr/workspace/ather1/Flash-X/bin/setup.py Sedov -auto -3d -nxb=32 -nyb=32 -nzb=32 +parallelio -objdir=/usr/workspace/ather1/Flash-X/sedov
 f compiler flags: mpif90 -ggdb -c -O2 -fdefault-real-8 -fdefault-double-8 -Wuninitialized -fallow-argument-mismatch -fallow-argument-mismatch -DMAXBLOCKS=200 -DNXB=32 -DNYB=32 -DNZB=32 -DN_DIM=3
 c compiler flags:    mpicc -I/p/lustre2/ather1/hdf5-1.14.4-3/install/include -DH5_USE_18_API -ggdb -c -O2 -Wuninitialized -D_FORTIFY_SOURCE=2 -DMAXBLOCKS=200 -DNXB=32 -DNYB=32 -DNZB=32 -DN_DIM=3
 ==============================================================================
 Comment:  Sedov explosion
 ==============================================================================
 FLASH Units used:
   Driver/DriverMain/Unsplit
   Grid/GridBoundaryConditions
   Grid/GridMain/AMR/Paramesh4/PM4_package/flash_avoid_orrery
   Grid/GridMain/AMR/Paramesh4/PM4_package/headers
   Grid/GridMain/AMR/Paramesh4/PM4_package/source
   Grid/GridMain/AMR/Paramesh4/PM4_package/utilities/multigrid
   Grid/GridMain/AMR/Paramesh4/interpolation/prolong
   Grid/GridMain/AMR/Paramesh4/levelFlux
   Grid/localAPI
   IO/IOMain/hdf5/parallel/PM
   IO/localAPI
   PhysicalConstants/PhysicalConstantsMain
   RuntimeParameters/RuntimeParametersMain
   Simulation/SimulationMain/Sedov
   TimeAdvance/TimeAdvanceMain/StrangSplit
   flashUtilities/contiguousConversion
   flashUtilities/general
   flashUtilities/interpolation/oneDim
   flashUtilities/nameValueLL
   flashUtilities/sorting/quicksort
   flashUtilities/system/memoryUsage/legacy
   monitors/Logfile/LogfileMain
   monitors/Timers/TimersMain/MPINative
   physics/Eos/EosMain/Gamma
   physics/Hydro/HydroMain/unsplit/OnlyHydro
   physics/Hydro/HydroMain/unsplit/levelFlux
   physics/Hydro/localAPI
 ==============================================================================
 RuntimeParameters:
                                                                               
 ==============================================================================
bndpriorityone              =          1
bndprioritythree            =          3
bndprioritytwo              =          2
checkpointfileintervalstep  =         10 [CHANGED]
checkpointfilenumber        =          0
dr_abortpause               =          2
dr_dtminbelowaction         =          1
drift_break_inst            =          0
drift_trunc_mantissa        =          2
drift_verbose_inst          =          0
eos_entrelescalechoice      =          6
eos_loglevel                =        700
fileformatversion           =          9
forcedplotfilenumber        =          0
gr_lrefmaxtimevalue_1       =         -1
gr_lrefmaxtimevalue_10      =         -1
gr_lrefmaxtimevalue_11      =         -1
gr_lrefmaxtimevalue_12      =         -1
gr_lrefmaxtimevalue_13      =         -1
gr_lrefmaxtimevalue_14      =         -1
gr_lrefmaxtimevalue_15      =         -1
gr_lrefmaxtimevalue_16      =         -1
gr_lrefmaxtimevalue_17      =         -1
gr_lrefmaxtimevalue_18      =         -1
gr_lrefmaxtimevalue_19      =         -1
gr_lrefmaxtimevalue_2       =         -1
gr_lrefmaxtimevalue_20      =         -1
gr_lrefmaxtimevalue_3       =         -1
gr_lrefmaxtimevalue_4       =         -1
gr_lrefmaxtimevalue_5       =         -1
gr_lrefmaxtimevalue_6       =         -1
gr_lrefmaxtimevalue_7       =         -1
gr_lrefmaxtimevalue_8       =         -1
gr_lrefmaxtimevalue_9       =         -1
gr_pmrpdivergencefree       =         -1
gr_pmrpifaceoff             =          0
gr_pmrpl2p5d                =          0
gr_pmrpmaxblocks            =         -1
gr_pmrpmflags               =          1
gr_pmrpnboundaries          =          6
gr_pmrpndim                 =          3
gr_pmrpnedgevar1            =         -1
gr_pmrpnfacevar             =         -1
gr_pmrpnfielddivf           =         -1
gr_pmrpnfluxvar             =         -1
gr_pmrpnguard               =         -1
gr_pmrpnguardwork           =         -1
gr_pmrpnvar                 =         -1
gr_pmrpnvarwork             =          1
gr_pmrpnvarcorn             =          0
gr_pmrpnvaredge             =          0
gr_pmrpnxb                  =         -1
gr_pmrpnyb                  =         -1
gr_pmrpnzb                  =         -1
gr_restrictallmethod        =          3
gr_sanitizedatamode         =          1
gr_sanitizeverbosity        =          5
gr_tilesizex                =         32
gr_tilesizey                =         32
gr_tilesizez                =         32
hy_3torder                  =         -1
hydrocomputedtoption        =         -1
iprocs                      =          1
interpol_order              =          2
irenorm                     =          0
jprocs                      =          1
kprocs                      =          1
lrefine_del                 =          0
lrefine_max                 =          6 [CHANGED]
lrefine_min                 =          1
lrefine_min_init            =          1
max_particles_per_blk       =        100
memory_stat_freq            =     100000
meshcopycount               =          1
min_particles_per_blk       =          1
nbegin                      =          1
nblockx                     =         32 [CHANGED]
nblocky                     =         32 [CHANGED]
nblockz                     =         32 [CHANGED]
nend                        =         60 [CHANGED]
nrefs                       =          2
nsteptotalsts               =          5
order                       =          3 [CHANGED]
outputsplitnum              =          1
plotfileintervalstep        =          0
plotfilenumber              =          0
refine_var_count            =          4
rolling_checkpoint          =      10000
sim_centerrefinelevel       =          1
sim_integralslevel          =         -1
sim_nsubzones               =          7
sweeporder                  =        123
transorder                  =          1
wr_integrals_freq           =          1
limitedslopebeta            =                 0.100E+01
cfl                         =                 0.800E+00
checkpointfileintervaltime  =                 0.000E+00 [CHANGED]
checkpointfileintervalz     =                 0.180+309
cvisc                       =                 0.100E+00
derefine_cutoff_1           =                 0.200E+00
derefine_cutoff_2           =                 0.200E+00
derefine_cutoff_3           =                 0.200E+00
derefine_cutoff_4           =                 0.200E+00
dr_dtmincontinue            =                 0.000E+00
dr_tstepslowstartfactor     =                 0.100E+00
dtinit                      =                 0.100E-09
dtmax                       =                 0.100E+06
dtmin                       =                 0.100E-09
eintswitch                  =                 0.100E-03 [CHANGED]
eos_singlespeciesa          =                 0.100E+01
eos_singlespeciesz          =                 0.100E+01
gamma                       =                 0.140E+01 [CHANGED]
gr_btworkchildscaling       =                 0.100E+01
gr_btworkdefaultleaf        =                 0.200E+01
gr_btworkdefaultpar         =                 0.100E+01
gr_btworklbleaf             =                 0.000E+00
gr_btworklbpar              =                 0.000E+00
gr_btworkubleaf             =                 0.100E+07
gr_btworkubpar              =                 0.100E+07
gr_lrefinemaxredlogbase     =                 0.100E+02
gr_lrefinemaxredradiusfact  =                 0.000E+00
gr_lrefinemaxredtref        =                 0.000E+00
gr_lrefinemaxredtimescale   =                 0.100E+01
gr_lrefmaxtime_1            =                -0.100E+01
gr_lrefmaxtime_10           =                -0.100E+01
gr_lrefmaxtime_11           =                -0.100E+01
gr_lrefmaxtime_12           =                -0.100E+01
gr_lrefmaxtime_13           =                -0.100E+01
gr_lrefmaxtime_14           =                -0.100E+01
gr_lrefmaxtime_15           =                -0.100E+01
gr_lrefmaxtime_16           =                -0.100E+01
gr_lrefmaxtime_17           =                -0.100E+01
gr_lrefmaxtime_18           =                -0.100E+01
gr_lrefmaxtime_19           =                -0.100E+01
gr_lrefmaxtime_2            =                -0.100E+01
gr_lrefmaxtime_20           =                -0.100E+01
gr_lrefmaxtime_3            =                -0.100E+01
gr_lrefmaxtime_4            =                -0.100E+01
gr_lrefmaxtime_5            =                -0.100E+01
gr_lrefmaxtime_6            =                -0.100E+01
gr_lrefmaxtime_7            =                -0.100E+01
gr_lrefmaxtime_8            =                -0.100E+01
gr_lrefmaxtime_9            =                -0.100E+01
hy_cflfallbackfactor        =                 0.900E+00
hy_fpresinmomflux           =                 0.100E+01
hybridorderkappa            =                 0.000E+00
nusts                       =                 0.200E+00 [CHANGED]
plotfileintervaltime        =                 0.000E+00 [CHANGED]
plotfileintervalz           =                 0.180+309
radiusgp                    =                 0.200E+01
refine_cutoff_1             =                 0.800E+00
refine_cutoff_2             =                 0.800E+00
refine_cutoff_3             =                 0.800E+00
refine_cutoff_4             =                 0.800E+00
refine_filter_1             =                 0.100E-01
refine_filter_2             =                 0.100E-01
refine_filter_3             =                 0.100E-01
refine_filter_4             =                 0.100E-01
rss_limit                   =                -0.100E+01
sigmagp                     =                 0.300E+01
sim_derefineradius          =                 0.000E+00
sim_earliestlstime          =                 0.000E+00
sim_expenergy               =                 0.100E+01
sim_largestnormradius       =                 0.180+309
sim_latestlstime            =                 0.180+309
sim_minrhoinit              =                 0.100E-19
sim_pambient                =                 0.100E-04
sim_rinit                   =                 0.137E-01 [CHANGED]
sim_rhoambient              =                 0.100E+01
sim_smallestnormradius      =                 0.000E+00
sim_xctr                    =                 0.500E+00
sim_yctr                    =                 0.500E+00
sim_zctr                    =                 0.500E+00
small                       =                 0.100E-09
smalle                      =                 0.100E-09
smallp                      =                 0.100E-09
smallt                      =                 0.100E-09
smallu                      =                 0.100E-09
smallx                      =                 0.100E-09
smlrho                      =                 0.100E-09
tinitial                    =                 0.000E+00
tiny                        =                 0.100E-15
tmax                        =                 0.500E+06 [CHANGED]
tstep_change_factor         =                 0.200E+01
wall_clock_checkpoint       =                 0.432E+05
wall_clock_time_limit       =                 0.605E+06
x_refine_center             =                 0.000E+00
xmax                        =                 0.100E+01
xmin                        =                 0.000E+00
y_refine_center             =                 0.000E+00
ymax                        =                 0.100E+01
ymin                        =                 0.000E+00
zfinal                      =                 0.000E+00
zinitial                    =                -0.100E+01
z_refine_center             =                 0.000E+00
zmax                        =                 0.100E+01
zmin                        =                 0.000E+00
riemannsolver               = Roe                            [CHANGED]
unitsystem                  = none                          
basenm                      = sedov_                         [CHANGED]
entropyfixmethod            = HARTENHYMAN                   
eosmode                     = dens_ie                       
eosmodeinit                 = dens_ie                       
geometry                    = cartesian                     
gr_pmrpoutputdir            = ./                            
grav_boundary_type          = isolated                      
hy_eosmodegc                = see eosMode                   
log_file                    = sedov.log                      [CHANGED]
output_directory            =                               
pc_unitsbase                = CGS                           
plot_grid_var_1             = none                          
plot_grid_var_10            = none                          
plot_grid_var_11            = none                          
plot_grid_var_12            = none                          
plot_grid_var_13            = none                          
plot_grid_var_14            = none                          
plot_grid_var_15            = none                          
plot_grid_var_16            = none                          
plot_grid_var_17            = none                          
plot_grid_var_18            = none                          
plot_grid_var_19            = none                          
plot_grid_var_2             = none                          
plot_grid_var_20            = none                          
plot_grid_var_21            = none                          
plot_grid_var_22            = none                          
plot_grid_var_23            = none                          
plot_grid_var_24            = none                          
plot_grid_var_25            = none                          
plot_grid_var_26            = none                          
plot_grid_var_27            = none                          
plot_grid_var_28            = none                          
plot_grid_var_29            = none                          
plot_grid_var_3             = none                          
plot_grid_var_30            = none                          
plot_grid_var_31            = none                          
plot_grid_var_32            = none                          
plot_grid_var_33            = none                          
plot_grid_var_34            = none                          
plot_grid_var_35            = none                          
plot_grid_var_36            = none                          
plot_grid_var_37            = none                          
plot_grid_var_38            = none                          
plot_grid_var_39            = none                          
plot_grid_var_4             = none                          
plot_grid_var_40            = none                          
plot_grid_var_41            = none                          
plot_grid_var_42            = none                          
plot_grid_var_43            = none                          
plot_grid_var_44            = none                          
plot_grid_var_45            = none                          
plot_grid_var_46            = none                          
plot_grid_var_47            = none                          
plot_grid_var_48            = none                          
plot_grid_var_49            = none                          
plot_grid_var_5             = none                          
plot_grid_var_50            = none                          
plot_grid_var_51            = none                          
plot_grid_var_52            = none                          
plot_grid_var_53            = none                          
plot_grid_var_54            = none                          
plot_grid_var_55            = none                          
plot_grid_var_56            = none                          
plot_grid_var_57            = none                          
plot_grid_var_58            = none                          
plot_grid_var_59            = none                          
plot_grid_var_6             = none                          
plot_grid_var_60            = none                          
plot_grid_var_61            = none                          
plot_grid_var_62            = none                          
plot_grid_var_63            = none                          
plot_grid_var_64            = none                          
plot_grid_var_65            = none                          
plot_grid_var_66            = none                          
plot_grid_var_67            = none                          
plot_grid_var_68            = none                          
plot_grid_var_69            = none                          
plot_grid_var_7             = none                          
plot_grid_var_70            = none                          
plot_grid_var_71            = none                          
plot_grid_var_72            = none                          
plot_grid_var_73            = none                          
plot_grid_var_74            = none                          
plot_grid_var_75            = none                          
plot_grid_var_76            = none                          
plot_grid_var_77            = none                          
plot_grid_var_78            = none                          
plot_grid_var_8             = none                          
plot_grid_var_9             = none                          
plot_var_1                  = dens                           [CHANGED]
plot_var_10                 = none                          
plot_var_11                 = none                          
plot_var_12                 = none                          
plot_var_13                 = none                          
plot_var_14                 = none                          
plot_var_15                 = none                          
plot_var_16                 = none                          
plot_var_17                 = none                          
plot_var_18                 = none                          
plot_var_2                  = pres                           [CHANGED]
plot_var_3                  = temp                           [CHANGED]
plot_var_4                  = none                          
plot_var_5                  = none                          
plot_var_6                  = none                          
plot_var_7                  = none                          
plot_var_8                  = none                          
plot_var_9                  = none                          
prof_file                   = profile.dat                   
refine_var_1                = dens                           [CHANGED]
refine_var_2                = pres                           [CHANGED]
refine_var_3                = none                          
refine_var_4                = none                          
run_comment                 = Sedov explosion                [CHANGED]
run_number                  = 1                             
sim_proffilename            = /dev/null                      [CHANGED]
slopelimiter                = mc                             [CHANGED]
stats_file                  = flashx.dat                    
wenomethod                  = WENO5                         
xl_boundary_type            = outflow                        [CHANGED]
xr_boundary_type            = outflow                        [CHANGED]
yl_boundary_type            = outflow                        [CHANGED]
yr_boundary_type            = outflow                        [CHANGED]
zl_boundary_type            = outflow                        [CHANGED]
zr_boundary_type            = outflow                        [CHANGED]
csvsummaryallprocs          =  F
eosforriemann               =  F
logsummaryallprocs          =  F
addthermalflux              =  T
allowdtstsdominate          =  F
alwayscomputeuservars       =  T
alwaysrestrictcheckpoint    =  T
charlimiting                =  T
chkguardcellsinput          =  F
chkguardcellsoutput         =  F
conserveangmom              =  F
converttoconsvdformeshcalls =  F
converttoconsvdinmeshinterp =  T
corners                     =  F
dr_printtsteploc            =  T
dr_shortenlaststepbeforetmax =  F
drift_tuples                =  F
eachprocwritesownabortlog   =  F
eachprocwritessummary       =  F
earlyblockdistadjustment    =  T
enablemaskedgcfill          =  F
entropy                     =  F
flux_correct                =  T
flux_correct_perlevel       =  F
geometryoverride            =  F
gr_bcenableapplymixedgds    =  T
gr_bndgcfillneedsprimitivevars =  T
gr_btcustomwork             =  F
gr_btexchangework           =  F
gr_btsortbywork             =  T
gr_enabletiling             =  F
gr_lrefinemaxbytime         =  F
gr_lrefinemaxreddobylogr    =  F
gr_lrefinemaxreddobytime    =  F
gr_pmrpadvancealllevels     =  F
gr_pmrpamrerrorchecking     =  F
gr_pmrpcartesianpm          =  F
gr_pmrpconserve             =  F
gr_pmrpconsvfluxdensities   =  T
gr_pmrpconsvfluxes          =  F
gr_pmrpcurvilinear          =  F
gr_pmrpcurvilinearconserve  =  F
gr_pmrpcylindricalpm        =  F
gr_pmrpdiagonals            =  T
gr_pmrpedgevalue            =  T
gr_pmrpedgevalueinteg       =  F
gr_pmrpemptycells           =  F
gr_pmrpforceconsistency     =  T
gr_pmrplsingularline        =  F
gr_pmrpnopermanentguardcells =  F
gr_pmrppolarpm              =  F
gr_pmrppredcorr             =  F
gr_pmrpsphericalpm          =  F
gr_pmrptimingmpi            =  F
gr_pmrptimingmpix           =  F
gr_pmrpvardt                =  F
gr_usetiling                =  F
hy_fallbacklowercfl         =  F
hy_fullspecmsfluxhandling   =  T
hy_usetiling                =  F
ignoreforcedplot            =  F
io_writemscalarintegrals    =  F
plotfilegridquantitydp      =  F
plotfilemetadatadp          =  F
reducegcellfills            =  F
refine_on_particle_count    =  F
restart                     =  F
shockdetect                 =  F
shocklowercfl               =  F
sim_bcsetbdryvar            =  F
sim_forcecenterderefine     =  F
sim_onelevelintegralsonly   =  F
summaryoutputonly           =  F
threadblocklistbuild        =  F
threaddelepblocklist        =  F
threaddelepwithinblock      =  F
threaddriverblocklist       =  F
threaddriverwithinblock     =  F
threadeoswithinblock        =  F
threadhydroblocklist        =  F
threadhydrowithinblock      =  F
threadraytracebuild         =  F
threadwithinblockbuild      =  F
tmr_suppressinparallel      =  F
typematchedxfer             =  T
unbiased_geometry           =  F
updatehydrofluxes           =  T
useburn                     =  F
usecollectivehdf5           =  T
usedeleptonize              =  F
usegravity                  =  F
useheatad                   =  F
useheater                   =  F
usehydro                    =  T
useimbound                  =  F
useincompns                 =  F
useinlet                    =  F
uselegacylabels             =  T
usemultiphase               =  F
useorchestration            =  F
useoutlet                   =  F
useparticles                =  F
useradtrans                 =  F
usests                      =  F
usestsfordiffusion          =  F
usesolidmechanics           =  F
use_3dfullctu               =  T
use_auxeinteqn              =  T
use_avisc                   =  T [CHANGED]
use_cma_advection           =  F
use_cma_flattening          =  F
use_flash_surr_blks_fill    =  T
use_flattening              =  F
use_gravhalfupdate          =  T
use_hybridorder             =  F
use_reduced_orrery          =  T
use_steepening              =  F
use_upwindtvd               =  F
writestatsummary            =  T
                                                                               
 ==============================================================================
                                                                               
 Known units of measurement:
                                                                               
              Unit                          CGS Value                Base Unit
  1                  cm                     1.0000                           cm
  2                   s                     1.0000                            s
  3                   g                     1.0000                            g
  4                   K                     1.0000                            K
  5                 esu                     1.0000                          esu
  6                 mol                     1.0000                          mol
  7                   m                     100.00                           cm
  8                  km                    1.00000E+05                       cm
  9                  pc                    3.08568E+18                       cm
 10                 kpc                    3.08568E+21                       cm
 11                 Mpc                    3.08568E+24                       cm
 12                 Gpc                    3.08568E+27                       cm
 13                Rsun                    6.96000E+10                       cm
 14                  AU                    1.49598E+13                       cm
 15                  yr                    3.15569E+07                        s
 16                 Myr                    3.15569E+13                        s
 17                 Gyr                    3.15569E+16                        s
 18                  kg                     1000.0                            g
 19                Msun                    1.98892E+33                        g
 20                 amu                    1.66054E-24                        g
 21                  eV                     11605.                            K
 22                   C                    2.99792E+09                      esu
 23                LFLY                    3.08568E+24                       cm
 24                TFLY                    2.05759E+17                        s
 25                MFLY                    9.88470E+45                        g
 26            clLength                    3.08568E+24                       cm
 27              clTime                    3.15569E+16                        s
 28              clMass                    1.98892E+48                        g
 29              clTemp                    1.16045E+07                        K
-----------End of Units--------------------
                                                                               
 Known physical constants:
                                                                               
    Constant Name       Constant Value   cm       s        g        K        esu      mol
  1              Newton    6.67408E-08   3.0     -2.0     -1.0      0.0      0.0      0.0    
  2      speed of light    2.99792E+10   1.0     -1.0      0.0      0.0      0.0      0.0    
  3              Planck    6.62607E-27   2.0     -1.0      1.0      0.0      0.0      0.0    
  4     electron charge    4.80320E-10   0.0      0.0      0.0      0.0      1.0      0.0    
  5       electron mass    9.10938E-28   0.0      0.0      1.0      0.0      0.0      0.0    
  6         proton mass    1.67262E-24   0.0      0.0      1.0      0.0      0.0      0.0    
  7      fine-structure    7.29735E-03   0.0      0.0      0.0      0.0      0.0      0.0    
  8            Avogadro    6.02214E+23   0.0      0.0      0.0      0.0      0.0     -1.0    
  9           Boltzmann    1.38065E-16   2.0     -2.0      1.0     -1.0      0.0      0.0    
 10  ideal gas constant    8.31446E+07   2.0     -2.0      1.0     -1.0      0.0     -1.0    
 11                Wien    0.28978       1.0      0.0      0.0      1.0      0.0      0.0    
 12    Stefan-Boltzmann    5.67037E-05   0.0     -3.0      1.0     -4.0      0.0      0.0    
 13  Radiation Constant    7.56572E-15  -1.0     -2.0      1.0     -4.0      0.0      0.0    
 14                  pi     3.1416       0.0      0.0      0.0      0.0      0.0      0.0    
 15                   e     2.7183       0.0      0.0      0.0      0.0      0.0      0.0    
 16               Euler    0.57722       0.0      0.0      0.0      0.0      0.0      0.0    
 ==============================================================================
                                                                               
 Multifluid database: not configured in
                                                                               
 ==============================================================================
 [ 03-04-2025  13:34:44.818 ] [gr_initGeometry] checking BCs for idir: 1
 [ 03-04-2025  13:34:44.818 ] [gr_initGeometry] checking BCs for idir: 2
 [ 03-04-2025  13:34:44.818 ] [gr_initGeometry] checking BCs for idir: 3
 [ 03-04-2025  13:34:47.163 ] [GRID amr_refine_derefine]: initiating refinement
 [ 03-04-2025  13:34:47.163 ] [GRID amr_refine_derefine]: redist. phase.  tot blks requested: 32768
 [GRID amr_refine_derefine] min blks 18    max blks 19    tot blks 32768
 [GRID amr_refine_derefine] min leaf blks 18    max leaf blks 19    tot leaf blks 32768
 [ 03-04-2025  13:34:47.628 ] [GRID amr_refine_derefine]: refinement complete
 [ 03-04-2025  13:35:00.139 ] [GRID gr_expandDomain]: iteration=1, create level=2
 INFO: Grid_fillGuardCells is ignoring masking.
 [ 03-04-2025  13:35:17.919 ] [mpi_amr_comm_setup]: buffer_dim_send=5176573, buffer_dim_recv=3646981
 [ 03-04-2025  13:35:21.844 ] [GRID amr_refine_derefine]: initiating refinement
 [ 03-04-2025  13:35:21.865 ] [GRID amr_refine_derefine]: redist. phase.  tot blks requested: 32832
 [GRID amr_refine_derefine] min blks 18    max blks 19    tot blks 32832
 [GRID amr_refine_derefine] min leaf blks 17    max leaf blks 19    tot leaf blks 32824
 [ 03-04-2025  13:35:22.141 ] [GRID amr_refine_derefine]: refinement complete
 [ 03-04-2025  13:35:22.145 ] [GRID gr_expandDomain]: iteration=2, create level=3
 [ 03-04-2025  13:35:43.979 ] [GRID amr_refine_derefine]: initiating refinement
 [ 03-04-2025  13:35:43.995 ] [GRID amr_refine_derefine]: redist. phase.  tot blks requested: 32896
 [GRID amr_refine_derefine] min blks 18    max blks 20    tot blks 32896
 [GRID amr_refine_derefine] min leaf blks 17    max leaf blks 19    tot leaf blks 32880
 [ 03-04-2025  13:35:44.267 ] [GRID amr_refine_derefine]: refinement complete
 [ 03-04-2025  13:35:44.271 ] [GRID gr_expandDomain]: iteration=3, create level=4
 [ 03-04-2025  13:36:06.186 ] [GRID amr_refine_derefine]: initiating refinement
 [ 03-04-2025  13:36:06.215 ] [GRID amr_refine_derefine]: redist. phase.  tot blks requested: 34304
 [GRID amr_refine_derefine] min blks 19    max blks 22    tot blks 34304
 [GRID amr_refine_derefine] min leaf blks 17    max leaf blks 20    tot leaf blks 34112
 [ 03-04-2025  13:36:06.706 ] [GRID amr_refine_derefine]: refinement complete
 [ 03-04-2025  13:36:06.709 ] [GRID gr_expandDomain]: iteration=4, create level=5
 [ 03-04-2025  13:36:26.805 ] [mpi_amr_comm_setup]: buffer_dim_send=5313661, buffer_dim_recv=4312081
 [ 03-04-2025  13:36:29.443 ] [GRID amr_refine_derefine]: initiating refinement
 [ 03-04-2025  13:36:29.463 ] [GRID amr_refine_derefine]: redist. phase.  tot blks requested: 37312
 [GRID amr_refine_derefine] min blks 20    max blks 24    tot blks 37312
 [GRID amr_refine_derefine] min leaf blks 18    max leaf blks 21    tot leaf blks 36744
 [ 03-04-2025  13:36:29.991 ] [GRID amr_refine_derefine]: refinement complete
 [ 03-04-2025  13:36:30.000 ] [GRID gr_expandDomain]: iteration=5, create level=6
 [ 03-04-2025  13:36:52.151 ] [mpi_amr_comm_setup]: buffer_dim_send=5713933, buffer_dim_recv=4459801
 [ 03-04-2025  13:36:54.393 ] [GRID amr_refine_derefine]: initiating refinement
 [ 03-04-2025  13:36:54.413 ] [GRID amr_refine_derefine]: redist. phase.  tot blks requested: 48768
 [GRID amr_refine_derefine] min blks 26    max blks 30    tot blks 48768
 [GRID amr_refine_derefine] min leaf blks 23    max leaf blks 27    tot leaf blks 46768
 [ 03-04-2025  13:36:55.228 ] [GRID amr_refine_derefine]: refinement complete
 [ 03-04-2025  13:36:55.241 ] [GRID gr_expandDomain]: iteration=6, create level=6
 [ 03-04-2025  13:37:23.768 ] [mpi_amr_comm_setup]: buffer_dim_send=7881145, buffer_dim_recv=5392297
 [ 03-04-2025  13:37:26.194 ] [GRID gr_expandDomain]: iteration=7, create level=6
 [ 03-04-2025  13:37:57.139 ] [GRID gr_expandDomain]: iteration=8, create level=6
 [ 03-04-2025  13:38:26.527 ] memory: /proc vsize    (MB):     4528.54 (min)       4788.07 (max)       4698.82 (avg)
 [ 03-04-2025  13:38:26.527 ] memory: /proc rss      (MB):     1839.90 (min)       1925.45 (max)       1861.16 (avg)
 [ 03-04-2025  13:38:26.529 ] memory: /proc vsize    (MB):     4528.54 (min)       4788.07 (max)       4698.82 (avg)
 [ 03-04-2025  13:38:26.529 ] memory: /proc rss      (MB):     1839.90 (min)       1925.45 (max)       1861.16 (avg)
 [ 03-04-2025  13:38:26.575 ] memory: /proc vsize    (MB):     4528.54 (min)       4788.07 (max)       4698.82 (avg)
 [ 03-04-2025  13:38:26.575 ] memory: /proc rss      (MB):     1839.90 (min)       1925.45 (max)       1861.16 (avg)
 [ 03-04-2025  13:38:33.279 ] [IO_writeCheckpoint] open: type=checkpoint name=sedov_hdf5_chk_0000
 [ 03-04-2025  13:39:11.644 ] [io_writeData]: wrote   48768          blocks
 [ 03-04-2025  13:39:11.747 ] [IO_writeCheckpoint] close: type=checkpoint name=sedov_hdf5_chk_0000
 [ 03-04-2025  13:39:11.890 ] [IO_writePlotfile] open: type=plotfile name=sedov_hdf5_plt_cnt_0000
 [ 03-04-2025  13:39:17.169 ] [io_writeData]: wrote   48768          blocks
 [ 03-04-2025  13:39:17.207 ] [IO_writePlotfile] close: type=plotfile name=sedov_hdf5_plt_cnt_0000
 [ 03-04-2025  13:39:17.210 ] memory: /proc vsize    (MB):     4545.69 (min)       5023.43 (max)       4718.75 (avg)
 [ 03-04-2025  13:39:17.212 ] memory: /proc rss      (MB):     1846.66 (min)       1940.77 (max)       1871.55 (avg)
 [ 03-04-2025  13:39:17.215 ] [Driver_evolveAll]: Entering evolution loop
 [ 03-04-2025  13:39:17.218 ] step: n=1 t=0.000000E+00 dt=1.000000E-10
 [ 03-04-2025  13:39:27.153 ] step: n=2 t=1.000000E-10 dt=2.000000E-10
 [ 03-04-2025  13:39:43.490 ] step: n=3 t=3.000000E-10 dt=4.000000E-10
 [ 03-04-2025  13:39:53.345 ] step: n=4 t=7.000000E-10 dt=8.000000E-10
 [ 03-04-2025  13:40:09.696 ] step: n=5 t=1.500000E-09 dt=1.600000E-09
 [ 03-04-2025  13:40:19.576 ] step: n=6 t=3.100000E-09 dt=3.200000E-09
 [ 03-04-2025  13:40:36.001 ] step: n=7 t=6.300000E-09 dt=6.400000E-09
 [ 03-04-2025  13:40:45.918 ] step: n=8 t=1.270000E-08 dt=1.280000E-08
 [ 03-04-2025  13:41:02.313 ] step: n=9 t=2.550000E-08 dt=2.560000E-08
 [ 03-04-2025  13:41:12.265 ] step: n=10 t=5.110000E-08 dt=5.120000E-08
 [ 03-04-2025  13:41:36.230 ] [IO_writeCheckpoint] open: type=checkpoint name=sedov_hdf5_chk_0001
 [ 03-04-2025  13:42:11.065 ] [io_writeData]: wrote   48768          blocks
 [ 03-04-2025  13:42:11.070 ] [IO_writeCheckpoint] close: type=checkpoint name=sedov_hdf5_chk_0001
 [ 03-04-2025  13:42:11.071 ] step: n=11 t=1.023000E-07 dt=1.024000E-07
 [ 03-04-2025  13:42:20.966 ] step: n=12 t=2.047000E-07 dt=9.937542E-08
 [ 03-04-2025  13:42:37.313 ] step: n=13 t=3.040754E-07 dt=9.615282E-08
 [ 03-04-2025  13:42:47.280 ] step: n=14 t=4.002282E-07 dt=9.325600E-08
 [ 03-04-2025  13:43:03.686 ] step: n=15 t=4.934842E-07 dt=9.058955E-08
 [ 03-04-2025  13:43:13.596 ] step: n=16 t=5.840738E-07 dt=8.822195E-08
 [ 03-04-2025  13:43:30.036 ] step: n=17 t=6.722957E-07 dt=8.592743E-08
 [ 03-04-2025  13:43:39.973 ] step: n=18 t=7.582232E-07 dt=8.368672E-08
 [ 03-04-2025  13:43:56.408 ] step: n=19 t=8.419099E-07 dt=8.162257E-08
 [ 03-04-2025  13:44:06.335 ] step: n=20 t=9.235325E-07 dt=7.981691E-08
 [ 03-04-2025  13:44:30.181 ] [IO_writeCheckpoint] open: type=checkpoint name=sedov_hdf5_chk_0002
 [ 03-04-2025  13:44:41.215 ] [io_writeData]: wrote   48768          blocks
 [ 03-04-2025  13:44:41.220 ] [IO_writeCheckpoint] close: type=checkpoint name=sedov_hdf5_chk_0002
 [ 03-04-2025  13:44:41.221 ] step: n=21 t=1.003349E-06 dt=7.822053E-08
 [ 03-04-2025  13:44:51.168 ] step: n=22 t=1.081570E-06 dt=7.684528E-08
 [ 03-04-2025  13:45:07.575 ] step: n=23 t=1.158415E-06 dt=7.555985E-08
 [ 03-04-2025  13:45:17.492 ] step: n=24 t=1.233975E-06 dt=7.447396E-08
 [ 03-04-2025  13:45:33.792 ] [GRID amr_refine_derefine]: initiating refinement
 [ 03-04-2025  13:45:33.817 ] [GRID amr_refine_derefine]: redist. phase.  tot blks requested: 49152
 [GRID amr_refine_derefine] min blks 26    max blks 30    tot blks 49152
 [GRID amr_refine_derefine] min leaf blks 24    max leaf blks 27    tot leaf blks 47104
 [ 03-04-2025  13:45:34.484 ] [GRID amr_refine_derefine]: refinement complete
 [ 03-04-2025  13:45:35.083 ] step: n=25 t=1.308449E-06 dt=7.359418E-08
 [ 03-04-2025  13:45:35.083 ] [mpi_amr_comm_setup]: buffer_dim_send=7863733, buffer_dim_recv=5392297
 [ 03-04-2025  13:45:45.044 ] step: n=26 t=1.382043E-06 dt=7.289860E-08
 [ 03-04-2025  13:46:01.416 ] step: n=27 t=1.454942E-06 dt=7.238261E-08
 [ 03-04-2025  13:46:11.390 ] step: n=28 t=1.527324E-06 dt=7.195505E-08
 [ 03-04-2025  13:46:27.781 ] step: n=29 t=1.599279E-06 dt=7.160819E-08
 [ 03-04-2025  13:46:37.755 ] step: n=30 t=1.670888E-06 dt=7.137201E-08
 [ 03-04-2025  13:47:01.558 ] [IO_writeCheckpoint] open: type=checkpoint name=sedov_hdf5_chk_0003
 [ 03-04-2025  13:47:12.257 ] [io_writeData]: wrote   49152          blocks
 [ 03-04-2025  13:47:12.264 ] [IO_writeCheckpoint] close: type=checkpoint name=sedov_hdf5_chk_0003
 [ 03-04-2025  13:47:12.266 ] step: n=31 t=1.742260E-06 dt=7.124494E-08
 [ 03-04-2025  13:47:22.258 ] step: n=32 t=1.813505E-06 dt=7.119740E-08
 [ 03-04-2025  13:47:38.660 ] step: n=33 t=1.884702E-06 dt=7.120661E-08
 [ 03-04-2025  13:47:48.645 ] step: n=34 t=1.955909E-06 dt=7.122364E-08
 [ 03-04-2025  13:48:05.046 ] step: n=35 t=2.027132E-06 dt=7.124414E-08
 [ 03-04-2025  13:48:14.977 ] step: n=36 t=2.098376E-06 dt=7.127462E-08
 [ 03-04-2025  13:48:31.265 ] [GRID amr_refine_derefine]: initiating refinement
 [ 03-04-2025  13:48:31.279 ] [GRID amr_refine_derefine]: redist. phase.  tot blks requested: 49920
 [GRID amr_refine_derefine] min blks 27    max blks 31    tot blks 49920
 [GRID amr_refine_derefine] min leaf blks 24    max leaf blks 28    tot leaf blks 47776
 [ 03-04-2025  13:48:31.959 ] [GRID amr_refine_derefine]: refinement complete
 [ 03-04-2025  13:48:32.532 ] step: n=37 t=2.169651E-06 dt=7.132802E-08
 [ 03-04-2025  13:48:32.532 ] [mpi_amr_comm_setup]: buffer_dim_send=7338289, buffer_dim_recv=5392297
 [ 03-04-2025  13:48:42.515 ] step: n=38 t=2.240979E-06 dt=7.141305E-08
 [ 03-04-2025  13:48:59.053 ] step: n=39 t=2.312392E-06 dt=7.142860E-08
 [ 03-04-2025  13:49:09.013 ] step: n=40 t=2.383821E-06 dt=7.142437E-08
 [ 03-04-2025  13:49:33.284 ] [IO_writeCheckpoint] open: type=checkpoint name=sedov_hdf5_chk_0004
 [ 03-04-2025  13:49:44.482 ] [io_writeData]: wrote   49920          blocks
 [ 03-04-2025  13:49:44.551 ] [IO_writeCheckpoint] close: type=checkpoint name=sedov_hdf5_chk_0004
 [ 03-04-2025  13:49:44.552 ] step: n=41 t=2.455245E-06 dt=7.141417E-08
 [ 03-04-2025  13:49:54.528 ] step: n=42 t=2.526659E-06 dt=7.140932E-08
 [ 03-04-2025  13:50:11.065 ] step: n=43 t=2.598068E-06 dt=7.141878E-08
 [ 03-04-2025  13:50:21.026 ] step: n=44 t=2.669487E-06 dt=7.142363E-08
 [ 03-04-2025  13:50:37.552 ] step: n=45 t=2.740911E-06 dt=7.140413E-08
 [ 03-04-2025  13:50:47.503 ] step: n=46 t=2.812315E-06 dt=7.140388E-08
 [ 03-04-2025  13:51:03.930 ] [GRID amr_refine_derefine]: initiating refinement
 [ 03-04-2025  13:51:03.949 ] [GRID amr_refine_derefine]: redist. phase.  tot blks requested: 50304
 [GRID amr_refine_derefine] min blks 27    max blks 31    tot blks 50304
 [GRID amr_refine_derefine] min leaf blks 24    max leaf blks 28    tot leaf blks 48112
 [ 03-04-2025  13:51:04.639 ] [GRID amr_refine_derefine]: refinement complete
 [ 03-04-2025  13:51:05.129 ] step: n=47 t=2.883719E-06 dt=7.140292E-08
 [ 03-04-2025  13:51:05.130 ] [mpi_amr_comm_setup]: buffer_dim_send=7910833, buffer_dim_recv=5392297
 [ 03-04-2025  13:51:15.203 ] step: n=48 t=2.955122E-06 dt=7.140606E-08
 [ 03-04-2025  13:51:31.731 ] [GRID amr_refine_derefine]: initiating refinement
 [ 03-04-2025  13:51:31.746 ] [GRID amr_refine_derefine]: redist. phase.  tot blks requested: 50496
 [GRID amr_refine_derefine] min blks 27    max blks 31    tot blks 50496
 [GRID amr_refine_derefine] min leaf blks 24    max leaf blks 28    tot leaf blks 48280
 [ 03-04-2025  13:51:32.228 ] [GRID amr_refine_derefine]: refinement complete
 [ 03-04-2025  13:51:32.702 ] step: n=49 t=3.026528E-06 dt=7.141819E-08
 [ 03-04-2025  13:51:32.703 ] [mpi_amr_comm_setup]: buffer_dim_send=6484429, buffer_dim_recv=4958125
 [ 03-04-2025  13:51:42.836 ] step: n=50 t=3.097946E-06 dt=7.145160E-08
 [ 03-04-2025  13:51:59.532 ] [GRID amr_refine_derefine]: initiating refinement
 [ 03-04-2025  13:51:59.549 ] [GRID amr_refine_derefine]: redist. phase.  tot blks requested: 50688
 [GRID amr_refine_derefine] min blks 27    max blks 31    tot blks 50688
 [GRID amr_refine_derefine] min leaf blks 24    max leaf blks 28    tot leaf blks 48448
 [ 03-04-2025  13:51:59.971 ] [GRID amr_refine_derefine]: refinement complete
 [ 03-04-2025  13:52:08.283 ] [IO_writeCheckpoint] open: type=checkpoint name=sedov_hdf5_chk_0005
 [ 03-04-2025  13:52:19.902 ] [io_writeData]: wrote   50688          blocks
 [ 03-04-2025  13:52:19.909 ] [IO_writeCheckpoint] close: type=checkpoint name=sedov_hdf5_chk_0005
 [ 03-04-2025  13:52:19.910 ] step: n=51 t=3.169398E-06 dt=7.144310E-08
 [ 03-04-2025  13:52:30.243 ] step: n=52 t=3.240841E-06 dt=7.143606E-08
 [ 03-04-2025  13:52:47.233 ] step: n=53 t=3.312277E-06 dt=7.143079E-08
 [ 03-04-2025  13:52:57.507 ] step: n=54 t=3.383708E-06 dt=7.142810E-08
 [ 03-04-2025  13:53:14.491 ] step: n=55 t=3.455136E-06 dt=7.143310E-08
 [ 03-04-2025  13:53:24.771 ] step: n=56 t=3.526569E-06 dt=7.144995E-08
 [ 03-04-2025  13:53:41.754 ] step: n=57 t=3.598019E-06 dt=7.144585E-08
 [ 03-04-2025  13:53:52.030 ] step: n=58 t=3.669465E-06 dt=7.143776E-08
 [ 03-04-2025  13:54:09.013 ] step: n=59 t=3.740902E-06 dt=7.143330E-08
 [ 03-04-2025  13:54:19.285 ] step: n=60 t=3.812336E-06 dt=7.143015E-08
 [ 03-04-2025  13:54:44.005 ] [IO_writeCheckpoint] open: type=checkpoint name=sedov_hdf5_chk_0006
 [ 03-04-2025  13:54:55.963 ] [io_writeData]: wrote   50688          blocks
 [ 03-04-2025  13:54:55.972 ] [IO_writeCheckpoint] close: type=checkpoint name=sedov_hdf5_chk_0006
 [ 03-04-2025  13:54:55.973 ] [Driver_evolveAll]: Exiting evolution loop
 [ 03-04-2025  13:54:56.157 ] [IO_writePlotfile] open: type=plotfile name=sedov_forced_hdf5_plt_cnt_0000
 [ 03-04-2025  13:55:02.401 ] [io_writeData]: wrote   50688          blocks
 [ 03-04-2025  13:55:02.573 ] [IO_writePlotfile] close: type=plotfile name=sedov_forced_hdf5_plt_cnt_0000
 [ 03-04-2025  13:55:02.637 ] memory: /proc vsize    (MB):     4614.59 (min)       5047.63 (max)       4781.39 (avg)
 [ 03-04-2025  13:55:02.684 ] memory: /proc rss      (MB):     2074.27 (min)       2222.59 (max)       2117.35 (avg)
 ==============================================================================
 perf_summary: code performance summary for process            0
                      beginning : 03-04-2025  13:34:44
                         ending : 03-04-2025  13:55:02
   seconds in monitoring period :             1217.914
      number of evolution steps :                   60
 ------------------------------------------------------------------------------
 accounting unit                       time sec  num calls   secs avg  time pct
 ------------------------------------------------------------------------------
 initialization                        272.399      1         272.399    22.366
  eos                                    0.637      8           0.080     0.052
  guardcell internal                    10.725      7           1.532     0.881
   amr_guardcell                        10.108      7           1.444     0.830
   eos gc                                0.000      7           0.000     0.000
  writeCheckpoint                       45.129      1          45.129     3.705
   restrictAll                           6.267      1           6.267     0.515
  writePlotfile                          5.458      1           5.458     0.448
 writePlotfile                           6.580      1           6.580     0.540
 evolution                             938.756      1         938.756    77.079
  Hydro                                459.932     60           7.666    37.764
   Head                                 96.853     60           1.614     7.952
    guardcell internal                  96.852     60           1.614     7.952
     amr_guardcell                      89.136     60           1.486     7.319
     eos gc                              0.003     60           0.000     0.000
   compute fluxes                      346.575     60           5.776    28.456
    hy_computeFluxes                   346.571   1632           0.212    28.456
     RiemannState                      298.749   1632           0.183    24.530
     getFaceFlux                        47.451   1632           0.029     3.896
   conserveFluxes                        0.144     60           0.002     0.012
   update solution                      16.219     60           0.270     1.332
    update solution body                16.215   1632           0.010     1.331
     unsplitUpdate                       5.998   1632           0.004     0.492
  sourceTerms                            0.000     60           0.000     0.000
  Particles_advance                      0.000     60           0.000     0.000
  Gravity potential                      0.000     60           0.000     0.000
  IO_output                            274.978    120           2.291    22.578
   diagnostics                         137.772    120           1.148    11.312
   checkpointing                       137.157      6          22.859    11.262
    writeCheckpoint                    137.155      6          22.859    11.261
     restrictAll                        38.837      6           6.473     3.189
  Grid_updateRefinement                201.327     60           3.355    16.530
   eos                                   0.957      5           0.191     0.079
   tree                                200.370     60           3.339    16.452
    markRefineDerefine                  56.137     30           1.871     4.609
     guardcell internal                 48.762     30           1.625     4.004
      amr_guardcell                     44.881     30           1.496     3.685
      eos gc                             0.001     30           0.000     0.000
    amr_refine_derefine                140.967     30           4.699    11.574
    updateData                           0.001     30           0.000     0.000
   updateParticleRefinement              0.000      5           0.000     0.000
  Driver_computeDt                       2.471     60           0.041     0.203
 ==============================================================================
 [ 03-04-2025  13:55:02.821 ] [Timers_getSummary]: Not writing timer max/min/avg values because not all processors had same timers
 [ 03-04-2025  13:55:02.863 ] LOGFILE_END: FLASH run complete.
 FLASH log file:  03-04-2025  13:55:26.532    Run number:  1
 ==============================================================================
 Number of MPI tasks:               1792
 MPI version:                          3
 MPI subversion:                       1
 Dimensionality:                       3
 Max Number of Blocks/Proc:          200
 Number x zones:                      32
 Number y zones:                      32
 Number z zones:                      32
 Setup stamp:     Fri Nov 1 14:03:57 2024
 Build stamp:     Fri Nov 1 14:04:23 2024
 System info:     Linux corona211 4.18.0-553.22.1.1toss.t4.x86_64 #1 SMP Tue Sep 24 16:50:00 PDT 2
 Version:         Flash-X 1.0 (heads/main-0-g6040ba49-dirty)                                      
 Build directory: /usr/workspace/ather1/Flash-X/sedov
 Setup syntax:    /usr/workspace/ather1/Flash-X/bin/setup.py Sedov -auto -3d -nxb=32 -nyb=32 -nzb=32 +parallelio -objdir=/usr/workspace/ather1/Flash-X/sedov
 f compiler flags: mpif90 -ggdb -c -O2 -fdefault-real-8 -fdefault-double-8 -Wuninitialized -fallow-argument-mismatch -fallow-argument-mismatch -DMAXBLOCKS=200 -DNXB=32 -DNYB=32 -DNZB=32 -DN_DIM=3
 c compiler flags:    mpicc -I/p/lustre2/ather1/hdf5-1.14.4-3/install/include -DH5_USE_18_API -ggdb -c -O2 -Wuninitialized -D_FORTIFY_SOURCE=2 -DMAXBLOCKS=200 -DNXB=32 -DNYB=32 -DNZB=32 -DN_DIM=3
 ==============================================================================
 Comment:  Sedov explosion
 ==============================================================================
 FLASH Units used:
   Driver/DriverMain/Unsplit
   Grid/GridBoundaryConditions
   Grid/GridMain/AMR/Paramesh4/PM4_package/flash_avoid_orrery
   Grid/GridMain/AMR/Paramesh4/PM4_package/headers
   Grid/GridMain/AMR/Paramesh4/PM4_package/source
   Grid/GridMain/AMR/Paramesh4/PM4_package/utilities/multigrid
   Grid/GridMain/AMR/Paramesh4/interpolation/prolong
   Grid/GridMain/AMR/Paramesh4/levelFlux
   Grid/localAPI
   IO/IOMain/hdf5/parallel/PM
   IO/localAPI
   PhysicalConstants/PhysicalConstantsMain
   RuntimeParameters/RuntimeParametersMain
   Simulation/SimulationMain/Sedov
   TimeAdvance/TimeAdvanceMain/StrangSplit
   flashUtilities/contiguousConversion
   flashUtilities/general
   flashUtilities/interpolation/oneDim
   flashUtilities/nameValueLL
   flashUtilities/sorting/quicksort
   flashUtilities/system/memoryUsage/legacy
   monitors/Logfile/LogfileMain
   monitors/Timers/TimersMain/MPINative
   physics/Eos/EosMain/Gamma
   physics/Hydro/HydroMain/unsplit/OnlyHydro
   physics/Hydro/HydroMain/unsplit/levelFlux
   physics/Hydro/localAPI
 ==============================================================================
 RuntimeParameters:
                                                                               
 ==============================================================================
bndpriorityone              =          1
bndprioritythree            =          3
bndprioritytwo              =          2
checkpointfileintervalstep  =         10 [CHANGED]
checkpointfilenumber        =          0
dr_abortpause               =          2
dr_dtminbelowaction         =          1
drift_break_inst            =          0
drift_trunc_mantissa        =          2
drift_verbose_inst          =          0
eos_entrelescalechoice      =          6
eos_loglevel                =        700
fileformatversion           =          9
forcedplotfilenumber        =          0
gr_lrefmaxtimevalue_1       =         -1
gr_lrefmaxtimevalue_10      =         -1
gr_lrefmaxtimevalue_11      =         -1
gr_lrefmaxtimevalue_12      =         -1
gr_lrefmaxtimevalue_13      =         -1
gr_lrefmaxtimevalue_14      =         -1
gr_lrefmaxtimevalue_15      =         -1
gr_lrefmaxtimevalue_16      =         -1
gr_lrefmaxtimevalue_17      =         -1
gr_lrefmaxtimevalue_18      =         -1
gr_lrefmaxtimevalue_19      =         -1
gr_lrefmaxtimevalue_2       =         -1
gr_lrefmaxtimevalue_20      =         -1
gr_lrefmaxtimevalue_3       =         -1
gr_lrefmaxtimevalue_4       =         -1
gr_lrefmaxtimevalue_5       =         -1
gr_lrefmaxtimevalue_6       =         -1
gr_lrefmaxtimevalue_7       =         -1
gr_lrefmaxtimevalue_8       =         -1
gr_lrefmaxtimevalue_9       =         -1
gr_pmrpdivergencefree       =         -1
gr_pmrpifaceoff             =          0
gr_pmrpl2p5d                =          0
gr_pmrpmaxblocks            =         -1
gr_pmrpmflags               =          1
gr_pmrpnboundaries          =          6
gr_pmrpndim                 =          3
gr_pmrpnedgevar1            =         -1
gr_pmrpnfacevar             =         -1
gr_pmrpnfielddivf           =         -1
gr_pmrpnfluxvar             =         -1
gr_pmrpnguard               =         -1
gr_pmrpnguardwork           =         -1
gr_pmrpnvar                 =         -1
gr_pmrpnvarwork             =          1
gr_pmrpnvarcorn             =          0
gr_pmrpnvaredge             =          0
gr_pmrpnxb                  =         -1
gr_pmrpnyb                  =         -1
gr_pmrpnzb                  =         -1
gr_restrictallmethod        =          3
gr_sanitizedatamode         =          1
gr_sanitizeverbosity        =          5
gr_tilesizex                =         32
gr_tilesizey                =         32
gr_tilesizez                =         32
hy_3torder                  =         -1
hydrocomputedtoption        =         -1
iprocs                      =          1
interpol_order              =          2
irenorm                     =          0
jprocs                      =          1
kprocs                      =          1
lrefine_del                 =          0
lrefine_max                 =          6 [CHANGED]
lrefine_min                 =          1
lrefine_min_init            =          1
max_particles_per_blk       =        100
memory_stat_freq            =     100000
meshcopycount               =          1
min_particles_per_blk       =          1
nbegin                      =          1
nblockx                     =         32 [CHANGED]
nblocky                     =         32 [CHANGED]
nblockz                     =         32 [CHANGED]
nend                        =         60 [CHANGED]
nrefs                       =          2
nsteptotalsts               =          5
order                       =          3 [CHANGED]
outputsplitnum              =          1
plotfileintervalstep        =          0
plotfilenumber              =          0
refine_var_count            =          4
rolling_checkpoint          =      10000
sim_centerrefinelevel       =          1
sim_integralslevel          =         -1
sim_nsubzones               =          7
sweeporder                  =        123
transorder                  =          1
wr_integrals_freq           =          1
limitedslopebeta            =                 0.100E+01
cfl                         =                 0.800E+00
checkpointfileintervaltime  =                 0.000E+00 [CHANGED]
checkpointfileintervalz     =                 0.180+309
cvisc                       =                 0.100E+00
derefine_cutoff_1           =                 0.200E+00
derefine_cutoff_2           =                 0.200E+00
derefine_cutoff_3           =                 0.200E+00
derefine_cutoff_4           =                 0.200E+00
dr_dtmincontinue            =                 0.000E+00
dr_tstepslowstartfactor     =                 0.100E+00
dtinit                      =                 0.100E-09
dtmax                       =                 0.100E+06
dtmin                       =                 0.100E-09
eintswitch                  =                 0.100E-03 [CHANGED]
eos_singlespeciesa          =                 0.100E+01
eos_singlespeciesz          =                 0.100E+01
gamma                       =                 0.140E+01 [CHANGED]
gr_btworkchildscaling       =                 0.100E+01
gr_btworkdefaultleaf        =                 0.200E+01
gr_btworkdefaultpar         =                 0.100E+01
gr_btworklbleaf             =                 0.000E+00
gr_btworklbpar              =                 0.000E+00
gr_btworkubleaf             =                 0.100E+07
gr_btworkubpar              =                 0.100E+07
gr_lrefinemaxredlogbase     =                 0.100E+02
gr_lrefinemaxredradiusfact  =                 0.000E+00
gr_lrefinemaxredtref        =                 0.000E+00
gr_lrefinemaxredtimescale   =                 0.100E+01
gr_lrefmaxtime_1            =                -0.100E+01
gr_lrefmaxtime_10           =                -0.100E+01
gr_lrefmaxtime_11           =                -0.100E+01
gr_lrefmaxtime_12           =                -0.100E+01
gr_lrefmaxtime_13           =                -0.100E+01
gr_lrefmaxtime_14           =                -0.100E+01
gr_lrefmaxtime_15           =                -0.100E+01
gr_lrefmaxtime_16           =                -0.100E+01
gr_lrefmaxtime_17           =                -0.100E+01
gr_lrefmaxtime_18           =                -0.100E+01
gr_lrefmaxtime_19           =                -0.100E+01
gr_lrefmaxtime_2            =                -0.100E+01
gr_lrefmaxtime_20           =                -0.100E+01
gr_lrefmaxtime_3            =                -0.100E+01
gr_lrefmaxtime_4            =                -0.100E+01
gr_lrefmaxtime_5            =                -0.100E+01
gr_lrefmaxtime_6            =                -0.100E+01
gr_lrefmaxtime_7            =                -0.100E+01
gr_lrefmaxtime_8            =                -0.100E+01
gr_lrefmaxtime_9            =                -0.100E+01
hy_cflfallbackfactor        =                 0.900E+00
hy_fpresinmomflux           =                 0.100E+01
hybridorderkappa            =                 0.000E+00
nusts                       =                 0.200E+00 [CHANGED]
plotfileintervaltime        =                 0.000E+00 [CHANGED]
plotfileintervalz           =                 0.180+309
radiusgp                    =                 0.200E+01
refine_cutoff_1             =                 0.800E+00
refine_cutoff_2             =                 0.800E+00
refine_cutoff_3             =                 0.800E+00
refine_cutoff_4             =                 0.800E+00
refine_filter_1             =                 0.100E-01
refine_filter_2             =                 0.100E-01
refine_filter_3             =                 0.100E-01
refine_filter_4             =                 0.100E-01
rss_limit                   =                -0.100E+01
sigmagp                     =                 0.300E+01
sim_derefineradius          =                 0.000E+00
sim_earliestlstime          =                 0.000E+00
sim_expenergy               =                 0.100E+01
sim_largestnormradius       =                 0.180+309
sim_latestlstime            =                 0.180+309
sim_minrhoinit              =                 0.100E-19
sim_pambient                =                 0.100E-04
sim_rinit                   =                 0.137E-01 [CHANGED]
sim_rhoambient              =                 0.100E+01
sim_smallestnormradius      =                 0.000E+00
sim_xctr                    =                 0.500E+00
sim_yctr                    =                 0.500E+00
sim_zctr                    =                 0.500E+00
small                       =                 0.100E-09
smalle                      =                 0.100E-09
smallp                      =                 0.100E-09
smallt                      =                 0.100E-09
smallu                      =                 0.100E-09
smallx                      =                 0.100E-09
smlrho                      =                 0.100E-09
tinitial                    =                 0.000E+00
tiny                        =                 0.100E-15
tmax                        =                 0.500E+06 [CHANGED]
tstep_change_factor         =                 0.200E+01
wall_clock_checkpoint       =                 0.432E+05
wall_clock_time_limit       =                 0.605E+06
x_refine_center             =                 0.000E+00
xmax                        =                 0.100E+01
xmin                        =                 0.000E+00
y_refine_center             =                 0.000E+00
ymax                        =                 0.100E+01
ymin                        =                 0.000E+00
zfinal                      =                 0.000E+00
zinitial                    =                -0.100E+01
z_refine_center             =                 0.000E+00
zmax                        =                 0.100E+01
zmin                        =                 0.000E+00
riemannsolver               = Roe                            [CHANGED]
unitsystem                  = none                          
basenm                      = sedov_                         [CHANGED]
entropyfixmethod            = HARTENHYMAN                   
eosmode                     = dens_ie                       
eosmodeinit                 = dens_ie                       
geometry                    = cartesian                     
gr_pmrpoutputdir            = ./                            
grav_boundary_type          = isolated                      
hy_eosmodegc                = see eosMode                   
log_file                    = sedov.log                      [CHANGED]
output_directory            =                               
pc_unitsbase                = CGS                           
plot_grid_var_1             = none                          
plot_grid_var_10            = none                          
plot_grid_var_11            = none                          
plot_grid_var_12            = none                          
plot_grid_var_13            = none                          
plot_grid_var_14            = none                          
plot_grid_var_15            = none                          
plot_grid_var_16            = none                          
plot_grid_var_17            = none                          
plot_grid_var_18            = none                          
plot_grid_var_19            = none                          
plot_grid_var_2             = none                          
plot_grid_var_20            = none                          
plot_grid_var_21            = none                          
plot_grid_var_22            = none                          
plot_grid_var_23            = none                          
plot_grid_var_24            = none                          
plot_grid_var_25            = none                          
plot_grid_var_26            = none                          
plot_grid_var_27            = none                          
plot_grid_var_28            = none                          
plot_grid_var_29            = none                          
plot_grid_var_3             = none                          
plot_grid_var_30            = none                          
plot_grid_var_31            = none                          
plot_grid_var_32            = none                          
plot_grid_var_33            = none                          
plot_grid_var_34            = none                          
plot_grid_var_35            = none                          
plot_grid_var_36            = none                          
plot_grid_var_37            = none                          
plot_grid_var_38            = none                          
plot_grid_var_39            = none                          
plot_grid_var_4             = none                          
plot_grid_var_40            = none                          
plot_grid_var_41            = none                          
plot_grid_var_42            = none                          
plot_grid_var_43            = none                          
plot_grid_var_44            = none                          
plot_grid_var_45            = none                          
plot_grid_var_46            = none                          
plot_grid_var_47            = none                          
plot_grid_var_48            = none                          
plot_grid_var_49            = none                          
plot_grid_var_5             = none                          
plot_grid_var_50            = none                          
plot_grid_var_51            = none                          
plot_grid_var_52            = none                          
plot_grid_var_53            = none                          
plot_grid_var_54            = none                          
plot_grid_var_55            = none                          
plot_grid_var_56            = none                          
plot_grid_var_57            = none                          
plot_grid_var_58            = none                          
plot_grid_var_59            = none                          
plot_grid_var_6             = none                          
plot_grid_var_60            = none                          
plot_grid_var_61            = none                          
plot_grid_var_62            = none                          
plot_grid_var_63            = none                          
plot_grid_var_64            = none                          
plot_grid_var_65            = none                          
plot_grid_var_66            = none                          
plot_grid_var_67            = none                          
plot_grid_var_68            = none                          
plot_grid_var_69            = none                          
plot_grid_var_7             = none                          
plot_grid_var_70            = none                          
plot_grid_var_71            = none                          
plot_grid_var_72            = none                          
plot_grid_var_73            = none                          
plot_grid_var_74            = none                          
plot_grid_var_75            = none                          
plot_grid_var_76            = none                          
plot_grid_var_77            = none                          
plot_grid_var_78            = none                          
plot_grid_var_8             = none                          
plot_grid_var_9             = none                          
plot_var_1                  = dens                           [CHANGED]
plot_var_10                 = none                          
plot_var_11                 = none                          
plot_var_12                 = none                          
plot_var_13                 = none                          
plot_var_14                 = none                          
plot_var_15                 = none                          
plot_var_16                 = none                          
plot_var_17                 = none                          
plot_var_18                 = none                          
plot_var_2                  = pres                           [CHANGED]
plot_var_3                  = temp                           [CHANGED]
plot_var_4                  = none                          
plot_var_5                  = none                          
plot_var_6                  = none                          
plot_var_7                  = none                          
plot_var_8                  = none                          
plot_var_9                  = none                          
prof_file                   = profile.dat                   
refine_var_1                = dens                           [CHANGED]
refine_var_2                = pres                           [CHANGED]
refine_var_3                = none                          
refine_var_4                = none                          
run_comment                 = Sedov explosion                [CHANGED]
run_number                  = 1                             
sim_proffilename            = /dev/null                      [CHANGED]
slopelimiter                = mc                             [CHANGED]
stats_file                  = flashx.dat                    
wenomethod                  = WENO5                         
xl_boundary_type            = outflow                        [CHANGED]
xr_boundary_type            = outflow                        [CHANGED]
yl_boundary_type            = outflow                        [CHANGED]
yr_boundary_type            = outflow                        [CHANGED]
zl_boundary_type            = outflow                        [CHANGED]
zr_boundary_type            = outflow                        [CHANGED]
csvsummaryallprocs          =  F
eosforriemann               =  F
logsummaryallprocs          =  F
addthermalflux              =  T
allowdtstsdominate          =  F
alwayscomputeuservars       =  T
alwaysrestrictcheckpoint    =  T
charlimiting                =  T
chkguardcellsinput          =  F
chkguardcellsoutput         =  F
conserveangmom              =  F
converttoconsvdformeshcalls =  F
converttoconsvdinmeshinterp =  T
corners                     =  F
dr_printtsteploc            =  T
dr_shortenlaststepbeforetmax =  F
drift_tuples                =  F
eachprocwritesownabortlog   =  F
eachprocwritessummary       =  F
earlyblockdistadjustment    =  T
enablemaskedgcfill          =  F
entropy                     =  F
flux_correct                =  T
flux_correct_perlevel       =  F
geometryoverride            =  F
gr_bcenableapplymixedgds    =  T
gr_bndgcfillneedsprimitivevars =  T
gr_btcustomwork             =  F
gr_btexchangework           =  F
gr_btsortbywork             =  T
gr_enabletiling             =  F
gr_lrefinemaxbytime         =  F
gr_lrefinemaxreddobylogr    =  F
gr_lrefinemaxreddobytime    =  F
gr_pmrpadvancealllevels     =  F
gr_pmrpamrerrorchecking     =  F
gr_pmrpcartesianpm          =  F
gr_pmrpconserve             =  F
gr_pmrpconsvfluxdensities   =  T
gr_pmrpconsvfluxes          =  F
gr_pmrpcurvilinear          =  F
gr_pmrpcurvilinearconserve  =  F
gr_pmrpcylindricalpm        =  F
gr_pmrpdiagonals            =  T
gr_pmrpedgevalue            =  T
gr_pmrpedgevalueinteg       =  F
gr_pmrpemptycells           =  F
gr_pmrpforceconsistency     =  T
gr_pmrplsingularline        =  F
gr_pmrpnopermanentguardcells =  F
gr_pmrppolarpm              =  F
gr_pmrppredcorr             =  F
gr_pmrpsphericalpm          =  F
gr_pmrptimingmpi            =  F
gr_pmrptimingmpix           =  F
gr_pmrpvardt                =  F
gr_usetiling                =  F
hy_fallbacklowercfl         =  F
hy_fullspecmsfluxhandling   =  T
hy_usetiling                =  F
ignoreforcedplot            =  F
io_writemscalarintegrals    =  F
plotfilegridquantitydp      =  F
plotfilemetadatadp          =  F
reducegcellfills            =  F
refine_on_particle_count    =  F
restart                     =  F
shockdetect                 =  F
shocklowercfl               =  F
sim_bcsetbdryvar            =  F
sim_forcecenterderefine     =  F
sim_onelevelintegralsonly   =  F
summaryoutputonly           =  F
threadblocklistbuild        =  F
threaddelepblocklist        =  F
threaddelepwithinblock      =  F
threaddriverblocklist       =  F
threaddriverwithinblock     =  F
threadeoswithinblock        =  F
threadhydroblocklist        =  F
threadhydrowithinblock      =  F
threadraytracebuild         =  F
threadwithinblockbuild      =  F
tmr_suppressinparallel      =  F
typematchedxfer             =  T
unbiased_geometry           =  F
updatehydrofluxes           =  T
useburn                     =  F
usecollectivehdf5           =  T
usedeleptonize              =  F
usegravity                  =  F
useheatad                   =  F
useheater                   =  F
usehydro                    =  T
useimbound                  =  F
useincompns                 =  F
useinlet                    =  F
uselegacylabels             =  T
usemultiphase               =  F
useorchestration            =  F
useoutlet                   =  F
useparticles                =  F
useradtrans                 =  F
usests                      =  F
usestsfordiffusion          =  F
usesolidmechanics           =  F
use_3dfullctu               =  T
use_auxeinteqn              =  T
use_avisc                   =  T [CHANGED]
use_cma_advection           =  F
use_cma_flattening          =  F
use_flash_surr_blks_fill    =  T
use_flattening              =  F
use_gravhalfupdate          =  T
use_hybridorder             =  F
use_reduced_orrery          =  T
use_steepening              =  F
use_upwindtvd               =  F
writestatsummary            =  T
                                                                               
 ==============================================================================
                                                                               
 Known units of measurement:
                                                                               
              Unit                          CGS Value                Base Unit
  1                  cm                     1.0000                           cm
  2                   s                     1.0000                            s
  3                   g                     1.0000                            g
  4                   K                     1.0000                            K
  5                 esu                     1.0000                          esu
  6                 mol                     1.0000                          mol
  7                   m                     100.00                           cm
  8                  km                    1.00000E+05                       cm
  9                  pc                    3.08568E+18                       cm
 10                 kpc                    3.08568E+21                       cm
 11                 Mpc                    3.08568E+24                       cm
 12                 Gpc                    3.08568E+27                       cm
 13                Rsun                    6.96000E+10                       cm
 14                  AU                    1.49598E+13                       cm
 15                  yr                    3.15569E+07                        s
 16                 Myr                    3.15569E+13                        s
 17                 Gyr                    3.15569E+16                        s
 18                  kg                     1000.0                            g
 19                Msun                    1.98892E+33                        g
 20                 amu                    1.66054E-24                        g
 21                  eV                     11605.                            K
 22                   C                    2.99792E+09                      esu
 23                LFLY                    3.08568E+24                       cm
 24                TFLY                    2.05759E+17                        s
 25                MFLY                    9.88470E+45                        g
 26            clLength                    3.08568E+24                       cm
 27              clTime                    3.15569E+16                        s
 28              clMass                    1.98892E+48                        g
 29              clTemp                    1.16045E+07                        K
-----------End of Units--------------------
                                                                               
 Known physical constants:
                                                                               
    Constant Name       Constant Value   cm       s        g        K        esu      mol
  1              Newton    6.67408E-08   3.0     -2.0     -1.0      0.0      0.0      0.0    
  2      speed of light    2.99792E+10   1.0     -1.0      0.0      0.0      0.0      0.0    
  3              Planck    6.62607E-27   2.0     -1.0      1.0      0.0      0.0      0.0    
  4     electron charge    4.80320E-10   0.0      0.0      0.0      0.0      1.0      0.0    
  5       electron mass    9.10938E-28   0.0      0.0      1.0      0.0      0.0      0.0    
  6         proton mass    1.67262E-24   0.0      0.0      1.0      0.0      0.0      0.0    
  7      fine-structure    7.29735E-03   0.0      0.0      0.0      0.0      0.0      0.0    
  8            Avogadro    6.02214E+23   0.0      0.0      0.0      0.0      0.0     -1.0    
  9           Boltzmann    1.38065E-16   2.0     -2.0      1.0     -1.0      0.0      0.0    
 10  ideal gas constant    8.31446E+07   2.0     -2.0      1.0     -1.0      0.0     -1.0    
 11                Wien    0.28978       1.0      0.0      0.0      1.0      0.0      0.0    
 12    Stefan-Boltzmann    5.67037E-05   0.0     -3.0      1.0     -4.0      0.0      0.0    
 13  Radiation Constant    7.56572E-15  -1.0     -2.0      1.0     -4.0      0.0      0.0    
 14                  pi     3.1416       0.0      0.0      0.0      0.0      0.0      0.0    
 15                   e     2.7183       0.0      0.0      0.0      0.0      0.0      0.0    
 16               Euler    0.57722       0.0      0.0      0.0      0.0      0.0      0.0    
 ==============================================================================
                                                                               
 Multifluid database: not configured in
                                                                               
 ==============================================================================
 [ 03-04-2025  13:55:26.533 ] [gr_initGeometry] checking BCs for idir: 1
 [ 03-04-2025  13:55:26.534 ] [gr_initGeometry] checking BCs for idir: 2
 [ 03-04-2025  13:55:26.534 ] [gr_initGeometry] checking BCs for idir: 3
 [ 03-04-2025  13:55:28.520 ] [GRID amr_refine_derefine]: initiating refinement
 [ 03-04-2025  13:55:28.520 ] [GRID amr_refine_derefine]: redist. phase.  tot blks requested: 32768
 [GRID amr_refine_derefine] min blks 18    max blks 19    tot blks 32768
 [GRID amr_refine_derefine] min leaf blks 18    max leaf blks 19    tot leaf blks 32768
 [ 03-04-2025  13:55:28.973 ] [GRID amr_refine_derefine]: refinement complete
 [ 03-04-2025  13:55:41.320 ] [GRID gr_expandDomain]: iteration=1, create level=2
 INFO: Grid_fillGuardCells is ignoring masking.
 [ 03-04-2025  13:55:59.101 ] [mpi_amr_comm_setup]: buffer_dim_send=5176573, buffer_dim_recv=3646981
 [ 03-04-2025  13:56:02.785 ] [GRID amr_refine_derefine]: initiating refinement
 [ 03-04-2025  13:56:02.802 ] [GRID amr_refine_derefine]: redist. phase.  tot blks requested: 32832
 [GRID amr_refine_derefine] min blks 18    max blks 19    tot blks 32832
 [GRID amr_refine_derefine] min leaf blks 17    max leaf blks 19    tot leaf blks 32824
 [ 03-04-2025  13:56:03.063 ] [GRID amr_refine_derefine]: refinement complete
 [ 03-04-2025  13:56:03.067 ] [GRID gr_expandDomain]: iteration=2, create level=3
 [ 03-04-2025  13:56:24.869 ] [GRID amr_refine_derefine]: initiating refinement
 [ 03-04-2025  13:56:24.886 ] [GRID amr_refine_derefine]: redist. phase.  tot blks requested: 32896
 [GRID amr_refine_derefine] min blks 18    max blks 20    tot blks 32896
 [GRID amr_refine_derefine] min leaf blks 17    max leaf blks 19    tot leaf blks 32880
 [ 03-04-2025  13:56:25.156 ] [GRID amr_refine_derefine]: refinement complete
 [ 03-04-2025  13:56:25.160 ] [GRID gr_expandDomain]: iteration=3, create level=4
 [ 03-04-2025  13:56:47.081 ] [GRID amr_refine_derefine]: initiating refinement
 [ 03-04-2025  13:56:47.108 ] [GRID amr_refine_derefine]: redist. phase.  tot blks requested: 34304
 [GRID amr_refine_derefine] min blks 19    max blks 22    tot blks 34304
 [GRID amr_refine_derefine] min leaf blks 17    max leaf blks 20    tot leaf blks 34112
 [ 03-04-2025  13:56:47.591 ] [GRID amr_refine_derefine]: refinement complete
 [ 03-04-2025  13:56:47.599 ] [GRID gr_expandDomain]: iteration=4, create level=5
 [ 03-04-2025  13:57:07.696 ] [mpi_amr_comm_setup]: buffer_dim_send=5313661, buffer_dim_recv=4312081
 [ 03-04-2025  13:57:10.425 ] [GRID amr_refine_derefine]: initiating refinement
 [ 03-04-2025  13:57:10.454 ] [GRID amr_refine_derefine]: redist. phase.  tot blks requested: 37312
 [GRID amr_refine_derefine] min blks 20    max blks 24    tot blks 37312
 [GRID amr_refine_derefine] min leaf blks 18    max leaf blks 21    tot leaf blks 36744
 [ 03-04-2025  13:57:10.977 ] [GRID amr_refine_derefine]: refinement complete
 [ 03-04-2025  13:57:10.985 ] [GRID gr_expandDomain]: iteration=5, create level=6
 [ 03-04-2025  13:57:33.146 ] [mpi_amr_comm_setup]: buffer_dim_send=5713933, buffer_dim_recv=4459801
 [ 03-04-2025  13:57:35.353 ] [GRID amr_refine_derefine]: initiating refinement
 [ 03-04-2025  13:57:35.375 ] [GRID amr_refine_derefine]: redist. phase.  tot blks requested: 48768
 [GRID amr_refine_derefine] min blks 26    max blks 30    tot blks 48768
 [GRID amr_refine_derefine] min leaf blks 23    max leaf blks 27    tot leaf blks 46768
 [ 03-04-2025  13:57:36.198 ] [GRID amr_refine_derefine]: refinement complete
 [ 03-04-2025  13:57:36.216 ] [GRID gr_expandDomain]: iteration=6, create level=6
 [ 03-04-2025  13:58:04.753 ] [mpi_amr_comm_setup]: buffer_dim_send=7881145, buffer_dim_recv=5392297
 [ 03-04-2025  13:58:07.174 ] [GRID gr_expandDomain]: iteration=7, create level=6
 [ 03-04-2025  13:58:38.145 ] [GRID gr_expandDomain]: iteration=8, create level=6
 [ 03-04-2025  13:59:07.546 ] memory: /proc vsize    (MB):     4528.09 (min)       4788.07 (max)       4698.80 (avg)
 [ 03-04-2025  13:59:07.547 ] memory: /proc rss      (MB):     1840.23 (min)       1926.56 (max)       1861.15 (avg)
 [ 03-04-2025  13:59:07.548 ] memory: /proc vsize    (MB):     4528.09 (min)       4788.07 (max)       4698.80 (avg)
 [ 03-04-2025  13:59:07.548 ] memory: /proc rss      (MB):     1840.23 (min)       1926.56 (max)       1861.15 (avg)
 [ 03-04-2025  13:59:07.594 ] memory: /proc vsize    (MB):     4528.09 (min)       4788.07 (max)       4698.80 (avg)
 [ 03-04-2025  13:59:07.594 ] memory: /proc rss      (MB):     1840.23 (min)       1926.56 (max)       1861.15 (avg)
 [ 03-04-2025  13:59:14.238 ] [IO_writeCheckpoint] open: type=checkpoint name=sedov_hdf5_chk_0000
 [ 03-04-2025  13:59:49.080 ] [io_writeData]: wrote   48768          blocks
 [ 03-04-2025  13:59:49.092 ] [IO_writeCheckpoint] close: type=checkpoint name=sedov_hdf5_chk_0000
 [ 03-04-2025  13:59:49.199 ] [IO_writePlotfile] open: type=plotfile name=sedov_hdf5_plt_cnt_0000
 [ 03-04-2025  13:59:53.611 ] [io_writeData]: wrote   48768          blocks
 [ 03-04-2025  13:59:53.622 ] [IO_writePlotfile] close: type=plotfile name=sedov_hdf5_plt_cnt_0000
 [ 03-04-2025  13:59:53.624 ] memory: /proc vsize    (MB):     4545.49 (min)       5016.60 (max)       4718.53 (avg)
 [ 03-04-2025  13:59:53.624 ] memory: /proc rss      (MB):     1846.73 (min)       1937.79 (max)       1871.43 (avg)
 [ 03-04-2025  13:59:53.624 ] [Driver_evolveAll]: Entering evolution loop
 [ 03-04-2025  13:59:53.624 ] step: n=1 t=0.000000E+00 dt=1.000000E-10
 [ 03-04-2025  14:00:03.516 ] step: n=2 t=1.000000E-10 dt=2.000000E-10
 [ 03-04-2025  14:00:19.787 ] step: n=3 t=3.000000E-10 dt=4.000000E-10
 [ 03-04-2025  14:00:29.604 ] step: n=4 t=7.000000E-10 dt=8.000000E-10
 [ 03-04-2025  14:00:45.900 ] step: n=5 t=1.500000E-09 dt=1.600000E-09
 [ 03-04-2025  14:00:55.755 ] step: n=6 t=3.100000E-09 dt=3.200000E-09
 [ 03-04-2025  14:01:12.162 ] step: n=7 t=6.300000E-09 dt=6.400000E-09
 [ 03-04-2025  14:01:22.045 ] step: n=8 t=1.270000E-08 dt=1.280000E-08
 [ 03-04-2025  14:01:38.376 ] step: n=9 t=2.550000E-08 dt=2.560000E-08
 [ 03-04-2025  14:01:48.307 ] step: n=10 t=5.110000E-08 dt=5.120000E-08
 [ 03-04-2025  14:02:10.965 ] [IO_writeCheckpoint] open: type=checkpoint name=sedov_hdf5_chk_0001
 [ 03-04-2025  14:02:45.822 ] [io_writeData]: wrote   48768          blocks
 [ 03-04-2025  14:02:45.830 ] [IO_writeCheckpoint] close: type=checkpoint name=sedov_hdf5_chk_0001
 [ 03-04-2025  14:02:45.832 ] step: n=11 t=1.023000E-07 dt=1.024000E-07
 [ 03-04-2025  14:02:55.682 ] step: n=12 t=2.047000E-07 dt=9.937542E-08
 [ 03-04-2025  14:03:12.030 ] step: n=13 t=3.040754E-07 dt=9.615282E-08
 [ 03-04-2025  14:03:21.980 ] step: n=14 t=4.002282E-07 dt=9.325600E-08
 [ 03-04-2025  14:03:38.362 ] step: n=15 t=4.934842E-07 dt=9.058955E-08
 [ 03-04-2025  14:03:48.265 ] step: n=16 t=5.840738E-07 dt=8.822195E-08
 [ 03-04-2025  14:04:04.665 ] step: n=17 t=6.722957E-07 dt=8.592743E-08
 [ 03-04-2025  14:04:14.594 ] step: n=18 t=7.582232E-07 dt=8.368672E-08
 [ 03-04-2025  14:04:31.003 ] step: n=19 t=8.419099E-07 dt=8.162257E-08
 [ 03-04-2025  14:04:40.921 ] step: n=20 t=9.235325E-07 dt=7.981691E-08
 [ 03-04-2025  14:05:03.687 ] [IO_writeCheckpoint] open: type=checkpoint name=sedov_hdf5_chk_0002
 [ 03-04-2025  14:05:38.948 ] [io_writeData]: wrote   48768          blocks
 [ 03-04-2025  14:05:38.955 ] [IO_writeCheckpoint] close: type=checkpoint name=sedov_hdf5_chk_0002
 [ 03-04-2025  14:05:38.956 ] step: n=21 t=1.003349E-06 dt=7.822053E-08
 [ 03-04-2025  14:05:48.831 ] step: n=22 t=1.081570E-06 dt=7.684528E-08
 [ 03-04-2025  14:06:05.215 ] step: n=23 t=1.158415E-06 dt=7.555985E-08
 [ 03-04-2025  14:06:15.077 ] step: n=24 t=1.233975E-06 dt=7.447396E-08
 [ 03-04-2025  14:06:31.341 ] [GRID amr_refine_derefine]: initiating refinement
 [ 03-04-2025  14:06:31.358 ] [GRID amr_refine_derefine]: redist. phase.  tot blks requested: 49152
 [GRID amr_refine_derefine] min blks 26    max blks 30    tot blks 49152
 [GRID amr_refine_derefine] min leaf blks 24    max leaf blks 27    tot leaf blks 47104
 [ 03-04-2025  14:06:32.023 ] [GRID amr_refine_derefine]: refinement complete
 [ 03-04-2025  14:06:32.625 ] step: n=25 t=1.308449E-06 dt=7.359418E-08
 [ 03-04-2025  14:06:32.625 ] [mpi_amr_comm_setup]: buffer_dim_send=7863733, buffer_dim_recv=5392297
 [ 03-04-2025  14:06:42.592 ] step: n=26 t=1.382043E-06 dt=7.289860E-08
 [ 03-04-2025  14:06:58.946 ] step: n=27 t=1.454942E-06 dt=7.238261E-08
 [ 03-04-2025  14:07:08.912 ] step: n=28 t=1.527324E-06 dt=7.195505E-08
 [ 03-04-2025  14:07:25.277 ] step: n=29 t=1.599279E-06 dt=7.160819E-08
 [ 03-04-2025  14:07:35.250 ] step: n=30 t=1.670888E-06 dt=7.137201E-08
 [ 03-04-2025  14:07:57.969 ] [IO_writeCheckpoint] open: type=checkpoint name=sedov_hdf5_chk_0003
 [ 03-04-2025  14:08:34.140 ] [io_writeData]: wrote   49152          blocks
 [ 03-04-2025  14:08:34.146 ] [IO_writeCheckpoint] close: type=checkpoint name=sedov_hdf5_chk_0003
 [ 03-04-2025  14:08:34.147 ] step: n=31 t=1.742260E-06 dt=7.124494E-08
 [ 03-04-2025  14:08:44.124 ] step: n=32 t=1.813505E-06 dt=7.119740E-08
 [ 03-04-2025  14:09:00.509 ] step: n=33 t=1.884702E-06 dt=7.120661E-08
 [ 03-04-2025  14:09:10.497 ] step: n=34 t=1.955909E-06 dt=7.122364E-08
 [ 03-04-2025  14:09:26.872 ] step: n=35 t=2.027132E-06 dt=7.124414E-08
 [ 03-04-2025  14:09:36.838 ] step: n=36 t=2.098376E-06 dt=7.127462E-08
 [ 03-04-2025  14:09:52.998 ] [GRID amr_refine_derefine]: initiating refinement
 [ 03-04-2025  14:09:53.008 ] [GRID amr_refine_derefine]: redist. phase.  tot blks requested: 49920
 [GRID amr_refine_derefine] min blks 27    max blks 31    tot blks 49920
 [GRID amr_refine_derefine] min leaf blks 24    max leaf blks 28    tot leaf blks 47776
 [ 03-04-2025  14:09:53.700 ] [GRID amr_refine_derefine]: refinement complete
 [ 03-04-2025  14:09:54.267 ] step: n=37 t=2.169651E-06 dt=7.132802E-08
 [ 03-04-2025  14:09:54.267 ] [mpi_amr_comm_setup]: buffer_dim_send=7338289, buffer_dim_recv=5392297
 [ 03-04-2025  14:10:04.241 ] step: n=38 t=2.240979E-06 dt=7.141305E-08
 [ 03-04-2025  14:10:20.739 ] step: n=39 t=2.312392E-06 dt=7.142860E-08
 [ 03-04-2025  14:10:30.684 ] step: n=40 t=2.383821E-06 dt=7.142437E-08
 [ 03-04-2025  14:10:53.877 ] [IO_writeCheckpoint] open: type=checkpoint name=sedov_hdf5_chk_0004
 [ 03-04-2025  14:11:30.044 ] [io_writeData]: wrote   49920          blocks
 [ 03-04-2025  14:11:30.050 ] [IO_writeCheckpoint] close: type=checkpoint name=sedov_hdf5_chk_0004
 [ 03-04-2025  14:11:30.051 ] step: n=41 t=2.455245E-06 dt=7.141417E-08
 [ 03-04-2025  14:11:39.997 ] step: n=42 t=2.526659E-06 dt=7.140932E-08
 [ 03-04-2025  14:11:56.497 ] step: n=43 t=2.598068E-06 dt=7.141878E-08
 [ 03-04-2025  14:12:06.441 ] step: n=44 t=2.669487E-06 dt=7.142363E-08
 [ 03-04-2025  14:12:22.943 ] step: n=45 t=2.740911E-06 dt=7.140413E-08
 [ 03-04-2025  14:12:32.889 ] step: n=46 t=2.812315E-06 dt=7.140388E-08
 [ 03-04-2025  14:12:49.301 ] [GRID amr_refine_derefine]: initiating refinement
 [ 03-04-2025  14:12:49.322 ] [GRID amr_refine_derefine]: redist. phase.  tot blks requested: 50304
 [GRID amr_refine_derefine] min blks 27    max blks 31    tot blks 50304
 [GRID amr_refine_derefine] min leaf blks 24    max leaf blks 28    tot leaf blks 48112
 [ 03-04-2025  14:12:50.012 ] [GRID amr_refine_derefine]: refinement complete
 [ 03-04-2025  14:12:50.503 ] step: n=47 t=2.883719E-06 dt=7.140292E-08
 [ 03-04-2025  14:12:50.503 ] [mpi_amr_comm_setup]: buffer_dim_send=7910833, buffer_dim_recv=5392297
 [ 03-04-2025  14:13:00.570 ] step: n=48 t=2.955122E-06 dt=7.140606E-08
 [ 03-04-2025  14:13:17.061 ] [GRID amr_refine_derefine]: initiating refinement
 [ 03-04-2025  14:13:17.072 ] [GRID amr_refine_derefine]: redist. phase.  tot blks requested: 50496
 [GRID amr_refine_derefine] min blks 27    max blks 31    tot blks 50496
 [GRID amr_refine_derefine] min leaf blks 24    max leaf blks 28    tot leaf blks 48280
 [ 03-04-2025  14:13:17.536 ] [GRID amr_refine_derefine]: refinement complete
 [ 03-04-2025  14:13:18.013 ] step: n=49 t=3.026528E-06 dt=7.141819E-08
 [ 03-04-2025  14:13:18.013 ] [mpi_amr_comm_setup]: buffer_dim_send=6484429, buffer_dim_recv=4958125
 [ 03-04-2025  14:13:28.155 ] step: n=50 t=3.097946E-06 dt=7.145160E-08
 [ 03-04-2025  14:13:44.816 ] [GRID amr_refine_derefine]: initiating refinement
 [ 03-04-2025  14:13:44.836 ] [GRID amr_refine_derefine]: redist. phase.  tot blks requested: 50688
 [GRID amr_refine_derefine] min blks 27    max blks 31    tot blks 50688
 [GRID amr_refine_derefine] min leaf blks 24    max leaf blks 28    tot leaf blks 48448
 [ 03-04-2025  14:13:45.257 ] [GRID amr_refine_derefine]: refinement complete
 [ 03-04-2025  14:13:52.538 ] [IO_writeCheckpoint] open: type=checkpoint name=sedov_hdf5_chk_0005
 [ 03-04-2025  14:14:28.507 ] [io_writeData]: wrote   50688          blocks
 [ 03-04-2025  14:14:28.536 ] [IO_writeCheckpoint] close: type=checkpoint name=sedov_hdf5_chk_0005
 [ 03-04-2025  14:14:28.538 ] step: n=51 t=3.169398E-06 dt=7.144310E-08
 [ 03-04-2025  14:14:38.813 ] step: n=52 t=3.240841E-06 dt=7.143606E-08
 [ 03-04-2025  14:14:55.766 ] step: n=53 t=3.312277E-06 dt=7.143079E-08
 [ 03-04-2025  14:15:06.029 ] step: n=54 t=3.383708E-06 dt=7.142810E-08
 [ 03-04-2025  14:15:22.978 ] step: n=55 t=3.455136E-06 dt=7.143310E-08
 [ 03-04-2025  14:15:33.242 ] step: n=56 t=3.526569E-06 dt=7.144995E-08
 [ 03-04-2025  14:15:50.209 ] step: n=57 t=3.598019E-06 dt=7.144585E-08
 [ 03-04-2025  14:16:00.478 ] step: n=58 t=3.669465E-06 dt=7.143776E-08
 [ 03-04-2025  14:16:17.423 ] step: n=59 t=3.740902E-06 dt=7.143330E-08
 [ 03-04-2025  14:16:27.687 ] step: n=60 t=3.812336E-06 dt=7.143015E-08
 [ 03-04-2025  14:16:51.393 ] [IO_writeCheckpoint] open: type=checkpoint name=sedov_hdf5_chk_0006
 [ 03-04-2025  14:17:27.427 ] [io_writeData]: wrote   50688          blocks
 [ 03-04-2025  14:17:27.433 ] [IO_writeCheckpoint] close: type=checkpoint name=sedov_hdf5_chk_0006
 [ 03-04-2025  14:17:27.434 ] [Driver_evolveAll]: Exiting evolution loop
 [ 03-04-2025  14:17:27.545 ] [IO_writePlotfile] open: type=plotfile name=sedov_forced_hdf5_plt_cnt_0000
 [ 03-04-2025  14:17:31.866 ] [io_writeData]: wrote   50688          blocks
 [ 03-04-2025  14:17:31.873 ] [IO_writePlotfile] close: type=plotfile name=sedov_forced_hdf5_plt_cnt_0000
 [ 03-04-2025  14:17:31.875 ] memory: /proc vsize    (MB):     4585.46 (min)       5023.10 (max)       4759.26 (avg)
 [ 03-04-2025  14:17:31.875 ] memory: /proc rss      (MB):     2071.70 (min)       2221.44 (max)       2115.72 (avg)
 ==============================================================================
 perf_summary: code performance summary for process            0
                      beginning : 03-04-2025  13:55:26
                         ending : 03-04-2025  14:17:31
   seconds in monitoring period :             1325.345
      number of evolution steps :                   60
 ------------------------------------------------------------------------------
 accounting unit                       time sec  num calls   secs avg  time pct
 ------------------------------------------------------------------------------
 initialization                        267.093      1         267.093    20.153
  eos                                    0.638      8           0.080     0.048
  guardcell internal                    10.702      7           1.529     0.808
   amr_guardcell                        10.088      7           1.441     0.761
   eos gc                                0.000      7           0.000     0.000
  writeCheckpoint                       41.455      1          41.455     3.128
   restrictAll                           6.243      1           6.243     0.471
  writePlotfile                          4.529      1           4.529     0.342
 writePlotfile                           4.439      1           4.439     0.335
 evolution                            1053.810      1        1053.810    79.512
  Hydro                                459.388     60           7.656    34.662
   Head                                 96.334     60           1.606     7.269
    guardcell internal                  96.333     60           1.606     7.269
     amr_guardcell                      88.557     60           1.476     6.682
     eos gc                              0.003     60           0.000     0.000
   compute fluxes                      346.573     60           5.776    26.150
    hy_computeFluxes                   346.568   1632           0.212    26.149
     RiemannState                      298.771   1632           0.183    22.543
     getFaceFlux                        47.416   1632           0.029     3.578
   conserveFluxes                        0.138     60           0.002     0.010
   update solution                      16.191     60           0.270     1.222
    update solution body                16.188   1632           0.010     1.221
     unsplitUpdate                       6.014   1632           0.004     0.454
  sourceTerms                            0.000     60           0.000     0.000
  Particles_advance                      0.000     60           0.000     0.000
  Gravity potential                      0.000     60           0.000     0.000
  IO_output                            391.084    120           3.259    29.508
   diagnostics                         137.253    120           1.144    10.356
   checkpointing                       253.803      6          42.301    19.150
    writeCheckpoint                    253.801      6          42.300    19.150
     restrictAll                        38.651      6           6.442     2.916
  Grid_updateRefinement                200.824     60           3.347    15.153
   eos                                   0.953      5           0.191     0.072
   tree                                199.871     60           3.331    15.081
    markRefineDerefine                  55.900     30           1.863     4.218
     guardcell internal                 48.444     30           1.615     3.655
      amr_guardcell                     44.535     30           1.485     3.360
      eos gc                             0.001     30           0.000     0.000
    amr_refine_derefine                140.720     30           4.691    10.618
    updateData                           0.001     30           0.000     0.000
   updateParticleRefinement              0.000      5           0.000     0.000
  Driver_computeDt                       2.496     60           0.042     0.188
 ==============================================================================
 [ 03-04-2025  14:17:31.876 ] [Timers_getSummary]: Not writing timer max/min/avg values because not all processors had same timers
 [ 03-04-2025  14:17:31.876 ] LOGFILE_END: FLASH run complete.
 FLASH log file:  03-04-2025  14:17:58.294    Run number:  1
 ==============================================================================
 Number of MPI tasks:               1792
 MPI version:                          3
 MPI subversion:                       1
 Dimensionality:                       3
 Max Number of Blocks/Proc:          200
 Number x zones:                      32
 Number y zones:                      32
 Number z zones:                      32
 Setup stamp:     Fri Nov 1 14:03:57 2024
 Build stamp:     Fri Nov 1 14:04:23 2024
 System info:     Linux corona211 4.18.0-553.22.1.1toss.t4.x86_64 #1 SMP Tue Sep 24 16:50:00 PDT 2
 Version:         Flash-X 1.0 (heads/main-0-g6040ba49-dirty)                                      
 Build directory: /usr/workspace/ather1/Flash-X/sedov
 Setup syntax:    /usr/workspace/ather1/Flash-X/bin/setup.py Sedov -auto -3d -nxb=32 -nyb=32 -nzb=32 +parallelio -objdir=/usr/workspace/ather1/Flash-X/sedov
 f compiler flags: mpif90 -ggdb -c -O2 -fdefault-real-8 -fdefault-double-8 -Wuninitialized -fallow-argument-mismatch -fallow-argument-mismatch -DMAXBLOCKS=200 -DNXB=32 -DNYB=32 -DNZB=32 -DN_DIM=3
 c compiler flags:    mpicc -I/p/lustre2/ather1/hdf5-1.14.4-3/install/include -DH5_USE_18_API -ggdb -c -O2 -Wuninitialized -D_FORTIFY_SOURCE=2 -DMAXBLOCKS=200 -DNXB=32 -DNYB=32 -DNZB=32 -DN_DIM=3
 ==============================================================================
 Comment:  Sedov explosion
 ==============================================================================
 FLASH Units used:
   Driver/DriverMain/Unsplit
   Grid/GridBoundaryConditions
   Grid/GridMain/AMR/Paramesh4/PM4_package/flash_avoid_orrery
   Grid/GridMain/AMR/Paramesh4/PM4_package/headers
   Grid/GridMain/AMR/Paramesh4/PM4_package/source
   Grid/GridMain/AMR/Paramesh4/PM4_package/utilities/multigrid
   Grid/GridMain/AMR/Paramesh4/interpolation/prolong
   Grid/GridMain/AMR/Paramesh4/levelFlux
   Grid/localAPI
   IO/IOMain/hdf5/parallel/PM
   IO/localAPI
   PhysicalConstants/PhysicalConstantsMain
   RuntimeParameters/RuntimeParametersMain
   Simulation/SimulationMain/Sedov
   TimeAdvance/TimeAdvanceMain/StrangSplit
   flashUtilities/contiguousConversion
   flashUtilities/general
   flashUtilities/interpolation/oneDim
   flashUtilities/nameValueLL
   flashUtilities/sorting/quicksort
   flashUtilities/system/memoryUsage/legacy
   monitors/Logfile/LogfileMain
   monitors/Timers/TimersMain/MPINative
   physics/Eos/EosMain/Gamma
   physics/Hydro/HydroMain/unsplit/OnlyHydro
   physics/Hydro/HydroMain/unsplit/levelFlux
   physics/Hydro/localAPI
 ==============================================================================
 RuntimeParameters:
                                                                               
 ==============================================================================
bndpriorityone              =          1
bndprioritythree            =          3
bndprioritytwo              =          2
checkpointfileintervalstep  =         10 [CHANGED]
checkpointfilenumber        =          0
dr_abortpause               =          2
dr_dtminbelowaction         =          1
drift_break_inst            =          0
drift_trunc_mantissa        =          2
drift_verbose_inst          =          0
eos_entrelescalechoice      =          6
eos_loglevel                =        700
fileformatversion           =          9
forcedplotfilenumber        =          0
gr_lrefmaxtimevalue_1       =         -1
gr_lrefmaxtimevalue_10      =         -1
gr_lrefmaxtimevalue_11      =         -1
gr_lrefmaxtimevalue_12      =         -1
gr_lrefmaxtimevalue_13      =         -1
gr_lrefmaxtimevalue_14      =         -1
gr_lrefmaxtimevalue_15      =         -1
gr_lrefmaxtimevalue_16      =         -1
gr_lrefmaxtimevalue_17      =         -1
gr_lrefmaxtimevalue_18      =         -1
gr_lrefmaxtimevalue_19      =         -1
gr_lrefmaxtimevalue_2       =         -1
gr_lrefmaxtimevalue_20      =         -1
gr_lrefmaxtimevalue_3       =         -1
gr_lrefmaxtimevalue_4       =         -1
gr_lrefmaxtimevalue_5       =         -1
gr_lrefmaxtimevalue_6       =         -1
gr_lrefmaxtimevalue_7       =         -1
gr_lrefmaxtimevalue_8       =         -1
gr_lrefmaxtimevalue_9       =         -1
gr_pmrpdivergencefree       =         -1
gr_pmrpifaceoff             =          0
gr_pmrpl2p5d                =          0
gr_pmrpmaxblocks            =         -1
gr_pmrpmflags               =          1
gr_pmrpnboundaries          =          6
gr_pmrpndim                 =          3
gr_pmrpnedgevar1            =         -1
gr_pmrpnfacevar             =         -1
gr_pmrpnfielddivf           =         -1
gr_pmrpnfluxvar             =         -1
gr_pmrpnguard               =         -1
gr_pmrpnguardwork           =         -1
gr_pmrpnvar                 =         -1
gr_pmrpnvarwork             =          1
gr_pmrpnvarcorn             =          0
gr_pmrpnvaredge             =          0
gr_pmrpnxb                  =         -1
gr_pmrpnyb                  =         -1
gr_pmrpnzb                  =         -1
gr_restrictallmethod        =          3
gr_sanitizedatamode         =          1
gr_sanitizeverbosity        =          5
gr_tilesizex                =         32
gr_tilesizey                =         32
gr_tilesizez                =         32
hy_3torder                  =         -1
hydrocomputedtoption        =         -1
iprocs                      =          1
interpol_order              =          2
irenorm                     =          0
jprocs                      =          1
kprocs                      =          1
lrefine_del                 =          0
lrefine_max                 =          6 [CHANGED]
lrefine_min                 =          1
lrefine_min_init            =          1
max_particles_per_blk       =        100
memory_stat_freq            =     100000
meshcopycount               =          1
min_particles_per_blk       =          1
nbegin                      =          1
nblockx                     =         32 [CHANGED]
nblocky                     =         32 [CHANGED]
nblockz                     =         32 [CHANGED]
nend                        =         60 [CHANGED]
nrefs                       =          2
nsteptotalsts               =          5
order                       =          3 [CHANGED]
outputsplitnum              =          1
plotfileintervalstep        =          0
plotfilenumber              =          0
refine_var_count            =          4
rolling_checkpoint          =      10000
sim_centerrefinelevel       =          1
sim_integralslevel          =         -1
sim_nsubzones               =          7
sweeporder                  =        123
transorder                  =          1
wr_integrals_freq           =          1
limitedslopebeta            =                 0.100E+01
cfl                         =                 0.800E+00
checkpointfileintervaltime  =                 0.000E+00 [CHANGED]
checkpointfileintervalz     =                 0.180+309
cvisc                       =                 0.100E+00
derefine_cutoff_1           =                 0.200E+00
derefine_cutoff_2           =                 0.200E+00
derefine_cutoff_3           =                 0.200E+00
derefine_cutoff_4           =                 0.200E+00
dr_dtmincontinue            =                 0.000E+00
dr_tstepslowstartfactor     =                 0.100E+00
dtinit                      =                 0.100E-09
dtmax                       =                 0.100E+06
dtmin                       =                 0.100E-09
eintswitch                  =                 0.100E-03 [CHANGED]
eos_singlespeciesa          =                 0.100E+01
eos_singlespeciesz          =                 0.100E+01
gamma                       =                 0.140E+01 [CHANGED]
gr_btworkchildscaling       =                 0.100E+01
gr_btworkdefaultleaf        =                 0.200E+01
gr_btworkdefaultpar         =                 0.100E+01
gr_btworklbleaf             =                 0.000E+00
gr_btworklbpar              =                 0.000E+00
gr_btworkubleaf             =                 0.100E+07
gr_btworkubpar              =                 0.100E+07
gr_lrefinemaxredlogbase     =                 0.100E+02
gr_lrefinemaxredradiusfact  =                 0.000E+00
gr_lrefinemaxredtref        =                 0.000E+00
gr_lrefinemaxredtimescale   =                 0.100E+01
gr_lrefmaxtime_1            =                -0.100E+01
gr_lrefmaxtime_10           =                -0.100E+01
gr_lrefmaxtime_11           =                -0.100E+01
gr_lrefmaxtime_12           =                -0.100E+01
gr_lrefmaxtime_13           =                -0.100E+01
gr_lrefmaxtime_14           =                -0.100E+01
gr_lrefmaxtime_15           =                -0.100E+01
gr_lrefmaxtime_16           =                -0.100E+01
gr_lrefmaxtime_17           =                -0.100E+01
gr_lrefmaxtime_18           =                -0.100E+01
gr_lrefmaxtime_19           =                -0.100E+01
gr_lrefmaxtime_2            =                -0.100E+01
gr_lrefmaxtime_20           =                -0.100E+01
gr_lrefmaxtime_3            =                -0.100E+01
gr_lrefmaxtime_4            =                -0.100E+01
gr_lrefmaxtime_5            =                -0.100E+01
gr_lrefmaxtime_6            =                -0.100E+01
gr_lrefmaxtime_7            =                -0.100E+01
gr_lrefmaxtime_8            =                -0.100E+01
gr_lrefmaxtime_9            =                -0.100E+01
hy_cflfallbackfactor        =                 0.900E+00
hy_fpresinmomflux           =                 0.100E+01
hybridorderkappa            =                 0.000E+00
nusts                       =                 0.200E+00 [CHANGED]
plotfileintervaltime        =                 0.000E+00 [CHANGED]
plotfileintervalz           =                 0.180+309
radiusgp                    =                 0.200E+01
refine_cutoff_1             =                 0.800E+00
refine_cutoff_2             =                 0.800E+00
refine_cutoff_3             =                 0.800E+00
refine_cutoff_4             =                 0.800E+00
refine_filter_1             =                 0.100E-01
refine_filter_2             =                 0.100E-01
refine_filter_3             =                 0.100E-01
refine_filter_4             =                 0.100E-01
rss_limit                   =                -0.100E+01
sigmagp                     =                 0.300E+01
sim_derefineradius          =                 0.000E+00
sim_earliestlstime          =                 0.000E+00
sim_expenergy               =                 0.100E+01
sim_largestnormradius       =                 0.180+309
sim_latestlstime            =                 0.180+309
sim_minrhoinit              =                 0.100E-19
sim_pambient                =                 0.100E-04
sim_rinit                   =                 0.137E-01 [CHANGED]
sim_rhoambient              =                 0.100E+01
sim_smallestnormradius      =                 0.000E+00
sim_xctr                    =                 0.500E+00
sim_yctr                    =                 0.500E+00
sim_zctr                    =                 0.500E+00
small                       =                 0.100E-09
smalle                      =                 0.100E-09
smallp                      =                 0.100E-09
smallt                      =                 0.100E-09
smallu                      =                 0.100E-09
smallx                      =                 0.100E-09
smlrho                      =                 0.100E-09
tinitial                    =                 0.000E+00
tiny                        =                 0.100E-15
tmax                        =                 0.500E+06 [CHANGED]
tstep_change_factor         =                 0.200E+01
wall_clock_checkpoint       =                 0.432E+05
wall_clock_time_limit       =                 0.605E+06
x_refine_center             =                 0.000E+00
xmax                        =                 0.100E+01
xmin                        =                 0.000E+00
y_refine_center             =                 0.000E+00
ymax                        =                 0.100E+01
ymin                        =                 0.000E+00
zfinal                      =                 0.000E+00
zinitial                    =                -0.100E+01
z_refine_center             =                 0.000E+00
zmax                        =                 0.100E+01
zmin                        =                 0.000E+00
riemannsolver               = Roe                            [CHANGED]
unitsystem                  = none                          
basenm                      = sedov_                         [CHANGED]
entropyfixmethod            = HARTENHYMAN                   
eosmode                     = dens_ie                       
eosmodeinit                 = dens_ie                       
geometry                    = cartesian                     
gr_pmrpoutputdir            = ./                            
grav_boundary_type          = isolated                      
hy_eosmodegc                = see eosMode                   
log_file                    = sedov.log                      [CHANGED]
output_directory            =                               
pc_unitsbase                = CGS                           
plot_grid_var_1             = none                          
plot_grid_var_10            = none                          
plot_grid_var_11            = none                          
plot_grid_var_12            = none                          
plot_grid_var_13            = none                          
plot_grid_var_14            = none                          
plot_grid_var_15            = none                          
plot_grid_var_16            = none                          
plot_grid_var_17            = none                          
plot_grid_var_18            = none                          
plot_grid_var_19            = none                          
plot_grid_var_2             = none                          
plot_grid_var_20            = none                          
plot_grid_var_21            = none                          
plot_grid_var_22            = none                          
plot_grid_var_23            = none                          
plot_grid_var_24            = none                          
plot_grid_var_25            = none                          
plot_grid_var_26            = none                          
plot_grid_var_27            = none                          
plot_grid_var_28            = none                          
plot_grid_var_29            = none                          
plot_grid_var_3             = none                          
plot_grid_var_30            = none                          
plot_grid_var_31            = none                          
plot_grid_var_32            = none                          
plot_grid_var_33            = none                          
plot_grid_var_34            = none                          
plot_grid_var_35            = none                          
plot_grid_var_36            = none                          
plot_grid_var_37            = none                          
plot_grid_var_38            = none                          
plot_grid_var_39            = none                          
plot_grid_var_4             = none                          
plot_grid_var_40            = none                          
plot_grid_var_41            = none                          
plot_grid_var_42            = none                          
plot_grid_var_43            = none                          
plot_grid_var_44            = none                          
plot_grid_var_45            = none                          
plot_grid_var_46            = none                          
plot_grid_var_47            = none                          
plot_grid_var_48            = none                          
plot_grid_var_49            = none                          
plot_grid_var_5             = none                          
plot_grid_var_50            = none                          
plot_grid_var_51            = none                          
plot_grid_var_52            = none                          
plot_grid_var_53            = none                          
plot_grid_var_54            = none                          
plot_grid_var_55            = none                          
plot_grid_var_56            = none                          
plot_grid_var_57            = none                          
plot_grid_var_58            = none                          
plot_grid_var_59            = none                          
plot_grid_var_6             = none                          
plot_grid_var_60            = none                          
plot_grid_var_61            = none                          
plot_grid_var_62            = none                          
plot_grid_var_63            = none                          
plot_grid_var_64            = none                          
plot_grid_var_65            = none                          
plot_grid_var_66            = none                          
plot_grid_var_67            = none                          
plot_grid_var_68            = none                          
plot_grid_var_69            = none                          
plot_grid_var_7             = none                          
plot_grid_var_70            = none                          
plot_grid_var_71            = none                          
plot_grid_var_72            = none                          
plot_grid_var_73            = none                          
plot_grid_var_74            = none                          
plot_grid_var_75            = none                          
plot_grid_var_76            = none                          
plot_grid_var_77            = none                          
plot_grid_var_78            = none                          
plot_grid_var_8             = none                          
plot_grid_var_9             = none                          
plot_var_1                  = dens                           [CHANGED]
plot_var_10                 = none                          
plot_var_11                 = none                          
plot_var_12                 = none                          
plot_var_13                 = none                          
plot_var_14                 = none                          
plot_var_15                 = none                          
plot_var_16                 = none                          
plot_var_17                 = none                          
plot_var_18                 = none                          
plot_var_2                  = pres                           [CHANGED]
plot_var_3                  = temp                           [CHANGED]
plot_var_4                  = none                          
plot_var_5                  = none                          
plot_var_6                  = none                          
plot_var_7                  = none                          
plot_var_8                  = none                          
plot_var_9                  = none                          
prof_file                   = profile.dat                   
refine_var_1                = dens                           [CHANGED]
refine_var_2                = pres                           [CHANGED]
refine_var_3                = none                          
refine_var_4                = none                          
run_comment                 = Sedov explosion                [CHANGED]
run_number                  = 1                             
sim_proffilename            = /dev/null                      [CHANGED]
slopelimiter                = mc                             [CHANGED]
stats_file                  = flashx.dat                    
wenomethod                  = WENO5                         
xl_boundary_type            = outflow                        [CHANGED]
xr_boundary_type            = outflow                        [CHANGED]
yl_boundary_type            = outflow                        [CHANGED]
yr_boundary_type            = outflow                        [CHANGED]
zl_boundary_type            = outflow                        [CHANGED]
zr_boundary_type            = outflow                        [CHANGED]
csvsummaryallprocs          =  F
eosforriemann               =  F
logsummaryallprocs          =  F
addthermalflux              =  T
allowdtstsdominate          =  F
alwayscomputeuservars       =  T
alwaysrestrictcheckpoint    =  T
charlimiting                =  T
chkguardcellsinput          =  F
chkguardcellsoutput         =  F
conserveangmom              =  F
converttoconsvdformeshcalls =  F
converttoconsvdinmeshinterp =  T
corners                     =  F
dr_printtsteploc            =  T
dr_shortenlaststepbeforetmax =  F
drift_tuples                =  F
eachprocwritesownabortlog   =  F
eachprocwritessummary       =  F
earlyblockdistadjustment    =  T
enablemaskedgcfill          =  F
entropy                     =  F
flux_correct                =  T
flux_correct_perlevel       =  F
geometryoverride            =  F
gr_bcenableapplymixedgds    =  T
gr_bndgcfillneedsprimitivevars =  T
gr_btcustomwork             =  F
gr_btexchangework           =  F
gr_btsortbywork             =  T
gr_enabletiling             =  F
gr_lrefinemaxbytime         =  F
gr_lrefinemaxreddobylogr    =  F
gr_lrefinemaxreddobytime    =  F
gr_pmrpadvancealllevels     =  F
gr_pmrpamrerrorchecking     =  F
gr_pmrpcartesianpm          =  F
gr_pmrpconserve             =  F
gr_pmrpconsvfluxdensities   =  T
gr_pmrpconsvfluxes          =  F
gr_pmrpcurvilinear          =  F
gr_pmrpcurvilinearconserve  =  F
gr_pmrpcylindricalpm        =  F
gr_pmrpdiagonals            =  T
gr_pmrpedgevalue            =  T
gr_pmrpedgevalueinteg       =  F
gr_pmrpemptycells           =  F
gr_pmrpforceconsistency     =  T
gr_pmrplsingularline        =  F
gr_pmrpnopermanentguardcells =  F
gr_pmrppolarpm              =  F
gr_pmrppredcorr             =  F
gr_pmrpsphericalpm          =  F
gr_pmrptimingmpi            =  F
gr_pmrptimingmpix           =  F
gr_pmrpvardt                =  F
gr_usetiling                =  F
hy_fallbacklowercfl         =  F
hy_fullspecmsfluxhandling   =  T
hy_usetiling                =  F
ignoreforcedplot            =  F
io_writemscalarintegrals    =  F
plotfilegridquantitydp      =  F
plotfilemetadatadp          =  F
reducegcellfills            =  F
refine_on_particle_count    =  F
restart                     =  F
shockdetect                 =  F
shocklowercfl               =  F
sim_bcsetbdryvar            =  F
sim_forcecenterderefine     =  F
sim_onelevelintegralsonly   =  F
summaryoutputonly           =  F
threadblocklistbuild        =  F
threaddelepblocklist        =  F
threaddelepwithinblock      =  F
threaddriverblocklist       =  F
threaddriverwithinblock     =  F
threadeoswithinblock        =  F
threadhydroblocklist        =  F
threadhydrowithinblock      =  F
threadraytracebuild         =  F
threadwithinblockbuild      =  F
tmr_suppressinparallel      =  F
typematchedxfer             =  T
unbiased_geometry           =  F
updatehydrofluxes           =  T
useburn                     =  F
usecollectivehdf5           =  T
usedeleptonize              =  F
usegravity                  =  F
useheatad                   =  F
useheater                   =  F
usehydro                    =  T
useimbound                  =  F
useincompns                 =  F
useinlet                    =  F
uselegacylabels             =  T
usemultiphase               =  F
useorchestration            =  F
useoutlet                   =  F
useparticles                =  F
useradtrans                 =  F
usests                      =  F
usestsfordiffusion          =  F
usesolidmechanics           =  F
use_3dfullctu               =  T
use_auxeinteqn              =  T
use_avisc                   =  T [CHANGED]
use_cma_advection           =  F
use_cma_flattening          =  F
use_flash_surr_blks_fill    =  T
use_flattening              =  F
use_gravhalfupdate          =  T
use_hybridorder             =  F
use_reduced_orrery          =  T
use_steepening              =  F
use_upwindtvd               =  F
writestatsummary            =  T
                                                                               
 ==============================================================================
                                                                               
 Known units of measurement:
                                                                               
              Unit                          CGS Value                Base Unit
  1                  cm                     1.0000                           cm
  2                   s                     1.0000                            s
  3                   g                     1.0000                            g
  4                   K                     1.0000                            K
  5                 esu                     1.0000                          esu
  6                 mol                     1.0000                          mol
  7                   m                     100.00                           cm
  8                  km                    1.00000E+05                       cm
  9                  pc                    3.08568E+18                       cm
 10                 kpc                    3.08568E+21                       cm
 11                 Mpc                    3.08568E+24                       cm
 12                 Gpc                    3.08568E+27                       cm
 13                Rsun                    6.96000E+10                       cm
 14                  AU                    1.49598E+13                       cm
 15                  yr                    3.15569E+07                        s
 16                 Myr                    3.15569E+13                        s
 17                 Gyr                    3.15569E+16                        s
 18                  kg                     1000.0                            g
 19                Msun                    1.98892E+33                        g
 20                 amu                    1.66054E-24                        g
 21                  eV                     11605.                            K
 22                   C                    2.99792E+09                      esu
 23                LFLY                    3.08568E+24                       cm
 24                TFLY                    2.05759E+17                        s
 25                MFLY                    9.88470E+45                        g
 26            clLength                    3.08568E+24                       cm
 27              clTime                    3.15569E+16                        s
 28              clMass                    1.98892E+48                        g
 29              clTemp                    1.16045E+07                        K
-----------End of Units--------------------
                                                                               
 Known physical constants:
                                                                               
    Constant Name       Constant Value   cm       s        g        K        esu      mol
  1              Newton    6.67408E-08   3.0     -2.0     -1.0      0.0      0.0      0.0    
  2      speed of light    2.99792E+10   1.0     -1.0      0.0      0.0      0.0      0.0    
  3              Planck    6.62607E-27   2.0     -1.0      1.0      0.0      0.0      0.0    
  4     electron charge    4.80320E-10   0.0      0.0      0.0      0.0      1.0      0.0    
  5       electron mass    9.10938E-28   0.0      0.0      1.0      0.0      0.0      0.0    
  6         proton mass    1.67262E-24   0.0      0.0      1.0      0.0      0.0      0.0    
  7      fine-structure    7.29735E-03   0.0      0.0      0.0      0.0      0.0      0.0    
  8            Avogadro    6.02214E+23   0.0      0.0      0.0      0.0      0.0     -1.0    
  9           Boltzmann    1.38065E-16   2.0     -2.0      1.0     -1.0      0.0      0.0    
 10  ideal gas constant    8.31446E+07   2.0     -2.0      1.0     -1.0      0.0     -1.0    
 11                Wien    0.28978       1.0      0.0      0.0      1.0      0.0      0.0    
 12    Stefan-Boltzmann    5.67037E-05   0.0     -3.0      1.0     -4.0      0.0      0.0    
 13  Radiation Constant    7.56572E-15  -1.0     -2.0      1.0     -4.0      0.0      0.0    
 14                  pi     3.1416       0.0      0.0      0.0      0.0      0.0      0.0    
 15                   e     2.7183       0.0      0.0      0.0      0.0      0.0      0.0    
 16               Euler    0.57722       0.0      0.0      0.0      0.0      0.0      0.0    
 ==============================================================================
                                                                               
 Multifluid database: not configured in
                                                                               
 ==============================================================================
 [ 03-04-2025  14:17:58.295 ] [gr_initGeometry] checking BCs for idir: 1
 [ 03-04-2025  14:17:58.296 ] [gr_initGeometry] checking BCs for idir: 2
 [ 03-04-2025  14:17:58.296 ] [gr_initGeometry] checking BCs for idir: 3
 [ 03-04-2025  14:18:00.281 ] [GRID amr_refine_derefine]: initiating refinement
 [ 03-04-2025  14:18:00.281 ] [GRID amr_refine_derefine]: redist. phase.  tot blks requested: 32768
 [GRID amr_refine_derefine] min blks 18    max blks 19    tot blks 32768
 [GRID amr_refine_derefine] min leaf blks 18    max leaf blks 19    tot leaf blks 32768
 [ 03-04-2025  14:18:00.793 ] [GRID amr_refine_derefine]: refinement complete
 [ 03-04-2025  14:18:13.114 ] [GRID gr_expandDomain]: iteration=1, create level=2
 INFO: Grid_fillGuardCells is ignoring masking.
 [ 03-04-2025  14:18:30.897 ] [mpi_amr_comm_setup]: buffer_dim_send=5176573, buffer_dim_recv=3646981
 [ 03-04-2025  14:18:34.594 ] [GRID amr_refine_derefine]: initiating refinement
 [ 03-04-2025  14:18:34.611 ] [GRID amr_refine_derefine]: redist. phase.  tot blks requested: 32832
 [GRID amr_refine_derefine] min blks 18    max blks 19    tot blks 32832
 [GRID amr_refine_derefine] min leaf blks 17    max leaf blks 19    tot leaf blks 32824
 [ 03-04-2025  14:18:34.873 ] [GRID amr_refine_derefine]: refinement complete
 [ 03-04-2025  14:18:34.877 ] [GRID gr_expandDomain]: iteration=2, create level=3
 [ 03-04-2025  14:18:56.580 ] [GRID amr_refine_derefine]: initiating refinement
 [ 03-04-2025  14:18:56.595 ] [GRID amr_refine_derefine]: redist. phase.  tot blks requested: 32896
 [GRID amr_refine_derefine] min blks 18    max blks 20    tot blks 32896
 [GRID amr_refine_derefine] min leaf blks 17    max leaf blks 19    tot leaf blks 32880
 [ 03-04-2025  14:18:56.865 ] [GRID amr_refine_derefine]: refinement complete
 [ 03-04-2025  14:18:56.868 ] [GRID gr_expandDomain]: iteration=3, create level=4
 [ 03-04-2025  14:19:18.805 ] [GRID amr_refine_derefine]: initiating refinement
 [ 03-04-2025  14:19:18.834 ] [GRID amr_refine_derefine]: redist. phase.  tot blks requested: 34304
 [GRID amr_refine_derefine] min blks 19    max blks 22    tot blks 34304
 [GRID amr_refine_derefine] min leaf blks 17    max leaf blks 20    tot leaf blks 34112
 [ 03-04-2025  14:19:19.316 ] [GRID amr_refine_derefine]: refinement complete
 [ 03-04-2025  14:19:19.321 ] [GRID gr_expandDomain]: iteration=4, create level=5
 [ 03-04-2025  14:19:39.433 ] [mpi_amr_comm_setup]: buffer_dim_send=5313661, buffer_dim_recv=4312081
 [ 03-04-2025  14:19:42.157 ] [GRID amr_refine_derefine]: initiating refinement
 [ 03-04-2025  14:19:42.177 ] [GRID amr_refine_derefine]: redist. phase.  tot blks requested: 37312
 [GRID amr_refine_derefine] min blks 20    max blks 24    tot blks 37312
 [GRID amr_refine_derefine] min leaf blks 18    max leaf blks 21    tot leaf blks 36744
 [ 03-04-2025  14:19:42.704 ] [GRID amr_refine_derefine]: refinement complete
 [ 03-04-2025  14:19:42.710 ] [GRID gr_expandDomain]: iteration=5, create level=6
 [ 03-04-2025  14:20:04.866 ] [mpi_amr_comm_setup]: buffer_dim_send=5713933, buffer_dim_recv=4459801
 [ 03-04-2025  14:20:07.103 ] [GRID amr_refine_derefine]: initiating refinement
 [ 03-04-2025  14:20:07.124 ] [GRID amr_refine_derefine]: redist. phase.  tot blks requested: 48768
 [GRID amr_refine_derefine] min blks 26    max blks 30    tot blks 48768
 [GRID amr_refine_derefine] min leaf blks 23    max leaf blks 27    tot leaf blks 46768
 [ 03-04-2025  14:20:07.871 ] [GRID amr_refine_derefine]: refinement complete
 [ 03-04-2025  14:20:07.897 ] [GRID gr_expandDomain]: iteration=6, create level=6
 [ 03-04-2025  14:20:36.420 ] [mpi_amr_comm_setup]: buffer_dim_send=7881145, buffer_dim_recv=5392297
 [ 03-04-2025  14:20:38.885 ] [GRID gr_expandDomain]: iteration=7, create level=6
 [ 03-04-2025  14:21:09.838 ] [GRID gr_expandDomain]: iteration=8, create level=6
 [ 03-04-2025  14:21:39.219 ] memory: /proc vsize    (MB):     4528.09 (min)       4791.78 (max)       4698.83 (avg)
 [ 03-04-2025  14:21:39.221 ] memory: /proc rss      (MB):     1839.87 (min)       1925.46 (max)       1861.22 (avg)
 [ 03-04-2025  14:21:39.221 ] memory: /proc vsize    (MB):     4528.09 (min)       4791.78 (max)       4698.83 (avg)
 [ 03-04-2025  14:21:39.222 ] memory: /proc rss      (MB):     1839.87 (min)       1925.46 (max)       1861.22 (avg)
 [ 03-04-2025  14:21:39.268 ] memory: /proc vsize    (MB):     4528.09 (min)       4791.78 (max)       4698.83 (avg)
 [ 03-04-2025  14:21:39.268 ] memory: /proc rss      (MB):     1839.87 (min)       1925.46 (max)       1861.22 (avg)
 [ 03-04-2025  14:21:45.977 ] [IO_writeCheckpoint] open: type=checkpoint name=sedov_hdf5_chk_0000
 [ 03-04-2025  14:22:20.306 ] [io_writeData]: wrote   48768          blocks
 [ 03-04-2025  14:22:20.318 ] [IO_writeCheckpoint] close: type=checkpoint name=sedov_hdf5_chk_0000
 [ 03-04-2025  14:22:20.428 ] [IO_writePlotfile] open: type=plotfile name=sedov_hdf5_plt_cnt_0000
 [ 03-04-2025  14:22:24.745 ] [io_writeData]: wrote   48768          blocks
 [ 03-04-2025  14:22:24.754 ] [IO_writePlotfile] close: type=plotfile name=sedov_hdf5_plt_cnt_0000
 [ 03-04-2025  14:22:24.755 ] memory: /proc vsize    (MB):     4545.50 (min)       5016.25 (max)       4718.63 (avg)
 [ 03-04-2025  14:22:24.755 ] memory: /proc rss      (MB):     1846.70 (min)       1939.96 (max)       1871.54 (avg)
 [ 03-04-2025  14:22:24.755 ] [Driver_evolveAll]: Entering evolution loop
 [ 03-04-2025  14:22:24.756 ] step: n=1 t=0.000000E+00 dt=1.000000E-10
 [ 03-04-2025  14:22:34.706 ] step: n=2 t=1.000000E-10 dt=2.000000E-10
 [ 03-04-2025  14:22:51.038 ] step: n=3 t=3.000000E-10 dt=4.000000E-10
 [ 03-04-2025  14:23:00.895 ] step: n=4 t=7.000000E-10 dt=8.000000E-10
 [ 03-04-2025  14:23:17.247 ] step: n=5 t=1.500000E-09 dt=1.600000E-09
 [ 03-04-2025  14:23:27.117 ] step: n=6 t=3.100000E-09 dt=3.200000E-09
 [ 03-04-2025  14:23:43.555 ] step: n=7 t=6.300000E-09 dt=6.400000E-09
 [ 03-04-2025  14:23:53.432 ] step: n=8 t=1.270000E-08 dt=1.280000E-08
 [ 03-04-2025  14:24:09.833 ] step: n=9 t=2.550000E-08 dt=2.560000E-08
 [ 03-04-2025  14:24:19.740 ] step: n=10 t=5.110000E-08 dt=5.120000E-08
 [ 03-04-2025  14:24:42.555 ] [IO_writeCheckpoint] open: type=checkpoint name=sedov_hdf5_chk_0001
 [ 03-04-2025  14:25:17.329 ] [io_writeData]: wrote   48768          blocks
 [ 03-04-2025  14:25:17.341 ] [IO_writeCheckpoint] close: type=checkpoint name=sedov_hdf5_chk_0001
 [ 03-04-2025  14:25:17.342 ] step: n=11 t=1.023000E-07 dt=1.024000E-07
 [ 03-04-2025  14:25:27.238 ] step: n=12 t=2.047000E-07 dt=9.937542E-08
 [ 03-04-2025  14:25:43.620 ] step: n=13 t=3.040754E-07 dt=9.615282E-08
 [ 03-04-2025  14:25:53.501 ] step: n=14 t=4.002282E-07 dt=9.325600E-08
 [ 03-04-2025  14:26:09.949 ] step: n=15 t=4.934842E-07 dt=9.058955E-08
 [ 03-04-2025  14:26:19.869 ] step: n=16 t=5.840738E-07 dt=8.822195E-08
 [ 03-04-2025  14:26:36.317 ] step: n=17 t=6.722957E-07 dt=8.592743E-08
 [ 03-04-2025  14:26:46.249 ] step: n=18 t=7.582232E-07 dt=8.368672E-08
 [ 03-04-2025  14:27:02.690 ] step: n=19 t=8.419099E-07 dt=8.162257E-08
 [ 03-04-2025  14:27:12.598 ] step: n=20 t=9.235325E-07 dt=7.981691E-08
 [ 03-04-2025  14:27:35.436 ] [IO_writeCheckpoint] open: type=checkpoint name=sedov_hdf5_chk_0002
 [ 03-04-2025  14:28:09.919 ] [io_writeData]: wrote   48768          blocks
 [ 03-04-2025  14:28:09.926 ] [IO_writeCheckpoint] close: type=checkpoint name=sedov_hdf5_chk_0002
 [ 03-04-2025  14:28:09.927 ] step: n=21 t=1.003349E-06 dt=7.822053E-08
 [ 03-04-2025  14:28:19.824 ] step: n=22 t=1.081570E-06 dt=7.684528E-08
 [ 03-04-2025  14:28:36.249 ] step: n=23 t=1.158415E-06 dt=7.555985E-08
 [ 03-04-2025  14:28:46.146 ] step: n=24 t=1.233975E-06 dt=7.447396E-08
 [ 03-04-2025  14:29:02.462 ] [GRID amr_refine_derefine]: initiating refinement
 [ 03-04-2025  14:29:02.476 ] [GRID amr_refine_derefine]: redist. phase.  tot blks requested: 49152
 [GRID amr_refine_derefine] min blks 26    max blks 30    tot blks 49152
 [GRID amr_refine_derefine] min leaf blks 24    max leaf blks 27    tot leaf blks 47104
 [ 03-04-2025  14:29:03.127 ] [GRID amr_refine_derefine]: refinement complete
 [ 03-04-2025  14:29:03.728 ] step: n=25 t=1.308449E-06 dt=7.359418E-08
 [ 03-04-2025  14:29:03.728 ] [mpi_amr_comm_setup]: buffer_dim_send=7863733, buffer_dim_recv=5392297
 [ 03-04-2025  14:29:13.656 ] step: n=26 t=1.382043E-06 dt=7.289860E-08
 [ 03-04-2025  14:29:30.007 ] step: n=27 t=1.454942E-06 dt=7.238261E-08
 [ 03-04-2025  14:29:39.932 ] step: n=28 t=1.527324E-06 dt=7.195505E-08
 [ 03-04-2025  14:29:56.336 ] step: n=29 t=1.599279E-06 dt=7.160819E-08
 [ 03-04-2025  14:30:06.248 ] step: n=30 t=1.670888E-06 dt=7.137201E-08
 [ 03-04-2025  14:30:29.128 ] [IO_writeCheckpoint] open: type=checkpoint name=sedov_hdf5_chk_0003
 [ 03-04-2025  14:31:04.605 ] [io_writeData]: wrote   49152          blocks
 [ 03-04-2025  14:31:04.610 ] [IO_writeCheckpoint] close: type=checkpoint name=sedov_hdf5_chk_0003
 [ 03-04-2025  14:31:04.611 ] step: n=31 t=1.742260E-06 dt=7.124494E-08
 [ 03-04-2025  14:31:14.492 ] step: n=32 t=1.813505E-06 dt=7.119740E-08
 [ 03-04-2025  14:31:30.834 ] step: n=33 t=1.884702E-06 dt=7.120661E-08
 [ 03-04-2025  14:31:40.814 ] step: n=34 t=1.955909E-06 dt=7.122364E-08
 [ 03-04-2025  14:31:57.254 ] step: n=35 t=2.027132E-06 dt=7.124414E-08
 [ 03-04-2025  14:32:07.160 ] step: n=36 t=2.098376E-06 dt=7.127462E-08
 [ 03-04-2025  14:32:23.328 ] [GRID amr_refine_derefine]: initiating refinement
 [ 03-04-2025  14:32:23.342 ] [GRID amr_refine_derefine]: redist. phase.  tot blks requested: 49920
 [GRID amr_refine_derefine] min blks 27    max blks 31    tot blks 49920
 [GRID amr_refine_derefine] min leaf blks 24    max leaf blks 28    tot leaf blks 47776
 [ 03-04-2025  14:32:24.019 ] [GRID amr_refine_derefine]: refinement complete
 [ 03-04-2025  14:32:24.590 ] step: n=37 t=2.169651E-06 dt=7.132802E-08
 [ 03-04-2025  14:32:24.590 ] [mpi_amr_comm_setup]: buffer_dim_send=7338289, buffer_dim_recv=5392297
 [ 03-04-2025  14:32:34.597 ] step: n=38 t=2.240979E-06 dt=7.141305E-08
 [ 03-04-2025  14:32:51.191 ] step: n=39 t=2.312392E-06 dt=7.142860E-08
 [ 03-04-2025  14:33:01.174 ] step: n=40 t=2.383821E-06 dt=7.142437E-08
 [ 03-04-2025  14:33:24.492 ] [IO_writeCheckpoint] open: type=checkpoint name=sedov_hdf5_chk_0004
 [ 03-04-2025  14:34:00.366 ] [io_writeData]: wrote   49920          blocks
 [ 03-04-2025  14:34:00.372 ] [IO_writeCheckpoint] close: type=checkpoint name=sedov_hdf5_chk_0004
 [ 03-04-2025  14:34:00.373 ] step: n=41 t=2.455245E-06 dt=7.141417E-08
 [ 03-04-2025  14:34:10.353 ] step: n=42 t=2.526659E-06 dt=7.140932E-08
 [ 03-04-2025  14:34:26.957 ] step: n=43 t=2.598068E-06 dt=7.141878E-08
 [ 03-04-2025  14:34:36.955 ] step: n=44 t=2.669487E-06 dt=7.142363E-08
 [ 03-04-2025  14:34:53.549 ] step: n=45 t=2.740911E-06 dt=7.140413E-08
 [ 03-04-2025  14:35:03.545 ] step: n=46 t=2.812315E-06 dt=7.140388E-08
 [ 03-04-2025  14:35:20.014 ] [GRID amr_refine_derefine]: initiating refinement
 [ 03-04-2025  14:35:20.027 ] [GRID amr_refine_derefine]: redist. phase.  tot blks requested: 50304
 [GRID amr_refine_derefine] min blks 27    max blks 31    tot blks 50304
 [GRID amr_refine_derefine] min leaf blks 24    max leaf blks 28    tot leaf blks 48112
 [ 03-04-2025  14:35:20.717 ] [GRID amr_refine_derefine]: refinement complete
 [ 03-04-2025  14:35:21.207 ] step: n=47 t=2.883719E-06 dt=7.140292E-08
 [ 03-04-2025  14:35:21.207 ] [mpi_amr_comm_setup]: buffer_dim_send=7910833, buffer_dim_recv=5392297
 [ 03-04-2025  14:35:31.272 ] step: n=48 t=2.955122E-06 dt=7.140606E-08
 [ 03-04-2025  14:35:47.802 ] [GRID amr_refine_derefine]: initiating refinement
 [ 03-04-2025  14:35:47.819 ] [GRID amr_refine_derefine]: redist. phase.  tot blks requested: 50496
 [GRID amr_refine_derefine] min blks 27    max blks 31    tot blks 50496
 [GRID amr_refine_derefine] min leaf blks 24    max leaf blks 28    tot leaf blks 48280
 [ 03-04-2025  14:35:48.291 ] [GRID amr_refine_derefine]: refinement complete
 [ 03-04-2025  14:35:48.767 ] step: n=49 t=3.026528E-06 dt=7.141819E-08
 [ 03-04-2025  14:35:48.767 ] [mpi_amr_comm_setup]: buffer_dim_send=6484429, buffer_dim_recv=4958125
 [ 03-04-2025  14:35:58.906 ] step: n=50 t=3.097946E-06 dt=7.145160E-08
 [ 03-04-2025  14:36:15.567 ] [GRID amr_refine_derefine]: initiating refinement
 [ 03-04-2025  14:36:15.585 ] [GRID amr_refine_derefine]: redist. phase.  tot blks requested: 50688
 [GRID amr_refine_derefine] min blks 27    max blks 31    tot blks 50688
 [GRID amr_refine_derefine] min leaf blks 24    max leaf blks 28    tot leaf blks 48448
 [ 03-04-2025  14:36:16.007 ] [GRID amr_refine_derefine]: refinement complete
 [ 03-04-2025  14:36:23.345 ] [IO_writeCheckpoint] open: type=checkpoint name=sedov_hdf5_chk_0005
 [ 03-04-2025  14:36:59.848 ] [io_writeData]: wrote   50688          blocks
 [ 03-04-2025  14:36:59.853 ] [IO_writeCheckpoint] close: type=checkpoint name=sedov_hdf5_chk_0005
 [ 03-04-2025  14:36:59.854 ] step: n=51 t=3.169398E-06 dt=7.144310E-08
 [ 03-04-2025  14:37:10.137 ] step: n=52 t=3.240841E-06 dt=7.143606E-08
 [ 03-04-2025  14:37:27.119 ] step: n=53 t=3.312277E-06 dt=7.143079E-08
 [ 03-04-2025  14:37:37.410 ] step: n=54 t=3.383708E-06 dt=7.142810E-08
 [ 03-04-2025  14:37:54.406 ] step: n=55 t=3.455136E-06 dt=7.143310E-08
 [ 03-04-2025  14:38:04.700 ] step: n=56 t=3.526569E-06 dt=7.144995E-08
 [ 03-04-2025  14:38:21.680 ] step: n=57 t=3.598019E-06 dt=7.144585E-08
 [ 03-04-2025  14:38:31.983 ] step: n=58 t=3.669465E-06 dt=7.143776E-08
 [ 03-04-2025  14:38:48.978 ] step: n=59 t=3.740902E-06 dt=7.143330E-08
 [ 03-04-2025  14:38:59.272 ] step: n=60 t=3.812336E-06 dt=7.143015E-08
 [ 03-04-2025  14:39:23.007 ] [IO_writeCheckpoint] open: type=checkpoint name=sedov_hdf5_chk_0006
 [ 03-04-2025  14:39:59.458 ] [io_writeData]: wrote   50688          blocks
 [ 03-04-2025  14:39:59.483 ] [IO_writeCheckpoint] close: type=checkpoint name=sedov_hdf5_chk_0006
 [ 03-04-2025  14:39:59.484 ] [Driver_evolveAll]: Exiting evolution loop
 [ 03-04-2025  14:39:59.591 ] [IO_writePlotfile] open: type=plotfile name=sedov_forced_hdf5_plt_cnt_0000
 [ 03-04-2025  14:40:03.763 ] [io_writeData]: wrote   50688          blocks
 [ 03-04-2025  14:40:03.770 ] [IO_writePlotfile] close: type=plotfile name=sedov_forced_hdf5_plt_cnt_0000
 [ 03-04-2025  14:40:03.771 ] memory: /proc vsize    (MB):     4585.65 (min)       5023.79 (max)       4759.21 (avg)
 [ 03-04-2025  14:40:03.771 ] memory: /proc rss      (MB):     2071.32 (min)       2219.52 (max)       2113.60 (avg)
 ==============================================================================
 perf_summary: code performance summary for process            0
                      beginning : 03-04-2025  14:17:58
                         ending : 03-04-2025  14:40:03
   seconds in monitoring period :             1325.478
      number of evolution steps :                   60
 ------------------------------------------------------------------------------
 accounting unit                       time sec  num calls   secs avg  time pct
 ------------------------------------------------------------------------------
 initialization                        266.462      1         266.462    20.103
  eos                                    0.638      8           0.080     0.048
  guardcell internal                    10.594      7           1.513     0.799
   amr_guardcell                         9.971      7           1.424     0.752
   eos gc                                0.000      7           0.000     0.000
  writeCheckpoint                       41.007      1          41.007     3.094
   restrictAll                           6.302      1           6.302     0.475
  writePlotfile                          4.435      1           4.435     0.335
 writePlotfile                           4.280      1           4.280     0.323
 evolution                            1054.729      1        1054.729    79.573
  Hydro                                459.648     60           7.661    34.678
   Head                                 96.884     60           1.615     7.309
    guardcell internal                  96.883     60           1.615     7.309
     amr_guardcell                      89.203     60           1.487     6.730
     eos gc                              0.003     60           0.000     0.000
   compute fluxes                      346.244     60           5.771    26.122
    hy_computeFluxes                   346.240   1632           0.212    26.122
     RiemannState                      298.454   1632           0.183    22.517
     getFaceFlux                        47.411   1632           0.029     3.577
   conserveFluxes                        0.141     60           0.002     0.011
   update solution                      16.231     60           0.271     1.225
    update solution body                16.227   1632           0.010     1.224
     unsplitUpdate                       6.004   1632           0.004     0.453
  sourceTerms                            0.000     60           0.000     0.000
  Particles_advance                      0.000     60           0.000     0.000
  Gravity potential                      0.000     60           0.000     0.000
  IO_output                            390.865    120           3.257    29.489
   diagnostics                         137.590    120           1.147    10.380
   checkpointing                       253.249      6          42.208    19.106
    writeCheckpoint                    253.247      6          42.208    19.106
     restrictAll                        38.929      6           6.488     2.937
  Grid_updateRefinement                201.706     60           3.362    15.218
   eos                                   0.953      5           0.191     0.072
   tree                                200.752     60           3.346    15.146
    markRefineDerefine                  55.823     30           1.861     4.212
     guardcell internal                 48.415     30           1.614     3.653
      amr_guardcell                     44.550     30           1.485     3.361
      eos gc                             0.001     30           0.000     0.000
    amr_refine_derefine                141.672     30           4.722    10.688
    updateData                           0.001     30           0.000     0.000
   updateParticleRefinement              0.000      5           0.000     0.000
  Driver_computeDt                       2.494     60           0.042     0.188
 ==============================================================================
 [ 03-04-2025  14:40:03.773 ] [Timers_getSummary]: Not writing timer max/min/avg values because not all processors had same timers
 [ 03-04-2025  14:40:03.774 ] LOGFILE_END: FLASH run complete.
 FLASH log file:  03-04-2025  14:40:28.764    Run number:  1
 ==============================================================================
 Number of MPI tasks:               1792
 MPI version:                          3
 MPI subversion:                       1
 Dimensionality:                       3
 Max Number of Blocks/Proc:          200
 Number x zones:                      32
 Number y zones:                      32
 Number z zones:                      32
 Setup stamp:     Fri Nov 1 14:03:57 2024
 Build stamp:     Fri Nov 1 14:04:23 2024
 System info:     Linux corona211 4.18.0-553.22.1.1toss.t4.x86_64 #1 SMP Tue Sep 24 16:50:00 PDT 2
 Version:         Flash-X 1.0 (heads/main-0-g6040ba49-dirty)                                      
 Build directory: /usr/workspace/ather1/Flash-X/sedov
 Setup syntax:    /usr/workspace/ather1/Flash-X/bin/setup.py Sedov -auto -3d -nxb=32 -nyb=32 -nzb=32 +parallelio -objdir=/usr/workspace/ather1/Flash-X/sedov
 f compiler flags: mpif90 -ggdb -c -O2 -fdefault-real-8 -fdefault-double-8 -Wuninitialized -fallow-argument-mismatch -fallow-argument-mismatch -DMAXBLOCKS=200 -DNXB=32 -DNYB=32 -DNZB=32 -DN_DIM=3
 c compiler flags:    mpicc -I/p/lustre2/ather1/hdf5-1.14.4-3/install/include -DH5_USE_18_API -ggdb -c -O2 -Wuninitialized -D_FORTIFY_SOURCE=2 -DMAXBLOCKS=200 -DNXB=32 -DNYB=32 -DNZB=32 -DN_DIM=3
 ==============================================================================
 Comment:  Sedov explosion
 ==============================================================================
 FLASH Units used:
   Driver/DriverMain/Unsplit
   Grid/GridBoundaryConditions
   Grid/GridMain/AMR/Paramesh4/PM4_package/flash_avoid_orrery
   Grid/GridMain/AMR/Paramesh4/PM4_package/headers
   Grid/GridMain/AMR/Paramesh4/PM4_package/source
   Grid/GridMain/AMR/Paramesh4/PM4_package/utilities/multigrid
   Grid/GridMain/AMR/Paramesh4/interpolation/prolong
   Grid/GridMain/AMR/Paramesh4/levelFlux
   Grid/localAPI
   IO/IOMain/hdf5/parallel/PM
   IO/localAPI
   PhysicalConstants/PhysicalConstantsMain
   RuntimeParameters/RuntimeParametersMain
   Simulation/SimulationMain/Sedov
   TimeAdvance/TimeAdvanceMain/StrangSplit
   flashUtilities/contiguousConversion
   flashUtilities/general
   flashUtilities/interpolation/oneDim
   flashUtilities/nameValueLL
   flashUtilities/sorting/quicksort
   flashUtilities/system/memoryUsage/legacy
   monitors/Logfile/LogfileMain
   monitors/Timers/TimersMain/MPINative
   physics/Eos/EosMain/Gamma
   physics/Hydro/HydroMain/unsplit/OnlyHydro
   physics/Hydro/HydroMain/unsplit/levelFlux
   physics/Hydro/localAPI
 ==============================================================================
 RuntimeParameters:
                                                                               
 ==============================================================================
bndpriorityone              =          1
bndprioritythree            =          3
bndprioritytwo              =          2
checkpointfileintervalstep  =         10 [CHANGED]
checkpointfilenumber        =          0
dr_abortpause               =          2
dr_dtminbelowaction         =          1
drift_break_inst            =          0
drift_trunc_mantissa        =          2
drift_verbose_inst          =          0
eos_entrelescalechoice      =          6
eos_loglevel                =        700
fileformatversion           =          9
forcedplotfilenumber        =          0
gr_lrefmaxtimevalue_1       =         -1
gr_lrefmaxtimevalue_10      =         -1
gr_lrefmaxtimevalue_11      =         -1
gr_lrefmaxtimevalue_12      =         -1
gr_lrefmaxtimevalue_13      =         -1
gr_lrefmaxtimevalue_14      =         -1
gr_lrefmaxtimevalue_15      =         -1
gr_lrefmaxtimevalue_16      =         -1
gr_lrefmaxtimevalue_17      =         -1
gr_lrefmaxtimevalue_18      =         -1
gr_lrefmaxtimevalue_19      =         -1
gr_lrefmaxtimevalue_2       =         -1
gr_lrefmaxtimevalue_20      =         -1
gr_lrefmaxtimevalue_3       =         -1
gr_lrefmaxtimevalue_4       =         -1
gr_lrefmaxtimevalue_5       =         -1
gr_lrefmaxtimevalue_6       =         -1
gr_lrefmaxtimevalue_7       =         -1
gr_lrefmaxtimevalue_8       =         -1
gr_lrefmaxtimevalue_9       =         -1
gr_pmrpdivergencefree       =         -1
gr_pmrpifaceoff             =          0
gr_pmrpl2p5d                =          0
gr_pmrpmaxblocks            =         -1
gr_pmrpmflags               =          1
gr_pmrpnboundaries          =          6
gr_pmrpndim                 =          3
gr_pmrpnedgevar1            =         -1
gr_pmrpnfacevar             =         -1
gr_pmrpnfielddivf           =         -1
gr_pmrpnfluxvar             =         -1
gr_pmrpnguard               =         -1
gr_pmrpnguardwork           =         -1
gr_pmrpnvar                 =         -1
gr_pmrpnvarwork             =          1
gr_pmrpnvarcorn             =          0
gr_pmrpnvaredge             =          0
gr_pmrpnxb                  =         -1
gr_pmrpnyb                  =         -1
gr_pmrpnzb                  =         -1
gr_restrictallmethod        =          3
gr_sanitizedatamode         =          1
gr_sanitizeverbosity        =          5
gr_tilesizex                =         32
gr_tilesizey                =         32
gr_tilesizez                =         32
hy_3torder                  =         -1
hydrocomputedtoption        =         -1
iprocs                      =          1
interpol_order              =          2
irenorm                     =          0
jprocs                      =          1
kprocs                      =          1
lrefine_del                 =          0
lrefine_max                 =          6 [CHANGED]
lrefine_min                 =          1
lrefine_min_init            =          1
max_particles_per_blk       =        100
memory_stat_freq            =     100000
meshcopycount               =          1
min_particles_per_blk       =          1
nbegin                      =          1
nblockx                     =         32 [CHANGED]
nblocky                     =         32 [CHANGED]
nblockz                     =         32 [CHANGED]
nend                        =         60 [CHANGED]
nrefs                       =          2
nsteptotalsts               =          5
order                       =          3 [CHANGED]
outputsplitnum              =          1
plotfileintervalstep        =          0
plotfilenumber              =          0
refine_var_count            =          4
rolling_checkpoint          =      10000
sim_centerrefinelevel       =          1
sim_integralslevel          =         -1
sim_nsubzones               =          7
sweeporder                  =        123
transorder                  =          1
wr_integrals_freq           =          1
limitedslopebeta            =                 0.100E+01
cfl                         =                 0.800E+00
checkpointfileintervaltime  =                 0.000E+00 [CHANGED]
checkpointfileintervalz     =                 0.180+309
cvisc                       =                 0.100E+00
derefine_cutoff_1           =                 0.200E+00
derefine_cutoff_2           =                 0.200E+00
derefine_cutoff_3           =                 0.200E+00
derefine_cutoff_4           =                 0.200E+00
dr_dtmincontinue            =                 0.000E+00
dr_tstepslowstartfactor     =                 0.100E+00
dtinit                      =                 0.100E-09
dtmax                       =                 0.100E+06
dtmin                       =                 0.100E-09
eintswitch                  =                 0.100E-03 [CHANGED]
eos_singlespeciesa          =                 0.100E+01
eos_singlespeciesz          =                 0.100E+01
gamma                       =                 0.140E+01 [CHANGED]
gr_btworkchildscaling       =                 0.100E+01
gr_btworkdefaultleaf        =                 0.200E+01
gr_btworkdefaultpar         =                 0.100E+01
gr_btworklbleaf             =                 0.000E+00
gr_btworklbpar              =                 0.000E+00
gr_btworkubleaf             =                 0.100E+07
gr_btworkubpar              =                 0.100E+07
gr_lrefinemaxredlogbase     =                 0.100E+02
gr_lrefinemaxredradiusfact  =                 0.000E+00
gr_lrefinemaxredtref        =                 0.000E+00
gr_lrefinemaxredtimescale   =                 0.100E+01
gr_lrefmaxtime_1            =                -0.100E+01
gr_lrefmaxtime_10           =                -0.100E+01
gr_lrefmaxtime_11           =                -0.100E+01
gr_lrefmaxtime_12           =                -0.100E+01
gr_lrefmaxtime_13           =                -0.100E+01
gr_lrefmaxtime_14           =                -0.100E+01
gr_lrefmaxtime_15           =                -0.100E+01
gr_lrefmaxtime_16           =                -0.100E+01
gr_lrefmaxtime_17           =                -0.100E+01
gr_lrefmaxtime_18           =                -0.100E+01
gr_lrefmaxtime_19           =                -0.100E+01
gr_lrefmaxtime_2            =                -0.100E+01
gr_lrefmaxtime_20           =                -0.100E+01
gr_lrefmaxtime_3            =                -0.100E+01
gr_lrefmaxtime_4            =                -0.100E+01
gr_lrefmaxtime_5            =                -0.100E+01
gr_lrefmaxtime_6            =                -0.100E+01
gr_lrefmaxtime_7            =                -0.100E+01
gr_lrefmaxtime_8            =                -0.100E+01
gr_lrefmaxtime_9            =                -0.100E+01
hy_cflfallbackfactor        =                 0.900E+00
hy_fpresinmomflux           =                 0.100E+01
hybridorderkappa            =                 0.000E+00
nusts                       =                 0.200E+00 [CHANGED]
plotfileintervaltime        =                 0.000E+00 [CHANGED]
plotfileintervalz           =                 0.180+309
radiusgp                    =                 0.200E+01
refine_cutoff_1             =                 0.800E+00
refine_cutoff_2             =                 0.800E+00
refine_cutoff_3             =                 0.800E+00
refine_cutoff_4             =                 0.800E+00
refine_filter_1             =                 0.100E-01
refine_filter_2             =                 0.100E-01
refine_filter_3             =                 0.100E-01
refine_filter_4             =                 0.100E-01
rss_limit                   =                -0.100E+01
sigmagp                     =                 0.300E+01
sim_derefineradius          =                 0.000E+00
sim_earliestlstime          =                 0.000E+00
sim_expenergy               =                 0.100E+01
sim_largestnormradius       =                 0.180+309
sim_latestlstime            =                 0.180+309
sim_minrhoinit              =                 0.100E-19
sim_pambient                =                 0.100E-04
sim_rinit                   =                 0.137E-01 [CHANGED]
sim_rhoambient              =                 0.100E+01
sim_smallestnormradius      =                 0.000E+00
sim_xctr                    =                 0.500E+00
sim_yctr                    =                 0.500E+00
sim_zctr                    =                 0.500E+00
small                       =                 0.100E-09
smalle                      =                 0.100E-09
smallp                      =                 0.100E-09
smallt                      =                 0.100E-09
smallu                      =                 0.100E-09
smallx                      =                 0.100E-09
smlrho                      =                 0.100E-09
tinitial                    =                 0.000E+00
tiny                        =                 0.100E-15
tmax                        =                 0.500E+06 [CHANGED]
tstep_change_factor         =                 0.200E+01
wall_clock_checkpoint       =                 0.432E+05
wall_clock_time_limit       =                 0.605E+06
x_refine_center             =                 0.000E+00
xmax                        =                 0.100E+01
xmin                        =                 0.000E+00
y_refine_center             =                 0.000E+00
ymax                        =                 0.100E+01
ymin                        =                 0.000E+00
zfinal                      =                 0.000E+00
zinitial                    =                -0.100E+01
z_refine_center             =                 0.000E+00
zmax                        =                 0.100E+01
zmin                        =                 0.000E+00
riemannsolver               = Roe                            [CHANGED]
unitsystem                  = none                          
basenm                      = sedov_                         [CHANGED]
entropyfixmethod            = HARTENHYMAN                   
eosmode                     = dens_ie                       
eosmodeinit                 = dens_ie                       
geometry                    = cartesian                     
gr_pmrpoutputdir            = ./                            
grav_boundary_type          = isolated                      
hy_eosmodegc                = see eosMode                   
log_file                    = sedov.log                      [CHANGED]
output_directory            =                               
pc_unitsbase                = CGS                           
plot_grid_var_1             = none                          
plot_grid_var_10            = none                          
plot_grid_var_11            = none                          
plot_grid_var_12            = none                          
plot_grid_var_13            = none                          
plot_grid_var_14            = none                          
plot_grid_var_15            = none                          
plot_grid_var_16            = none                          
plot_grid_var_17            = none                          
plot_grid_var_18            = none                          
plot_grid_var_19            = none                          
plot_grid_var_2             = none                          
plot_grid_var_20            = none                          
plot_grid_var_21            = none                          
plot_grid_var_22            = none                          
plot_grid_var_23            = none                          
plot_grid_var_24            = none                          
plot_grid_var_25            = none                          
plot_grid_var_26            = none                          
plot_grid_var_27            = none                          
plot_grid_var_28            = none                          
plot_grid_var_29            = none                          
plot_grid_var_3             = none                          
plot_grid_var_30            = none                          
plot_grid_var_31            = none                          
plot_grid_var_32            = none                          
plot_grid_var_33            = none                          
plot_grid_var_34            = none                          
plot_grid_var_35            = none                          
plot_grid_var_36            = none                          
plot_grid_var_37            = none                          
plot_grid_var_38            = none                          
plot_grid_var_39            = none                          
plot_grid_var_4             = none                          
plot_grid_var_40            = none                          
plot_grid_var_41            = none                          
plot_grid_var_42            = none                          
plot_grid_var_43            = none                          
plot_grid_var_44            = none                          
plot_grid_var_45            = none                          
plot_grid_var_46            = none                          
plot_grid_var_47            = none                          
plot_grid_var_48            = none                          
plot_grid_var_49            = none                          
plot_grid_var_5             = none                          
plot_grid_var_50            = none                          
plot_grid_var_51            = none                          
plot_grid_var_52            = none                          
plot_grid_var_53            = none                          
plot_grid_var_54            = none                          
plot_grid_var_55            = none                          
plot_grid_var_56            = none                          
plot_grid_var_57            = none                          
plot_grid_var_58            = none                          
plot_grid_var_59            = none                          
plot_grid_var_6             = none                          
plot_grid_var_60            = none                          
plot_grid_var_61            = none                          
plot_grid_var_62            = none                          
plot_grid_var_63            = none                          
plot_grid_var_64            = none                          
plot_grid_var_65            = none                          
plot_grid_var_66            = none                          
plot_grid_var_67            = none                          
plot_grid_var_68            = none                          
plot_grid_var_69            = none                          
plot_grid_var_7             = none                          
plot_grid_var_70            = none                          
plot_grid_var_71            = none                          
plot_grid_var_72            = none                          
plot_grid_var_73            = none                          
plot_grid_var_74            = none                          
plot_grid_var_75            = none                          
plot_grid_var_76            = none                          
plot_grid_var_77            = none                          
plot_grid_var_78            = none                          
plot_grid_var_8             = none                          
plot_grid_var_9             = none                          
plot_var_1                  = dens                           [CHANGED]
plot_var_10                 = none                          
plot_var_11                 = none                          
plot_var_12                 = none                          
plot_var_13                 = none                          
plot_var_14                 = none                          
plot_var_15                 = none                          
plot_var_16                 = none                          
plot_var_17                 = none                          
plot_var_18                 = none                          
plot_var_2                  = pres                           [CHANGED]
plot_var_3                  = temp                           [CHANGED]
plot_var_4                  = none                          
plot_var_5                  = none                          
plot_var_6                  = none                          
plot_var_7                  = none                          
plot_var_8                  = none                          
plot_var_9                  = none                          
prof_file                   = profile.dat                   
refine_var_1                = dens                           [CHANGED]
refine_var_2                = pres                           [CHANGED]
refine_var_3                = none                          
refine_var_4                = none                          
run_comment                 = Sedov explosion                [CHANGED]
run_number                  = 1                             
sim_proffilename            = /dev/null                      [CHANGED]
slopelimiter                = mc                             [CHANGED]
stats_file                  = flashx.dat                    
wenomethod                  = WENO5                         
xl_boundary_type            = outflow                        [CHANGED]
xr_boundary_type            = outflow                        [CHANGED]
yl_boundary_type            = outflow                        [CHANGED]
yr_boundary_type            = outflow                        [CHANGED]
zl_boundary_type            = outflow                        [CHANGED]
zr_boundary_type            = outflow                        [CHANGED]
csvsummaryallprocs          =  F
eosforriemann               =  F
logsummaryallprocs          =  F
addthermalflux              =  T
allowdtstsdominate          =  F
alwayscomputeuservars       =  T
alwaysrestrictcheckpoint    =  T
charlimiting                =  T
chkguardcellsinput          =  F
chkguardcellsoutput         =  F
conserveangmom              =  F
converttoconsvdformeshcalls =  F
converttoconsvdinmeshinterp =  T
corners                     =  F
dr_printtsteploc            =  T
dr_shortenlaststepbeforetmax =  F
drift_tuples                =  F
eachprocwritesownabortlog   =  F
eachprocwritessummary       =  F
earlyblockdistadjustment    =  T
enablemaskedgcfill          =  F
entropy                     =  F
flux_correct                =  T
flux_correct_perlevel       =  F
geometryoverride            =  F
gr_bcenableapplymixedgds    =  T
gr_bndgcfillneedsprimitivevars =  T
gr_btcustomwork             =  F
gr_btexchangework           =  F
gr_btsortbywork             =  T
gr_enabletiling             =  F
gr_lrefinemaxbytime         =  F
gr_lrefinemaxreddobylogr    =  F
gr_lrefinemaxreddobytime    =  F
gr_pmrpadvancealllevels     =  F
gr_pmrpamrerrorchecking     =  F
gr_pmrpcartesianpm          =  F
gr_pmrpconserve             =  F
gr_pmrpconsvfluxdensities   =  T
gr_pmrpconsvfluxes          =  F
gr_pmrpcurvilinear          =  F
gr_pmrpcurvilinearconserve  =  F
gr_pmrpcylindricalpm        =  F
gr_pmrpdiagonals            =  T
gr_pmrpedgevalue            =  T
gr_pmrpedgevalueinteg       =  F
gr_pmrpemptycells           =  F
gr_pmrpforceconsistency     =  T
gr_pmrplsingularline        =  F
gr_pmrpnopermanentguardcells =  F
gr_pmrppolarpm              =  F
gr_pmrppredcorr             =  F
gr_pmrpsphericalpm          =  F
gr_pmrptimingmpi            =  F
gr_pmrptimingmpix           =  F
gr_pmrpvardt                =  F
gr_usetiling                =  F
hy_fallbacklowercfl         =  F
hy_fullspecmsfluxhandling   =  T
hy_usetiling                =  F
ignoreforcedplot            =  F
io_writemscalarintegrals    =  F
plotfilegridquantitydp      =  F
plotfilemetadatadp          =  F
reducegcellfills            =  F
refine_on_particle_count    =  F
restart                     =  F
shockdetect                 =  F
shocklowercfl               =  F
sim_bcsetbdryvar            =  F
sim_forcecenterderefine     =  F
sim_onelevelintegralsonly   =  F
summaryoutputonly           =  F
threadblocklistbuild        =  F
threaddelepblocklist        =  F
threaddelepwithinblock      =  F
threaddriverblocklist       =  F
threaddriverwithinblock     =  F
threadeoswithinblock        =  F
threadhydroblocklist        =  F
threadhydrowithinblock      =  F
threadraytracebuild         =  F
threadwithinblockbuild      =  F
tmr_suppressinparallel      =  F
typematchedxfer             =  T
unbiased_geometry           =  F
updatehydrofluxes           =  T
useburn                     =  F
usecollectivehdf5           =  T
usedeleptonize              =  F
usegravity                  =  F
useheatad                   =  F
useheater                   =  F
usehydro                    =  T
useimbound                  =  F
useincompns                 =  F
useinlet                    =  F
uselegacylabels             =  T
usemultiphase               =  F
useorchestration            =  F
useoutlet                   =  F
useparticles                =  F
useradtrans                 =  F
usests                      =  F
usestsfordiffusion          =  F
usesolidmechanics           =  F
use_3dfullctu               =  T
use_auxeinteqn              =  T
use_avisc                   =  T [CHANGED]
use_cma_advection           =  F
use_cma_flattening          =  F
use_flash_surr_blks_fill    =  T
use_flattening              =  F
use_gravhalfupdate          =  T
use_hybridorder             =  F
use_reduced_orrery          =  T
use_steepening              =  F
use_upwindtvd               =  F
writestatsummary            =  T
                                                                               
 ==============================================================================
                                                                               
 Known units of measurement:
                                                                               
              Unit                          CGS Value                Base Unit
  1                  cm                     1.0000                           cm
  2                   s                     1.0000                            s
  3                   g                     1.0000                            g
  4                   K                     1.0000                            K
  5                 esu                     1.0000                          esu
  6                 mol                     1.0000                          mol
  7                   m                     100.00                           cm
  8                  km                    1.00000E+05                       cm
  9                  pc                    3.08568E+18                       cm
 10                 kpc                    3.08568E+21                       cm
 11                 Mpc                    3.08568E+24                       cm
 12                 Gpc                    3.08568E+27                       cm
 13                Rsun                    6.96000E+10                       cm
 14                  AU                    1.49598E+13                       cm
 15                  yr                    3.15569E+07                        s
 16                 Myr                    3.15569E+13                        s
 17                 Gyr                    3.15569E+16                        s
 18                  kg                     1000.0                            g
 19                Msun                    1.98892E+33                        g
 20                 amu                    1.66054E-24                        g
 21                  eV                     11605.                            K
 22                   C                    2.99792E+09                      esu
 23                LFLY                    3.08568E+24                       cm
 24                TFLY                    2.05759E+17                        s
 25                MFLY                    9.88470E+45                        g
 26            clLength                    3.08568E+24                       cm
 27              clTime                    3.15569E+16                        s
 28              clMass                    1.98892E+48                        g
 29              clTemp                    1.16045E+07                        K
-----------End of Units--------------------
                                                                               
 Known physical constants:
                                                                               
    Constant Name       Constant Value   cm       s        g        K        esu      mol
  1              Newton    6.67408E-08   3.0     -2.0     -1.0      0.0      0.0      0.0    
  2      speed of light    2.99792E+10   1.0     -1.0      0.0      0.0      0.0      0.0    
  3              Planck    6.62607E-27   2.0     -1.0      1.0      0.0      0.0      0.0    
  4     electron charge    4.80320E-10   0.0      0.0      0.0      0.0      1.0      0.0    
  5       electron mass    9.10938E-28   0.0      0.0      1.0      0.0      0.0      0.0    
  6         proton mass    1.67262E-24   0.0      0.0      1.0      0.0      0.0      0.0    
  7      fine-structure    7.29735E-03   0.0      0.0      0.0      0.0      0.0      0.0    
  8            Avogadro    6.02214E+23   0.0      0.0      0.0      0.0      0.0     -1.0    
  9           Boltzmann    1.38065E-16   2.0     -2.0      1.0     -1.0      0.0      0.0    
 10  ideal gas constant    8.31446E+07   2.0     -2.0      1.0     -1.0      0.0     -1.0    
 11                Wien    0.28978       1.0      0.0      0.0      1.0      0.0      0.0    
 12    Stefan-Boltzmann    5.67037E-05   0.0     -3.0      1.0     -4.0      0.0      0.0    
 13  Radiation Constant    7.56572E-15  -1.0     -2.0      1.0     -4.0      0.0      0.0    
 14                  pi     3.1416       0.0      0.0      0.0      0.0      0.0      0.0    
 15                   e     2.7183       0.0      0.0      0.0      0.0      0.0      0.0    
 16               Euler    0.57722       0.0      0.0      0.0      0.0      0.0      0.0    
 ==============================================================================
                                                                               
 Multifluid database: not configured in
                                                                               
 ==============================================================================
 [ 03-04-2025  14:40:28.766 ] [gr_initGeometry] checking BCs for idir: 1
 [ 03-04-2025  14:40:28.766 ] [gr_initGeometry] checking BCs for idir: 2
 [ 03-04-2025  14:40:28.766 ] [gr_initGeometry] checking BCs for idir: 3
 [ 03-04-2025  14:40:30.719 ] [GRID amr_refine_derefine]: initiating refinement
 [ 03-04-2025  14:40:30.720 ] [GRID amr_refine_derefine]: redist. phase.  tot blks requested: 32768
 [GRID amr_refine_derefine] min blks 18    max blks 19    tot blks 32768
 [GRID amr_refine_derefine] min leaf blks 18    max leaf blks 19    tot leaf blks 32768
 [ 03-04-2025  14:40:31.180 ] [GRID amr_refine_derefine]: refinement complete
 [ 03-04-2025  14:40:43.577 ] [GRID gr_expandDomain]: iteration=1, create level=2
 INFO: Grid_fillGuardCells is ignoring masking.
 [ 03-04-2025  14:41:01.343 ] [mpi_amr_comm_setup]: buffer_dim_send=5176573, buffer_dim_recv=3646981
 [ 03-04-2025  14:41:05.099 ] [GRID amr_refine_derefine]: initiating refinement
 [ 03-04-2025  14:41:05.120 ] [GRID amr_refine_derefine]: redist. phase.  tot blks requested: 32832
 [GRID amr_refine_derefine] min blks 18    max blks 19    tot blks 32832
 [GRID amr_refine_derefine] min leaf blks 17    max leaf blks 19    tot leaf blks 32824
 [ 03-04-2025  14:41:05.379 ] [GRID amr_refine_derefine]: refinement complete
 [ 03-04-2025  14:41:05.384 ] [GRID gr_expandDomain]: iteration=2, create level=3
 [ 03-04-2025  14:41:27.148 ] [GRID amr_refine_derefine]: initiating refinement
 [ 03-04-2025  14:41:27.160 ] [GRID amr_refine_derefine]: redist. phase.  tot blks requested: 32896
 [GRID amr_refine_derefine] min blks 18    max blks 20    tot blks 32896
 [GRID amr_refine_derefine] min leaf blks 17    max leaf blks 19    tot leaf blks 32880
 [ 03-04-2025  14:41:27.428 ] [GRID amr_refine_derefine]: refinement complete
 [ 03-04-2025  14:41:27.433 ] [GRID gr_expandDomain]: iteration=3, create level=4
 [ 03-04-2025  14:41:49.299 ] [GRID amr_refine_derefine]: initiating refinement
 [ 03-04-2025  14:41:49.333 ] [GRID amr_refine_derefine]: redist. phase.  tot blks requested: 34304
 [GRID amr_refine_derefine] min blks 19    max blks 22    tot blks 34304
 [GRID amr_refine_derefine] min leaf blks 17    max leaf blks 20    tot leaf blks 34112
 [ 03-04-2025  14:41:49.818 ] [GRID amr_refine_derefine]: refinement complete
 [ 03-04-2025  14:41:49.823 ] [GRID gr_expandDomain]: iteration=4, create level=5
 [ 03-04-2025  14:42:09.927 ] [mpi_amr_comm_setup]: buffer_dim_send=5313661, buffer_dim_recv=4312081
 [ 03-04-2025  14:42:12.507 ] [GRID amr_refine_derefine]: initiating refinement
 [ 03-04-2025  14:42:12.526 ] [GRID amr_refine_derefine]: redist. phase.  tot blks requested: 37312
 [GRID amr_refine_derefine] min blks 20    max blks 24    tot blks 37312
 [GRID amr_refine_derefine] min leaf blks 18    max leaf blks 21    tot leaf blks 36744
 [ 03-04-2025  14:42:13.064 ] [GRID amr_refine_derefine]: refinement complete
 [ 03-04-2025  14:42:13.073 ] [GRID gr_expandDomain]: iteration=5, create level=6
 [ 03-04-2025  14:42:35.226 ] [mpi_amr_comm_setup]: buffer_dim_send=5713933, buffer_dim_recv=4459801
 [ 03-04-2025  14:42:37.450 ] [GRID amr_refine_derefine]: initiating refinement
 [ 03-04-2025  14:42:37.470 ] [GRID amr_refine_derefine]: redist. phase.  tot blks requested: 48768
 [GRID amr_refine_derefine] min blks 26    max blks 30    tot blks 48768
 [GRID amr_refine_derefine] min leaf blks 23    max leaf blks 27    tot leaf blks 46768
 [ 03-04-2025  14:42:38.362 ] [GRID amr_refine_derefine]: refinement complete
 [ 03-04-2025  14:42:38.371 ] [GRID gr_expandDomain]: iteration=6, create level=6
 [ 03-04-2025  14:43:06.908 ] [mpi_amr_comm_setup]: buffer_dim_send=7881145, buffer_dim_recv=5392297
 [ 03-04-2025  14:43:09.319 ] [GRID gr_expandDomain]: iteration=7, create level=6
 [ 03-04-2025  14:43:40.268 ] [GRID gr_expandDomain]: iteration=8, create level=6
 [ 03-04-2025  14:44:09.653 ] memory: /proc vsize    (MB):     4528.08 (min)       4791.78 (max)       4698.76 (avg)
 [ 03-04-2025  14:44:09.653 ] memory: /proc rss      (MB):     1839.84 (min)       1925.45 (max)       1861.10 (avg)
 [ 03-04-2025  14:44:09.654 ] memory: /proc vsize    (MB):     4528.08 (min)       4791.78 (max)       4698.76 (avg)
 [ 03-04-2025  14:44:09.654 ] memory: /proc rss      (MB):     1839.84 (min)       1925.45 (max)       1861.10 (avg)
 [ 03-04-2025  14:44:09.701 ] memory: /proc vsize    (MB):     4528.08 (min)       4791.78 (max)       4698.76 (avg)
 [ 03-04-2025  14:44:09.701 ] memory: /proc rss      (MB):     1839.84 (min)       1925.45 (max)       1861.10 (avg)
 [ 03-04-2025  14:44:16.408 ] [IO_writeCheckpoint] open: type=checkpoint name=sedov_hdf5_chk_0000
 [ 03-04-2025  14:44:51.135 ] [io_writeData]: wrote   48768          blocks
 [ 03-04-2025  14:44:51.148 ] [IO_writeCheckpoint] close: type=checkpoint name=sedov_hdf5_chk_0000
 [ 03-04-2025  14:44:51.251 ] [IO_writePlotfile] open: type=plotfile name=sedov_hdf5_plt_cnt_0000
 [ 03-04-2025  14:44:55.671 ] [io_writeData]: wrote   48768          blocks
 [ 03-04-2025  14:44:55.682 ] [IO_writePlotfile] close: type=plotfile name=sedov_hdf5_plt_cnt_0000
 [ 03-04-2025  14:44:55.683 ] memory: /proc vsize    (MB):     4545.49 (min)       5016.20 (max)       4718.55 (avg)
 [ 03-04-2025  14:44:55.683 ] memory: /proc rss      (MB):     1846.55 (min)       1940.71 (max)       1871.42 (avg)
 [ 03-04-2025  14:44:55.683 ] [Driver_evolveAll]: Entering evolution loop
 [ 03-04-2025  14:44:55.683 ] step: n=1 t=0.000000E+00 dt=1.000000E-10
 [ 03-04-2025  14:45:05.644 ] step: n=2 t=1.000000E-10 dt=2.000000E-10
 [ 03-04-2025  14:45:21.998 ] step: n=3 t=3.000000E-10 dt=4.000000E-10
 [ 03-04-2025  14:45:31.842 ] step: n=4 t=7.000000E-10 dt=8.000000E-10
 [ 03-04-2025  14:45:48.237 ] step: n=5 t=1.500000E-09 dt=1.600000E-09
 [ 03-04-2025  14:45:58.092 ] step: n=6 t=3.100000E-09 dt=3.200000E-09
 [ 03-04-2025  14:46:14.528 ] step: n=7 t=6.300000E-09 dt=6.400000E-09
 [ 03-04-2025  14:46:24.437 ] step: n=8 t=1.270000E-08 dt=1.280000E-08
 [ 03-04-2025  14:46:40.847 ] step: n=9 t=2.550000E-08 dt=2.560000E-08
 [ 03-04-2025  14:46:50.742 ] step: n=10 t=5.110000E-08 dt=5.120000E-08
 [ 03-04-2025  14:47:13.511 ] [IO_writeCheckpoint] open: type=checkpoint name=sedov_hdf5_chk_0001
 [ 03-04-2025  14:47:48.507 ] [io_writeData]: wrote   48768          blocks
 [ 03-04-2025  14:47:48.513 ] [IO_writeCheckpoint] close: type=checkpoint name=sedov_hdf5_chk_0001
 [ 03-04-2025  14:47:48.514 ] step: n=11 t=1.023000E-07 dt=1.024000E-07
 [ 03-04-2025  14:47:58.401 ] step: n=12 t=2.047000E-07 dt=9.937542E-08
 [ 03-04-2025  14:48:14.795 ] step: n=13 t=3.040754E-07 dt=9.615282E-08
 [ 03-04-2025  14:48:24.678 ] step: n=14 t=4.002282E-07 dt=9.325600E-08
 [ 03-04-2025  14:48:41.094 ] step: n=15 t=4.934842E-07 dt=9.058955E-08
 [ 03-04-2025  14:48:51.040 ] step: n=16 t=5.840738E-07 dt=8.822195E-08
 [ 03-04-2025  14:49:07.464 ] step: n=17 t=6.722957E-07 dt=8.592743E-08
 [ 03-04-2025  14:49:17.437 ] step: n=18 t=7.582232E-07 dt=8.368672E-08
 [ 03-04-2025  14:49:33.899 ] step: n=19 t=8.419099E-07 dt=8.162257E-08
 [ 03-04-2025  14:49:43.854 ] step: n=20 t=9.235325E-07 dt=7.981691E-08
 [ 03-04-2025  14:50:06.655 ] [IO_writeCheckpoint] open: type=checkpoint name=sedov_hdf5_chk_0002
 [ 03-04-2025  14:50:41.666 ] [io_writeData]: wrote   48768          blocks
 [ 03-04-2025  14:50:41.673 ] [IO_writeCheckpoint] close: type=checkpoint name=sedov_hdf5_chk_0002
 [ 03-04-2025  14:50:41.674 ] step: n=21 t=1.003349E-06 dt=7.822053E-08
 [ 03-04-2025  14:50:51.575 ] step: n=22 t=1.081570E-06 dt=7.684528E-08
 [ 03-04-2025  14:51:07.974 ] step: n=23 t=1.158415E-06 dt=7.555985E-08
 [ 03-04-2025  14:51:17.935 ] step: n=24 t=1.233975E-06 dt=7.447396E-08
 [ 03-04-2025  14:51:34.207 ] [GRID amr_refine_derefine]: initiating refinement
 [ 03-04-2025  14:51:34.223 ] [GRID amr_refine_derefine]: redist. phase.  tot blks requested: 49152
 [GRID amr_refine_derefine] min blks 26    max blks 30    tot blks 49152
 [GRID amr_refine_derefine] min leaf blks 24    max leaf blks 27    tot leaf blks 47104
 [ 03-04-2025  14:51:34.883 ] [GRID amr_refine_derefine]: refinement complete
 [ 03-04-2025  14:51:35.471 ] step: n=25 t=1.308449E-06 dt=7.359418E-08
 [ 03-04-2025  14:51:35.471 ] [mpi_amr_comm_setup]: buffer_dim_send=7863733, buffer_dim_recv=5392297
 [ 03-04-2025  14:51:45.452 ] step: n=26 t=1.382043E-06 dt=7.289860E-08
 [ 03-04-2025  14:52:01.806 ] step: n=27 t=1.454942E-06 dt=7.238261E-08
 [ 03-04-2025  14:52:11.728 ] step: n=28 t=1.527324E-06 dt=7.195505E-08
 [ 03-04-2025  14:52:28.116 ] step: n=29 t=1.599279E-06 dt=7.160819E-08
 [ 03-04-2025  14:52:38.106 ] step: n=30 t=1.670888E-06 dt=7.137201E-08
 [ 03-04-2025  14:53:00.906 ] [IO_writeCheckpoint] open: type=checkpoint name=sedov_hdf5_chk_0003
 [ 03-04-2025  14:53:35.776 ] [io_writeData]: wrote   49152          blocks
 [ 03-04-2025  14:53:35.782 ] [IO_writeCheckpoint] close: type=checkpoint name=sedov_hdf5_chk_0003
 [ 03-04-2025  14:53:35.783 ] step: n=31 t=1.742260E-06 dt=7.124494E-08
 [ 03-04-2025  14:53:45.731 ] step: n=32 t=1.813505E-06 dt=7.119740E-08
 [ 03-04-2025  14:54:02.070 ] step: n=33 t=1.884702E-06 dt=7.120661E-08
 [ 03-04-2025  14:54:12.015 ] step: n=34 t=1.955909E-06 dt=7.122364E-08
 [ 03-04-2025  14:54:28.385 ] step: n=35 t=2.027132E-06 dt=7.124414E-08
 [ 03-04-2025  14:54:38.390 ] step: n=36 t=2.098376E-06 dt=7.127462E-08
 [ 03-04-2025  14:54:54.626 ] [GRID amr_refine_derefine]: initiating refinement
 [ 03-04-2025  14:54:54.637 ] [GRID amr_refine_derefine]: redist. phase.  tot blks requested: 49920
 [GRID amr_refine_derefine] min blks 27    max blks 31    tot blks 49920
 [GRID amr_refine_derefine] min leaf blks 24    max leaf blks 28    tot leaf blks 47776
 [ 03-04-2025  14:54:55.324 ] [GRID amr_refine_derefine]: refinement complete
 [ 03-04-2025  14:54:55.896 ] step: n=37 t=2.169651E-06 dt=7.132802E-08
 [ 03-04-2025  14:54:55.897 ] [mpi_amr_comm_setup]: buffer_dim_send=7338289, buffer_dim_recv=5392297
 [ 03-04-2025  14:55:05.903 ] step: n=38 t=2.240979E-06 dt=7.141305E-08
 [ 03-04-2025  14:55:22.479 ] step: n=39 t=2.312392E-06 dt=7.142860E-08
 [ 03-04-2025  14:55:32.452 ] step: n=40 t=2.383821E-06 dt=7.142437E-08
 [ 03-04-2025  14:55:55.698 ] [IO_writeCheckpoint] open: type=checkpoint name=sedov_hdf5_chk_0004
 [ 03-04-2025  14:56:31.899 ] [io_writeData]: wrote   49920          blocks
 [ 03-04-2025  14:56:31.904 ] [IO_writeCheckpoint] close: type=checkpoint name=sedov_hdf5_chk_0004
 [ 03-04-2025  14:56:31.906 ] step: n=41 t=2.455245E-06 dt=7.141417E-08
 [ 03-04-2025  14:56:41.902 ] step: n=42 t=2.526659E-06 dt=7.140932E-08
 [ 03-04-2025  14:56:58.496 ] step: n=43 t=2.598068E-06 dt=7.141878E-08
 [ 03-04-2025  14:57:08.483 ] step: n=44 t=2.669487E-06 dt=7.142363E-08
 [ 03-04-2025  14:57:25.077 ] step: n=45 t=2.740911E-06 dt=7.140413E-08
 [ 03-04-2025  14:57:35.060 ] step: n=46 t=2.812315E-06 dt=7.140388E-08
 [ 03-04-2025  14:57:51.519 ] [GRID amr_refine_derefine]: initiating refinement
 [ 03-04-2025  14:57:51.528 ] [GRID amr_refine_derefine]: redist. phase.  tot blks requested: 50304
 [GRID amr_refine_derefine] min blks 27    max blks 31    tot blks 50304
 [GRID amr_refine_derefine] min leaf blks 24    max leaf blks 28    tot leaf blks 48112
 [ 03-04-2025  14:57:52.218 ] [GRID amr_refine_derefine]: refinement complete
 [ 03-04-2025  14:57:52.710 ] step: n=47 t=2.883719E-06 dt=7.140292E-08
 [ 03-04-2025  14:57:52.710 ] [mpi_amr_comm_setup]: buffer_dim_send=7910833, buffer_dim_recv=5392297
 [ 03-04-2025  14:58:02.784 ] step: n=48 t=2.955122E-06 dt=7.140606E-08
 [ 03-04-2025  14:58:19.325 ] [GRID amr_refine_derefine]: initiating refinement
 [ 03-04-2025  14:58:19.347 ] [GRID amr_refine_derefine]: redist. phase.  tot blks requested: 50496
 [GRID amr_refine_derefine] min blks 27    max blks 31    tot blks 50496
 [GRID amr_refine_derefine] min leaf blks 24    max leaf blks 28    tot leaf blks 48280
 [ 03-04-2025  14:58:19.824 ] [GRID amr_refine_derefine]: refinement complete
 [ 03-04-2025  14:58:20.307 ] step: n=49 t=3.026528E-06 dt=7.141819E-08
 [ 03-04-2025  14:58:20.307 ] [mpi_amr_comm_setup]: buffer_dim_send=6484429, buffer_dim_recv=4958125
 [ 03-04-2025  14:58:30.435 ] step: n=50 t=3.097946E-06 dt=7.145160E-08
 [ 03-04-2025  14:58:47.103 ] [GRID amr_refine_derefine]: initiating refinement
 [ 03-04-2025  14:58:47.125 ] [GRID amr_refine_derefine]: redist. phase.  tot blks requested: 50688
 [GRID amr_refine_derefine] min blks 27    max blks 31    tot blks 50688
 [GRID amr_refine_derefine] min leaf blks 24    max leaf blks 28    tot leaf blks 48448
 [ 03-04-2025  14:58:47.546 ] [GRID amr_refine_derefine]: refinement complete
 [ 03-04-2025  14:58:54.871 ] [IO_writeCheckpoint] open: type=checkpoint name=sedov_hdf5_chk_0005
 [ 03-04-2025  14:59:30.820 ] [io_writeData]: wrote   50688          blocks
 [ 03-04-2025  14:59:30.828 ] [IO_writeCheckpoint] close: type=checkpoint name=sedov_hdf5_chk_0005
 [ 03-04-2025  14:59:30.829 ] step: n=51 t=3.169398E-06 dt=7.144310E-08
 [ 03-04-2025  14:59:41.138 ] step: n=52 t=3.240841E-06 dt=7.143606E-08
 [ 03-04-2025  14:59:58.081 ] step: n=53 t=3.312277E-06 dt=7.143079E-08
 [ 03-04-2025  15:00:08.403 ] step: n=54 t=3.383708E-06 dt=7.142810E-08
 [ 03-04-2025  15:00:25.343 ] step: n=55 t=3.455136E-06 dt=7.143310E-08
 [ 03-04-2025  15:00:35.648 ] step: n=56 t=3.526569E-06 dt=7.144995E-08
 [ 03-04-2025  15:00:52.615 ] step: n=57 t=3.598019E-06 dt=7.144585E-08
 [ 03-04-2025  15:01:02.907 ] step: n=58 t=3.669465E-06 dt=7.143776E-08
 [ 03-04-2025  15:01:19.855 ] step: n=59 t=3.740902E-06 dt=7.143330E-08
 [ 03-04-2025  15:01:30.156 ] step: n=60 t=3.812336E-06 dt=7.143015E-08
 [ 03-04-2025  15:01:53.911 ] [IO_writeCheckpoint] open: type=checkpoint name=sedov_hdf5_chk_0006
 [ 03-04-2025  15:02:29.763 ] [io_writeData]: wrote   50688          blocks
 [ 03-04-2025  15:02:29.768 ] [IO_writeCheckpoint] close: type=checkpoint name=sedov_hdf5_chk_0006
 [ 03-04-2025  15:02:29.769 ] [Driver_evolveAll]: Exiting evolution loop
 [ 03-04-2025  15:02:29.889 ] [IO_writePlotfile] open: type=plotfile name=sedov_forced_hdf5_plt_cnt_0000
 [ 03-04-2025  15:02:34.207 ] [io_writeData]: wrote   50688          blocks
 [ 03-04-2025  15:02:34.214 ] [IO_writePlotfile] close: type=plotfile name=sedov_forced_hdf5_plt_cnt_0000
 [ 03-04-2025  15:02:34.216 ] memory: /proc vsize    (MB):     4582.77 (min)       5023.36 (max)       4759.61 (avg)
 [ 03-04-2025  15:02:34.216 ] memory: /proc rss      (MB):     2071.77 (min)       2221.12 (max)       2116.05 (avg)
 ==============================================================================
 perf_summary: code performance summary for process            0
                      beginning : 03-04-2025  14:40:28
                         ending : 03-04-2025  15:02:34
   seconds in monitoring period :             1325.452
      number of evolution steps :                   60
 ------------------------------------------------------------------------------
 accounting unit                       time sec  num calls   secs avg  time pct
 ------------------------------------------------------------------------------
 initialization                        266.919      1         266.919    20.138
  eos                                    0.638      8           0.080     0.048
  guardcell internal                    10.701      7           1.529     0.807
   amr_guardcell                        10.093      7           1.442     0.761
   eos gc                                0.000      7           0.000     0.000
  writeCheckpoint                       41.405      1          41.405     3.124
   restrictAll                           6.312      1           6.312     0.476
  writePlotfile                          4.533      1           4.533     0.342
 writePlotfile                           4.439      1           4.439     0.335
 evolution                            1054.086      1        1054.086    79.527
  Hydro                                459.269     60           7.654    34.650
   Head                                 96.578     60           1.610     7.286
    guardcell internal                  96.577     60           1.610     7.286
     amr_guardcell                      88.836     60           1.481     6.702
     eos gc                              0.003     60           0.000     0.000
   compute fluxes                      346.171     60           5.770    26.117
    hy_computeFluxes                   346.167   1632           0.212    26.117
     RiemannState                      298.451   1632           0.183    22.517
     getFaceFlux                        47.338   1632           0.029     3.571
   conserveFluxes                        0.139     60           0.002     0.010
   update solution                      16.234     60           0.271     1.225
    update solution body                16.230   1632           0.010     1.225
     unsplitUpdate                       6.007   1632           0.004     0.453
  sourceTerms                            0.000     60           0.000     0.000
  Particles_advance                      0.000     60           0.000     0.000
  Gravity potential                      0.000     60           0.000     0.000
  IO_output                            390.587    120           3.255    29.468
   diagnostics                         138.155    120           1.151    10.423
   checkpointing                       252.404      6          42.067    19.043
    writeCheckpoint                    252.402      6          42.067    19.043
     restrictAll                        38.837      6           6.473     2.930
  Grid_updateRefinement                201.706     60           3.362    15.218
   eos                                   0.954      5           0.191     0.072
   tree                                200.752     60           3.346    15.146
    markRefineDerefine                  55.719     30           1.857     4.204
     guardcell internal                 48.292     30           1.610     3.643
      amr_guardcell                     44.394     30           1.480     3.349
      eos gc                             0.001     30           0.000     0.000
    amr_refine_derefine                141.780     30           4.726    10.697
    updateData                           0.001     30           0.000     0.000
   updateParticleRefinement              0.000      5           0.000     0.000
  Driver_computeDt                       2.506     60           0.042     0.189
 ==============================================================================
 [ 03-04-2025  15:02:34.217 ] [Timers_getSummary]: Not writing timer max/min/avg values because not all processors had same timers
 [ 03-04-2025  15:02:34.217 ] LOGFILE_END: FLASH run complete.
 FLASH log file:  03-04-2025  15:03:03.858    Run number:  1
 ==============================================================================
 Number of MPI tasks:               1792
 MPI version:                          3
 MPI subversion:                       1
 Dimensionality:                       3
 Max Number of Blocks/Proc:          200
 Number x zones:                      32
 Number y zones:                      32
 Number z zones:                      32
 Setup stamp:     Fri Nov 1 14:03:57 2024
 Build stamp:     Fri Nov 1 14:04:23 2024
 System info:     Linux corona211 4.18.0-553.22.1.1toss.t4.x86_64 #1 SMP Tue Sep 24 16:50:00 PDT 2
 Version:         Flash-X 1.0 (heads/main-0-g6040ba49-dirty)                                      
 Build directory: /usr/workspace/ather1/Flash-X/sedov
 Setup syntax:    /usr/workspace/ather1/Flash-X/bin/setup.py Sedov -auto -3d -nxb=32 -nyb=32 -nzb=32 +parallelio -objdir=/usr/workspace/ather1/Flash-X/sedov
 f compiler flags: mpif90 -ggdb -c -O2 -fdefault-real-8 -fdefault-double-8 -Wuninitialized -fallow-argument-mismatch -fallow-argument-mismatch -DMAXBLOCKS=200 -DNXB=32 -DNYB=32 -DNZB=32 -DN_DIM=3
 c compiler flags:    mpicc -I/p/lustre2/ather1/hdf5-1.14.4-3/install/include -DH5_USE_18_API -ggdb -c -O2 -Wuninitialized -D_FORTIFY_SOURCE=2 -DMAXBLOCKS=200 -DNXB=32 -DNYB=32 -DNZB=32 -DN_DIM=3
 ==============================================================================
 Comment:  Sedov explosion
 ==============================================================================
 FLASH Units used:
   Driver/DriverMain/Unsplit
   Grid/GridBoundaryConditions
   Grid/GridMain/AMR/Paramesh4/PM4_package/flash_avoid_orrery
   Grid/GridMain/AMR/Paramesh4/PM4_package/headers
   Grid/GridMain/AMR/Paramesh4/PM4_package/source
   Grid/GridMain/AMR/Paramesh4/PM4_package/utilities/multigrid
   Grid/GridMain/AMR/Paramesh4/interpolation/prolong
   Grid/GridMain/AMR/Paramesh4/levelFlux
   Grid/localAPI
   IO/IOMain/hdf5/parallel/PM
   IO/localAPI
   PhysicalConstants/PhysicalConstantsMain
   RuntimeParameters/RuntimeParametersMain
   Simulation/SimulationMain/Sedov
   TimeAdvance/TimeAdvanceMain/StrangSplit
   flashUtilities/contiguousConversion
   flashUtilities/general
   flashUtilities/interpolation/oneDim
   flashUtilities/nameValueLL
   flashUtilities/sorting/quicksort
   flashUtilities/system/memoryUsage/legacy
   monitors/Logfile/LogfileMain
   monitors/Timers/TimersMain/MPINative
   physics/Eos/EosMain/Gamma
   physics/Hydro/HydroMain/unsplit/OnlyHydro
   physics/Hydro/HydroMain/unsplit/levelFlux
   physics/Hydro/localAPI
 ==============================================================================
 RuntimeParameters:
                                                                               
 ==============================================================================
bndpriorityone              =          1
bndprioritythree            =          3
bndprioritytwo              =          2
checkpointfileintervalstep  =         10 [CHANGED]
checkpointfilenumber        =          0
dr_abortpause               =          2
dr_dtminbelowaction         =          1
drift_break_inst            =          0
drift_trunc_mantissa        =          2
drift_verbose_inst          =          0
eos_entrelescalechoice      =          6
eos_loglevel                =        700
fileformatversion           =          9
forcedplotfilenumber        =          0
gr_lrefmaxtimevalue_1       =         -1
gr_lrefmaxtimevalue_10      =         -1
gr_lrefmaxtimevalue_11      =         -1
gr_lrefmaxtimevalue_12      =         -1
gr_lrefmaxtimevalue_13      =         -1
gr_lrefmaxtimevalue_14      =         -1
gr_lrefmaxtimevalue_15      =         -1
gr_lrefmaxtimevalue_16      =         -1
gr_lrefmaxtimevalue_17      =         -1
gr_lrefmaxtimevalue_18      =         -1
gr_lrefmaxtimevalue_19      =         -1
gr_lrefmaxtimevalue_2       =         -1
gr_lrefmaxtimevalue_20      =         -1
gr_lrefmaxtimevalue_3       =         -1
gr_lrefmaxtimevalue_4       =         -1
gr_lrefmaxtimevalue_5       =         -1
gr_lrefmaxtimevalue_6       =         -1
gr_lrefmaxtimevalue_7       =         -1
gr_lrefmaxtimevalue_8       =         -1
gr_lrefmaxtimevalue_9       =         -1
gr_pmrpdivergencefree       =         -1
gr_pmrpifaceoff             =          0
gr_pmrpl2p5d                =          0
gr_pmrpmaxblocks            =         -1
gr_pmrpmflags               =          1
gr_pmrpnboundaries          =          6
gr_pmrpndim                 =          3
gr_pmrpnedgevar1            =         -1
gr_pmrpnfacevar             =         -1
gr_pmrpnfielddivf           =         -1
gr_pmrpnfluxvar             =         -1
gr_pmrpnguard               =         -1
gr_pmrpnguardwork           =         -1
gr_pmrpnvar                 =         -1
gr_pmrpnvarwork             =          1
gr_pmrpnvarcorn             =          0
gr_pmrpnvaredge             =          0
gr_pmrpnxb                  =         -1
gr_pmrpnyb                  =         -1
gr_pmrpnzb                  =         -1
gr_restrictallmethod        =          3
gr_sanitizedatamode         =          1
gr_sanitizeverbosity        =          5
gr_tilesizex                =         32
gr_tilesizey                =         32
gr_tilesizez                =         32
hy_3torder                  =         -1
hydrocomputedtoption        =         -1
iprocs                      =          1
interpol_order              =          2
irenorm                     =          0
jprocs                      =          1
kprocs                      =          1
lrefine_del                 =          0
lrefine_max                 =          6 [CHANGED]
lrefine_min                 =          1
lrefine_min_init            =          1
max_particles_per_blk       =        100
memory_stat_freq            =     100000
meshcopycount               =          1
min_particles_per_blk       =          1
nbegin                      =          1
nblockx                     =         32 [CHANGED]
nblocky                     =         32 [CHANGED]
nblockz                     =         32 [CHANGED]
nend                        =         60 [CHANGED]
nrefs                       =          2
nsteptotalsts               =          5
order                       =          3 [CHANGED]
outputsplitnum              =          1
plotfileintervalstep        =          0
plotfilenumber              =          0
refine_var_count            =          4
rolling_checkpoint          =      10000
sim_centerrefinelevel       =          1
sim_integralslevel          =         -1
sim_nsubzones               =          7
sweeporder                  =        123
transorder                  =          1
wr_integrals_freq           =          1
limitedslopebeta            =                 0.100E+01
cfl                         =                 0.800E+00
checkpointfileintervaltime  =                 0.000E+00 [CHANGED]
checkpointfileintervalz     =                 0.180+309
cvisc                       =                 0.100E+00
derefine_cutoff_1           =                 0.200E+00
derefine_cutoff_2           =                 0.200E+00
derefine_cutoff_3           =                 0.200E+00
derefine_cutoff_4           =                 0.200E+00
dr_dtmincontinue            =                 0.000E+00
dr_tstepslowstartfactor     =                 0.100E+00
dtinit                      =                 0.100E-09
dtmax                       =                 0.100E+06
dtmin                       =                 0.100E-09
eintswitch                  =                 0.100E-03 [CHANGED]
eos_singlespeciesa          =                 0.100E+01
eos_singlespeciesz          =                 0.100E+01
gamma                       =                 0.140E+01 [CHANGED]
gr_btworkchildscaling       =                 0.100E+01
gr_btworkdefaultleaf        =                 0.200E+01
gr_btworkdefaultpar         =                 0.100E+01
gr_btworklbleaf             =                 0.000E+00
gr_btworklbpar              =                 0.000E+00
gr_btworkubleaf             =                 0.100E+07
gr_btworkubpar              =                 0.100E+07
gr_lrefinemaxredlogbase     =                 0.100E+02
gr_lrefinemaxredradiusfact  =                 0.000E+00
gr_lrefinemaxredtref        =                 0.000E+00
gr_lrefinemaxredtimescale   =                 0.100E+01
gr_lrefmaxtime_1            =                -0.100E+01
gr_lrefmaxtime_10           =                -0.100E+01
gr_lrefmaxtime_11           =                -0.100E+01
gr_lrefmaxtime_12           =                -0.100E+01
gr_lrefmaxtime_13           =                -0.100E+01
gr_lrefmaxtime_14           =                -0.100E+01
gr_lrefmaxtime_15           =                -0.100E+01
gr_lrefmaxtime_16           =                -0.100E+01
gr_lrefmaxtime_17           =                -0.100E+01
gr_lrefmaxtime_18           =                -0.100E+01
gr_lrefmaxtime_19           =                -0.100E+01
gr_lrefmaxtime_2            =                -0.100E+01
gr_lrefmaxtime_20           =                -0.100E+01
gr_lrefmaxtime_3            =                -0.100E+01
gr_lrefmaxtime_4            =                -0.100E+01
gr_lrefmaxtime_5            =                -0.100E+01
gr_lrefmaxtime_6            =                -0.100E+01
gr_lrefmaxtime_7            =                -0.100E+01
gr_lrefmaxtime_8            =                -0.100E+01
gr_lrefmaxtime_9            =                -0.100E+01
hy_cflfallbackfactor        =                 0.900E+00
hy_fpresinmomflux           =                 0.100E+01
hybridorderkappa            =                 0.000E+00
nusts                       =                 0.200E+00 [CHANGED]
plotfileintervaltime        =                 0.000E+00 [CHANGED]
plotfileintervalz           =                 0.180+309
radiusgp                    =                 0.200E+01
refine_cutoff_1             =                 0.800E+00
refine_cutoff_2             =                 0.800E+00
refine_cutoff_3             =                 0.800E+00
refine_cutoff_4             =                 0.800E+00
refine_filter_1             =                 0.100E-01
refine_filter_2             =                 0.100E-01
refine_filter_3             =                 0.100E-01
refine_filter_4             =                 0.100E-01
rss_limit                   =                -0.100E+01
sigmagp                     =                 0.300E+01
sim_derefineradius          =                 0.000E+00
sim_earliestlstime          =                 0.000E+00
sim_expenergy               =                 0.100E+01
sim_largestnormradius       =                 0.180+309
sim_latestlstime            =                 0.180+309
sim_minrhoinit              =                 0.100E-19
sim_pambient                =                 0.100E-04
sim_rinit                   =                 0.137E-01 [CHANGED]
sim_rhoambient              =                 0.100E+01
sim_smallestnormradius      =                 0.000E+00
sim_xctr                    =                 0.500E+00
sim_yctr                    =                 0.500E+00
sim_zctr                    =                 0.500E+00
small                       =                 0.100E-09
smalle                      =                 0.100E-09
smallp                      =                 0.100E-09
smallt                      =                 0.100E-09
smallu                      =                 0.100E-09
smallx                      =                 0.100E-09
smlrho                      =                 0.100E-09
tinitial                    =                 0.000E+00
tiny                        =                 0.100E-15
tmax                        =                 0.500E+06 [CHANGED]
tstep_change_factor         =                 0.200E+01
wall_clock_checkpoint       =                 0.432E+05
wall_clock_time_limit       =                 0.605E+06
x_refine_center             =                 0.000E+00
xmax                        =                 0.100E+01
xmin                        =                 0.000E+00
y_refine_center             =                 0.000E+00
ymax                        =                 0.100E+01
ymin                        =                 0.000E+00
zfinal                      =                 0.000E+00
zinitial                    =                -0.100E+01
z_refine_center             =                 0.000E+00
zmax                        =                 0.100E+01
zmin                        =                 0.000E+00
riemannsolver               = Roe                            [CHANGED]
unitsystem                  = none                          
basenm                      = sedov_                         [CHANGED]
entropyfixmethod            = HARTENHYMAN                   
eosmode                     = dens_ie                       
eosmodeinit                 = dens_ie                       
geometry                    = cartesian                     
gr_pmrpoutputdir            = ./                            
grav_boundary_type          = isolated                      
hy_eosmodegc                = see eosMode                   
log_file                    = sedov.log                      [CHANGED]
output_directory            =                               
pc_unitsbase                = CGS                           
plot_grid_var_1             = none                          
plot_grid_var_10            = none                          
plot_grid_var_11            = none                          
plot_grid_var_12            = none                          
plot_grid_var_13            = none                          
plot_grid_var_14            = none                          
plot_grid_var_15            = none                          
plot_grid_var_16            = none                          
plot_grid_var_17            = none                          
plot_grid_var_18            = none                          
plot_grid_var_19            = none                          
plot_grid_var_2             = none                          
plot_grid_var_20            = none                          
plot_grid_var_21            = none                          
plot_grid_var_22            = none                          
plot_grid_var_23            = none                          
plot_grid_var_24            = none                          
plot_grid_var_25            = none                          
plot_grid_var_26            = none                          
plot_grid_var_27            = none                          
plot_grid_var_28            = none                          
plot_grid_var_29            = none                          
plot_grid_var_3             = none                          
plot_grid_var_30            = none                          
plot_grid_var_31            = none                          
plot_grid_var_32            = none                          
plot_grid_var_33            = none                          
plot_grid_var_34            = none                          
plot_grid_var_35            = none                          
plot_grid_var_36            = none                          
plot_grid_var_37            = none                          
plot_grid_var_38            = none                          
plot_grid_var_39            = none                          
plot_grid_var_4             = none                          
plot_grid_var_40            = none                          
plot_grid_var_41            = none                          
plot_grid_var_42            = none                          
plot_grid_var_43            = none                          
plot_grid_var_44            = none                          
plot_grid_var_45            = none                          
plot_grid_var_46            = none                          
plot_grid_var_47            = none                          
plot_grid_var_48            = none                          
plot_grid_var_49            = none                          
plot_grid_var_5             = none                          
plot_grid_var_50            = none                          
plot_grid_var_51            = none                          
plot_grid_var_52            = none                          
plot_grid_var_53            = none                          
plot_grid_var_54            = none                          
plot_grid_var_55            = none                          
plot_grid_var_56            = none                          
plot_grid_var_57            = none                          
plot_grid_var_58            = none                          
plot_grid_var_59            = none                          
plot_grid_var_6             = none                          
plot_grid_var_60            = none                          
plot_grid_var_61            = none                          
plot_grid_var_62            = none                          
plot_grid_var_63            = none                          
plot_grid_var_64            = none                          
plot_grid_var_65            = none                          
plot_grid_var_66            = none                          
plot_grid_var_67            = none                          
plot_grid_var_68            = none                          
plot_grid_var_69            = none                          
plot_grid_var_7             = none                          
plot_grid_var_70            = none                          
plot_grid_var_71            = none                          
plot_grid_var_72            = none                          
plot_grid_var_73            = none                          
plot_grid_var_74            = none                          
plot_grid_var_75            = none                          
plot_grid_var_76            = none                          
plot_grid_var_77            = none                          
plot_grid_var_78            = none                          
plot_grid_var_8             = none                          
plot_grid_var_9             = none                          
plot_var_1                  = dens                           [CHANGED]
plot_var_10                 = none                          
plot_var_11                 = none                          
plot_var_12                 = none                          
plot_var_13                 = none                          
plot_var_14                 = none                          
plot_var_15                 = none                          
plot_var_16                 = none                          
plot_var_17                 = none                          
plot_var_18                 = none                          
plot_var_2                  = pres                           [CHANGED]
plot_var_3                  = temp                           [CHANGED]
plot_var_4                  = none                          
plot_var_5                  = none                          
plot_var_6                  = none                          
plot_var_7                  = none                          
plot_var_8                  = none                          
plot_var_9                  = none                          
prof_file                   = profile.dat                   
refine_var_1                = dens                           [CHANGED]
refine_var_2                = pres                           [CHANGED]
refine_var_3                = none                          
refine_var_4                = none                          
run_comment                 = Sedov explosion                [CHANGED]
run_number                  = 1                             
sim_proffilename            = /dev/null                      [CHANGED]
slopelimiter                = mc                             [CHANGED]
stats_file                  = flashx.dat                    
wenomethod                  = WENO5                         
xl_boundary_type            = outflow                        [CHANGED]
xr_boundary_type            = outflow                        [CHANGED]
yl_boundary_type            = outflow                        [CHANGED]
yr_boundary_type            = outflow                        [CHANGED]
zl_boundary_type            = outflow                        [CHANGED]
zr_boundary_type            = outflow                        [CHANGED]
csvsummaryallprocs          =  F
eosforriemann               =  F
logsummaryallprocs          =  F
addthermalflux              =  T
allowdtstsdominate          =  F
alwayscomputeuservars       =  T
alwaysrestrictcheckpoint    =  T
charlimiting                =  T
chkguardcellsinput          =  F
chkguardcellsoutput         =  F
conserveangmom              =  F
converttoconsvdformeshcalls =  F
converttoconsvdinmeshinterp =  T
corners                     =  F
dr_printtsteploc            =  T
dr_shortenlaststepbeforetmax =  F
drift_tuples                =  F
eachprocwritesownabortlog   =  F
eachprocwritessummary       =  F
earlyblockdistadjustment    =  T
enablemaskedgcfill          =  F
entropy                     =  F
flux_correct                =  T
flux_correct_perlevel       =  F
geometryoverride            =  F
gr_bcenableapplymixedgds    =  T
gr_bndgcfillneedsprimitivevars =  T
gr_btcustomwork             =  F
gr_btexchangework           =  F
gr_btsortbywork             =  T
gr_enabletiling             =  F
gr_lrefinemaxbytime         =  F
gr_lrefinemaxreddobylogr    =  F
gr_lrefinemaxreddobytime    =  F
gr_pmrpadvancealllevels     =  F
gr_pmrpamrerrorchecking     =  F
gr_pmrpcartesianpm          =  F
gr_pmrpconserve             =  F
gr_pmrpconsvfluxdensities   =  T
gr_pmrpconsvfluxes          =  F
gr_pmrpcurvilinear          =  F
gr_pmrpcurvilinearconserve  =  F
gr_pmrpcylindricalpm        =  F
gr_pmrpdiagonals            =  T
gr_pmrpedgevalue            =  T
gr_pmrpedgevalueinteg       =  F
gr_pmrpemptycells           =  F
gr_pmrpforceconsistency     =  T
gr_pmrplsingularline        =  F
gr_pmrpnopermanentguardcells =  F
gr_pmrppolarpm              =  F
gr_pmrppredcorr             =  F
gr_pmrpsphericalpm          =  F
gr_pmrptimingmpi            =  F
gr_pmrptimingmpix           =  F
gr_pmrpvardt                =  F
gr_usetiling                =  F
hy_fallbacklowercfl         =  F
hy_fullspecmsfluxhandling   =  T
hy_usetiling                =  F
ignoreforcedplot            =  F
io_writemscalarintegrals    =  F
plotfilegridquantitydp      =  F
plotfilemetadatadp          =  F
reducegcellfills            =  F
refine_on_particle_count    =  F
restart                     =  F
shockdetect                 =  F
shocklowercfl               =  F
sim_bcsetbdryvar            =  F
sim_forcecenterderefine     =  F
sim_onelevelintegralsonly   =  F
summaryoutputonly           =  F
threadblocklistbuild        =  F
threaddelepblocklist        =  F
threaddelepwithinblock      =  F
threaddriverblocklist       =  F
threaddriverwithinblock     =  F
threadeoswithinblock        =  F
threadhydroblocklist        =  F
threadhydrowithinblock      =  F
threadraytracebuild         =  F
threadwithinblockbuild      =  F
tmr_suppressinparallel      =  F
typematchedxfer             =  T
unbiased_geometry           =  F
updatehydrofluxes           =  T
useburn                     =  F
usecollectivehdf5           =  T
usedeleptonize              =  F
usegravity                  =  F
useheatad                   =  F
useheater                   =  F
usehydro                    =  T
useimbound                  =  F
useincompns                 =  F
useinlet                    =  F
uselegacylabels             =  T
usemultiphase               =  F
useorchestration            =  F
useoutlet                   =  F
useparticles                =  F
useradtrans                 =  F
usests                      =  F
usestsfordiffusion          =  F
usesolidmechanics           =  F
use_3dfullctu               =  T
use_auxeinteqn              =  T
use_avisc                   =  T [CHANGED]
use_cma_advection           =  F
use_cma_flattening          =  F
use_flash_surr_blks_fill    =  T
use_flattening              =  F
use_gravhalfupdate          =  T
use_hybridorder             =  F
use_reduced_orrery          =  T
use_steepening              =  F
use_upwindtvd               =  F
writestatsummary            =  T
                                                                               
 ==============================================================================
                                                                               
 Known units of measurement:
                                                                               
              Unit                          CGS Value                Base Unit
  1                  cm                     1.0000                           cm
  2                   s                     1.0000                            s
  3                   g                     1.0000                            g
  4                   K                     1.0000                            K
  5                 esu                     1.0000                          esu
  6                 mol                     1.0000                          mol
  7                   m                     100.00                           cm
  8                  km                    1.00000E+05                       cm
  9                  pc                    3.08568E+18                       cm
 10                 kpc                    3.08568E+21                       cm
 11                 Mpc                    3.08568E+24                       cm
 12                 Gpc                    3.08568E+27                       cm
 13                Rsun                    6.96000E+10                       cm
 14                  AU                    1.49598E+13                       cm
 15                  yr                    3.15569E+07                        s
 16                 Myr                    3.15569E+13                        s
 17                 Gyr                    3.15569E+16                        s
 18                  kg                     1000.0                            g
 19                Msun                    1.98892E+33                        g
 20                 amu                    1.66054E-24                        g
 21                  eV                     11605.                            K
 22                   C                    2.99792E+09                      esu
 23                LFLY                    3.08568E+24                       cm
 24                TFLY                    2.05759E+17                        s
 25                MFLY                    9.88470E+45                        g
 26            clLength                    3.08568E+24                       cm
 27              clTime                    3.15569E+16                        s
 28              clMass                    1.98892E+48                        g
 29              clTemp                    1.16045E+07                        K
-----------End of Units--------------------
                                                                               
 Known physical constants:
                                                                               
    Constant Name       Constant Value   cm       s        g        K        esu      mol
  1              Newton    6.67408E-08   3.0     -2.0     -1.0      0.0      0.0      0.0    
  2      speed of light    2.99792E+10   1.0     -1.0      0.0      0.0      0.0      0.0    
  3              Planck    6.62607E-27   2.0     -1.0      1.0      0.0      0.0      0.0    
  4     electron charge    4.80320E-10   0.0      0.0      0.0      0.0      1.0      0.0    
  5       electron mass    9.10938E-28   0.0      0.0      1.0      0.0      0.0      0.0    
  6         proton mass    1.67262E-24   0.0      0.0      1.0      0.0      0.0      0.0    
  7      fine-structure    7.29735E-03   0.0      0.0      0.0      0.0      0.0      0.0    
  8            Avogadro    6.02214E+23   0.0      0.0      0.0      0.0      0.0     -1.0    
  9           Boltzmann    1.38065E-16   2.0     -2.0      1.0     -1.0      0.0      0.0    
 10  ideal gas constant    8.31446E+07   2.0     -2.0      1.0     -1.0      0.0     -1.0    
 11                Wien    0.28978       1.0      0.0      0.0      1.0      0.0      0.0    
 12    Stefan-Boltzmann    5.67037E-05   0.0     -3.0      1.0     -4.0      0.0      0.0    
 13  Radiation Constant    7.56572E-15  -1.0     -2.0      1.0     -4.0      0.0      0.0    
 14                  pi     3.1416       0.0      0.0      0.0      0.0      0.0      0.0    
 15                   e     2.7183       0.0      0.0      0.0      0.0      0.0      0.0    
 16               Euler    0.57722       0.0      0.0      0.0      0.0      0.0      0.0    
 ==============================================================================
                                                                               
 Multifluid database: not configured in
                                                                               
 ==============================================================================
 [ 03-04-2025  15:03:03.860 ] [gr_initGeometry] checking BCs for idir: 1
 [ 03-04-2025  15:03:03.860 ] [gr_initGeometry] checking BCs for idir: 2
 [ 03-04-2025  15:03:03.860 ] [gr_initGeometry] checking BCs for idir: 3
 [ 03-04-2025  15:03:05.815 ] [GRID amr_refine_derefine]: initiating refinement
 [ 03-04-2025  15:03:05.816 ] [GRID amr_refine_derefine]: redist. phase.  tot blks requested: 32768
 [GRID amr_refine_derefine] min blks 18    max blks 19    tot blks 32768
 [GRID amr_refine_derefine] min leaf blks 18    max leaf blks 19    tot leaf blks 32768
 [ 03-04-2025  15:03:06.270 ] [GRID amr_refine_derefine]: refinement complete
 [ 03-04-2025  15:03:18.579 ] [GRID gr_expandDomain]: iteration=1, create level=2
 INFO: Grid_fillGuardCells is ignoring masking.
 [ 03-04-2025  15:03:36.353 ] [mpi_amr_comm_setup]: buffer_dim_send=5176573, buffer_dim_recv=3646981
 [ 03-04-2025  15:03:40.046 ] [GRID amr_refine_derefine]: initiating refinement
 [ 03-04-2025  15:03:40.065 ] [GRID amr_refine_derefine]: redist. phase.  tot blks requested: 32832
 [GRID amr_refine_derefine] min blks 18    max blks 19    tot blks 32832
 [GRID amr_refine_derefine] min leaf blks 17    max leaf blks 19    tot leaf blks 32824
 [ 03-04-2025  15:03:40.330 ] [GRID amr_refine_derefine]: refinement complete
 [ 03-04-2025  15:03:40.335 ] [GRID gr_expandDomain]: iteration=2, create level=3
 [ 03-04-2025  15:04:01.938 ] [GRID amr_refine_derefine]: initiating refinement
 [ 03-04-2025  15:04:01.954 ] [GRID amr_refine_derefine]: redist. phase.  tot blks requested: 32896
 [GRID amr_refine_derefine] min blks 18    max blks 20    tot blks 32896
 [GRID amr_refine_derefine] min leaf blks 17    max leaf blks 19    tot leaf blks 32880
 [ 03-04-2025  15:04:02.220 ] [GRID amr_refine_derefine]: refinement complete
 [ 03-04-2025  15:04:02.224 ] [GRID gr_expandDomain]: iteration=3, create level=4
 [ 03-04-2025  15:04:24.081 ] [GRID amr_refine_derefine]: initiating refinement
 [ 03-04-2025  15:04:24.102 ] [GRID amr_refine_derefine]: redist. phase.  tot blks requested: 34304
 [GRID amr_refine_derefine] min blks 19    max blks 22    tot blks 34304
 [GRID amr_refine_derefine] min leaf blks 17    max leaf blks 20    tot leaf blks 34112
 [ 03-04-2025  15:04:24.583 ] [GRID amr_refine_derefine]: refinement complete
 [ 03-04-2025  15:04:24.589 ] [GRID gr_expandDomain]: iteration=4, create level=5
 [ 03-04-2025  15:04:44.686 ] [mpi_amr_comm_setup]: buffer_dim_send=5313661, buffer_dim_recv=4312081
 [ 03-04-2025  15:04:47.420 ] [GRID amr_refine_derefine]: initiating refinement
 [ 03-04-2025  15:04:47.439 ] [GRID amr_refine_derefine]: redist. phase.  tot blks requested: 37312
 [GRID amr_refine_derefine] min blks 20    max blks 24    tot blks 37312
 [GRID amr_refine_derefine] min leaf blks 18    max leaf blks 21    tot leaf blks 36744
 [ 03-04-2025  15:04:47.966 ] [GRID amr_refine_derefine]: refinement complete
 [ 03-04-2025  15:04:47.973 ] [GRID gr_expandDomain]: iteration=5, create level=6
 [ 03-04-2025  15:05:10.133 ] [mpi_amr_comm_setup]: buffer_dim_send=5713933, buffer_dim_recv=4459801
 [ 03-04-2025  15:05:12.346 ] [GRID amr_refine_derefine]: initiating refinement
 [ 03-04-2025  15:05:12.365 ] [GRID amr_refine_derefine]: redist. phase.  tot blks requested: 48768
 [GRID amr_refine_derefine] min blks 26    max blks 30    tot blks 48768
 [GRID amr_refine_derefine] min leaf blks 23    max leaf blks 27    tot leaf blks 46768
 [ 03-04-2025  15:05:13.249 ] [GRID amr_refine_derefine]: refinement complete
 [ 03-04-2025  15:05:13.257 ] [GRID gr_expandDomain]: iteration=6, create level=6
 [ 03-04-2025  15:05:41.779 ] [mpi_amr_comm_setup]: buffer_dim_send=7881145, buffer_dim_recv=5392297
 [ 03-04-2025  15:05:44.225 ] [GRID gr_expandDomain]: iteration=7, create level=6
 [ 03-04-2025  15:06:15.180 ] [GRID gr_expandDomain]: iteration=8, create level=6
 [ 03-04-2025  15:06:44.567 ] memory: /proc vsize    (MB):     4528.07 (min)       4791.78 (max)       4698.82 (avg)
 [ 03-04-2025  15:06:44.567 ] memory: /proc rss      (MB):     1839.82 (min)       1925.43 (max)       1861.20 (avg)
 [ 03-04-2025  15:06:44.568 ] memory: /proc vsize    (MB):     4528.07 (min)       4791.78 (max)       4698.82 (avg)
 [ 03-04-2025  15:06:44.568 ] memory: /proc rss      (MB):     1839.82 (min)       1925.43 (max)       1861.20 (avg)
 [ 03-04-2025  15:06:44.615 ] memory: /proc vsize    (MB):     4528.07 (min)       4791.78 (max)       4698.82 (avg)
 [ 03-04-2025  15:06:44.615 ] memory: /proc rss      (MB):     1839.82 (min)       1925.43 (max)       1861.20 (avg)
 [ 03-04-2025  15:06:51.278 ] [IO_writeCheckpoint] open: type=checkpoint name=sedov_hdf5_chk_0000
 [ 03-04-2025  15:07:26.430 ] [io_writeData]: wrote   48768          blocks
 [ 03-04-2025  15:07:26.448 ] [IO_writeCheckpoint] close: type=checkpoint name=sedov_hdf5_chk_0000
 [ 03-04-2025  15:07:26.553 ] [IO_writePlotfile] open: type=plotfile name=sedov_hdf5_plt_cnt_0000
 [ 03-04-2025  15:07:30.901 ] [io_writeData]: wrote   48768          blocks
 [ 03-04-2025  15:07:30.910 ] [IO_writePlotfile] close: type=plotfile name=sedov_hdf5_plt_cnt_0000
 [ 03-04-2025  15:07:30.912 ] memory: /proc vsize    (MB):     4545.45 (min)       5016.12 (max)       4718.58 (avg)
 [ 03-04-2025  15:07:30.912 ] memory: /proc rss      (MB):     1846.61 (min)       1940.74 (max)       1871.51 (avg)
 [ 03-04-2025  15:07:30.912 ] [Driver_evolveAll]: Entering evolution loop
 [ 03-04-2025  15:07:30.912 ] step: n=1 t=0.000000E+00 dt=1.000000E-10
 [ 03-04-2025  15:07:40.842 ] step: n=2 t=1.000000E-10 dt=2.000000E-10
 [ 03-04-2025  15:07:57.193 ] step: n=3 t=3.000000E-10 dt=4.000000E-10
 [ 03-04-2025  15:08:07.036 ] step: n=4 t=7.000000E-10 dt=8.000000E-10
 [ 03-04-2025  15:08:23.405 ] step: n=5 t=1.500000E-09 dt=1.600000E-09
 [ 03-04-2025  15:08:33.238 ] step: n=6 t=3.100000E-09 dt=3.200000E-09
 [ 03-04-2025  15:08:49.626 ] step: n=7 t=6.300000E-09 dt=6.400000E-09
 [ 03-04-2025  15:08:59.521 ] step: n=8 t=1.270000E-08 dt=1.280000E-08
 [ 03-04-2025  15:09:15.932 ] step: n=9 t=2.550000E-08 dt=2.560000E-08
 [ 03-04-2025  15:09:25.818 ] step: n=10 t=5.110000E-08 dt=5.120000E-08
 [ 03-04-2025  15:09:48.512 ] [IO_writeCheckpoint] open: type=checkpoint name=sedov_hdf5_chk_0001
 [ 03-04-2025  15:10:23.951 ] [io_writeData]: wrote   48768          blocks
 [ 03-04-2025  15:10:23.957 ] [IO_writeCheckpoint] close: type=checkpoint name=sedov_hdf5_chk_0001
 [ 03-04-2025  15:10:23.958 ] step: n=11 t=1.023000E-07 dt=1.024000E-07
 [ 03-04-2025  15:10:33.853 ] step: n=12 t=2.047000E-07 dt=9.937542E-08
 [ 03-04-2025  15:10:50.256 ] step: n=13 t=3.040754E-07 dt=9.615282E-08
 [ 03-04-2025  15:11:00.231 ] step: n=14 t=4.002282E-07 dt=9.325600E-08
 [ 03-04-2025  15:11:16.644 ] step: n=15 t=4.934842E-07 dt=9.058955E-08
 [ 03-04-2025  15:11:26.544 ] step: n=16 t=5.840738E-07 dt=8.822195E-08
 [ 03-04-2025  15:11:42.998 ] step: n=17 t=6.722957E-07 dt=8.592743E-08
 [ 03-04-2025  15:11:52.912 ] step: n=18 t=7.582232E-07 dt=8.368672E-08
 [ 03-04-2025  15:12:09.337 ] step: n=19 t=8.419099E-07 dt=8.162257E-08
 [ 03-04-2025  15:12:19.270 ] step: n=20 t=9.235325E-07 dt=7.981691E-08
 [ 03-04-2025  15:12:42.103 ] [IO_writeCheckpoint] open: type=checkpoint name=sedov_hdf5_chk_0002
 [ 03-04-2025  15:13:17.184 ] [io_writeData]: wrote   48768          blocks
 [ 03-04-2025  15:13:17.191 ] [IO_writeCheckpoint] close: type=checkpoint name=sedov_hdf5_chk_0002
 [ 03-04-2025  15:13:17.192 ] step: n=21 t=1.003349E-06 dt=7.822053E-08
 [ 03-04-2025  15:13:27.095 ] step: n=22 t=1.081570E-06 dt=7.684528E-08
 [ 03-04-2025  15:13:43.546 ] step: n=23 t=1.158415E-06 dt=7.555985E-08
 [ 03-04-2025  15:13:53.447 ] step: n=24 t=1.233975E-06 dt=7.447396E-08
 [ 03-04-2025  15:14:09.746 ] [GRID amr_refine_derefine]: initiating refinement
 [ 03-04-2025  15:14:09.765 ] [GRID amr_refine_derefine]: redist. phase.  tot blks requested: 49152
 [GRID amr_refine_derefine] min blks 26    max blks 30    tot blks 49152
 [GRID amr_refine_derefine] min leaf blks 24    max leaf blks 27    tot leaf blks 47104
 [ 03-04-2025  15:14:10.432 ] [GRID amr_refine_derefine]: refinement complete
 [ 03-04-2025  15:14:11.035 ] step: n=25 t=1.308449E-06 dt=7.359418E-08
 [ 03-04-2025  15:14:11.035 ] [mpi_amr_comm_setup]: buffer_dim_send=7863733, buffer_dim_recv=5392297
 [ 03-04-2025  15:14:21.037 ] step: n=26 t=1.382043E-06 dt=7.289860E-08
 [ 03-04-2025  15:14:37.456 ] step: n=27 t=1.454942E-06 dt=7.238261E-08
 [ 03-04-2025  15:14:47.388 ] step: n=28 t=1.527324E-06 dt=7.195505E-08
 [ 03-04-2025  15:15:03.814 ] step: n=29 t=1.599279E-06 dt=7.160819E-08
 [ 03-04-2025  15:15:13.741 ] step: n=30 t=1.670888E-06 dt=7.137201E-08
 [ 03-04-2025  15:15:36.592 ] [IO_writeCheckpoint] open: type=checkpoint name=sedov_hdf5_chk_0003
 [ 03-04-2025  15:16:11.683 ] [io_writeData]: wrote   49152          blocks
 [ 03-04-2025  15:16:11.690 ] [IO_writeCheckpoint] close: type=checkpoint name=sedov_hdf5_chk_0003
 [ 03-04-2025  15:16:11.691 ] step: n=31 t=1.742260E-06 dt=7.124494E-08
 [ 03-04-2025  15:16:21.560 ] step: n=32 t=1.813505E-06 dt=7.119740E-08
 [ 03-04-2025  15:16:37.934 ] step: n=33 t=1.884702E-06 dt=7.120661E-08
 [ 03-04-2025  15:16:47.886 ] step: n=34 t=1.955909E-06 dt=7.122364E-08
 [ 03-04-2025  15:17:04.249 ] step: n=35 t=2.027132E-06 dt=7.124414E-08
 [ 03-04-2025  15:17:14.190 ] step: n=36 t=2.098376E-06 dt=7.127462E-08
 [ 03-04-2025  15:17:30.482 ] [GRID amr_refine_derefine]: initiating refinement
 [ 03-04-2025  15:17:30.503 ] [GRID amr_refine_derefine]: redist. phase.  tot blks requested: 49920
 [GRID amr_refine_derefine] min blks 27    max blks 31    tot blks 49920
 [GRID amr_refine_derefine] min leaf blks 24    max leaf blks 28    tot leaf blks 47776
 [ 03-04-2025  15:17:31.191 ] [GRID amr_refine_derefine]: refinement complete
 [ 03-04-2025  15:17:31.764 ] step: n=37 t=2.169651E-06 dt=7.132802E-08
 [ 03-04-2025  15:17:31.765 ] [mpi_amr_comm_setup]: buffer_dim_send=7338289, buffer_dim_recv=5392297
 [ 03-04-2025  15:17:41.803 ] step: n=38 t=2.240979E-06 dt=7.141305E-08
 [ 03-04-2025  15:17:58.398 ] step: n=39 t=2.312392E-06 dt=7.142860E-08
 [ 03-04-2025  15:18:08.390 ] step: n=40 t=2.383821E-06 dt=7.142437E-08
 [ 03-04-2025  15:18:31.739 ] [IO_writeCheckpoint] open: type=checkpoint name=sedov_hdf5_chk_0004
 [ 03-04-2025  15:19:07.876 ] [io_writeData]: wrote   49920          blocks
 [ 03-04-2025  15:19:07.881 ] [IO_writeCheckpoint] close: type=checkpoint name=sedov_hdf5_chk_0004
 [ 03-04-2025  15:19:07.883 ] step: n=41 t=2.455245E-06 dt=7.141417E-08
 [ 03-04-2025  15:19:17.861 ] step: n=42 t=2.526659E-06 dt=7.140932E-08
 [ 03-04-2025  15:19:34.448 ] step: n=43 t=2.598068E-06 dt=7.141878E-08
 [ 03-04-2025  15:19:44.425 ] step: n=44 t=2.669487E-06 dt=7.142363E-08
 [ 03-04-2025  15:20:01.005 ] step: n=45 t=2.740911E-06 dt=7.140413E-08
 [ 03-04-2025  15:20:10.987 ] step: n=46 t=2.812315E-06 dt=7.140388E-08
 [ 03-04-2025  15:20:27.457 ] [GRID amr_refine_derefine]: initiating refinement
 [ 03-04-2025  15:20:27.473 ] [GRID amr_refine_derefine]: redist. phase.  tot blks requested: 50304
 [GRID amr_refine_derefine] min blks 27    max blks 31    tot blks 50304
 [GRID amr_refine_derefine] min leaf blks 24    max leaf blks 28    tot leaf blks 48112
 [ 03-04-2025  15:20:28.166 ] [GRID amr_refine_derefine]: refinement complete
 [ 03-04-2025  15:20:28.659 ] step: n=47 t=2.883719E-06 dt=7.140292E-08
 [ 03-04-2025  15:20:28.659 ] [mpi_amr_comm_setup]: buffer_dim_send=7910833, buffer_dim_recv=5392297
 [ 03-04-2025  15:20:38.744 ] step: n=48 t=2.955122E-06 dt=7.140606E-08
 [ 03-04-2025  15:20:55.282 ] [GRID amr_refine_derefine]: initiating refinement
 [ 03-04-2025  15:20:55.293 ] [GRID amr_refine_derefine]: redist. phase.  tot blks requested: 50496
 [GRID amr_refine_derefine] min blks 27    max blks 31    tot blks 50496
 [GRID amr_refine_derefine] min leaf blks 24    max leaf blks 28    tot leaf blks 48280
 [ 03-04-2025  15:20:55.767 ] [GRID amr_refine_derefine]: refinement complete
 [ 03-04-2025  15:20:56.243 ] step: n=49 t=3.026528E-06 dt=7.141819E-08
 [ 03-04-2025  15:20:56.243 ] [mpi_amr_comm_setup]: buffer_dim_send=6484429, buffer_dim_recv=4958125
 [ 03-04-2025  15:21:06.401 ] step: n=50 t=3.097946E-06 dt=7.145160E-08
 [ 03-04-2025  15:21:23.108 ] [GRID amr_refine_derefine]: initiating refinement
 [ 03-04-2025  15:21:23.124 ] [GRID amr_refine_derefine]: redist. phase.  tot blks requested: 50688
 [GRID amr_refine_derefine] min blks 27    max blks 31    tot blks 50688
 [GRID amr_refine_derefine] min leaf blks 24    max leaf blks 28    tot leaf blks 48448
 [ 03-04-2025  15:21:23.543 ] [GRID amr_refine_derefine]: refinement complete
 [ 03-04-2025  15:21:30.839 ] [IO_writeCheckpoint] open: type=checkpoint name=sedov_hdf5_chk_0005
 [ 03-04-2025  15:22:07.064 ] [io_writeData]: wrote   50688          blocks
 [ 03-04-2025  15:22:07.071 ] [IO_writeCheckpoint] close: type=checkpoint name=sedov_hdf5_chk_0005
 [ 03-04-2025  15:22:07.072 ] step: n=51 t=3.169398E-06 dt=7.144310E-08
 [ 03-04-2025  15:22:17.399 ] step: n=52 t=3.240841E-06 dt=7.143606E-08
 [ 03-04-2025  15:22:34.394 ] step: n=53 t=3.312277E-06 dt=7.143079E-08
 [ 03-04-2025  15:22:44.704 ] step: n=54 t=3.383708E-06 dt=7.142810E-08
 [ 03-04-2025  15:23:01.669 ] step: n=55 t=3.455136E-06 dt=7.143310E-08
 [ 03-04-2025  15:23:11.982 ] step: n=56 t=3.526569E-06 dt=7.144995E-08
 [ 03-04-2025  15:23:28.983 ] step: n=57 t=3.598019E-06 dt=7.144585E-08
 [ 03-04-2025  15:23:39.314 ] step: n=58 t=3.669465E-06 dt=7.143776E-08
 [ 03-04-2025  15:23:56.275 ] step: n=59 t=3.740902E-06 dt=7.143330E-08
 [ 03-04-2025  15:24:06.599 ] step: n=60 t=3.812336E-06 dt=7.143015E-08
 [ 03-04-2025  15:24:30.380 ] [IO_writeCheckpoint] open: type=checkpoint name=sedov_hdf5_chk_0006
 [ 03-04-2025  15:25:06.566 ] [io_writeData]: wrote   50688          blocks
 [ 03-04-2025  15:25:06.581 ] [IO_writeCheckpoint] close: type=checkpoint name=sedov_hdf5_chk_0006
 [ 03-04-2025  15:25:06.582 ] [Driver_evolveAll]: Exiting evolution loop
 [ 03-04-2025  15:25:06.710 ] [IO_writePlotfile] open: type=plotfile name=sedov_forced_hdf5_plt_cnt_0000
 [ 03-04-2025  15:25:11.142 ] [io_writeData]: wrote   50688          blocks
 [ 03-04-2025  15:25:11.150 ] [IO_writePlotfile] close: type=plotfile name=sedov_forced_hdf5_plt_cnt_0000
 [ 03-04-2025  15:25:11.150 ] memory: /proc vsize    (MB):     4585.73 (min)       5023.77 (max)       4759.20 (avg)
 [ 03-04-2025  15:25:11.150 ] memory: /proc rss      (MB):     2071.15 (min)       2220.98 (max)       2115.56 (avg)
 ==============================================================================
 perf_summary: code performance summary for process            0
                      beginning : 03-04-2025  15:03:03
                         ending : 03-04-2025  15:25:11
   seconds in monitoring period :             1327.293
      number of evolution steps :                   60
 ------------------------------------------------------------------------------
 accounting unit                       time sec  num calls   secs avg  time pct
 ------------------------------------------------------------------------------
 initialization                        267.054      1         267.054    20.120
  eos                                    0.641      8           0.080     0.048
  guardcell internal                    10.635      7           1.519     0.801
   amr_guardcell                        10.011      7           1.430     0.754
   eos gc                                0.000      7           0.000     0.000
  writeCheckpoint                       41.791      1          41.791     3.149
   restrictAll                           6.261      1           6.261     0.472
  writePlotfile                          4.461      1           4.461     0.336
 writePlotfile                           4.562      1           4.562     0.344
 evolution                            1055.670      1        1055.670    79.536
  Hydro                                460.083     60           7.668    34.663
   Head                                 97.116     60           1.619     7.317
    guardcell internal                  97.114     60           1.619     7.317
     amr_guardcell                      89.399     60           1.490     6.735
     eos gc                              0.003     60           0.000     0.000
   compute fluxes                      346.299     60           5.772    26.091
    hy_computeFluxes                   346.295   1632           0.212    26.090
     RiemannState                      298.369   1632           0.183    22.479
     getFaceFlux                        47.549   1632           0.029     3.582
   conserveFluxes                        0.144     60           0.002     0.011
   update solution                      16.377     60           0.273     1.234
    update solution body                16.373   1632           0.010     1.234
     unsplitUpdate                       6.032   1632           0.004     0.454
  sourceTerms                            0.000     60           0.000     0.000
  Particles_advance                      0.000     60           0.000     0.000
  Gravity potential                      0.000     60           0.000     0.000
  IO_output                            391.374    120           3.261    29.487
   diagnostics                         137.592    120           1.147    10.366
   checkpointing                       253.751      6          42.292    19.118
    writeCheckpoint                    253.748      6          42.291    19.118
     restrictAll                        38.804      6           6.467     2.924
  Grid_updateRefinement                201.687     60           3.361    15.195
   eos                                   0.950      5           0.190     0.072
   tree                                200.737     60           3.346    15.124
    markRefineDerefine                  55.842     30           1.861     4.207
     guardcell internal                 48.455     30           1.615     3.651
      amr_guardcell                     44.567     30           1.486     3.358
      eos gc                             0.001     30           0.000     0.000
    amr_refine_derefine                141.628     30           4.721    10.670
    updateData                           0.001     30           0.000     0.000
   updateParticleRefinement              0.000      5           0.000     0.000
  Driver_computeDt                       2.503     60           0.042     0.189
 ==============================================================================
 [ 03-04-2025  15:25:11.154 ] [Timers_getSummary]: Not writing timer max/min/avg values because not all processors had same timers
 [ 03-04-2025  15:25:11.154 ] LOGFILE_END: FLASH run complete.
 FLASH log file:  03-04-2025  15:25:33.613    Run number:  1
 ==============================================================================
 Number of MPI tasks:               1792
 MPI version:                          3
 MPI subversion:                       1
 Dimensionality:                       3
 Max Number of Blocks/Proc:          200
 Number x zones:                      32
 Number y zones:                      32
 Number z zones:                      32
 Setup stamp:     Fri Nov 1 14:03:57 2024
 Build stamp:     Fri Nov 1 14:04:23 2024
 System info:     Linux corona211 4.18.0-553.22.1.1toss.t4.x86_64 #1 SMP Tue Sep 24 16:50:00 PDT 2
 Version:         Flash-X 1.0 (heads/main-0-g6040ba49-dirty)                                      
 Build directory: /usr/workspace/ather1/Flash-X/sedov
 Setup syntax:    /usr/workspace/ather1/Flash-X/bin/setup.py Sedov -auto -3d -nxb=32 -nyb=32 -nzb=32 +parallelio -objdir=/usr/workspace/ather1/Flash-X/sedov
 f compiler flags: mpif90 -ggdb -c -O2 -fdefault-real-8 -fdefault-double-8 -Wuninitialized -fallow-argument-mismatch -fallow-argument-mismatch -DMAXBLOCKS=200 -DNXB=32 -DNYB=32 -DNZB=32 -DN_DIM=3
 c compiler flags:    mpicc -I/p/lustre2/ather1/hdf5-1.14.4-3/install/include -DH5_USE_18_API -ggdb -c -O2 -Wuninitialized -D_FORTIFY_SOURCE=2 -DMAXBLOCKS=200 -DNXB=32 -DNYB=32 -DNZB=32 -DN_DIM=3
 ==============================================================================
 Comment:  Sedov explosion
 ==============================================================================
 FLASH Units used:
   Driver/DriverMain/Unsplit
   Grid/GridBoundaryConditions
   Grid/GridMain/AMR/Paramesh4/PM4_package/flash_avoid_orrery
   Grid/GridMain/AMR/Paramesh4/PM4_package/headers
   Grid/GridMain/AMR/Paramesh4/PM4_package/source
   Grid/GridMain/AMR/Paramesh4/PM4_package/utilities/multigrid
   Grid/GridMain/AMR/Paramesh4/interpolation/prolong
   Grid/GridMain/AMR/Paramesh4/levelFlux
   Grid/localAPI
   IO/IOMain/hdf5/parallel/PM
   IO/localAPI
   PhysicalConstants/PhysicalConstantsMain
   RuntimeParameters/RuntimeParametersMain
   Simulation/SimulationMain/Sedov
   TimeAdvance/TimeAdvanceMain/StrangSplit
   flashUtilities/contiguousConversion
   flashUtilities/general
   flashUtilities/interpolation/oneDim
   flashUtilities/nameValueLL
   flashUtilities/sorting/quicksort
   flashUtilities/system/memoryUsage/legacy
   monitors/Logfile/LogfileMain
   monitors/Timers/TimersMain/MPINative
   physics/Eos/EosMain/Gamma
   physics/Hydro/HydroMain/unsplit/OnlyHydro
   physics/Hydro/HydroMain/unsplit/levelFlux
   physics/Hydro/localAPI
 ==============================================================================
 RuntimeParameters:
                                                                               
 ==============================================================================
bndpriorityone              =          1
bndprioritythree            =          3
bndprioritytwo              =          2
checkpointfileintervalstep  =         10 [CHANGED]
checkpointfilenumber        =          0
dr_abortpause               =          2
dr_dtminbelowaction         =          1
drift_break_inst            =          0
drift_trunc_mantissa        =          2
drift_verbose_inst          =          0
eos_entrelescalechoice      =          6
eos_loglevel                =        700
fileformatversion           =          9
forcedplotfilenumber        =          0
gr_lrefmaxtimevalue_1       =         -1
gr_lrefmaxtimevalue_10      =         -1
gr_lrefmaxtimevalue_11      =         -1
gr_lrefmaxtimevalue_12      =         -1
gr_lrefmaxtimevalue_13      =         -1
gr_lrefmaxtimevalue_14      =         -1
gr_lrefmaxtimevalue_15      =         -1
gr_lrefmaxtimevalue_16      =         -1
gr_lrefmaxtimevalue_17      =         -1
gr_lrefmaxtimevalue_18      =         -1
gr_lrefmaxtimevalue_19      =         -1
gr_lrefmaxtimevalue_2       =         -1
gr_lrefmaxtimevalue_20      =         -1
gr_lrefmaxtimevalue_3       =         -1
gr_lrefmaxtimevalue_4       =         -1
gr_lrefmaxtimevalue_5       =         -1
gr_lrefmaxtimevalue_6       =         -1
gr_lrefmaxtimevalue_7       =         -1
gr_lrefmaxtimevalue_8       =         -1
gr_lrefmaxtimevalue_9       =         -1
gr_pmrpdivergencefree       =         -1
gr_pmrpifaceoff             =          0
gr_pmrpl2p5d                =          0
gr_pmrpmaxblocks            =         -1
gr_pmrpmflags               =          1
gr_pmrpnboundaries          =          6
gr_pmrpndim                 =          3
gr_pmrpnedgevar1            =         -1
gr_pmrpnfacevar             =         -1
gr_pmrpnfielddivf           =         -1
gr_pmrpnfluxvar             =         -1
gr_pmrpnguard               =         -1
gr_pmrpnguardwork           =         -1
gr_pmrpnvar                 =         -1
gr_pmrpnvarwork             =          1
gr_pmrpnvarcorn             =          0
gr_pmrpnvaredge             =          0
gr_pmrpnxb                  =         -1
gr_pmrpnyb                  =         -1
gr_pmrpnzb                  =         -1
gr_restrictallmethod        =          3
gr_sanitizedatamode         =          1
gr_sanitizeverbosity        =          5
gr_tilesizex                =         32
gr_tilesizey                =         32
gr_tilesizez                =         32
hy_3torder                  =         -1
hydrocomputedtoption        =         -1
iprocs                      =          1
interpol_order              =          2
irenorm                     =          0
jprocs                      =          1
kprocs                      =          1
lrefine_del                 =          0
lrefine_max                 =          6 [CHANGED]
lrefine_min                 =          1
lrefine_min_init            =          1
max_particles_per_blk       =        100
memory_stat_freq            =     100000
meshcopycount               =          1
min_particles_per_blk       =          1
nbegin                      =          1
nblockx                     =         32 [CHANGED]
nblocky                     =         32 [CHANGED]
nblockz                     =         32 [CHANGED]
nend                        =         60 [CHANGED]
nrefs                       =          2
nsteptotalsts               =          5
order                       =          3 [CHANGED]
outputsplitnum              =          1
plotfileintervalstep        =          0
plotfilenumber              =          0
refine_var_count            =          4
rolling_checkpoint          =      10000
sim_centerrefinelevel       =          1
sim_integralslevel          =         -1
sim_nsubzones               =          7
sweeporder                  =        123
transorder                  =          1
wr_integrals_freq           =          1
limitedslopebeta            =                 0.100E+01
cfl                         =                 0.800E+00
checkpointfileintervaltime  =                 0.000E+00 [CHANGED]
checkpointfileintervalz     =                 0.180+309
cvisc                       =                 0.100E+00
derefine_cutoff_1           =                 0.200E+00
derefine_cutoff_2           =                 0.200E+00
derefine_cutoff_3           =                 0.200E+00
derefine_cutoff_4           =                 0.200E+00
dr_dtmincontinue            =                 0.000E+00
dr_tstepslowstartfactor     =                 0.100E+00
dtinit                      =                 0.100E-09
dtmax                       =                 0.100E+06
dtmin                       =                 0.100E-09
eintswitch                  =                 0.100E-03 [CHANGED]
eos_singlespeciesa          =                 0.100E+01
eos_singlespeciesz          =                 0.100E+01
gamma                       =                 0.140E+01 [CHANGED]
gr_btworkchildscaling       =                 0.100E+01
gr_btworkdefaultleaf        =                 0.200E+01
gr_btworkdefaultpar         =                 0.100E+01
gr_btworklbleaf             =                 0.000E+00
gr_btworklbpar              =                 0.000E+00
gr_btworkubleaf             =                 0.100E+07
gr_btworkubpar              =                 0.100E+07
gr_lrefinemaxredlogbase     =                 0.100E+02
gr_lrefinemaxredradiusfact  =                 0.000E+00
gr_lrefinemaxredtref        =                 0.000E+00
gr_lrefinemaxredtimescale   =                 0.100E+01
gr_lrefmaxtime_1            =                -0.100E+01
gr_lrefmaxtime_10           =                -0.100E+01
gr_lrefmaxtime_11           =                -0.100E+01
gr_lrefmaxtime_12           =                -0.100E+01
gr_lrefmaxtime_13           =                -0.100E+01
gr_lrefmaxtime_14           =                -0.100E+01
gr_lrefmaxtime_15           =                -0.100E+01
gr_lrefmaxtime_16           =                -0.100E+01
gr_lrefmaxtime_17           =                -0.100E+01
gr_lrefmaxtime_18           =                -0.100E+01
gr_lrefmaxtime_19           =                -0.100E+01
gr_lrefmaxtime_2            =                -0.100E+01
gr_lrefmaxtime_20           =                -0.100E+01
gr_lrefmaxtime_3            =                -0.100E+01
gr_lrefmaxtime_4            =                -0.100E+01
gr_lrefmaxtime_5            =                -0.100E+01
gr_lrefmaxtime_6            =                -0.100E+01
gr_lrefmaxtime_7            =                -0.100E+01
gr_lrefmaxtime_8            =                -0.100E+01
gr_lrefmaxtime_9            =                -0.100E+01
hy_cflfallbackfactor        =                 0.900E+00
hy_fpresinmomflux           =                 0.100E+01
hybridorderkappa            =                 0.000E+00
nusts                       =                 0.200E+00 [CHANGED]
plotfileintervaltime        =                 0.000E+00 [CHANGED]
plotfileintervalz           =                 0.180+309
radiusgp                    =                 0.200E+01
refine_cutoff_1             =                 0.800E+00
refine_cutoff_2             =                 0.800E+00
refine_cutoff_3             =                 0.800E+00
refine_cutoff_4             =                 0.800E+00
refine_filter_1             =                 0.100E-01
refine_filter_2             =                 0.100E-01
refine_filter_3             =                 0.100E-01
refine_filter_4             =                 0.100E-01
rss_limit                   =                -0.100E+01
sigmagp                     =                 0.300E+01
sim_derefineradius          =                 0.000E+00
sim_earliestlstime          =                 0.000E+00
sim_expenergy               =                 0.100E+01
sim_largestnormradius       =                 0.180+309
sim_latestlstime            =                 0.180+309
sim_minrhoinit              =                 0.100E-19
sim_pambient                =                 0.100E-04
sim_rinit                   =                 0.137E-01 [CHANGED]
sim_rhoambient              =                 0.100E+01
sim_smallestnormradius      =                 0.000E+00
sim_xctr                    =                 0.500E+00
sim_yctr                    =                 0.500E+00
sim_zctr                    =                 0.500E+00
small                       =                 0.100E-09
smalle                      =                 0.100E-09
smallp                      =                 0.100E-09
smallt                      =                 0.100E-09
smallu                      =                 0.100E-09
smallx                      =                 0.100E-09
smlrho                      =                 0.100E-09
tinitial                    =                 0.000E+00
tiny                        =                 0.100E-15
tmax                        =                 0.500E+06 [CHANGED]
tstep_change_factor         =                 0.200E+01
wall_clock_checkpoint       =                 0.432E+05
wall_clock_time_limit       =                 0.605E+06
x_refine_center             =                 0.000E+00
xmax                        =                 0.100E+01
xmin                        =                 0.000E+00
y_refine_center             =                 0.000E+00
ymax                        =                 0.100E+01
ymin                        =                 0.000E+00
zfinal                      =                 0.000E+00
zinitial                    =                -0.100E+01
z_refine_center             =                 0.000E+00
zmax                        =                 0.100E+01
zmin                        =                 0.000E+00
riemannsolver               = Roe                            [CHANGED]
unitsystem                  = none                          
basenm                      = sedov_                         [CHANGED]
entropyfixmethod            = HARTENHYMAN                   
eosmode                     = dens_ie                       
eosmodeinit                 = dens_ie                       
geometry                    = cartesian                     
gr_pmrpoutputdir            = ./                            
grav_boundary_type          = isolated                      
hy_eosmodegc                = see eosMode                   
log_file                    = sedov.log                      [CHANGED]
output_directory            =                               
pc_unitsbase                = CGS                           
plot_grid_var_1             = none                          
plot_grid_var_10            = none                          
plot_grid_var_11            = none                          
plot_grid_var_12            = none                          
plot_grid_var_13            = none                          
plot_grid_var_14            = none                          
plot_grid_var_15            = none                          
plot_grid_var_16            = none                          
plot_grid_var_17            = none                          
plot_grid_var_18            = none                          
plot_grid_var_19            = none                          
plot_grid_var_2             = none                          
plot_grid_var_20            = none                          
plot_grid_var_21            = none                          
plot_grid_var_22            = none                          
plot_grid_var_23            = none                          
plot_grid_var_24            = none                          
plot_grid_var_25            = none                          
plot_grid_var_26            = none                          
plot_grid_var_27            = none                          
plot_grid_var_28            = none                          
plot_grid_var_29            = none                          
plot_grid_var_3             = none                          
plot_grid_var_30            = none                          
plot_grid_var_31            = none                          
plot_grid_var_32            = none                          
plot_grid_var_33            = none                          
plot_grid_var_34            = none                          
plot_grid_var_35            = none                          
plot_grid_var_36            = none                          
plot_grid_var_37            = none                          
plot_grid_var_38            = none                          
plot_grid_var_39            = none                          
plot_grid_var_4             = none                          
plot_grid_var_40            = none                          
plot_grid_var_41            = none                          
plot_grid_var_42            = none                          
plot_grid_var_43            = none                          
plot_grid_var_44            = none                          
plot_grid_var_45            = none                          
plot_grid_var_46            = none                          
plot_grid_var_47            = none                          
plot_grid_var_48            = none                          
plot_grid_var_49            = none                          
plot_grid_var_5             = none                          
plot_grid_var_50            = none                          
plot_grid_var_51            = none                          
plot_grid_var_52            = none                          
plot_grid_var_53            = none                          
plot_grid_var_54            = none                          
plot_grid_var_55            = none                          
plot_grid_var_56            = none                          
plot_grid_var_57            = none                          
plot_grid_var_58            = none                          
plot_grid_var_59            = none                          
plot_grid_var_6             = none                          
plot_grid_var_60            = none                          
plot_grid_var_61            = none                          
plot_grid_var_62            = none                          
plot_grid_var_63            = none                          
plot_grid_var_64            = none                          
plot_grid_var_65            = none                          
plot_grid_var_66            = none                          
plot_grid_var_67            = none                          
plot_grid_var_68            = none                          
plot_grid_var_69            = none                          
plot_grid_var_7             = none                          
plot_grid_var_70            = none                          
plot_grid_var_71            = none                          
plot_grid_var_72            = none                          
plot_grid_var_73            = none                          
plot_grid_var_74            = none                          
plot_grid_var_75            = none                          
plot_grid_var_76            = none                          
plot_grid_var_77            = none                          
plot_grid_var_78            = none                          
plot_grid_var_8             = none                          
plot_grid_var_9             = none                          
plot_var_1                  = dens                           [CHANGED]
plot_var_10                 = none                          
plot_var_11                 = none                          
plot_var_12                 = none                          
plot_var_13                 = none                          
plot_var_14                 = none                          
plot_var_15                 = none                          
plot_var_16                 = none                          
plot_var_17                 = none                          
plot_var_18                 = none                          
plot_var_2                  = pres                           [CHANGED]
plot_var_3                  = temp                           [CHANGED]
plot_var_4                  = none                          
plot_var_5                  = none                          
plot_var_6                  = none                          
plot_var_7                  = none                          
plot_var_8                  = none                          
plot_var_9                  = none                          
prof_file                   = profile.dat                   
refine_var_1                = dens                           [CHANGED]
refine_var_2                = pres                           [CHANGED]
refine_var_3                = none                          
refine_var_4                = none                          
run_comment                 = Sedov explosion                [CHANGED]
run_number                  = 1                             
sim_proffilename            = /dev/null                      [CHANGED]
slopelimiter                = mc                             [CHANGED]
stats_file                  = flashx.dat                    
wenomethod                  = WENO5                         
xl_boundary_type            = outflow                        [CHANGED]
xr_boundary_type            = outflow                        [CHANGED]
yl_boundary_type            = outflow                        [CHANGED]
yr_boundary_type            = outflow                        [CHANGED]
zl_boundary_type            = outflow                        [CHANGED]
zr_boundary_type            = outflow                        [CHANGED]
csvsummaryallprocs          =  F
eosforriemann               =  F
logsummaryallprocs          =  F
addthermalflux              =  T
allowdtstsdominate          =  F
alwayscomputeuservars       =  T
alwaysrestrictcheckpoint    =  T
charlimiting                =  T
chkguardcellsinput          =  F
chkguardcellsoutput         =  F
conserveangmom              =  F
converttoconsvdformeshcalls =  F
converttoconsvdinmeshinterp =  T
corners                     =  F
dr_printtsteploc            =  T
dr_shortenlaststepbeforetmax =  F
drift_tuples                =  F
eachprocwritesownabortlog   =  F
eachprocwritessummary       =  F
earlyblockdistadjustment    =  T
enablemaskedgcfill          =  F
entropy                     =  F
flux_correct                =  T
flux_correct_perlevel       =  F
geometryoverride            =  F
gr_bcenableapplymixedgds    =  T
gr_bndgcfillneedsprimitivevars =  T
gr_btcustomwork             =  F
gr_btexchangework           =  F
gr_btsortbywork             =  T
gr_enabletiling             =  F
gr_lrefinemaxbytime         =  F
gr_lrefinemaxreddobylogr    =  F
gr_lrefinemaxreddobytime    =  F
gr_pmrpadvancealllevels     =  F
gr_pmrpamrerrorchecking     =  F
gr_pmrpcartesianpm          =  F
gr_pmrpconserve             =  F
gr_pmrpconsvfluxdensities   =  T
gr_pmrpconsvfluxes          =  F
gr_pmrpcurvilinear          =  F
gr_pmrpcurvilinearconserve  =  F
gr_pmrpcylindricalpm        =  F
gr_pmrpdiagonals            =  T
gr_pmrpedgevalue            =  T
gr_pmrpedgevalueinteg       =  F
gr_pmrpemptycells           =  F
gr_pmrpforceconsistency     =  T
gr_pmrplsingularline        =  F
gr_pmrpnopermanentguardcells =  F
gr_pmrppolarpm              =  F
gr_pmrppredcorr             =  F
gr_pmrpsphericalpm          =  F
gr_pmrptimingmpi            =  F
gr_pmrptimingmpix           =  F
gr_pmrpvardt                =  F
gr_usetiling                =  F
hy_fallbacklowercfl         =  F
hy_fullspecmsfluxhandling   =  T
hy_usetiling                =  F
ignoreforcedplot            =  F
io_writemscalarintegrals    =  F
plotfilegridquantitydp      =  F
plotfilemetadatadp          =  F
reducegcellfills            =  F
refine_on_particle_count    =  F
restart                     =  F
shockdetect                 =  F
shocklowercfl               =  F
sim_bcsetbdryvar            =  F
sim_forcecenterderefine     =  F
sim_onelevelintegralsonly   =  F
summaryoutputonly           =  F
threadblocklistbuild        =  F
threaddelepblocklist        =  F
threaddelepwithinblock      =  F
threaddriverblocklist       =  F
threaddriverwithinblock     =  F
threadeoswithinblock        =  F
threadhydroblocklist        =  F
threadhydrowithinblock      =  F
threadraytracebuild         =  F
threadwithinblockbuild      =  F
tmr_suppressinparallel      =  F
typematchedxfer             =  T
unbiased_geometry           =  F
updatehydrofluxes           =  T
useburn                     =  F
usecollectivehdf5           =  T
usedeleptonize              =  F
usegravity                  =  F
useheatad                   =  F
useheater                   =  F
usehydro                    =  T
useimbound                  =  F
useincompns                 =  F
useinlet                    =  F
uselegacylabels             =  T
usemultiphase               =  F
useorchestration            =  F
useoutlet                   =  F
useparticles                =  F
useradtrans                 =  F
usests                      =  F
usestsfordiffusion          =  F
usesolidmechanics           =  F
use_3dfullctu               =  T
use_auxeinteqn              =  T
use_avisc                   =  T [CHANGED]
use_cma_advection           =  F
use_cma_flattening          =  F
use_flash_surr_blks_fill    =  T
use_flattening              =  F
use_gravhalfupdate          =  T
use_hybridorder             =  F
use_reduced_orrery          =  T
use_steepening              =  F
use_upwindtvd               =  F
writestatsummary            =  T
                                                                               
 ==============================================================================
                                                                               
 Known units of measurement:
                                                                               
              Unit                          CGS Value                Base Unit
  1                  cm                     1.0000                           cm
  2                   s                     1.0000                            s
  3                   g                     1.0000                            g
  4                   K                     1.0000                            K
  5                 esu                     1.0000                          esu
  6                 mol                     1.0000                          mol
  7                   m                     100.00                           cm
  8                  km                    1.00000E+05                       cm
  9                  pc                    3.08568E+18                       cm
 10                 kpc                    3.08568E+21                       cm
 11                 Mpc                    3.08568E+24                       cm
 12                 Gpc                    3.08568E+27                       cm
 13                Rsun                    6.96000E+10                       cm
 14                  AU                    1.49598E+13                       cm
 15                  yr                    3.15569E+07                        s
 16                 Myr                    3.15569E+13                        s
 17                 Gyr                    3.15569E+16                        s
 18                  kg                     1000.0                            g
 19                Msun                    1.98892E+33                        g
 20                 amu                    1.66054E-24                        g
 21                  eV                     11605.                            K
 22                   C                    2.99792E+09                      esu
 23                LFLY                    3.08568E+24                       cm
 24                TFLY                    2.05759E+17                        s
 25                MFLY                    9.88470E+45                        g
 26            clLength                    3.08568E+24                       cm
 27              clTime                    3.15569E+16                        s
 28              clMass                    1.98892E+48                        g
 29              clTemp                    1.16045E+07                        K
-----------End of Units--------------------
                                                                               
 Known physical constants:
                                                                               
    Constant Name       Constant Value   cm       s        g        K        esu      mol
  1              Newton    6.67408E-08   3.0     -2.0     -1.0      0.0      0.0      0.0    
  2      speed of light    2.99792E+10   1.0     -1.0      0.0      0.0      0.0      0.0    
  3              Planck    6.62607E-27   2.0     -1.0      1.0      0.0      0.0      0.0    
  4     electron charge    4.80320E-10   0.0      0.0      0.0      0.0      1.0      0.0    
  5       electron mass    9.10938E-28   0.0      0.0      1.0      0.0      0.0      0.0    
  6         proton mass    1.67262E-24   0.0      0.0      1.0      0.0      0.0      0.0    
  7      fine-structure    7.29735E-03   0.0      0.0      0.0      0.0      0.0      0.0    
  8            Avogadro    6.02214E+23   0.0      0.0      0.0      0.0      0.0     -1.0    
  9           Boltzmann    1.38065E-16   2.0     -2.0      1.0     -1.0      0.0      0.0    
 10  ideal gas constant    8.31446E+07   2.0     -2.0      1.0     -1.0      0.0     -1.0    
 11                Wien    0.28978       1.0      0.0      0.0      1.0      0.0      0.0    
 12    Stefan-Boltzmann    5.67037E-05   0.0     -3.0      1.0     -4.0      0.0      0.0    
 13  Radiation Constant    7.56572E-15  -1.0     -2.0      1.0     -4.0      0.0      0.0    
 14                  pi     3.1416       0.0      0.0      0.0      0.0      0.0      0.0    
 15                   e     2.7183       0.0      0.0      0.0      0.0      0.0      0.0    
 16               Euler    0.57722       0.0      0.0      0.0      0.0      0.0      0.0    
 ==============================================================================
                                                                               
 Multifluid database: not configured in
                                                                               
 ==============================================================================
 [ 03-04-2025  15:25:33.615 ] [gr_initGeometry] checking BCs for idir: 1
 [ 03-04-2025  15:25:33.615 ] [gr_initGeometry] checking BCs for idir: 2
 [ 03-04-2025  15:25:33.615 ] [gr_initGeometry] checking BCs for idir: 3
 [ 03-04-2025  15:25:35.601 ] [GRID amr_refine_derefine]: initiating refinement
 [ 03-04-2025  15:25:35.601 ] [GRID amr_refine_derefine]: redist. phase.  tot blks requested: 32768
 [GRID amr_refine_derefine] min blks 18    max blks 19    tot blks 32768
 [GRID amr_refine_derefine] min leaf blks 18    max leaf blks 19    tot leaf blks 32768
 [ 03-04-2025  15:25:36.118 ] [GRID amr_refine_derefine]: refinement complete
 [ 03-04-2025  15:25:48.437 ] [GRID gr_expandDomain]: iteration=1, create level=2
 INFO: Grid_fillGuardCells is ignoring masking.
 [ 03-04-2025  15:26:06.215 ] [mpi_amr_comm_setup]: buffer_dim_send=5176573, buffer_dim_recv=3646981
 [ 03-04-2025  15:26:09.919 ] [GRID amr_refine_derefine]: initiating refinement
 [ 03-04-2025  15:26:09.945 ] [GRID amr_refine_derefine]: redist. phase.  tot blks requested: 32832
 [GRID amr_refine_derefine] min blks 18    max blks 19    tot blks 32832
 [GRID amr_refine_derefine] min leaf blks 17    max leaf blks 19    tot leaf blks 32824
 [ 03-04-2025  15:26:10.216 ] [GRID amr_refine_derefine]: refinement complete
 [ 03-04-2025  15:26:10.220 ] [GRID gr_expandDomain]: iteration=2, create level=3
 [ 03-04-2025  15:26:31.878 ] [GRID amr_refine_derefine]: initiating refinement
 [ 03-04-2025  15:26:31.891 ] [GRID amr_refine_derefine]: redist. phase.  tot blks requested: 32896
 [GRID amr_refine_derefine] min blks 18    max blks 20    tot blks 32896
 [GRID amr_refine_derefine] min leaf blks 17    max leaf blks 19    tot leaf blks 32880
 [ 03-04-2025  15:26:32.162 ] [GRID amr_refine_derefine]: refinement complete
 [ 03-04-2025  15:26:32.165 ] [GRID gr_expandDomain]: iteration=3, create level=4
 [ 03-04-2025  15:26:54.071 ] [GRID amr_refine_derefine]: initiating refinement
 [ 03-04-2025  15:26:54.095 ] [GRID amr_refine_derefine]: redist. phase.  tot blks requested: 34304
 [GRID amr_refine_derefine] min blks 19    max blks 22    tot blks 34304
 [GRID amr_refine_derefine] min leaf blks 17    max leaf blks 20    tot leaf blks 34112
 [ 03-04-2025  15:26:54.580 ] [GRID amr_refine_derefine]: refinement complete
 [ 03-04-2025  15:26:54.584 ] [GRID gr_expandDomain]: iteration=4, create level=5
 [ 03-04-2025  15:27:14.689 ] [mpi_amr_comm_setup]: buffer_dim_send=5313661, buffer_dim_recv=4312081
 [ 03-04-2025  15:27:17.413 ] [GRID amr_refine_derefine]: initiating refinement
 [ 03-04-2025  15:27:17.434 ] [GRID amr_refine_derefine]: redist. phase.  tot blks requested: 37312
 [GRID amr_refine_derefine] min blks 20    max blks 24    tot blks 37312
 [GRID amr_refine_derefine] min leaf blks 18    max leaf blks 21    tot leaf blks 36744
 [ 03-04-2025  15:27:17.974 ] [GRID amr_refine_derefine]: refinement complete
 [ 03-04-2025  15:27:17.978 ] [GRID gr_expandDomain]: iteration=5, create level=6
 [ 03-04-2025  15:27:40.131 ] [mpi_amr_comm_setup]: buffer_dim_send=5713933, buffer_dim_recv=4459801
 [ 03-04-2025  15:27:42.366 ] [GRID amr_refine_derefine]: initiating refinement
 [ 03-04-2025  15:27:42.385 ] [GRID amr_refine_derefine]: redist. phase.  tot blks requested: 48768
 [GRID amr_refine_derefine] min blks 26    max blks 30    tot blks 48768
 [GRID amr_refine_derefine] min leaf blks 23    max leaf blks 27    tot leaf blks 46768
 [ 03-04-2025  15:27:43.276 ] [GRID amr_refine_derefine]: refinement complete
 [ 03-04-2025  15:27:43.287 ] [GRID gr_expandDomain]: iteration=6, create level=6
 [ 03-04-2025  15:28:11.809 ] [mpi_amr_comm_setup]: buffer_dim_send=7881145, buffer_dim_recv=5392297
 [ 03-04-2025  15:28:14.255 ] [GRID gr_expandDomain]: iteration=7, create level=6
 [ 03-04-2025  15:28:45.224 ] [GRID gr_expandDomain]: iteration=8, create level=6
 [ 03-04-2025  15:29:14.625 ] memory: /proc vsize    (MB):     4528.07 (min)       4791.72 (max)       4698.91 (avg)
 [ 03-04-2025  15:29:14.625 ] memory: /proc rss      (MB):     1839.84 (min)       1925.48 (max)       1861.31 (avg)
 [ 03-04-2025  15:29:14.626 ] memory: /proc vsize    (MB):     4528.07 (min)       4791.72 (max)       4698.91 (avg)
 [ 03-04-2025  15:29:14.627 ] memory: /proc rss      (MB):     1839.84 (min)       1925.48 (max)       1861.31 (avg)
 [ 03-04-2025  15:29:14.673 ] memory: /proc vsize    (MB):     4528.07 (min)       4791.72 (max)       4698.91 (avg)
 [ 03-04-2025  15:29:14.673 ] memory: /proc rss      (MB):     1839.84 (min)       1925.48 (max)       1861.31 (avg)
 [ 03-04-2025  15:29:21.427 ] [IO_writeCheckpoint] open: type=checkpoint name=sedov_hdf5_chk_0000
 [ 03-04-2025  15:29:56.561 ] [io_writeData]: wrote   48768          blocks
 [ 03-04-2025  15:29:56.587 ] [IO_writeCheckpoint] close: type=checkpoint name=sedov_hdf5_chk_0000
 [ 03-04-2025  15:29:56.711 ] [IO_writePlotfile] open: type=plotfile name=sedov_hdf5_plt_cnt_0000
 [ 03-04-2025  15:30:01.071 ] [io_writeData]: wrote   48768          blocks
 [ 03-04-2025  15:30:01.083 ] [IO_writePlotfile] close: type=plotfile name=sedov_hdf5_plt_cnt_0000
 [ 03-04-2025  15:30:01.084 ] memory: /proc vsize    (MB):     4545.49 (min)       5016.73 (max)       4718.71 (avg)
 [ 03-04-2025  15:30:01.085 ] memory: /proc rss      (MB):     1845.42 (min)       1939.55 (max)       1870.46 (avg)
 [ 03-04-2025  15:30:01.085 ] [Driver_evolveAll]: Entering evolution loop
 [ 03-04-2025  15:30:01.085 ] step: n=1 t=0.000000E+00 dt=1.000000E-10
 [ 03-04-2025  15:30:11.024 ] step: n=2 t=1.000000E-10 dt=2.000000E-10
 [ 03-04-2025  15:30:27.401 ] step: n=3 t=3.000000E-10 dt=4.000000E-10
 [ 03-04-2025  15:30:37.229 ] step: n=4 t=7.000000E-10 dt=8.000000E-10
 [ 03-04-2025  15:30:53.604 ] step: n=5 t=1.500000E-09 dt=1.600000E-09
 [ 03-04-2025  15:31:03.471 ] step: n=6 t=3.100000E-09 dt=3.200000E-09
 [ 03-04-2025  15:31:19.804 ] step: n=7 t=6.300000E-09 dt=6.400000E-09
 [ 03-04-2025  15:31:29.686 ] step: n=8 t=1.270000E-08 dt=1.280000E-08
 [ 03-04-2025  15:31:46.086 ] step: n=9 t=2.550000E-08 dt=2.560000E-08
 [ 03-04-2025  15:31:55.986 ] step: n=10 t=5.110000E-08 dt=5.120000E-08
 [ 03-04-2025  15:32:18.725 ] [IO_writeCheckpoint] open: type=checkpoint name=sedov_hdf5_chk_0001
 [ 03-04-2025  15:32:53.482 ] [io_writeData]: wrote   48768          blocks
 [ 03-04-2025  15:32:53.489 ] [IO_writeCheckpoint] close: type=checkpoint name=sedov_hdf5_chk_0001
 [ 03-04-2025  15:32:53.490 ] step: n=11 t=1.023000E-07 dt=1.024000E-07
 [ 03-04-2025  15:33:03.406 ] step: n=12 t=2.047000E-07 dt=9.937542E-08
 [ 03-04-2025  15:33:19.790 ] step: n=13 t=3.040754E-07 dt=9.615282E-08
 [ 03-04-2025  15:33:29.667 ] step: n=14 t=4.002282E-07 dt=9.325600E-08
 [ 03-04-2025  15:33:46.082 ] step: n=15 t=4.934842E-07 dt=9.058955E-08
 [ 03-04-2025  15:33:55.978 ] step: n=16 t=5.840738E-07 dt=8.822195E-08
 [ 03-04-2025  15:34:12.384 ] step: n=17 t=6.722957E-07 dt=8.592743E-08
 [ 03-04-2025  15:34:22.303 ] step: n=18 t=7.582232E-07 dt=8.368672E-08
 [ 03-04-2025  15:34:38.710 ] step: n=19 t=8.419099E-07 dt=8.162257E-08
 [ 03-04-2025  15:34:48.612 ] step: n=20 t=9.235325E-07 dt=7.981691E-08
 [ 03-04-2025  15:35:11.368 ] [IO_writeCheckpoint] open: type=checkpoint name=sedov_hdf5_chk_0002
 [ 03-04-2025  15:35:46.116 ] [io_writeData]: wrote   48768          blocks
 [ 03-04-2025  15:35:46.123 ] [IO_writeCheckpoint] close: type=checkpoint name=sedov_hdf5_chk_0002
 [ 03-04-2025  15:35:46.124 ] step: n=21 t=1.003349E-06 dt=7.822053E-08
 [ 03-04-2025  15:35:56.026 ] step: n=22 t=1.081570E-06 dt=7.684528E-08
 [ 03-04-2025  15:36:12.410 ] step: n=23 t=1.158415E-06 dt=7.555985E-08
 [ 03-04-2025  15:36:22.312 ] step: n=24 t=1.233975E-06 dt=7.447396E-08
 [ 03-04-2025  15:36:38.584 ] [GRID amr_refine_derefine]: initiating refinement
 [ 03-04-2025  15:36:38.599 ] [GRID amr_refine_derefine]: redist. phase.  tot blks requested: 49152
 [GRID amr_refine_derefine] min blks 26    max blks 30    tot blks 49152
 [GRID amr_refine_derefine] min leaf blks 24    max leaf blks 27    tot leaf blks 47104
 [ 03-04-2025  15:36:39.246 ] [GRID amr_refine_derefine]: refinement complete
 [ 03-04-2025  15:36:39.848 ] step: n=25 t=1.308449E-06 dt=7.359418E-08
 [ 03-04-2025  15:36:39.848 ] [mpi_amr_comm_setup]: buffer_dim_send=7863733, buffer_dim_recv=5392297
 [ 03-04-2025  15:36:49.778 ] step: n=26 t=1.382043E-06 dt=7.289860E-08
 [ 03-04-2025  15:37:06.207 ] step: n=27 t=1.454942E-06 dt=7.238261E-08
 [ 03-04-2025  15:37:16.134 ] step: n=28 t=1.527324E-06 dt=7.195505E-08
 [ 03-04-2025  15:37:32.505 ] step: n=29 t=1.599279E-06 dt=7.160819E-08
 [ 03-04-2025  15:37:42.505 ] step: n=30 t=1.670888E-06 dt=7.137201E-08
 [ 03-04-2025  15:38:05.298 ] [IO_writeCheckpoint] open: type=checkpoint name=sedov_hdf5_chk_0003
 [ 03-04-2025  15:38:40.651 ] [io_writeData]: wrote   49152          blocks
 [ 03-04-2025  15:38:40.657 ] [IO_writeCheckpoint] close: type=checkpoint name=sedov_hdf5_chk_0003
 [ 03-04-2025  15:38:40.658 ] step: n=31 t=1.742260E-06 dt=7.124494E-08
 [ 03-04-2025  15:38:50.573 ] step: n=32 t=1.813505E-06 dt=7.119740E-08
 [ 03-04-2025  15:39:06.913 ] step: n=33 t=1.884702E-06 dt=7.120661E-08
 [ 03-04-2025  15:39:16.904 ] step: n=34 t=1.955909E-06 dt=7.122364E-08
 [ 03-04-2025  15:39:33.255 ] step: n=35 t=2.027132E-06 dt=7.124414E-08
 [ 03-04-2025  15:39:43.226 ] step: n=36 t=2.098376E-06 dt=7.127462E-08
 [ 03-04-2025  15:39:59.573 ] [GRID amr_refine_derefine]: initiating refinement
 [ 03-04-2025  15:39:59.592 ] [GRID amr_refine_derefine]: redist. phase.  tot blks requested: 49920
 [GRID amr_refine_derefine] min blks 27    max blks 31    tot blks 49920
 [GRID amr_refine_derefine] min leaf blks 24    max leaf blks 28    tot leaf blks 47776
 [ 03-04-2025  15:40:00.282 ] [GRID amr_refine_derefine]: refinement complete
 [ 03-04-2025  15:40:00.855 ] step: n=37 t=2.169651E-06 dt=7.132802E-08
 [ 03-04-2025  15:40:00.855 ] [mpi_amr_comm_setup]: buffer_dim_send=7338289, buffer_dim_recv=5392297
 [ 03-04-2025  15:40:10.855 ] step: n=38 t=2.240979E-06 dt=7.141305E-08
 [ 03-04-2025  15:40:27.458 ] step: n=39 t=2.312392E-06 dt=7.142860E-08
 [ 03-04-2025  15:40:37.442 ] step: n=40 t=2.383821E-06 dt=7.142437E-08
 [ 03-04-2025  15:41:00.696 ] [IO_writeCheckpoint] open: type=checkpoint name=sedov_hdf5_chk_0004
 [ 03-04-2025  15:41:36.594 ] [io_writeData]: wrote   49920          blocks
 [ 03-04-2025  15:41:36.599 ] [IO_writeCheckpoint] close: type=checkpoint name=sedov_hdf5_chk_0004
 [ 03-04-2025  15:41:36.600 ] step: n=41 t=2.455245E-06 dt=7.141417E-08
 [ 03-04-2025  15:41:46.596 ] step: n=42 t=2.526659E-06 dt=7.140932E-08
 [ 03-04-2025  15:42:03.199 ] step: n=43 t=2.598068E-06 dt=7.141878E-08
 [ 03-04-2025  15:42:13.175 ] step: n=44 t=2.669487E-06 dt=7.142363E-08
 [ 03-04-2025  15:42:29.766 ] step: n=45 t=2.740911E-06 dt=7.140413E-08
 [ 03-04-2025  15:42:39.742 ] step: n=46 t=2.812315E-06 dt=7.140388E-08
 [ 03-04-2025  15:42:56.216 ] [GRID amr_refine_derefine]: initiating refinement
 [ 03-04-2025  15:42:56.227 ] [GRID amr_refine_derefine]: redist. phase.  tot blks requested: 50304
 [GRID amr_refine_derefine] min blks 27    max blks 31    tot blks 50304
 [GRID amr_refine_derefine] min leaf blks 24    max leaf blks 28    tot leaf blks 48112
 [ 03-04-2025  15:42:56.917 ] [GRID amr_refine_derefine]: refinement complete
 [ 03-04-2025  15:42:57.409 ] step: n=47 t=2.883719E-06 dt=7.140292E-08
 [ 03-04-2025  15:42:57.409 ] [mpi_amr_comm_setup]: buffer_dim_send=7910833, buffer_dim_recv=5392297
 [ 03-04-2025  15:43:07.453 ] step: n=48 t=2.955122E-06 dt=7.140606E-08
 [ 03-04-2025  15:43:23.987 ] [GRID amr_refine_derefine]: initiating refinement
 [ 03-04-2025  15:43:24.000 ] [GRID amr_refine_derefine]: redist. phase.  tot blks requested: 50496
 [GRID amr_refine_derefine] min blks 27    max blks 31    tot blks 50496
 [GRID amr_refine_derefine] min leaf blks 24    max leaf blks 28    tot leaf blks 48280
 [ 03-04-2025  15:43:24.463 ] [GRID amr_refine_derefine]: refinement complete
 [ 03-04-2025  15:43:24.938 ] step: n=49 t=3.026528E-06 dt=7.141819E-08
 [ 03-04-2025  15:43:24.938 ] [mpi_amr_comm_setup]: buffer_dim_send=6484429, buffer_dim_recv=4958125
 [ 03-04-2025  15:43:35.081 ] step: n=50 t=3.097946E-06 dt=7.145160E-08
 [ 03-04-2025  15:43:51.775 ] [GRID amr_refine_derefine]: initiating refinement
 [ 03-04-2025  15:43:51.788 ] [GRID amr_refine_derefine]: redist. phase.  tot blks requested: 50688
 [GRID amr_refine_derefine] min blks 27    max blks 31    tot blks 50688
 [GRID amr_refine_derefine] min leaf blks 24    max leaf blks 28    tot leaf blks 48448
 [ 03-04-2025  15:43:52.219 ] [GRID amr_refine_derefine]: refinement complete
 [ 03-04-2025  15:43:59.511 ] [IO_writeCheckpoint] open: type=checkpoint name=sedov_hdf5_chk_0005
 [ 03-04-2025  15:44:35.864 ] [io_writeData]: wrote   50688          blocks
 [ 03-04-2025  15:44:35.870 ] [IO_writeCheckpoint] close: type=checkpoint name=sedov_hdf5_chk_0005
 [ 03-04-2025  15:44:35.871 ] step: n=51 t=3.169398E-06 dt=7.144310E-08
 [ 03-04-2025  15:44:46.176 ] step: n=52 t=3.240841E-06 dt=7.143606E-08
 [ 03-04-2025  15:45:03.191 ] step: n=53 t=3.312277E-06 dt=7.143079E-08
 [ 03-04-2025  15:45:13.514 ] step: n=54 t=3.383708E-06 dt=7.142810E-08
 [ 03-04-2025  15:45:30.496 ] step: n=55 t=3.455136E-06 dt=7.143310E-08
 [ 03-04-2025  15:45:40.812 ] step: n=56 t=3.526569E-06 dt=7.144995E-08
 [ 03-04-2025  15:45:57.801 ] step: n=57 t=3.598019E-06 dt=7.144585E-08
 [ 03-04-2025  15:46:08.102 ] step: n=58 t=3.669465E-06 dt=7.143776E-08
 [ 03-04-2025  15:46:25.069 ] step: n=59 t=3.740902E-06 dt=7.143330E-08
 [ 03-04-2025  15:46:35.374 ] step: n=60 t=3.812336E-06 dt=7.143015E-08
 [ 03-04-2025  15:46:59.171 ] [IO_writeCheckpoint] open: type=checkpoint name=sedov_hdf5_chk_0006
 [ 03-04-2025  15:47:35.261 ] [io_writeData]: wrote   50688          blocks
 [ 03-04-2025  15:47:35.268 ] [IO_writeCheckpoint] close: type=checkpoint name=sedov_hdf5_chk_0006
 [ 03-04-2025  15:47:35.269 ] [Driver_evolveAll]: Exiting evolution loop
 [ 03-04-2025  15:47:35.378 ] [IO_writePlotfile] open: type=plotfile name=sedov_forced_hdf5_plt_cnt_0000
 [ 03-04-2025  15:47:39.715 ] [io_writeData]: wrote   50688          blocks
 [ 03-04-2025  15:47:39.735 ] [IO_writePlotfile] close: type=plotfile name=sedov_forced_hdf5_plt_cnt_0000
 [ 03-04-2025  15:47:39.736 ] memory: /proc vsize    (MB):     4582.76 (min)       5023.11 (max)       4758.91 (avg)
 [ 03-04-2025  15:47:39.736 ] memory: /proc rss      (MB):     2070.11 (min)       2220.50 (max)       2114.00 (avg)
 ==============================================================================
 perf_summary: code performance summary for process            0
                      beginning : 03-04-2025  15:25:33
                         ending : 03-04-2025  15:47:39
   seconds in monitoring period :             1326.124
      number of evolution steps :                   60
 ------------------------------------------------------------------------------
 accounting unit                       time sec  num calls   secs avg  time pct
 ------------------------------------------------------------------------------
 initialization                        267.472      1         267.472    20.169
  eos                                    0.637      8           0.080     0.048
  guardcell internal                    10.655      7           1.522     0.803
   amr_guardcell                        10.051      7           1.436     0.758
   eos gc                                0.000      7           0.000     0.000
  writeCheckpoint                       41.870      1          41.870     3.157
   restrictAll                           6.317      1           6.317     0.476
  writePlotfile                          4.495      1           4.495     0.339
 writePlotfile                           4.465      1           4.465     0.337
 evolution                            1054.184      1        1054.184    79.494
  Hydro                                460.060     60           7.668    34.692
   Head                                 96.967     60           1.616     7.312
    guardcell internal                  96.966     60           1.616     7.312
     amr_guardcell                      89.207     60           1.487     6.727
     eos gc                              0.003     60           0.000     0.000
   compute fluxes                      346.534     60           5.776    26.131
    hy_computeFluxes                   346.530   1632           0.212    26.131
     RiemannState                      298.699   1632           0.183    22.524
     getFaceFlux                        47.454   1632           0.029     3.578
   conserveFluxes                        0.139     60           0.002     0.010
   update solution                      16.276     60           0.271     1.227
    update solution body                16.272   1632           0.010     1.227
     unsplitUpdate                       6.026   1632           0.004     0.454
  sourceTerms                            0.000     60           0.000     0.000
  Particles_advance                      0.000     60           0.000     0.000
  Gravity potential                      0.000     60           0.000     0.000
  IO_output                            389.817    120           3.248    29.395
   diagnostics                         137.228    120           1.144    10.348
   checkpointing                       252.558      6          42.093    19.045
    writeCheckpoint                    252.556      6          42.093    19.045
     restrictAll                        38.636      6           6.439     2.913
  Grid_updateRefinement                201.787     60           3.363    15.216
   eos                                   0.952      5           0.190     0.072
   tree                                200.834     60           3.347    15.144
    markRefineDerefine                  56.040     30           1.868     4.226
     guardcell internal                 48.677     30           1.623     3.671
      amr_guardcell                     44.764     30           1.492     3.376
      eos gc                             0.001     30           0.000     0.000
    amr_refine_derefine                141.531     30           4.718    10.673
    updateData                           0.001     30           0.000     0.000
   updateParticleRefinement              0.000      5           0.000     0.000
  Driver_computeDt                       2.494     60           0.042     0.188
 ==============================================================================
 [ 03-04-2025  15:47:39.738 ] [Timers_getSummary]: Not writing timer max/min/avg values because not all processors had same timers
 [ 03-04-2025  15:47:39.739 ] LOGFILE_END: FLASH run complete.
