 FLASH log file:  02-28-2025  12:33:18.403    Run number:  1
 ==============================================================================
 Number of MPI tasks:                896
 MPI version:                          3
 MPI subversion:                       1
 Dimensionality:                       3
 Max Number of Blocks/Proc:          200
 Number x zones:                      32
 Number y zones:                      32
 Number z zones:                      32
 Setup stamp:     Fri Nov 1 14:03:57 2024
 Build stamp:     Fri Nov 1 14:04:23 2024
 System info:     Linux corona211 4.18.0-553.22.1.1toss.t4.x86_64 #1 SMP Tue Sep 24 16:50:00 PDT 2
 Version:         Flash-X 1.0 (heads/main-0-g6040ba49-dirty)                                      
 Build directory: /usr/workspace/ather1/Flash-X/sedov
 Setup syntax:    /usr/workspace/ather1/Flash-X/bin/setup.py Sedov -auto -3d -nxb=32 -nyb=32 -nzb=32 +parallelio -objdir=/usr/workspace/ather1/Flash-X/sedov
 f compiler flags: mpif90 -ggdb -c -O2 -fdefault-real-8 -fdefault-double-8 -Wuninitialized -fallow-argument-mismatch -fallow-argument-mismatch -DMAXBLOCKS=200 -DNXB=32 -DNYB=32 -DNZB=32 -DN_DIM=3
 c compiler flags:    mpicc -I/p/lustre2/ather1/hdf5-1.14.4-3/install/include -DH5_USE_18_API -ggdb -c -O2 -Wuninitialized -D_FORTIFY_SOURCE=2 -DMAXBLOCKS=200 -DNXB=32 -DNYB=32 -DNZB=32 -DN_DIM=3
 ==============================================================================
 Comment:  Sedov explosion
 ==============================================================================
 FLASH Units used:
   Driver/DriverMain/Unsplit
   Grid/GridBoundaryConditions
   Grid/GridMain/AMR/Paramesh4/PM4_package/flash_avoid_orrery
   Grid/GridMain/AMR/Paramesh4/PM4_package/headers
   Grid/GridMain/AMR/Paramesh4/PM4_package/source
   Grid/GridMain/AMR/Paramesh4/PM4_package/utilities/multigrid
   Grid/GridMain/AMR/Paramesh4/interpolation/prolong
   Grid/GridMain/AMR/Paramesh4/levelFlux
   Grid/localAPI
   IO/IOMain/hdf5/parallel/PM
   IO/localAPI
   PhysicalConstants/PhysicalConstantsMain
   RuntimeParameters/RuntimeParametersMain
   Simulation/SimulationMain/Sedov
   TimeAdvance/TimeAdvanceMain/StrangSplit
   flashUtilities/contiguousConversion
   flashUtilities/general
   flashUtilities/interpolation/oneDim
   flashUtilities/nameValueLL
   flashUtilities/sorting/quicksort
   flashUtilities/system/memoryUsage/legacy
   monitors/Logfile/LogfileMain
   monitors/Timers/TimersMain/MPINative
   physics/Eos/EosMain/Gamma
   physics/Hydro/HydroMain/unsplit/OnlyHydro
   physics/Hydro/HydroMain/unsplit/levelFlux
   physics/Hydro/localAPI
 ==============================================================================
 RuntimeParameters:
                                                                               
 ==============================================================================
bndpriorityone              =          1
bndprioritythree            =          3
bndprioritytwo              =          2
checkpointfileintervalstep  =         10 [CHANGED]
checkpointfilenumber        =          0
dr_abortpause               =          2
dr_dtminbelowaction         =          1
drift_break_inst            =          0
drift_trunc_mantissa        =          2
drift_verbose_inst          =          0
eos_entrelescalechoice      =          6
eos_loglevel                =        700
fileformatversion           =          9
forcedplotfilenumber        =          0
gr_lrefmaxtimevalue_1       =         -1
gr_lrefmaxtimevalue_10      =         -1
gr_lrefmaxtimevalue_11      =         -1
gr_lrefmaxtimevalue_12      =         -1
gr_lrefmaxtimevalue_13      =         -1
gr_lrefmaxtimevalue_14      =         -1
gr_lrefmaxtimevalue_15      =         -1
gr_lrefmaxtimevalue_16      =         -1
gr_lrefmaxtimevalue_17      =         -1
gr_lrefmaxtimevalue_18      =         -1
gr_lrefmaxtimevalue_19      =         -1
gr_lrefmaxtimevalue_2       =         -1
gr_lrefmaxtimevalue_20      =         -1
gr_lrefmaxtimevalue_3       =         -1
gr_lrefmaxtimevalue_4       =         -1
gr_lrefmaxtimevalue_5       =         -1
gr_lrefmaxtimevalue_6       =         -1
gr_lrefmaxtimevalue_7       =         -1
gr_lrefmaxtimevalue_8       =         -1
gr_lrefmaxtimevalue_9       =         -1
gr_pmrpdivergencefree       =         -1
gr_pmrpifaceoff             =          0
gr_pmrpl2p5d                =          0
gr_pmrpmaxblocks            =         -1
gr_pmrpmflags               =          1
gr_pmrpnboundaries          =          6
gr_pmrpndim                 =          3
gr_pmrpnedgevar1            =         -1
gr_pmrpnfacevar             =         -1
gr_pmrpnfielddivf           =         -1
gr_pmrpnfluxvar             =         -1
gr_pmrpnguard               =         -1
gr_pmrpnguardwork           =         -1
gr_pmrpnvar                 =         -1
gr_pmrpnvarwork             =          1
gr_pmrpnvarcorn             =          0
gr_pmrpnvaredge             =          0
gr_pmrpnxb                  =         -1
gr_pmrpnyb                  =         -1
gr_pmrpnzb                  =         -1
gr_restrictallmethod        =          3
gr_sanitizedatamode         =          1
gr_sanitizeverbosity        =          5
gr_tilesizex                =         32
gr_tilesizey                =         32
gr_tilesizez                =         32
hy_3torder                  =         -1
hydrocomputedtoption        =         -1
iprocs                      =          1
interpol_order              =          2
irenorm                     =          0
jprocs                      =          1
kprocs                      =          1
lrefine_del                 =          0
lrefine_max                 =          6 [CHANGED]
lrefine_min                 =          1
lrefine_min_init            =          1
max_particles_per_blk       =        100
memory_stat_freq            =     100000
meshcopycount               =          1
min_particles_per_blk       =          1
nbegin                      =          1
nblockx                     =         16 [CHANGED]
nblocky                     =         16 [CHANGED]
nblockz                     =         16 [CHANGED]
nend                        =         60 [CHANGED]
nrefs                       =          2
nsteptotalsts               =          5
order                       =          3 [CHANGED]
outputsplitnum              =          1
plotfileintervalstep        =          0
plotfilenumber              =          0
refine_var_count            =          4
rolling_checkpoint          =      10000
sim_centerrefinelevel       =          1
sim_integralslevel          =         -1
sim_nsubzones               =          7
sweeporder                  =        123
transorder                  =          1
wr_integrals_freq           =          1
limitedslopebeta            =                 0.100E+01
cfl                         =                 0.800E+00
checkpointfileintervaltime  =                 0.000E+00 [CHANGED]
checkpointfileintervalz     =                 0.180+309
cvisc                       =                 0.100E+00
derefine_cutoff_1           =                 0.200E+00
derefine_cutoff_2           =                 0.200E+00
derefine_cutoff_3           =                 0.200E+00
derefine_cutoff_4           =                 0.200E+00
dr_dtmincontinue            =                 0.000E+00
dr_tstepslowstartfactor     =                 0.100E+00
dtinit                      =                 0.100E-09
dtmax                       =                 0.100E+06
dtmin                       =                 0.100E-09
eintswitch                  =                 0.100E-03 [CHANGED]
eos_singlespeciesa          =                 0.100E+01
eos_singlespeciesz          =                 0.100E+01
gamma                       =                 0.140E+01 [CHANGED]
gr_btworkchildscaling       =                 0.100E+01
gr_btworkdefaultleaf        =                 0.200E+01
gr_btworkdefaultpar         =                 0.100E+01
gr_btworklbleaf             =                 0.000E+00
gr_btworklbpar              =                 0.000E+00
gr_btworkubleaf             =                 0.100E+07
gr_btworkubpar              =                 0.100E+07
gr_lrefinemaxredlogbase     =                 0.100E+02
gr_lrefinemaxredradiusfact  =                 0.000E+00
gr_lrefinemaxredtref        =                 0.000E+00
gr_lrefinemaxredtimescale   =                 0.100E+01
gr_lrefmaxtime_1            =                -0.100E+01
gr_lrefmaxtime_10           =                -0.100E+01
gr_lrefmaxtime_11           =                -0.100E+01
gr_lrefmaxtime_12           =                -0.100E+01
gr_lrefmaxtime_13           =                -0.100E+01
gr_lrefmaxtime_14           =                -0.100E+01
gr_lrefmaxtime_15           =                -0.100E+01
gr_lrefmaxtime_16           =                -0.100E+01
gr_lrefmaxtime_17           =                -0.100E+01
gr_lrefmaxtime_18           =                -0.100E+01
gr_lrefmaxtime_19           =                -0.100E+01
gr_lrefmaxtime_2            =                -0.100E+01
gr_lrefmaxtime_20           =                -0.100E+01
gr_lrefmaxtime_3            =                -0.100E+01
gr_lrefmaxtime_4            =                -0.100E+01
gr_lrefmaxtime_5            =                -0.100E+01
gr_lrefmaxtime_6            =                -0.100E+01
gr_lrefmaxtime_7            =                -0.100E+01
gr_lrefmaxtime_8            =                -0.100E+01
gr_lrefmaxtime_9            =                -0.100E+01
hy_cflfallbackfactor        =                 0.900E+00
hy_fpresinmomflux           =                 0.100E+01
hybridorderkappa            =                 0.000E+00
nusts                       =                 0.200E+00 [CHANGED]
plotfileintervaltime        =                 0.000E+00 [CHANGED]
plotfileintervalz           =                 0.180+309
radiusgp                    =                 0.200E+01
refine_cutoff_1             =                 0.800E+00
refine_cutoff_2             =                 0.800E+00
refine_cutoff_3             =                 0.800E+00
refine_cutoff_4             =                 0.800E+00
refine_filter_1             =                 0.100E-01
refine_filter_2             =                 0.100E-01
refine_filter_3             =                 0.100E-01
refine_filter_4             =                 0.100E-01
rss_limit                   =                -0.100E+01
sigmagp                     =                 0.300E+01
sim_derefineradius          =                 0.000E+00
sim_earliestlstime          =                 0.000E+00
sim_expenergy               =                 0.100E+01
sim_largestnormradius       =                 0.180+309
sim_latestlstime            =                 0.180+309
sim_minrhoinit              =                 0.100E-19
sim_pambient                =                 0.100E-04
sim_rinit                   =                 0.137E-01 [CHANGED]
sim_rhoambient              =                 0.100E+01
sim_smallestnormradius      =                 0.000E+00
sim_xctr                    =                 0.500E+00
sim_yctr                    =                 0.500E+00
sim_zctr                    =                 0.500E+00
small                       =                 0.100E-09
smalle                      =                 0.100E-09
smallp                      =                 0.100E-09
smallt                      =                 0.100E-09
smallu                      =                 0.100E-09
smallx                      =                 0.100E-09
smlrho                      =                 0.100E-09
tinitial                    =                 0.000E+00
tiny                        =                 0.100E-15
tmax                        =                 0.500E+06 [CHANGED]
tstep_change_factor         =                 0.200E+01
wall_clock_checkpoint       =                 0.432E+05
wall_clock_time_limit       =                 0.605E+06
x_refine_center             =                 0.000E+00
xmax                        =                 0.100E+01
xmin                        =                 0.000E+00
y_refine_center             =                 0.000E+00
ymax                        =                 0.100E+01
ymin                        =                 0.000E+00
zfinal                      =                 0.000E+00
zinitial                    =                -0.100E+01
z_refine_center             =                 0.000E+00
zmax                        =                 0.100E+01
zmin                        =                 0.000E+00
riemannsolver               = Roe                            [CHANGED]
unitsystem                  = none                          
basenm                      = sedov_                         [CHANGED]
entropyfixmethod            = HARTENHYMAN                   
eosmode                     = dens_ie                       
eosmodeinit                 = dens_ie                       
geometry                    = cartesian                     
gr_pmrpoutputdir            = ./                            
grav_boundary_type          = isolated                      
hy_eosmodegc                = see eosMode                   
log_file                    = sedov.log                      [CHANGED]
output_directory            =                               
pc_unitsbase                = CGS                           
plot_grid_var_1             = none                          
plot_grid_var_10            = none                          
plot_grid_var_11            = none                          
plot_grid_var_12            = none                          
plot_grid_var_13            = none                          
plot_grid_var_14            = none                          
plot_grid_var_15            = none                          
plot_grid_var_16            = none                          
plot_grid_var_17            = none                          
plot_grid_var_18            = none                          
plot_grid_var_19            = none                          
plot_grid_var_2             = none                          
plot_grid_var_20            = none                          
plot_grid_var_21            = none                          
plot_grid_var_22            = none                          
plot_grid_var_23            = none                          
plot_grid_var_24            = none                          
plot_grid_var_25            = none                          
plot_grid_var_26            = none                          
plot_grid_var_27            = none                          
plot_grid_var_28            = none                          
plot_grid_var_29            = none                          
plot_grid_var_3             = none                          
plot_grid_var_30            = none                          
plot_grid_var_31            = none                          
plot_grid_var_32            = none                          
plot_grid_var_33            = none                          
plot_grid_var_34            = none                          
plot_grid_var_35            = none                          
plot_grid_var_36            = none                          
plot_grid_var_37            = none                          
plot_grid_var_38            = none                          
plot_grid_var_39            = none                          
plot_grid_var_4             = none                          
plot_grid_var_40            = none                          
plot_grid_var_41            = none                          
plot_grid_var_42            = none                          
plot_grid_var_43            = none                          
plot_grid_var_44            = none                          
plot_grid_var_45            = none                          
plot_grid_var_46            = none                          
plot_grid_var_47            = none                          
plot_grid_var_48            = none                          
plot_grid_var_49            = none                          
plot_grid_var_5             = none                          
plot_grid_var_50            = none                          
plot_grid_var_51            = none                          
plot_grid_var_52            = none                          
plot_grid_var_53            = none                          
plot_grid_var_54            = none                          
plot_grid_var_55            = none                          
plot_grid_var_56            = none                          
plot_grid_var_57            = none                          
plot_grid_var_58            = none                          
plot_grid_var_59            = none                          
plot_grid_var_6             = none                          
plot_grid_var_60            = none                          
plot_grid_var_61            = none                          
plot_grid_var_62            = none                          
plot_grid_var_63            = none                          
plot_grid_var_64            = none                          
plot_grid_var_65            = none                          
plot_grid_var_66            = none                          
plot_grid_var_67            = none                          
plot_grid_var_68            = none                          
plot_grid_var_69            = none                          
plot_grid_var_7             = none                          
plot_grid_var_70            = none                          
plot_grid_var_71            = none                          
plot_grid_var_72            = none                          
plot_grid_var_73            = none                          
plot_grid_var_74            = none                          
plot_grid_var_75            = none                          
plot_grid_var_76            = none                          
plot_grid_var_77            = none                          
plot_grid_var_78            = none                          
plot_grid_var_8             = none                          
plot_grid_var_9             = none                          
plot_var_1                  = dens                           [CHANGED]
plot_var_10                 = none                          
plot_var_11                 = none                          
plot_var_12                 = none                          
plot_var_13                 = none                          
plot_var_14                 = none                          
plot_var_15                 = none                          
plot_var_16                 = none                          
plot_var_17                 = none                          
plot_var_18                 = none                          
plot_var_2                  = pres                           [CHANGED]
plot_var_3                  = temp                           [CHANGED]
plot_var_4                  = none                          
plot_var_5                  = none                          
plot_var_6                  = none                          
plot_var_7                  = none                          
plot_var_8                  = none                          
plot_var_9                  = none                          
prof_file                   = profile.dat                   
refine_var_1                = dens                           [CHANGED]
refine_var_2                = pres                           [CHANGED]
refine_var_3                = none                          
refine_var_4                = none                          
run_comment                 = Sedov explosion                [CHANGED]
run_number                  = 1                             
sim_proffilename            = /dev/null                      [CHANGED]
slopelimiter                = mc                             [CHANGED]
stats_file                  = flashx.dat                    
wenomethod                  = WENO5                         
xl_boundary_type            = outflow                        [CHANGED]
xr_boundary_type            = outflow                        [CHANGED]
yl_boundary_type            = outflow                        [CHANGED]
yr_boundary_type            = outflow                        [CHANGED]
zl_boundary_type            = outflow                        [CHANGED]
zr_boundary_type            = outflow                        [CHANGED]
csvsummaryallprocs          =  F
eosforriemann               =  F
logsummaryallprocs          =  F
addthermalflux              =  T
allowdtstsdominate          =  F
alwayscomputeuservars       =  T
alwaysrestrictcheckpoint    =  T
charlimiting                =  T
chkguardcellsinput          =  F
chkguardcellsoutput         =  F
conserveangmom              =  F
converttoconsvdformeshcalls =  F
converttoconsvdinmeshinterp =  T
corners                     =  F
dr_printtsteploc            =  T
dr_shortenlaststepbeforetmax =  F
drift_tuples                =  F
eachprocwritesownabortlog   =  F
eachprocwritessummary       =  F
earlyblockdistadjustment    =  T
enablemaskedgcfill          =  F
entropy                     =  F
flux_correct                =  T
flux_correct_perlevel       =  F
geometryoverride            =  F
gr_bcenableapplymixedgds    =  T
gr_bndgcfillneedsprimitivevars =  T
gr_btcustomwork             =  F
gr_btexchangework           =  F
gr_btsortbywork             =  T
gr_enabletiling             =  F
gr_lrefinemaxbytime         =  F
gr_lrefinemaxreddobylogr    =  F
gr_lrefinemaxreddobytime    =  F
gr_pmrpadvancealllevels     =  F
gr_pmrpamrerrorchecking     =  F
gr_pmrpcartesianpm          =  F
gr_pmrpconserve             =  F
gr_pmrpconsvfluxdensities   =  T
gr_pmrpconsvfluxes          =  F
gr_pmrpcurvilinear          =  F
gr_pmrpcurvilinearconserve  =  F
gr_pmrpcylindricalpm        =  F
gr_pmrpdiagonals            =  T
gr_pmrpedgevalue            =  T
gr_pmrpedgevalueinteg       =  F
gr_pmrpemptycells           =  F
gr_pmrpforceconsistency     =  T
gr_pmrplsingularline        =  F
gr_pmrpnopermanentguardcells =  F
gr_pmrppolarpm              =  F
gr_pmrppredcorr             =  F
gr_pmrpsphericalpm          =  F
gr_pmrptimingmpi            =  F
gr_pmrptimingmpix           =  F
gr_pmrpvardt                =  F
gr_usetiling                =  F
hy_fallbacklowercfl         =  F
hy_fullspecmsfluxhandling   =  T
hy_usetiling                =  F
ignoreforcedplot            =  F
io_writemscalarintegrals    =  F
plotfilegridquantitydp      =  F
plotfilemetadatadp          =  F
reducegcellfills            =  F
refine_on_particle_count    =  F
restart                     =  F
shockdetect                 =  F
shocklowercfl               =  F
sim_bcsetbdryvar            =  F
sim_forcecenterderefine     =  F
sim_onelevelintegralsonly   =  F
summaryoutputonly           =  F
threadblocklistbuild        =  F
threaddelepblocklist        =  F
threaddelepwithinblock      =  F
threaddriverblocklist       =  F
threaddriverwithinblock     =  F
threadeoswithinblock        =  F
threadhydroblocklist        =  F
threadhydrowithinblock      =  F
threadraytracebuild         =  F
threadwithinblockbuild      =  F
tmr_suppressinparallel      =  F
typematchedxfer             =  T
unbiased_geometry           =  F
updatehydrofluxes           =  T
useburn                     =  F
usecollectivehdf5           =  T
usedeleptonize              =  F
usegravity                  =  F
useheatad                   =  F
useheater                   =  F
usehydro                    =  T
useimbound                  =  F
useincompns                 =  F
useinlet                    =  F
uselegacylabels             =  T
usemultiphase               =  F
useorchestration            =  F
useoutlet                   =  F
useparticles                =  F
useradtrans                 =  F
usests                      =  F
usestsfordiffusion          =  F
usesolidmechanics           =  F
use_3dfullctu               =  T
use_auxeinteqn              =  T
use_avisc                   =  T [CHANGED]
use_cma_advection           =  F
use_cma_flattening          =  F
use_flash_surr_blks_fill    =  T
use_flattening              =  F
use_gravhalfupdate          =  T
use_hybridorder             =  F
use_reduced_orrery          =  T
use_steepening              =  F
use_upwindtvd               =  F
writestatsummary            =  T
                                                                               
 ==============================================================================
                                                                               
 Known units of measurement:
                                                                               
              Unit                          CGS Value                Base Unit
  1                  cm                     1.0000                           cm
  2                   s                     1.0000                            s
  3                   g                     1.0000                            g
  4                   K                     1.0000                            K
  5                 esu                     1.0000                          esu
  6                 mol                     1.0000                          mol
  7                   m                     100.00                           cm
  8                  km                    1.00000E+05                       cm
  9                  pc                    3.08568E+18                       cm
 10                 kpc                    3.08568E+21                       cm
 11                 Mpc                    3.08568E+24                       cm
 12                 Gpc                    3.08568E+27                       cm
 13                Rsun                    6.96000E+10                       cm
 14                  AU                    1.49598E+13                       cm
 15                  yr                    3.15569E+07                        s
 16                 Myr                    3.15569E+13                        s
 17                 Gyr                    3.15569E+16                        s
 18                  kg                     1000.0                            g
 19                Msun                    1.98892E+33                        g
 20                 amu                    1.66054E-24                        g
 21                  eV                     11605.                            K
 22                   C                    2.99792E+09                      esu
 23                LFLY                    3.08568E+24                       cm
 24                TFLY                    2.05759E+17                        s
 25                MFLY                    9.88470E+45                        g
 26            clLength                    3.08568E+24                       cm
 27              clTime                    3.15569E+16                        s
 28              clMass                    1.98892E+48                        g
 29              clTemp                    1.16045E+07                        K
-----------End of Units--------------------
                                                                               
 Known physical constants:
                                                                               
    Constant Name       Constant Value   cm       s        g        K        esu      mol
  1              Newton    6.67408E-08   3.0     -2.0     -1.0      0.0      0.0      0.0    
  2      speed of light    2.99792E+10   1.0     -1.0      0.0      0.0      0.0      0.0    
  3              Planck    6.62607E-27   2.0     -1.0      1.0      0.0      0.0      0.0    
  4     electron charge    4.80320E-10   0.0      0.0      0.0      0.0      1.0      0.0    
  5       electron mass    9.10938E-28   0.0      0.0      1.0      0.0      0.0      0.0    
  6         proton mass    1.67262E-24   0.0      0.0      1.0      0.0      0.0      0.0    
  7      fine-structure    7.29735E-03   0.0      0.0      0.0      0.0      0.0      0.0    
  8            Avogadro    6.02214E+23   0.0      0.0      0.0      0.0      0.0     -1.0    
  9           Boltzmann    1.38065E-16   2.0     -2.0      1.0     -1.0      0.0      0.0    
 10  ideal gas constant    8.31446E+07   2.0     -2.0      1.0     -1.0      0.0     -1.0    
 11                Wien    0.28978       1.0      0.0      0.0      1.0      0.0      0.0    
 12    Stefan-Boltzmann    5.67037E-05   0.0     -3.0      1.0     -4.0      0.0      0.0    
 13  Radiation Constant    7.56572E-15  -1.0     -2.0      1.0     -4.0      0.0      0.0    
 14                  pi     3.1416       0.0      0.0      0.0      0.0      0.0      0.0    
 15                   e     2.7183       0.0      0.0      0.0      0.0      0.0      0.0    
 16               Euler    0.57722       0.0      0.0      0.0      0.0      0.0      0.0    
 ==============================================================================
                                                                               
 Multifluid database: not configured in
                                                                               
 ==============================================================================
 [ 02-28-2025  12:33:18.413 ] [gr_initGeometry] checking BCs for idir: 1
 [ 02-28-2025  12:33:18.417 ] [gr_initGeometry] checking BCs for idir: 2
 [ 02-28-2025  12:33:18.421 ] [gr_initGeometry] checking BCs for idir: 3
 [ 02-28-2025  12:33:20.112 ] [GRID amr_refine_derefine]: initiating refinement
 [ 02-28-2025  12:33:20.114 ] [GRID amr_refine_derefine]: redist. phase.  tot blks requested: 4096
 [GRID amr_refine_derefine] min blks 4    max blks 5    tot blks 4096
 [GRID amr_refine_derefine] min leaf blks 4    max leaf blks 5    tot leaf blks 4096
 [ 02-28-2025  12:33:20.293 ] [GRID amr_refine_derefine]: refinement complete
 [ 02-28-2025  12:33:20.397 ] [GRID gr_expandDomain]: iteration=1, create level=2
 INFO: Grid_fillGuardCells is ignoring masking.
 [ 02-28-2025  12:33:25.636 ] [mpi_amr_comm_setup]: buffer_dim_send=3349693, buffer_dim_recv=2207173
 [ 02-28-2025  12:33:26.543 ] [GRID amr_refine_derefine]: initiating refinement
 [ 02-28-2025  12:33:26.557 ] [GRID amr_refine_derefine]: redist. phase.  tot blks requested: 4160
 [GRID amr_refine_derefine] min blks 4    max blks 5    tot blks 4160
 [GRID amr_refine_derefine] min leaf blks 4    max leaf blks 5    tot leaf blks 4152
 [ 02-28-2025  12:33:26.685 ] [GRID amr_refine_derefine]: refinement complete
 [ 02-28-2025  12:33:26.694 ] [GRID gr_expandDomain]: iteration=2, create level=3
 [ 02-28-2025  12:33:32.613 ] [GRID amr_refine_derefine]: initiating refinement
 [ 02-28-2025  12:33:32.626 ] [GRID amr_refine_derefine]: redist. phase.  tot blks requested: 4224
 [GRID amr_refine_derefine] min blks 4    max blks 6    tot blks 4224
 [GRID amr_refine_derefine] min leaf blks 3    max leaf blks 5    tot leaf blks 4208
 [ 02-28-2025  12:33:32.748 ] [GRID amr_refine_derefine]: refinement complete
 [ 02-28-2025  12:33:32.756 ] [GRID gr_expandDomain]: iteration=3, create level=4
 [ 02-28-2025  12:33:38.069 ] [mpi_amr_comm_setup]: buffer_dim_send=3423553, buffer_dim_recv=2207173
 [ 02-28-2025  12:33:38.693 ] [GRID amr_refine_derefine]: initiating refinement
 [ 02-28-2025  12:33:38.702 ] [GRID amr_refine_derefine]: redist. phase.  tot blks requested: 4288
 [GRID amr_refine_derefine] min blks 4    max blks 6    tot blks 4288
 [GRID amr_refine_derefine] min leaf blks 3    max leaf blks 5    tot leaf blks 4264
 [ 02-28-2025  12:33:38.816 ] [GRID amr_refine_derefine]: refinement complete
 [ 02-28-2025  12:33:38.824 ] [GRID gr_expandDomain]: iteration=4, create level=5
 [ 02-28-2025  12:33:44.139 ] [mpi_amr_comm_setup]: buffer_dim_send=3422269, buffer_dim_recv=2207173
 [ 02-28-2025  12:33:44.885 ] [GRID amr_refine_derefine]: initiating refinement
 [ 02-28-2025  12:33:44.898 ] [GRID amr_refine_derefine]: redist. phase.  tot blks requested: 6144
 [GRID amr_refine_derefine] min blks 6    max blks 9    tot blks 6144
 [GRID amr_refine_derefine] min leaf blks 5    max leaf blks 7    tot leaf blks 5888
 [ 02-28-2025  12:33:45.041 ] [GRID amr_refine_derefine]: refinement complete
 [ 02-28-2025  12:33:45.054 ] [GRID gr_expandDomain]: iteration=5, create level=6
 [ 02-28-2025  12:33:52.503 ] [mpi_amr_comm_setup]: buffer_dim_send=2974177, buffer_dim_recv=2540365
 [ 02-28-2025  12:33:53.483 ] [GRID amr_refine_derefine]: initiating refinement
 [ 02-28-2025  12:33:53.499 ] [GRID amr_refine_derefine]: redist. phase.  tot blks requested: 9152
 [GRID amr_refine_derefine] min blks 9    max blks 12    tot blks 9152
 [GRID amr_refine_derefine] min leaf blks 7    max leaf blks 10    tot leaf blks 8520
 [ 02-28-2025  12:33:53.698 ] [GRID amr_refine_derefine]: refinement complete
 [ 02-28-2025  12:33:53.709 ] [GRID gr_expandDomain]: iteration=6, create level=6
 [ 02-28-2025  12:34:04.278 ] [mpi_amr_comm_setup]: buffer_dim_send=4843741, buffer_dim_recv=2669029
 [ 02-28-2025  12:34:05.428 ] [GRID gr_expandDomain]: iteration=7, create level=6
 [ 02-28-2025  12:34:17.141 ] [GRID gr_expandDomain]: iteration=8, create level=6
 [ 02-28-2025  12:34:28.683 ] memory: /proc vsize    (MB):     4566.36 (min)       4799.12 (max)       4731.07 (avg)
 [ 02-28-2025  12:34:28.686 ] memory: /proc rss      (MB):     1840.58 (min)       1930.72 (max)       1894.74 (avg)
 [ 02-28-2025  12:34:28.689 ] memory: /proc vsize    (MB):     4566.36 (min)       4799.12 (max)       4731.07 (avg)
 [ 02-28-2025  12:34:28.693 ] memory: /proc rss      (MB):     1840.58 (min)       1930.72 (max)       1894.74 (avg)
 [ 02-28-2025  12:34:28.709 ] memory: /proc vsize    (MB):     4566.36 (min)       4799.12 (max)       4731.07 (avg)
 [ 02-28-2025  12:34:28.713 ] memory: /proc rss      (MB):     1840.58 (min)       1930.72 (max)       1894.74 (avg)
 [ 02-28-2025  12:34:32.933 ] [IO_writeCheckpoint] open: type=checkpoint name=sedov_hdf5_chk_0000
 [ 02-28-2025  12:34:41.969 ] [io_writeData]: wrote    9152          blocks
 [ 02-28-2025  12:34:42.024 ] [IO_writeCheckpoint] close: type=checkpoint name=sedov_hdf5_chk_0000
 [ 02-28-2025  12:34:42.123 ] [IO_writePlotfile] open: type=plotfile name=sedov_hdf5_plt_cnt_0000
 [ 02-28-2025  12:34:43.205 ] [io_writeData]: wrote    9152          blocks
 [ 02-28-2025  12:34:43.228 ] [IO_writePlotfile] close: type=plotfile name=sedov_hdf5_plt_cnt_0000
 [ 02-28-2025  12:34:43.234 ] memory: /proc vsize    (MB):     4586.66 (min)       5013.41 (max)       4740.59 (avg)
 [ 02-28-2025  12:34:43.239 ] memory: /proc rss      (MB):     1847.37 (min)       1937.79 (max)       1903.16 (avg)
 [ 02-28-2025  12:34:43.244 ] [Driver_evolveAll]: Entering evolution loop
 [ 02-28-2025  12:34:43.251 ] step: n=1 t=0.000000E+00 dt=1.000000E-10
 [ 02-28-2025  12:34:46.942 ] step: n=2 t=1.000000E-10 dt=2.000000E-10
 [ 02-28-2025  12:34:53.204 ] step: n=3 t=3.000000E-10 dt=4.000000E-10
 [ 02-28-2025  12:34:56.890 ] step: n=4 t=7.000000E-10 dt=8.000000E-10
 [ 02-28-2025  12:35:03.149 ] step: n=5 t=1.500000E-09 dt=1.600000E-09
 [ 02-28-2025  12:35:06.846 ] step: n=6 t=3.100000E-09 dt=3.200000E-09
 [ 02-28-2025  12:35:13.119 ] step: n=7 t=6.300000E-09 dt=6.400000E-09
 [ 02-28-2025  12:35:16.797 ] step: n=8 t=1.270000E-08 dt=1.280000E-08
 [ 02-28-2025  12:35:23.088 ] step: n=9 t=2.550000E-08 dt=2.560000E-08
 [ 02-28-2025  12:35:26.798 ] step: n=10 t=5.110000E-08 dt=5.120000E-08
 [ 02-28-2025  12:35:38.304 ] [IO_writeCheckpoint] open: type=checkpoint name=sedov_hdf5_chk_0001
 [ 02-28-2025  12:35:46.455 ] [io_writeData]: wrote    9152          blocks
 [ 02-28-2025  12:35:46.462 ] [IO_writeCheckpoint] close: type=checkpoint name=sedov_hdf5_chk_0001
 [ 02-28-2025  12:35:46.470 ] step: n=11 t=1.023000E-07 dt=1.024000E-07
 [ 02-28-2025  12:35:50.177 ] step: n=12 t=2.047000E-07 dt=2.011896E-07
 [ 02-28-2025  12:35:56.475 ] step: n=13 t=4.058896E-07 dt=1.856898E-07
 [ 02-28-2025  12:36:00.179 ] step: n=14 t=5.915794E-07 dt=1.729914E-07
 [ 02-28-2025  12:36:06.482 ] step: n=15 t=7.645708E-07 dt=1.642472E-07
 [ 02-28-2025  12:36:10.194 ] step: n=16 t=9.288179E-07 dt=1.580871E-07
 [ 02-28-2025  12:36:16.481 ] step: n=17 t=1.086905E-06 dt=1.534569E-07
 [ 02-28-2025  12:36:20.201 ] step: n=18 t=1.240362E-06 dt=1.499651E-07
 [ 02-28-2025  12:36:26.507 ] step: n=19 t=1.390327E-06 dt=1.474127E-07
 [ 02-28-2025  12:36:30.207 ] step: n=20 t=1.537740E-06 dt=1.456205E-07
 [ 02-28-2025  12:36:42.616 ] [IO_writeCheckpoint] open: type=checkpoint name=sedov_hdf5_chk_0002
 [ 02-28-2025  12:36:46.240 ] [io_writeData]: wrote    9152          blocks
 [ 02-28-2025  12:36:46.250 ] [IO_writeCheckpoint] close: type=checkpoint name=sedov_hdf5_chk_0002
 [ 02-28-2025  12:36:46.255 ] step: n=21 t=1.683360E-06 dt=1.444985E-07
 [ 02-28-2025  12:36:49.967 ] step: n=22 t=1.827859E-06 dt=1.441710E-07
 [ 02-28-2025  12:36:56.272 ] step: n=23 t=1.972030E-06 dt=1.441286E-07
 [ 02-28-2025  12:36:59.990 ] step: n=24 t=2.116158E-06 dt=1.441099E-07
 [ 02-28-2025  12:37:06.272 ] step: n=25 t=2.260268E-06 dt=1.441302E-07
 [ 02-28-2025  12:37:09.987 ] step: n=26 t=2.404398E-06 dt=1.442588E-07
 [ 02-28-2025  12:37:16.249 ] [GRID amr_refine_derefine]: initiating refinement
 [ 02-28-2025  12:37:16.267 ] [GRID amr_refine_derefine]: redist. phase.  tot blks requested: 9536
 [GRID amr_refine_derefine] min blks 10    max blks 13    tot blks 9536
 [GRID amr_refine_derefine] min leaf blks 8    max leaf blks 11    tot leaf blks 8856
 [ 02-28-2025  12:37:16.480 ] [GRID amr_refine_derefine]: refinement complete
 [ 02-28-2025  12:37:16.899 ] step: n=27 t=2.548657E-06 dt=1.444833E-07
 [ 02-28-2025  12:37:16.902 ] [mpi_amr_comm_setup]: buffer_dim_send=4300885, buffer_dim_recv=2669029
 [ 02-28-2025  12:37:20.728 ] step: n=28 t=2.693141E-06 dt=1.448057E-07
 [ 02-28-2025  12:37:27.326 ] step: n=29 t=2.837946E-06 dt=1.450172E-07
 [ 02-28-2025  12:37:31.155 ] step: n=30 t=2.982964E-06 dt=1.450055E-07
 [ 02-28-2025  12:37:42.556 ] [IO_writeCheckpoint] open: type=checkpoint name=sedov_hdf5_chk_0003
 [ 02-28-2025  12:37:46.191 ] [io_writeData]: wrote    9536          blocks
 [ 02-28-2025  12:37:46.201 ] [IO_writeCheckpoint] close: type=checkpoint name=sedov_hdf5_chk_0003
 [ 02-28-2025  12:37:46.205 ] step: n=31 t=3.127969E-06 dt=1.449474E-07
 [ 02-28-2025  12:37:50.037 ] step: n=32 t=3.272916E-06 dt=1.449259E-07
 [ 02-28-2025  12:37:56.635 ] step: n=33 t=3.417842E-06 dt=1.447113E-07
 [ 02-28-2025  12:38:00.469 ] step: n=34 t=3.562554E-06 dt=1.446418E-07
 [ 02-28-2025  12:38:06.991 ] step: n=35 t=3.707195E-06 dt=1.446455E-07
 [ 02-28-2025  12:38:10.823 ] step: n=36 t=3.851841E-06 dt=1.446573E-07
 [ 02-28-2025  12:38:17.437 ] step: n=37 t=3.996498E-06 dt=1.446767E-07
 [ 02-28-2025  12:38:21.267 ] step: n=38 t=4.141175E-06 dt=1.447318E-07
 [ 02-28-2025  12:38:27.872 ] step: n=39 t=4.285907E-06 dt=1.447598E-07
 [ 02-28-2025  12:38:31.709 ] step: n=40 t=4.430666E-06 dt=1.447127E-07
 [ 02-28-2025  12:38:43.331 ] [IO_writeCheckpoint] open: type=checkpoint name=sedov_hdf5_chk_0004
 [ 02-28-2025  12:38:47.001 ] [io_writeData]: wrote    9536          blocks
 [ 02-28-2025  12:38:47.023 ] [IO_writeCheckpoint] close: type=checkpoint name=sedov_hdf5_chk_0004
 [ 02-28-2025  12:38:47.028 ] step: n=41 t=4.575379E-06 dt=1.446812E-07
 [ 02-28-2025  12:38:50.858 ] step: n=42 t=4.720060E-06 dt=1.446456E-07
 [ 02-28-2025  12:38:57.491 ] step: n=43 t=4.864706E-06 dt=1.446294E-07
 [ 02-28-2025  12:39:01.323 ] step: n=44 t=5.009335E-06 dt=1.446250E-07
 [ 02-28-2025  12:39:07.924 ] step: n=45 t=5.153960E-06 dt=1.445216E-07
 [ 02-28-2025  12:39:11.757 ] step: n=46 t=5.298482E-06 dt=1.444823E-07
 [ 02-28-2025  12:39:18.367 ] step: n=47 t=5.442964E-06 dt=1.444551E-07
 [ 02-28-2025  12:39:22.202 ] step: n=48 t=5.587419E-06 dt=1.444288E-07
 [ 02-28-2025  12:39:28.709 ] step: n=49 t=5.731848E-06 dt=1.444159E-07
 [ 02-28-2025  12:39:32.540 ] step: n=50 t=5.876264E-06 dt=1.444089E-07
 [ 02-28-2025  12:39:43.852 ] [IO_writeCheckpoint] open: type=checkpoint name=sedov_hdf5_chk_0005
 [ 02-28-2025  12:39:47.540 ] [io_writeData]: wrote    9536          blocks
 [ 02-28-2025  12:39:47.552 ] [IO_writeCheckpoint] close: type=checkpoint name=sedov_hdf5_chk_0005
 [ 02-28-2025  12:39:47.559 ] step: n=51 t=6.020673E-06 dt=1.443103E-07
 [ 02-28-2025  12:39:51.392 ] step: n=52 t=6.164983E-06 dt=1.442630E-07
 [ 02-28-2025  12:39:58.008 ] step: n=53 t=6.309246E-06 dt=1.442278E-07
 [ 02-28-2025  12:40:01.842 ] step: n=54 t=6.453474E-06 dt=1.441955E-07
 [ 02-28-2025  12:40:08.434 ] step: n=55 t=6.597670E-06 dt=1.441758E-07
 [ 02-28-2025  12:40:12.263 ] step: n=56 t=6.741845E-06 dt=1.441499E-07
 [ 02-28-2025  12:40:18.846 ] step: n=57 t=6.885995E-06 dt=1.440523E-07
 [ 02-28-2025  12:40:22.680 ] step: n=58 t=7.030048E-06 dt=1.439965E-07
 [ 02-28-2025  12:40:29.275 ] step: n=59 t=7.174044E-06 dt=1.439601E-07
 [ 02-28-2025  12:40:33.098 ] step: n=60 t=7.318004E-06 dt=1.439284E-07
 [ 02-28-2025  12:40:44.247 ] [IO_writeCheckpoint] open: type=checkpoint name=sedov_hdf5_chk_0006
 [ 02-28-2025  12:40:47.899 ] [io_writeData]: wrote    9536          blocks
 [ 02-28-2025  12:40:47.908 ] [IO_writeCheckpoint] close: type=checkpoint name=sedov_hdf5_chk_0006
 [ 02-28-2025  12:40:47.910 ] [Driver_evolveAll]: Exiting evolution loop
 [ 02-28-2025  12:40:48.162 ] [IO_writePlotfile] open: type=plotfile name=sedov_forced_hdf5_plt_cnt_0000
 [ 02-28-2025  12:40:52.138 ] [io_writeData]: wrote    9536          blocks
 [ 02-28-2025  12:40:52.336 ] [IO_writePlotfile] close: type=plotfile name=sedov_forced_hdf5_plt_cnt_0000
 [ 02-28-2025  12:40:52.417 ] memory: /proc vsize    (MB):     4627.98 (min)       5019.10 (max)       4779.05 (avg)
 [ 02-28-2025  12:40:52.474 ] memory: /proc rss      (MB):     1961.03 (min)       2063.13 (max)       2002.77 (avg)
 ==============================================================================
 perf_summary: code performance summary for process            0
                      beginning : 02-28-2025  12:33:18
                         ending : 02-28-2025  12:40:52
   seconds in monitoring period :              454.125
      number of evolution steps :                   60
 ------------------------------------------------------------------------------
 accounting unit                       time sec  num calls   secs avg  time pct
 ------------------------------------------------------------------------------
 initialization                         84.839      1          84.839    18.682
  eos                                    0.202      8           0.025     0.044
  guardcell internal                     2.550      7           0.364     0.561
   amr_guardcell                         2.412      7           0.345     0.531
   eos gc                                0.000      7           0.000     0.000
  writeCheckpoint                       13.294      1          13.294     2.927
   restrictAll                           3.258      1           3.258     0.717
  writePlotfile                          1.197      1           1.197     0.264
 writePlotfile                           4.399      1           4.399     0.969
 evolution                             364.663      1         364.663    80.300
  Hydro                                169.907     60           2.832    37.414
   Head                                 37.678     60           0.628     8.297
    guardcell internal                  37.676     60           0.628     8.296
     amr_guardcell                      34.963     60           0.583     7.699
     eos gc                              0.002     60           0.000     0.000
   compute fluxes                      126.485     60           2.108    27.852
    hy_computeFluxes                   126.483    600           0.211    27.852
     RiemannState                      108.770    600           0.181    23.951
     getFaceFlux                        17.561    600           0.029     3.867
   conserveFluxes                        0.046     60           0.001     0.010
   update solution                       5.632     60           0.094     1.240
    update solution body                 5.631    600           0.009     1.240
     unsplitUpdate                       2.134    600           0.004     0.470
  sourceTerms                            0.000     60           0.000     0.000
  Particles_advance                      0.000     60           0.000     0.000
  Gravity potential                      0.000     60           0.000     0.000
  IO_output                            112.427    120           0.937    24.757
   diagnostics                          55.145    120           0.460    12.143
   checkpointing                        57.120      6           9.520    12.578
    writeCheckpoint                     57.107      6           9.518    12.575
     restrictAll                        22.132      6           3.689     4.874
  Grid_updateRefinement                 80.873     60           1.348    17.808
   eos                                   0.074      1           0.074     0.016
   tree                                 80.799     60           1.347    17.792
    markRefineDerefine                  21.786     30           0.726     4.797
     guardcell internal                 19.294     30           0.643     4.249
      amr_guardcell                     17.983     30           0.599     3.960
      eos gc                             0.001     30           0.000     0.000
    amr_refine_derefine                 57.943     30           1.931    12.759
    updateData                           0.000     30           0.000     0.000
   updateParticleRefinement              0.000      1           0.000     0.000
  Driver_computeDt                       1.172     60           0.020     0.258
 ==============================================================================
 [ 02-28-2025  12:40:52.706 ] [Timers_getSummary]: Not writing timer max/min/avg values because not all processors had same timers
 [ 02-28-2025  12:40:52.882 ] LOGFILE_END: FLASH run complete.
 FLASH log file:  02-28-2025  12:41:12.017    Run number:  1
 ==============================================================================
 Number of MPI tasks:                896
 MPI version:                          3
 MPI subversion:                       1
 Dimensionality:                       3
 Max Number of Blocks/Proc:          200
 Number x zones:                      32
 Number y zones:                      32
 Number z zones:                      32
 Setup stamp:     Fri Nov 1 14:03:57 2024
 Build stamp:     Fri Nov 1 14:04:23 2024
 System info:     Linux corona211 4.18.0-553.22.1.1toss.t4.x86_64 #1 SMP Tue Sep 24 16:50:00 PDT 2
 Version:         Flash-X 1.0 (heads/main-0-g6040ba49-dirty)                                      
 Build directory: /usr/workspace/ather1/Flash-X/sedov
 Setup syntax:    /usr/workspace/ather1/Flash-X/bin/setup.py Sedov -auto -3d -nxb=32 -nyb=32 -nzb=32 +parallelio -objdir=/usr/workspace/ather1/Flash-X/sedov
 f compiler flags: mpif90 -ggdb -c -O2 -fdefault-real-8 -fdefault-double-8 -Wuninitialized -fallow-argument-mismatch -fallow-argument-mismatch -DMAXBLOCKS=200 -DNXB=32 -DNYB=32 -DNZB=32 -DN_DIM=3
 c compiler flags:    mpicc -I/p/lustre2/ather1/hdf5-1.14.4-3/install/include -DH5_USE_18_API -ggdb -c -O2 -Wuninitialized -D_FORTIFY_SOURCE=2 -DMAXBLOCKS=200 -DNXB=32 -DNYB=32 -DNZB=32 -DN_DIM=3
 ==============================================================================
 Comment:  Sedov explosion
 ==============================================================================
 FLASH Units used:
   Driver/DriverMain/Unsplit
   Grid/GridBoundaryConditions
   Grid/GridMain/AMR/Paramesh4/PM4_package/flash_avoid_orrery
   Grid/GridMain/AMR/Paramesh4/PM4_package/headers
   Grid/GridMain/AMR/Paramesh4/PM4_package/source
   Grid/GridMain/AMR/Paramesh4/PM4_package/utilities/multigrid
   Grid/GridMain/AMR/Paramesh4/interpolation/prolong
   Grid/GridMain/AMR/Paramesh4/levelFlux
   Grid/localAPI
   IO/IOMain/hdf5/parallel/PM
   IO/localAPI
   PhysicalConstants/PhysicalConstantsMain
   RuntimeParameters/RuntimeParametersMain
   Simulation/SimulationMain/Sedov
   TimeAdvance/TimeAdvanceMain/StrangSplit
   flashUtilities/contiguousConversion
   flashUtilities/general
   flashUtilities/interpolation/oneDim
   flashUtilities/nameValueLL
   flashUtilities/sorting/quicksort
   flashUtilities/system/memoryUsage/legacy
   monitors/Logfile/LogfileMain
   monitors/Timers/TimersMain/MPINative
   physics/Eos/EosMain/Gamma
   physics/Hydro/HydroMain/unsplit/OnlyHydro
   physics/Hydro/HydroMain/unsplit/levelFlux
   physics/Hydro/localAPI
 ==============================================================================
 RuntimeParameters:
                                                                               
 ==============================================================================
bndpriorityone              =          1
bndprioritythree            =          3
bndprioritytwo              =          2
checkpointfileintervalstep  =         10 [CHANGED]
checkpointfilenumber        =          0
dr_abortpause               =          2
dr_dtminbelowaction         =          1
drift_break_inst            =          0
drift_trunc_mantissa        =          2
drift_verbose_inst          =          0
eos_entrelescalechoice      =          6
eos_loglevel                =        700
fileformatversion           =          9
forcedplotfilenumber        =          0
gr_lrefmaxtimevalue_1       =         -1
gr_lrefmaxtimevalue_10      =         -1
gr_lrefmaxtimevalue_11      =         -1
gr_lrefmaxtimevalue_12      =         -1
gr_lrefmaxtimevalue_13      =         -1
gr_lrefmaxtimevalue_14      =         -1
gr_lrefmaxtimevalue_15      =         -1
gr_lrefmaxtimevalue_16      =         -1
gr_lrefmaxtimevalue_17      =         -1
gr_lrefmaxtimevalue_18      =         -1
gr_lrefmaxtimevalue_19      =         -1
gr_lrefmaxtimevalue_2       =         -1
gr_lrefmaxtimevalue_20      =         -1
gr_lrefmaxtimevalue_3       =         -1
gr_lrefmaxtimevalue_4       =         -1
gr_lrefmaxtimevalue_5       =         -1
gr_lrefmaxtimevalue_6       =         -1
gr_lrefmaxtimevalue_7       =         -1
gr_lrefmaxtimevalue_8       =         -1
gr_lrefmaxtimevalue_9       =         -1
gr_pmrpdivergencefree       =         -1
gr_pmrpifaceoff             =          0
gr_pmrpl2p5d                =          0
gr_pmrpmaxblocks            =         -1
gr_pmrpmflags               =          1
gr_pmrpnboundaries          =          6
gr_pmrpndim                 =          3
gr_pmrpnedgevar1            =         -1
gr_pmrpnfacevar             =         -1
gr_pmrpnfielddivf           =         -1
gr_pmrpnfluxvar             =         -1
gr_pmrpnguard               =         -1
gr_pmrpnguardwork           =         -1
gr_pmrpnvar                 =         -1
gr_pmrpnvarwork             =          1
gr_pmrpnvarcorn             =          0
gr_pmrpnvaredge             =          0
gr_pmrpnxb                  =         -1
gr_pmrpnyb                  =         -1
gr_pmrpnzb                  =         -1
gr_restrictallmethod        =          3
gr_sanitizedatamode         =          1
gr_sanitizeverbosity        =          5
gr_tilesizex                =         32
gr_tilesizey                =         32
gr_tilesizez                =         32
hy_3torder                  =         -1
hydrocomputedtoption        =         -1
iprocs                      =          1
interpol_order              =          2
irenorm                     =          0
jprocs                      =          1
kprocs                      =          1
lrefine_del                 =          0
lrefine_max                 =          6 [CHANGED]
lrefine_min                 =          1
lrefine_min_init            =          1
max_particles_per_blk       =        100
memory_stat_freq            =     100000
meshcopycount               =          1
min_particles_per_blk       =          1
nbegin                      =          1
nblockx                     =         16 [CHANGED]
nblocky                     =         16 [CHANGED]
nblockz                     =         16 [CHANGED]
nend                        =         60 [CHANGED]
nrefs                       =          2
nsteptotalsts               =          5
order                       =          3 [CHANGED]
outputsplitnum              =          1
plotfileintervalstep        =          0
plotfilenumber              =          0
refine_var_count            =          4
rolling_checkpoint          =      10000
sim_centerrefinelevel       =          1
sim_integralslevel          =         -1
sim_nsubzones               =          7
sweeporder                  =        123
transorder                  =          1
wr_integrals_freq           =          1
limitedslopebeta            =                 0.100E+01
cfl                         =                 0.800E+00
checkpointfileintervaltime  =                 0.000E+00 [CHANGED]
checkpointfileintervalz     =                 0.180+309
cvisc                       =                 0.100E+00
derefine_cutoff_1           =                 0.200E+00
derefine_cutoff_2           =                 0.200E+00
derefine_cutoff_3           =                 0.200E+00
derefine_cutoff_4           =                 0.200E+00
dr_dtmincontinue            =                 0.000E+00
dr_tstepslowstartfactor     =                 0.100E+00
dtinit                      =                 0.100E-09
dtmax                       =                 0.100E+06
dtmin                       =                 0.100E-09
eintswitch                  =                 0.100E-03 [CHANGED]
eos_singlespeciesa          =                 0.100E+01
eos_singlespeciesz          =                 0.100E+01
gamma                       =                 0.140E+01 [CHANGED]
gr_btworkchildscaling       =                 0.100E+01
gr_btworkdefaultleaf        =                 0.200E+01
gr_btworkdefaultpar         =                 0.100E+01
gr_btworklbleaf             =                 0.000E+00
gr_btworklbpar              =                 0.000E+00
gr_btworkubleaf             =                 0.100E+07
gr_btworkubpar              =                 0.100E+07
gr_lrefinemaxredlogbase     =                 0.100E+02
gr_lrefinemaxredradiusfact  =                 0.000E+00
gr_lrefinemaxredtref        =                 0.000E+00
gr_lrefinemaxredtimescale   =                 0.100E+01
gr_lrefmaxtime_1            =                -0.100E+01
gr_lrefmaxtime_10           =                -0.100E+01
gr_lrefmaxtime_11           =                -0.100E+01
gr_lrefmaxtime_12           =                -0.100E+01
gr_lrefmaxtime_13           =                -0.100E+01
gr_lrefmaxtime_14           =                -0.100E+01
gr_lrefmaxtime_15           =                -0.100E+01
gr_lrefmaxtime_16           =                -0.100E+01
gr_lrefmaxtime_17           =                -0.100E+01
gr_lrefmaxtime_18           =                -0.100E+01
gr_lrefmaxtime_19           =                -0.100E+01
gr_lrefmaxtime_2            =                -0.100E+01
gr_lrefmaxtime_20           =                -0.100E+01
gr_lrefmaxtime_3            =                -0.100E+01
gr_lrefmaxtime_4            =                -0.100E+01
gr_lrefmaxtime_5            =                -0.100E+01
gr_lrefmaxtime_6            =                -0.100E+01
gr_lrefmaxtime_7            =                -0.100E+01
gr_lrefmaxtime_8            =                -0.100E+01
gr_lrefmaxtime_9            =                -0.100E+01
hy_cflfallbackfactor        =                 0.900E+00
hy_fpresinmomflux           =                 0.100E+01
hybridorderkappa            =                 0.000E+00
nusts                       =                 0.200E+00 [CHANGED]
plotfileintervaltime        =                 0.000E+00 [CHANGED]
plotfileintervalz           =                 0.180+309
radiusgp                    =                 0.200E+01
refine_cutoff_1             =                 0.800E+00
refine_cutoff_2             =                 0.800E+00
refine_cutoff_3             =                 0.800E+00
refine_cutoff_4             =                 0.800E+00
refine_filter_1             =                 0.100E-01
refine_filter_2             =                 0.100E-01
refine_filter_3             =                 0.100E-01
refine_filter_4             =                 0.100E-01
rss_limit                   =                -0.100E+01
sigmagp                     =                 0.300E+01
sim_derefineradius          =                 0.000E+00
sim_earliestlstime          =                 0.000E+00
sim_expenergy               =                 0.100E+01
sim_largestnormradius       =                 0.180+309
sim_latestlstime            =                 0.180+309
sim_minrhoinit              =                 0.100E-19
sim_pambient                =                 0.100E-04
sim_rinit                   =                 0.137E-01 [CHANGED]
sim_rhoambient              =                 0.100E+01
sim_smallestnormradius      =                 0.000E+00
sim_xctr                    =                 0.500E+00
sim_yctr                    =                 0.500E+00
sim_zctr                    =                 0.500E+00
small                       =                 0.100E-09
smalle                      =                 0.100E-09
smallp                      =                 0.100E-09
smallt                      =                 0.100E-09
smallu                      =                 0.100E-09
smallx                      =                 0.100E-09
smlrho                      =                 0.100E-09
tinitial                    =                 0.000E+00
tiny                        =                 0.100E-15
tmax                        =                 0.500E+06 [CHANGED]
tstep_change_factor         =                 0.200E+01
wall_clock_checkpoint       =                 0.432E+05
wall_clock_time_limit       =                 0.605E+06
x_refine_center             =                 0.000E+00
xmax                        =                 0.100E+01
xmin                        =                 0.000E+00
y_refine_center             =                 0.000E+00
ymax                        =                 0.100E+01
ymin                        =                 0.000E+00
zfinal                      =                 0.000E+00
zinitial                    =                -0.100E+01
z_refine_center             =                 0.000E+00
zmax                        =                 0.100E+01
zmin                        =                 0.000E+00
riemannsolver               = Roe                            [CHANGED]
unitsystem                  = none                          
basenm                      = sedov_                         [CHANGED]
entropyfixmethod            = HARTENHYMAN                   
eosmode                     = dens_ie                       
eosmodeinit                 = dens_ie                       
geometry                    = cartesian                     
gr_pmrpoutputdir            = ./                            
grav_boundary_type          = isolated                      
hy_eosmodegc                = see eosMode                   
log_file                    = sedov.log                      [CHANGED]
output_directory            =                               
pc_unitsbase                = CGS                           
plot_grid_var_1             = none                          
plot_grid_var_10            = none                          
plot_grid_var_11            = none                          
plot_grid_var_12            = none                          
plot_grid_var_13            = none                          
plot_grid_var_14            = none                          
plot_grid_var_15            = none                          
plot_grid_var_16            = none                          
plot_grid_var_17            = none                          
plot_grid_var_18            = none                          
plot_grid_var_19            = none                          
plot_grid_var_2             = none                          
plot_grid_var_20            = none                          
plot_grid_var_21            = none                          
plot_grid_var_22            = none                          
plot_grid_var_23            = none                          
plot_grid_var_24            = none                          
plot_grid_var_25            = none                          
plot_grid_var_26            = none                          
plot_grid_var_27            = none                          
plot_grid_var_28            = none                          
plot_grid_var_29            = none                          
plot_grid_var_3             = none                          
plot_grid_var_30            = none                          
plot_grid_var_31            = none                          
plot_grid_var_32            = none                          
plot_grid_var_33            = none                          
plot_grid_var_34            = none                          
plot_grid_var_35            = none                          
plot_grid_var_36            = none                          
plot_grid_var_37            = none                          
plot_grid_var_38            = none                          
plot_grid_var_39            = none                          
plot_grid_var_4             = none                          
plot_grid_var_40            = none                          
plot_grid_var_41            = none                          
plot_grid_var_42            = none                          
plot_grid_var_43            = none                          
plot_grid_var_44            = none                          
plot_grid_var_45            = none                          
plot_grid_var_46            = none                          
plot_grid_var_47            = none                          
plot_grid_var_48            = none                          
plot_grid_var_49            = none                          
plot_grid_var_5             = none                          
plot_grid_var_50            = none                          
plot_grid_var_51            = none                          
plot_grid_var_52            = none                          
plot_grid_var_53            = none                          
plot_grid_var_54            = none                          
plot_grid_var_55            = none                          
plot_grid_var_56            = none                          
plot_grid_var_57            = none                          
plot_grid_var_58            = none                          
plot_grid_var_59            = none                          
plot_grid_var_6             = none                          
plot_grid_var_60            = none                          
plot_grid_var_61            = none                          
plot_grid_var_62            = none                          
plot_grid_var_63            = none                          
plot_grid_var_64            = none                          
plot_grid_var_65            = none                          
plot_grid_var_66            = none                          
plot_grid_var_67            = none                          
plot_grid_var_68            = none                          
plot_grid_var_69            = none                          
plot_grid_var_7             = none                          
plot_grid_var_70            = none                          
plot_grid_var_71            = none                          
plot_grid_var_72            = none                          
plot_grid_var_73            = none                          
plot_grid_var_74            = none                          
plot_grid_var_75            = none                          
plot_grid_var_76            = none                          
plot_grid_var_77            = none                          
plot_grid_var_78            = none                          
plot_grid_var_8             = none                          
plot_grid_var_9             = none                          
plot_var_1                  = dens                           [CHANGED]
plot_var_10                 = none                          
plot_var_11                 = none                          
plot_var_12                 = none                          
plot_var_13                 = none                          
plot_var_14                 = none                          
plot_var_15                 = none                          
plot_var_16                 = none                          
plot_var_17                 = none                          
plot_var_18                 = none                          
plot_var_2                  = pres                           [CHANGED]
plot_var_3                  = temp                           [CHANGED]
plot_var_4                  = none                          
plot_var_5                  = none                          
plot_var_6                  = none                          
plot_var_7                  = none                          
plot_var_8                  = none                          
plot_var_9                  = none                          
prof_file                   = profile.dat                   
refine_var_1                = dens                           [CHANGED]
refine_var_2                = pres                           [CHANGED]
refine_var_3                = none                          
refine_var_4                = none                          
run_comment                 = Sedov explosion                [CHANGED]
run_number                  = 1                             
sim_proffilename            = /dev/null                      [CHANGED]
slopelimiter                = mc                             [CHANGED]
stats_file                  = flashx.dat                    
wenomethod                  = WENO5                         
xl_boundary_type            = outflow                        [CHANGED]
xr_boundary_type            = outflow                        [CHANGED]
yl_boundary_type            = outflow                        [CHANGED]
yr_boundary_type            = outflow                        [CHANGED]
zl_boundary_type            = outflow                        [CHANGED]
zr_boundary_type            = outflow                        [CHANGED]
csvsummaryallprocs          =  F
eosforriemann               =  F
logsummaryallprocs          =  F
addthermalflux              =  T
allowdtstsdominate          =  F
alwayscomputeuservars       =  T
alwaysrestrictcheckpoint    =  T
charlimiting                =  T
chkguardcellsinput          =  F
chkguardcellsoutput         =  F
conserveangmom              =  F
converttoconsvdformeshcalls =  F
converttoconsvdinmeshinterp =  T
corners                     =  F
dr_printtsteploc            =  T
dr_shortenlaststepbeforetmax =  F
drift_tuples                =  F
eachprocwritesownabortlog   =  F
eachprocwritessummary       =  F
earlyblockdistadjustment    =  T
enablemaskedgcfill          =  F
entropy                     =  F
flux_correct                =  T
flux_correct_perlevel       =  F
geometryoverride            =  F
gr_bcenableapplymixedgds    =  T
gr_bndgcfillneedsprimitivevars =  T
gr_btcustomwork             =  F
gr_btexchangework           =  F
gr_btsortbywork             =  T
gr_enabletiling             =  F
gr_lrefinemaxbytime         =  F
gr_lrefinemaxreddobylogr    =  F
gr_lrefinemaxreddobytime    =  F
gr_pmrpadvancealllevels     =  F
gr_pmrpamrerrorchecking     =  F
gr_pmrpcartesianpm          =  F
gr_pmrpconserve             =  F
gr_pmrpconsvfluxdensities   =  T
gr_pmrpconsvfluxes          =  F
gr_pmrpcurvilinear          =  F
gr_pmrpcurvilinearconserve  =  F
gr_pmrpcylindricalpm        =  F
gr_pmrpdiagonals            =  T
gr_pmrpedgevalue            =  T
gr_pmrpedgevalueinteg       =  F
gr_pmrpemptycells           =  F
gr_pmrpforceconsistency     =  T
gr_pmrplsingularline        =  F
gr_pmrpnopermanentguardcells =  F
gr_pmrppolarpm              =  F
gr_pmrppredcorr             =  F
gr_pmrpsphericalpm          =  F
gr_pmrptimingmpi            =  F
gr_pmrptimingmpix           =  F
gr_pmrpvardt                =  F
gr_usetiling                =  F
hy_fallbacklowercfl         =  F
hy_fullspecmsfluxhandling   =  T
hy_usetiling                =  F
ignoreforcedplot            =  F
io_writemscalarintegrals    =  F
plotfilegridquantitydp      =  F
plotfilemetadatadp          =  F
reducegcellfills            =  F
refine_on_particle_count    =  F
restart                     =  F
shockdetect                 =  F
shocklowercfl               =  F
sim_bcsetbdryvar            =  F
sim_forcecenterderefine     =  F
sim_onelevelintegralsonly   =  F
summaryoutputonly           =  F
threadblocklistbuild        =  F
threaddelepblocklist        =  F
threaddelepwithinblock      =  F
threaddriverblocklist       =  F
threaddriverwithinblock     =  F
threadeoswithinblock        =  F
threadhydroblocklist        =  F
threadhydrowithinblock      =  F
threadraytracebuild         =  F
threadwithinblockbuild      =  F
tmr_suppressinparallel      =  F
typematchedxfer             =  T
unbiased_geometry           =  F
updatehydrofluxes           =  T
useburn                     =  F
usecollectivehdf5           =  T
usedeleptonize              =  F
usegravity                  =  F
useheatad                   =  F
useheater                   =  F
usehydro                    =  T
useimbound                  =  F
useincompns                 =  F
useinlet                    =  F
uselegacylabels             =  T
usemultiphase               =  F
useorchestration            =  F
useoutlet                   =  F
useparticles                =  F
useradtrans                 =  F
usests                      =  F
usestsfordiffusion          =  F
usesolidmechanics           =  F
use_3dfullctu               =  T
use_auxeinteqn              =  T
use_avisc                   =  T [CHANGED]
use_cma_advection           =  F
use_cma_flattening          =  F
use_flash_surr_blks_fill    =  T
use_flattening              =  F
use_gravhalfupdate          =  T
use_hybridorder             =  F
use_reduced_orrery          =  T
use_steepening              =  F
use_upwindtvd               =  F
writestatsummary            =  T
                                                                               
 ==============================================================================
                                                                               
 Known units of measurement:
                                                                               
              Unit                          CGS Value                Base Unit
  1                  cm                     1.0000                           cm
  2                   s                     1.0000                            s
  3                   g                     1.0000                            g
  4                   K                     1.0000                            K
  5                 esu                     1.0000                          esu
  6                 mol                     1.0000                          mol
  7                   m                     100.00                           cm
  8                  km                    1.00000E+05                       cm
  9                  pc                    3.08568E+18                       cm
 10                 kpc                    3.08568E+21                       cm
 11                 Mpc                    3.08568E+24                       cm
 12                 Gpc                    3.08568E+27                       cm
 13                Rsun                    6.96000E+10                       cm
 14                  AU                    1.49598E+13                       cm
 15                  yr                    3.15569E+07                        s
 16                 Myr                    3.15569E+13                        s
 17                 Gyr                    3.15569E+16                        s
 18                  kg                     1000.0                            g
 19                Msun                    1.98892E+33                        g
 20                 amu                    1.66054E-24                        g
 21                  eV                     11605.                            K
 22                   C                    2.99792E+09                      esu
 23                LFLY                    3.08568E+24                       cm
 24                TFLY                    2.05759E+17                        s
 25                MFLY                    9.88470E+45                        g
 26            clLength                    3.08568E+24                       cm
 27              clTime                    3.15569E+16                        s
 28              clMass                    1.98892E+48                        g
 29              clTemp                    1.16045E+07                        K
-----------End of Units--------------------
                                                                               
 Known physical constants:
                                                                               
    Constant Name       Constant Value   cm       s        g        K        esu      mol
  1              Newton    6.67408E-08   3.0     -2.0     -1.0      0.0      0.0      0.0    
  2      speed of light    2.99792E+10   1.0     -1.0      0.0      0.0      0.0      0.0    
  3              Planck    6.62607E-27   2.0     -1.0      1.0      0.0      0.0      0.0    
  4     electron charge    4.80320E-10   0.0      0.0      0.0      0.0      1.0      0.0    
  5       electron mass    9.10938E-28   0.0      0.0      1.0      0.0      0.0      0.0    
  6         proton mass    1.67262E-24   0.0      0.0      1.0      0.0      0.0      0.0    
  7      fine-structure    7.29735E-03   0.0      0.0      0.0      0.0      0.0      0.0    
  8            Avogadro    6.02214E+23   0.0      0.0      0.0      0.0      0.0     -1.0    
  9           Boltzmann    1.38065E-16   2.0     -2.0      1.0     -1.0      0.0      0.0    
 10  ideal gas constant    8.31446E+07   2.0     -2.0      1.0     -1.0      0.0     -1.0    
 11                Wien    0.28978       1.0      0.0      0.0      1.0      0.0      0.0    
 12    Stefan-Boltzmann    5.67037E-05   0.0     -3.0      1.0     -4.0      0.0      0.0    
 13  Radiation Constant    7.56572E-15  -1.0     -2.0      1.0     -4.0      0.0      0.0    
 14                  pi     3.1416       0.0      0.0      0.0      0.0      0.0      0.0    
 15                   e     2.7183       0.0      0.0      0.0      0.0      0.0      0.0    
 16               Euler    0.57722       0.0      0.0      0.0      0.0      0.0      0.0    
 ==============================================================================
                                                                               
 Multifluid database: not configured in
                                                                               
 ==============================================================================
 [ 02-28-2025  12:41:12.032 ] [gr_initGeometry] checking BCs for idir: 1
 [ 02-28-2025  12:41:12.035 ] [gr_initGeometry] checking BCs for idir: 2
 [ 02-28-2025  12:41:12.036 ] [gr_initGeometry] checking BCs for idir: 3
 [ 02-28-2025  12:41:13.758 ] [GRID amr_refine_derefine]: initiating refinement
 [ 02-28-2025  12:41:13.762 ] [GRID amr_refine_derefine]: redist. phase.  tot blks requested: 4096
 [GRID amr_refine_derefine] min blks 4    max blks 5    tot blks 4096
 [GRID amr_refine_derefine] min leaf blks 4    max leaf blks 5    tot leaf blks 4096
 [ 02-28-2025  12:41:13.944 ] [GRID amr_refine_derefine]: refinement complete
 [ 02-28-2025  12:41:14.044 ] [GRID gr_expandDomain]: iteration=1, create level=2
 INFO: Grid_fillGuardCells is ignoring masking.
 [ 02-28-2025  12:41:19.350 ] [mpi_amr_comm_setup]: buffer_dim_send=3349693, buffer_dim_recv=2207173
 [ 02-28-2025  12:41:20.185 ] [GRID amr_refine_derefine]: initiating refinement
 [ 02-28-2025  12:41:20.197 ] [GRID amr_refine_derefine]: redist. phase.  tot blks requested: 4160
 [GRID amr_refine_derefine] min blks 4    max blks 5    tot blks 4160
 [GRID amr_refine_derefine] min leaf blks 4    max leaf blks 5    tot leaf blks 4152
 [ 02-28-2025  12:41:20.327 ] [GRID amr_refine_derefine]: refinement complete
 [ 02-28-2025  12:41:20.336 ] [GRID gr_expandDomain]: iteration=2, create level=3
 [ 02-28-2025  12:41:26.328 ] [GRID amr_refine_derefine]: initiating refinement
 [ 02-28-2025  12:41:26.344 ] [GRID amr_refine_derefine]: redist. phase.  tot blks requested: 4224
 [GRID amr_refine_derefine] min blks 4    max blks 6    tot blks 4224
 [GRID amr_refine_derefine] min leaf blks 3    max leaf blks 5    tot leaf blks 4208
 [ 02-28-2025  12:41:26.469 ] [GRID amr_refine_derefine]: refinement complete
 [ 02-28-2025  12:41:26.482 ] [GRID gr_expandDomain]: iteration=3, create level=4
 [ 02-28-2025  12:41:31.795 ] [mpi_amr_comm_setup]: buffer_dim_send=3423553, buffer_dim_recv=2207173
 [ 02-28-2025  12:41:32.463 ] [GRID amr_refine_derefine]: initiating refinement
 [ 02-28-2025  12:41:32.472 ] [GRID amr_refine_derefine]: redist. phase.  tot blks requested: 4288
 [GRID amr_refine_derefine] min blks 4    max blks 6    tot blks 4288
 [GRID amr_refine_derefine] min leaf blks 3    max leaf blks 5    tot leaf blks 4264
 [ 02-28-2025  12:41:32.588 ] [GRID amr_refine_derefine]: refinement complete
 [ 02-28-2025  12:41:32.596 ] [GRID gr_expandDomain]: iteration=4, create level=5
 [ 02-28-2025  12:41:37.912 ] [mpi_amr_comm_setup]: buffer_dim_send=3422269, buffer_dim_recv=2207173
 [ 02-28-2025  12:41:38.665 ] [GRID amr_refine_derefine]: initiating refinement
 [ 02-28-2025  12:41:38.678 ] [GRID amr_refine_derefine]: redist. phase.  tot blks requested: 6144
 [GRID amr_refine_derefine] min blks 6    max blks 9    tot blks 6144
 [GRID amr_refine_derefine] min leaf blks 5    max leaf blks 7    tot leaf blks 5888
 [ 02-28-2025  12:41:38.819 ] [GRID amr_refine_derefine]: refinement complete
 [ 02-28-2025  12:41:38.830 ] [GRID gr_expandDomain]: iteration=5, create level=6
 [ 02-28-2025  12:41:46.206 ] [mpi_amr_comm_setup]: buffer_dim_send=2974177, buffer_dim_recv=2540365
 [ 02-28-2025  12:41:47.382 ] [GRID amr_refine_derefine]: initiating refinement
 [ 02-28-2025  12:41:47.397 ] [GRID amr_refine_derefine]: redist. phase.  tot blks requested: 9152
 [GRID amr_refine_derefine] min blks 9    max blks 12    tot blks 9152
 [GRID amr_refine_derefine] min leaf blks 7    max leaf blks 10    tot leaf blks 8520
 [ 02-28-2025  12:41:47.603 ] [GRID amr_refine_derefine]: refinement complete
 [ 02-28-2025  12:41:47.614 ] [GRID gr_expandDomain]: iteration=6, create level=6
 [ 02-28-2025  12:41:58.605 ] [mpi_amr_comm_setup]: buffer_dim_send=4843741, buffer_dim_recv=2669029
 [ 02-28-2025  12:42:00.055 ] [GRID gr_expandDomain]: iteration=7, create level=6
 [ 02-28-2025  12:42:12.536 ] [GRID gr_expandDomain]: iteration=8, create level=6
 [ 02-28-2025  12:42:24.420 ] memory: /proc vsize    (MB):     4592.21 (min)       4799.12 (max)       4731.07 (avg)
 [ 02-28-2025  12:42:24.422 ] memory: /proc rss      (MB):     1840.95 (min)       1930.79 (max)       1894.86 (avg)
 [ 02-28-2025  12:42:24.426 ] memory: /proc vsize    (MB):     4592.21 (min)       4799.12 (max)       4731.07 (avg)
 [ 02-28-2025  12:42:24.430 ] memory: /proc rss      (MB):     1840.95 (min)       1930.79 (max)       1894.87 (avg)
 [ 02-28-2025  12:42:24.447 ] memory: /proc vsize    (MB):     4592.21 (min)       4799.12 (max)       4731.07 (avg)
 [ 02-28-2025  12:42:24.450 ] memory: /proc rss      (MB):     1840.95 (min)       1930.79 (max)       1894.87 (avg)
 [ 02-28-2025  12:42:28.031 ] [IO_writeCheckpoint] open: type=checkpoint name=sedov_hdf5_chk_0000
 [ 02-28-2025  12:42:36.864 ] [io_writeData]: wrote    9152          blocks
 [ 02-28-2025  12:42:36.896 ] [IO_writeCheckpoint] close: type=checkpoint name=sedov_hdf5_chk_0000
 [ 02-28-2025  12:42:36.998 ] [IO_writePlotfile] open: type=plotfile name=sedov_hdf5_plt_cnt_0000
 [ 02-28-2025  12:42:38.055 ] [io_writeData]: wrote    9152          blocks
 [ 02-28-2025  12:42:38.083 ] [IO_writePlotfile] close: type=plotfile name=sedov_hdf5_plt_cnt_0000
 [ 02-28-2025  12:42:38.089 ] memory: /proc vsize    (MB):     4592.21 (min)       5012.50 (max)       4740.57 (avg)
 [ 02-28-2025  12:42:38.095 ] memory: /proc rss      (MB):     1847.43 (min)       1937.79 (max)       1903.25 (avg)
 [ 02-28-2025  12:42:38.101 ] [Driver_evolveAll]: Entering evolution loop
 [ 02-28-2025  12:42:38.108 ] step: n=1 t=0.000000E+00 dt=1.000000E-10
 [ 02-28-2025  12:42:41.812 ] step: n=2 t=1.000000E-10 dt=2.000000E-10
 [ 02-28-2025  12:42:48.101 ] step: n=3 t=3.000000E-10 dt=4.000000E-10
 [ 02-28-2025  12:42:51.785 ] step: n=4 t=7.000000E-10 dt=8.000000E-10
 [ 02-28-2025  12:42:58.052 ] step: n=5 t=1.500000E-09 dt=1.600000E-09
 [ 02-28-2025  12:43:01.740 ] step: n=6 t=3.100000E-09 dt=3.200000E-09
 [ 02-28-2025  12:43:08.007 ] step: n=7 t=6.300000E-09 dt=6.400000E-09
 [ 02-28-2025  12:43:11.708 ] step: n=8 t=1.270000E-08 dt=1.280000E-08
 [ 02-28-2025  12:43:18.002 ] step: n=9 t=2.550000E-08 dt=2.560000E-08
 [ 02-28-2025  12:43:21.708 ] step: n=10 t=5.110000E-08 dt=5.120000E-08
 [ 02-28-2025  12:43:32.719 ] [IO_writeCheckpoint] open: type=checkpoint name=sedov_hdf5_chk_0001
 [ 02-28-2025  12:43:41.261 ] [io_writeData]: wrote    9152          blocks
 [ 02-28-2025  12:43:41.274 ] [IO_writeCheckpoint] close: type=checkpoint name=sedov_hdf5_chk_0001
 [ 02-28-2025  12:43:41.277 ] step: n=11 t=1.023000E-07 dt=1.024000E-07
 [ 02-28-2025  12:43:44.987 ] step: n=12 t=2.047000E-07 dt=2.011896E-07
 [ 02-28-2025  12:43:51.291 ] step: n=13 t=4.058896E-07 dt=1.856898E-07
 [ 02-28-2025  12:43:54.983 ] step: n=14 t=5.915794E-07 dt=1.729914E-07
 [ 02-28-2025  12:44:01.264 ] step: n=15 t=7.645708E-07 dt=1.642472E-07
 [ 02-28-2025  12:44:04.980 ] step: n=16 t=9.288179E-07 dt=1.580871E-07
 [ 02-28-2025  12:44:11.286 ] step: n=17 t=1.086905E-06 dt=1.534569E-07
 [ 02-28-2025  12:44:15.002 ] step: n=18 t=1.240362E-06 dt=1.499651E-07
 [ 02-28-2025  12:44:21.304 ] step: n=19 t=1.390327E-06 dt=1.474127E-07
 [ 02-28-2025  12:44:25.012 ] step: n=20 t=1.537740E-06 dt=1.456205E-07
 [ 02-28-2025  12:44:35.791 ] [IO_writeCheckpoint] open: type=checkpoint name=sedov_hdf5_chk_0002
 [ 02-28-2025  12:44:39.451 ] [io_writeData]: wrote    9152          blocks
 [ 02-28-2025  12:44:39.460 ] [IO_writeCheckpoint] close: type=checkpoint name=sedov_hdf5_chk_0002
 [ 02-28-2025  12:44:39.464 ] step: n=21 t=1.683360E-06 dt=1.444985E-07
 [ 02-28-2025  12:44:43.178 ] step: n=22 t=1.827859E-06 dt=1.441710E-07
 [ 02-28-2025  12:44:49.490 ] step: n=23 t=1.972030E-06 dt=1.441286E-07
 [ 02-28-2025  12:44:53.199 ] step: n=24 t=2.116158E-06 dt=1.441099E-07
 [ 02-28-2025  12:44:59.521 ] step: n=25 t=2.260268E-06 dt=1.441302E-07
 [ 02-28-2025  12:45:03.240 ] step: n=26 t=2.404398E-06 dt=1.442588E-07
 [ 02-28-2025  12:45:09.467 ] [GRID amr_refine_derefine]: initiating refinement
 [ 02-28-2025  12:45:09.481 ] [GRID amr_refine_derefine]: redist. phase.  tot blks requested: 9536
 [GRID amr_refine_derefine] min blks 10    max blks 13    tot blks 9536
 [GRID amr_refine_derefine] min leaf blks 8    max leaf blks 11    tot leaf blks 8856
 [ 02-28-2025  12:45:09.701 ] [GRID amr_refine_derefine]: refinement complete
 [ 02-28-2025  12:45:10.116 ] step: n=27 t=2.548657E-06 dt=1.444833E-07
 [ 02-28-2025  12:45:10.119 ] [mpi_amr_comm_setup]: buffer_dim_send=4300885, buffer_dim_recv=2669029
 [ 02-28-2025  12:45:13.951 ] step: n=28 t=2.693141E-06 dt=1.448057E-07
 [ 02-28-2025  12:45:20.575 ] step: n=29 t=2.837946E-06 dt=1.450172E-07
 [ 02-28-2025  12:45:24.423 ] step: n=30 t=2.982964E-06 dt=1.450055E-07
 [ 02-28-2025  12:45:35.658 ] [IO_writeCheckpoint] open: type=checkpoint name=sedov_hdf5_chk_0003
 [ 02-28-2025  12:45:39.305 ] [io_writeData]: wrote    9536          blocks
 [ 02-28-2025  12:45:39.315 ] [IO_writeCheckpoint] close: type=checkpoint name=sedov_hdf5_chk_0003
 [ 02-28-2025  12:45:39.321 ] step: n=31 t=3.127969E-06 dt=1.449474E-07
 [ 02-28-2025  12:45:43.176 ] step: n=32 t=3.272916E-06 dt=1.449259E-07
 [ 02-28-2025  12:45:49.805 ] step: n=33 t=3.417842E-06 dt=1.447113E-07
 [ 02-28-2025  12:45:53.646 ] step: n=34 t=3.562554E-06 dt=1.446418E-07
 [ 02-28-2025  12:46:00.214 ] step: n=35 t=3.707195E-06 dt=1.446455E-07
 [ 02-28-2025  12:46:04.049 ] step: n=36 t=3.851841E-06 dt=1.446573E-07
 [ 02-28-2025  12:46:10.666 ] step: n=37 t=3.996498E-06 dt=1.446767E-07
 [ 02-28-2025  12:46:14.517 ] step: n=38 t=4.141175E-06 dt=1.447318E-07
 [ 02-28-2025  12:46:21.130 ] step: n=39 t=4.285907E-06 dt=1.447598E-07
 [ 02-28-2025  12:46:24.988 ] step: n=40 t=4.430666E-06 dt=1.447127E-07
 [ 02-28-2025  12:46:36.174 ] [IO_writeCheckpoint] open: type=checkpoint name=sedov_hdf5_chk_0004
 [ 02-28-2025  12:46:39.921 ] [io_writeData]: wrote    9536          blocks
 [ 02-28-2025  12:46:39.932 ] [IO_writeCheckpoint] close: type=checkpoint name=sedov_hdf5_chk_0004
 [ 02-28-2025  12:46:39.937 ] step: n=41 t=4.575379E-06 dt=1.446812E-07
 [ 02-28-2025  12:46:43.789 ] step: n=42 t=4.720060E-06 dt=1.446456E-07
 [ 02-28-2025  12:46:50.416 ] step: n=43 t=4.864706E-06 dt=1.446294E-07
 [ 02-28-2025  12:46:54.258 ] step: n=44 t=5.009335E-06 dt=1.446250E-07
 [ 02-28-2025  12:47:00.864 ] step: n=45 t=5.153960E-06 dt=1.445216E-07
 [ 02-28-2025  12:47:04.698 ] step: n=46 t=5.298482E-06 dt=1.444823E-07
 [ 02-28-2025  12:47:11.323 ] step: n=47 t=5.442964E-06 dt=1.444551E-07
 [ 02-28-2025  12:47:15.169 ] step: n=48 t=5.587419E-06 dt=1.444288E-07
 [ 02-28-2025  12:47:21.719 ] step: n=49 t=5.731848E-06 dt=1.444159E-07
 [ 02-28-2025  12:47:25.557 ] step: n=50 t=5.876264E-06 dt=1.444089E-07
 [ 02-28-2025  12:47:36.733 ] [IO_writeCheckpoint] open: type=checkpoint name=sedov_hdf5_chk_0005
 [ 02-28-2025  12:47:40.480 ] [io_writeData]: wrote    9536          blocks
 [ 02-28-2025  12:47:40.487 ] [IO_writeCheckpoint] close: type=checkpoint name=sedov_hdf5_chk_0005
 [ 02-28-2025  12:47:40.492 ] step: n=51 t=6.020673E-06 dt=1.443103E-07
 [ 02-28-2025  12:47:44.340 ] step: n=52 t=6.164983E-06 dt=1.442630E-07
 [ 02-28-2025  12:47:50.896 ] step: n=53 t=6.309246E-06 dt=1.442278E-07
 [ 02-28-2025  12:47:54.730 ] step: n=54 t=6.453474E-06 dt=1.441955E-07
 [ 02-28-2025  12:48:01.354 ] step: n=55 t=6.597670E-06 dt=1.441758E-07
 [ 02-28-2025  12:48:05.190 ] step: n=56 t=6.741845E-06 dt=1.441499E-07
 [ 02-28-2025  12:48:11.802 ] step: n=57 t=6.885995E-06 dt=1.440523E-07
 [ 02-28-2025  12:48:15.640 ] step: n=58 t=7.030048E-06 dt=1.439965E-07
 [ 02-28-2025  12:48:22.257 ] step: n=59 t=7.174044E-06 dt=1.439601E-07
 [ 02-28-2025  12:48:26.095 ] step: n=60 t=7.318004E-06 dt=1.439284E-07
 [ 02-28-2025  12:48:37.255 ] [IO_writeCheckpoint] open: type=checkpoint name=sedov_hdf5_chk_0006
 [ 02-28-2025  12:48:40.904 ] [io_writeData]: wrote    9536          blocks
 [ 02-28-2025  12:48:40.913 ] [IO_writeCheckpoint] close: type=checkpoint name=sedov_hdf5_chk_0006
 [ 02-28-2025  12:48:40.917 ] [Driver_evolveAll]: Exiting evolution loop
 [ 02-28-2025  12:48:41.123 ] [IO_writePlotfile] open: type=plotfile name=sedov_forced_hdf5_plt_cnt_0000
 [ 02-28-2025  12:48:44.706 ] [io_writeData]: wrote    9536          blocks
 [ 02-28-2025  12:48:44.835 ] [IO_writePlotfile] close: type=plotfile name=sedov_forced_hdf5_plt_cnt_0000
 [ 02-28-2025  12:48:44.902 ] memory: /proc vsize    (MB):     4645.80 (min)       5037.59 (max)       4778.62 (avg)
 [ 02-28-2025  12:48:44.950 ] memory: /proc rss      (MB):     1962.19 (min)       2066.65 (max)       2002.87 (avg)
 ==============================================================================
 perf_summary: code performance summary for process            0
                      beginning : 02-28-2025  12:41:12
                         ending : 02-28-2025  12:48:44
   seconds in monitoring period :              452.982
      number of evolution steps :                   60
 ------------------------------------------------------------------------------
 accounting unit                       time sec  num calls   secs avg  time pct
 ------------------------------------------------------------------------------
 initialization                         86.081      1          86.081    19.003
  eos                                    0.205      8           0.026     0.045
  guardcell internal                     2.682      7           0.383     0.592
   amr_guardcell                         2.560      7           0.366     0.565
   eos gc                                0.000      7           0.000     0.000
  writeCheckpoint                       12.426      1          12.426     2.743
   restrictAll                           3.274      1           3.274     0.723
  writePlotfile                          1.182      1           1.182     0.261
 writePlotfile                           3.894      1           3.894     0.860
 evolution                             362.811      1         362.811    80.094
  Hydro                                170.008     60           2.833    37.531
   Head                                 37.933     60           0.632     8.374
    guardcell internal                  37.932     60           0.632     8.374
     amr_guardcell                      35.240     60           0.587     7.779
     eos gc                              0.002     60           0.000     0.000
   compute fluxes                      126.314     60           2.105    27.885
    hy_computeFluxes                   126.312    600           0.211    27.885
     RiemannState                      108.536    600           0.181    23.960
     getFaceFlux                        17.622    600           0.029     3.890
   conserveFluxes                        0.045     60           0.001     0.010
   update solution                       5.652     60           0.094     1.248
    update solution body                 5.651    600           0.009     1.247
     unsplitUpdate                       2.135    600           0.004     0.471
  sourceTerms                            0.000     60           0.000     0.000
  Particles_advance                      0.000     60           0.000     0.000
  Gravity potential                      0.000     60           0.000     0.000
  IO_output                            110.253    120           0.919    24.339
   diagnostics                          55.491    120           0.462    12.250
   checkpointing                        54.595      6           9.099    12.052
    writeCheckpoint                     54.582      6           9.097    12.049
     restrictAll                        22.074      6           3.679     4.873
  Grid_updateRefinement                 81.138     60           1.352    17.912
   eos                                   0.075      1           0.075     0.016
   tree                                 81.063     60           1.351    17.896
    markRefineDerefine                  21.772     30           0.726     4.806
     guardcell internal                 19.306     30           0.644     4.262
      amr_guardcell                     17.959     30           0.599     3.965
      eos gc                             0.001     30           0.000     0.000
    amr_refine_derefine                 58.197     30           1.940    12.848
    updateData                           0.000     30           0.000     0.000
   updateParticleRefinement              0.000      1           0.000     0.000
  Driver_computeDt                       1.132     60           0.019     0.250
 ==============================================================================
 [ 02-28-2025  12:48:45.160 ] [Timers_getSummary]: Not writing timer max/min/avg values because not all processors had same timers
 [ 02-28-2025  12:48:45.315 ] LOGFILE_END: FLASH run complete.
 FLASH log file:  02-28-2025  12:48:56.432    Run number:  1
 ==============================================================================
 Number of MPI tasks:                896
 MPI version:                          3
 MPI subversion:                       1
 Dimensionality:                       3
 Max Number of Blocks/Proc:          200
 Number x zones:                      32
 Number y zones:                      32
 Number z zones:                      32
 Setup stamp:     Fri Nov 1 14:03:57 2024
 Build stamp:     Fri Nov 1 14:04:23 2024
 System info:     Linux corona211 4.18.0-553.22.1.1toss.t4.x86_64 #1 SMP Tue Sep 24 16:50:00 PDT 2
 Version:         Flash-X 1.0 (heads/main-0-g6040ba49-dirty)                                      
 Build directory: /usr/workspace/ather1/Flash-X/sedov
 Setup syntax:    /usr/workspace/ather1/Flash-X/bin/setup.py Sedov -auto -3d -nxb=32 -nyb=32 -nzb=32 +parallelio -objdir=/usr/workspace/ather1/Flash-X/sedov
 f compiler flags: mpif90 -ggdb -c -O2 -fdefault-real-8 -fdefault-double-8 -Wuninitialized -fallow-argument-mismatch -fallow-argument-mismatch -DMAXBLOCKS=200 -DNXB=32 -DNYB=32 -DNZB=32 -DN_DIM=3
 c compiler flags:    mpicc -I/p/lustre2/ather1/hdf5-1.14.4-3/install/include -DH5_USE_18_API -ggdb -c -O2 -Wuninitialized -D_FORTIFY_SOURCE=2 -DMAXBLOCKS=200 -DNXB=32 -DNYB=32 -DNZB=32 -DN_DIM=3
 ==============================================================================
 Comment:  Sedov explosion
 ==============================================================================
 FLASH Units used:
   Driver/DriverMain/Unsplit
   Grid/GridBoundaryConditions
   Grid/GridMain/AMR/Paramesh4/PM4_package/flash_avoid_orrery
   Grid/GridMain/AMR/Paramesh4/PM4_package/headers
   Grid/GridMain/AMR/Paramesh4/PM4_package/source
   Grid/GridMain/AMR/Paramesh4/PM4_package/utilities/multigrid
   Grid/GridMain/AMR/Paramesh4/interpolation/prolong
   Grid/GridMain/AMR/Paramesh4/levelFlux
   Grid/localAPI
   IO/IOMain/hdf5/parallel/PM
   IO/localAPI
   PhysicalConstants/PhysicalConstantsMain
   RuntimeParameters/RuntimeParametersMain
   Simulation/SimulationMain/Sedov
   TimeAdvance/TimeAdvanceMain/StrangSplit
   flashUtilities/contiguousConversion
   flashUtilities/general
   flashUtilities/interpolation/oneDim
   flashUtilities/nameValueLL
   flashUtilities/sorting/quicksort
   flashUtilities/system/memoryUsage/legacy
   monitors/Logfile/LogfileMain
   monitors/Timers/TimersMain/MPINative
   physics/Eos/EosMain/Gamma
   physics/Hydro/HydroMain/unsplit/OnlyHydro
   physics/Hydro/HydroMain/unsplit/levelFlux
   physics/Hydro/localAPI
 ==============================================================================
 RuntimeParameters:
                                                                               
 ==============================================================================
bndpriorityone              =          1
bndprioritythree            =          3
bndprioritytwo              =          2
checkpointfileintervalstep  =         10 [CHANGED]
checkpointfilenumber        =          0
dr_abortpause               =          2
dr_dtminbelowaction         =          1
drift_break_inst            =          0
drift_trunc_mantissa        =          2
drift_verbose_inst          =          0
eos_entrelescalechoice      =          6
eos_loglevel                =        700
fileformatversion           =          9
forcedplotfilenumber        =          0
gr_lrefmaxtimevalue_1       =         -1
gr_lrefmaxtimevalue_10      =         -1
gr_lrefmaxtimevalue_11      =         -1
gr_lrefmaxtimevalue_12      =         -1
gr_lrefmaxtimevalue_13      =         -1
gr_lrefmaxtimevalue_14      =         -1
gr_lrefmaxtimevalue_15      =         -1
gr_lrefmaxtimevalue_16      =         -1
gr_lrefmaxtimevalue_17      =         -1
gr_lrefmaxtimevalue_18      =         -1
gr_lrefmaxtimevalue_19      =         -1
gr_lrefmaxtimevalue_2       =         -1
gr_lrefmaxtimevalue_20      =         -1
gr_lrefmaxtimevalue_3       =         -1
gr_lrefmaxtimevalue_4       =         -1
gr_lrefmaxtimevalue_5       =         -1
gr_lrefmaxtimevalue_6       =         -1
gr_lrefmaxtimevalue_7       =         -1
gr_lrefmaxtimevalue_8       =         -1
gr_lrefmaxtimevalue_9       =         -1
gr_pmrpdivergencefree       =         -1
gr_pmrpifaceoff             =          0
gr_pmrpl2p5d                =          0
gr_pmrpmaxblocks            =         -1
gr_pmrpmflags               =          1
gr_pmrpnboundaries          =          6
gr_pmrpndim                 =          3
gr_pmrpnedgevar1            =         -1
gr_pmrpnfacevar             =         -1
gr_pmrpnfielddivf           =         -1
gr_pmrpnfluxvar             =         -1
gr_pmrpnguard               =         -1
gr_pmrpnguardwork           =         -1
gr_pmrpnvar                 =         -1
gr_pmrpnvarwork             =          1
gr_pmrpnvarcorn             =          0
gr_pmrpnvaredge             =          0
gr_pmrpnxb                  =         -1
gr_pmrpnyb                  =         -1
gr_pmrpnzb                  =         -1
gr_restrictallmethod        =          3
gr_sanitizedatamode         =          1
gr_sanitizeverbosity        =          5
gr_tilesizex                =         32
gr_tilesizey                =         32
gr_tilesizez                =         32
hy_3torder                  =         -1
hydrocomputedtoption        =         -1
iprocs                      =          1
interpol_order              =          2
irenorm                     =          0
jprocs                      =          1
kprocs                      =          1
lrefine_del                 =          0
lrefine_max                 =          6 [CHANGED]
lrefine_min                 =          1
lrefine_min_init            =          1
max_particles_per_blk       =        100
memory_stat_freq            =     100000
meshcopycount               =          1
min_particles_per_blk       =          1
nbegin                      =          1
nblockx                     =         16 [CHANGED]
nblocky                     =         16 [CHANGED]
nblockz                     =         16 [CHANGED]
nend                        =         60 [CHANGED]
nrefs                       =          2
nsteptotalsts               =          5
order                       =          3 [CHANGED]
outputsplitnum              =          1
plotfileintervalstep        =          0
plotfilenumber              =          0
refine_var_count            =          4
rolling_checkpoint          =      10000
sim_centerrefinelevel       =          1
sim_integralslevel          =         -1
sim_nsubzones               =          7
sweeporder                  =        123
transorder                  =          1
wr_integrals_freq           =          1
limitedslopebeta            =                 0.100E+01
cfl                         =                 0.800E+00
checkpointfileintervaltime  =                 0.000E+00 [CHANGED]
checkpointfileintervalz     =                 0.180+309
cvisc                       =                 0.100E+00
derefine_cutoff_1           =                 0.200E+00
derefine_cutoff_2           =                 0.200E+00
derefine_cutoff_3           =                 0.200E+00
derefine_cutoff_4           =                 0.200E+00
dr_dtmincontinue            =                 0.000E+00
dr_tstepslowstartfactor     =                 0.100E+00
dtinit                      =                 0.100E-09
dtmax                       =                 0.100E+06
dtmin                       =                 0.100E-09
eintswitch                  =                 0.100E-03 [CHANGED]
eos_singlespeciesa          =                 0.100E+01
eos_singlespeciesz          =                 0.100E+01
gamma                       =                 0.140E+01 [CHANGED]
gr_btworkchildscaling       =                 0.100E+01
gr_btworkdefaultleaf        =                 0.200E+01
gr_btworkdefaultpar         =                 0.100E+01
gr_btworklbleaf             =                 0.000E+00
gr_btworklbpar              =                 0.000E+00
gr_btworkubleaf             =                 0.100E+07
gr_btworkubpar              =                 0.100E+07
gr_lrefinemaxredlogbase     =                 0.100E+02
gr_lrefinemaxredradiusfact  =                 0.000E+00
gr_lrefinemaxredtref        =                 0.000E+00
gr_lrefinemaxredtimescale   =                 0.100E+01
gr_lrefmaxtime_1            =                -0.100E+01
gr_lrefmaxtime_10           =                -0.100E+01
gr_lrefmaxtime_11           =                -0.100E+01
gr_lrefmaxtime_12           =                -0.100E+01
gr_lrefmaxtime_13           =                -0.100E+01
gr_lrefmaxtime_14           =                -0.100E+01
gr_lrefmaxtime_15           =                -0.100E+01
gr_lrefmaxtime_16           =                -0.100E+01
gr_lrefmaxtime_17           =                -0.100E+01
gr_lrefmaxtime_18           =                -0.100E+01
gr_lrefmaxtime_19           =                -0.100E+01
gr_lrefmaxtime_2            =                -0.100E+01
gr_lrefmaxtime_20           =                -0.100E+01
gr_lrefmaxtime_3            =                -0.100E+01
gr_lrefmaxtime_4            =                -0.100E+01
gr_lrefmaxtime_5            =                -0.100E+01
gr_lrefmaxtime_6            =                -0.100E+01
gr_lrefmaxtime_7            =                -0.100E+01
gr_lrefmaxtime_8            =                -0.100E+01
gr_lrefmaxtime_9            =                -0.100E+01
hy_cflfallbackfactor        =                 0.900E+00
hy_fpresinmomflux           =                 0.100E+01
hybridorderkappa            =                 0.000E+00
nusts                       =                 0.200E+00 [CHANGED]
plotfileintervaltime        =                 0.000E+00 [CHANGED]
plotfileintervalz           =                 0.180+309
radiusgp                    =                 0.200E+01
refine_cutoff_1             =                 0.800E+00
refine_cutoff_2             =                 0.800E+00
refine_cutoff_3             =                 0.800E+00
refine_cutoff_4             =                 0.800E+00
refine_filter_1             =                 0.100E-01
refine_filter_2             =                 0.100E-01
refine_filter_3             =                 0.100E-01
refine_filter_4             =                 0.100E-01
rss_limit                   =                -0.100E+01
sigmagp                     =                 0.300E+01
sim_derefineradius          =                 0.000E+00
sim_earliestlstime          =                 0.000E+00
sim_expenergy               =                 0.100E+01
sim_largestnormradius       =                 0.180+309
sim_latestlstime            =                 0.180+309
sim_minrhoinit              =                 0.100E-19
sim_pambient                =                 0.100E-04
sim_rinit                   =                 0.137E-01 [CHANGED]
sim_rhoambient              =                 0.100E+01
sim_smallestnormradius      =                 0.000E+00
sim_xctr                    =                 0.500E+00
sim_yctr                    =                 0.500E+00
sim_zctr                    =                 0.500E+00
small                       =                 0.100E-09
smalle                      =                 0.100E-09
smallp                      =                 0.100E-09
smallt                      =                 0.100E-09
smallu                      =                 0.100E-09
smallx                      =                 0.100E-09
smlrho                      =                 0.100E-09
tinitial                    =                 0.000E+00
tiny                        =                 0.100E-15
tmax                        =                 0.500E+06 [CHANGED]
tstep_change_factor         =                 0.200E+01
wall_clock_checkpoint       =                 0.432E+05
wall_clock_time_limit       =                 0.605E+06
x_refine_center             =                 0.000E+00
xmax                        =                 0.100E+01
xmin                        =                 0.000E+00
y_refine_center             =                 0.000E+00
ymax                        =                 0.100E+01
ymin                        =                 0.000E+00
zfinal                      =                 0.000E+00
zinitial                    =                -0.100E+01
z_refine_center             =                 0.000E+00
zmax                        =                 0.100E+01
zmin                        =                 0.000E+00
riemannsolver               = Roe                            [CHANGED]
unitsystem                  = none                          
basenm                      = sedov_                         [CHANGED]
entropyfixmethod            = HARTENHYMAN                   
eosmode                     = dens_ie                       
eosmodeinit                 = dens_ie                       
geometry                    = cartesian                     
gr_pmrpoutputdir            = ./                            
grav_boundary_type          = isolated                      
hy_eosmodegc                = see eosMode                   
log_file                    = sedov.log                      [CHANGED]
output_directory            =                               
pc_unitsbase                = CGS                           
plot_grid_var_1             = none                          
plot_grid_var_10            = none                          
plot_grid_var_11            = none                          
plot_grid_var_12            = none                          
plot_grid_var_13            = none                          
plot_grid_var_14            = none                          
plot_grid_var_15            = none                          
plot_grid_var_16            = none                          
plot_grid_var_17            = none                          
plot_grid_var_18            = none                          
plot_grid_var_19            = none                          
plot_grid_var_2             = none                          
plot_grid_var_20            = none                          
plot_grid_var_21            = none                          
plot_grid_var_22            = none                          
plot_grid_var_23            = none                          
plot_grid_var_24            = none                          
plot_grid_var_25            = none                          
plot_grid_var_26            = none                          
plot_grid_var_27            = none                          
plot_grid_var_28            = none                          
plot_grid_var_29            = none                          
plot_grid_var_3             = none                          
plot_grid_var_30            = none                          
plot_grid_var_31            = none                          
plot_grid_var_32            = none                          
plot_grid_var_33            = none                          
plot_grid_var_34            = none                          
plot_grid_var_35            = none                          
plot_grid_var_36            = none                          
plot_grid_var_37            = none                          
plot_grid_var_38            = none                          
plot_grid_var_39            = none                          
plot_grid_var_4             = none                          
plot_grid_var_40            = none                          
plot_grid_var_41            = none                          
plot_grid_var_42            = none                          
plot_grid_var_43            = none                          
plot_grid_var_44            = none                          
plot_grid_var_45            = none                          
plot_grid_var_46            = none                          
plot_grid_var_47            = none                          
plot_grid_var_48            = none                          
plot_grid_var_49            = none                          
plot_grid_var_5             = none                          
plot_grid_var_50            = none                          
plot_grid_var_51            = none                          
plot_grid_var_52            = none                          
plot_grid_var_53            = none                          
plot_grid_var_54            = none                          
plot_grid_var_55            = none                          
plot_grid_var_56            = none                          
plot_grid_var_57            = none                          
plot_grid_var_58            = none                          
plot_grid_var_59            = none                          
plot_grid_var_6             = none                          
plot_grid_var_60            = none                          
plot_grid_var_61            = none                          
plot_grid_var_62            = none                          
plot_grid_var_63            = none                          
plot_grid_var_64            = none                          
plot_grid_var_65            = none                          
plot_grid_var_66            = none                          
plot_grid_var_67            = none                          
plot_grid_var_68            = none                          
plot_grid_var_69            = none                          
plot_grid_var_7             = none                          
plot_grid_var_70            = none                          
plot_grid_var_71            = none                          
plot_grid_var_72            = none                          
plot_grid_var_73            = none                          
plot_grid_var_74            = none                          
plot_grid_var_75            = none                          
plot_grid_var_76            = none                          
plot_grid_var_77            = none                          
plot_grid_var_78            = none                          
plot_grid_var_8             = none                          
plot_grid_var_9             = none                          
plot_var_1                  = dens                           [CHANGED]
plot_var_10                 = none                          
plot_var_11                 = none                          
plot_var_12                 = none                          
plot_var_13                 = none                          
plot_var_14                 = none                          
plot_var_15                 = none                          
plot_var_16                 = none                          
plot_var_17                 = none                          
plot_var_18                 = none                          
plot_var_2                  = pres                           [CHANGED]
plot_var_3                  = temp                           [CHANGED]
plot_var_4                  = none                          
plot_var_5                  = none                          
plot_var_6                  = none                          
plot_var_7                  = none                          
plot_var_8                  = none                          
plot_var_9                  = none                          
prof_file                   = profile.dat                   
refine_var_1                = dens                           [CHANGED]
refine_var_2                = pres                           [CHANGED]
refine_var_3                = none                          
refine_var_4                = none                          
run_comment                 = Sedov explosion                [CHANGED]
run_number                  = 1                             
sim_proffilename            = /dev/null                      [CHANGED]
slopelimiter                = mc                             [CHANGED]
stats_file                  = flashx.dat                    
wenomethod                  = WENO5                         
xl_boundary_type            = outflow                        [CHANGED]
xr_boundary_type            = outflow                        [CHANGED]
yl_boundary_type            = outflow                        [CHANGED]
yr_boundary_type            = outflow                        [CHANGED]
zl_boundary_type            = outflow                        [CHANGED]
zr_boundary_type            = outflow                        [CHANGED]
csvsummaryallprocs          =  F
eosforriemann               =  F
logsummaryallprocs          =  F
addthermalflux              =  T
allowdtstsdominate          =  F
alwayscomputeuservars       =  T
alwaysrestrictcheckpoint    =  T
charlimiting                =  T
chkguardcellsinput          =  F
chkguardcellsoutput         =  F
conserveangmom              =  F
converttoconsvdformeshcalls =  F
converttoconsvdinmeshinterp =  T
corners                     =  F
dr_printtsteploc            =  T
dr_shortenlaststepbeforetmax =  F
drift_tuples                =  F
eachprocwritesownabortlog   =  F
eachprocwritessummary       =  F
earlyblockdistadjustment    =  T
enablemaskedgcfill          =  F
entropy                     =  F
flux_correct                =  T
flux_correct_perlevel       =  F
geometryoverride            =  F
gr_bcenableapplymixedgds    =  T
gr_bndgcfillneedsprimitivevars =  T
gr_btcustomwork             =  F
gr_btexchangework           =  F
gr_btsortbywork             =  T
gr_enabletiling             =  F
gr_lrefinemaxbytime         =  F
gr_lrefinemaxreddobylogr    =  F
gr_lrefinemaxreddobytime    =  F
gr_pmrpadvancealllevels     =  F
gr_pmrpamrerrorchecking     =  F
gr_pmrpcartesianpm          =  F
gr_pmrpconserve             =  F
gr_pmrpconsvfluxdensities   =  T
gr_pmrpconsvfluxes          =  F
gr_pmrpcurvilinear          =  F
gr_pmrpcurvilinearconserve  =  F
gr_pmrpcylindricalpm        =  F
gr_pmrpdiagonals            =  T
gr_pmrpedgevalue            =  T
gr_pmrpedgevalueinteg       =  F
gr_pmrpemptycells           =  F
gr_pmrpforceconsistency     =  T
gr_pmrplsingularline        =  F
gr_pmrpnopermanentguardcells =  F
gr_pmrppolarpm              =  F
gr_pmrppredcorr             =  F
gr_pmrpsphericalpm          =  F
gr_pmrptimingmpi            =  F
gr_pmrptimingmpix           =  F
gr_pmrpvardt                =  F
gr_usetiling                =  F
hy_fallbacklowercfl         =  F
hy_fullspecmsfluxhandling   =  T
hy_usetiling                =  F
ignoreforcedplot            =  F
io_writemscalarintegrals    =  F
plotfilegridquantitydp      =  F
plotfilemetadatadp          =  F
reducegcellfills            =  F
refine_on_particle_count    =  F
restart                     =  F
shockdetect                 =  F
shocklowercfl               =  F
sim_bcsetbdryvar            =  F
sim_forcecenterderefine     =  F
sim_onelevelintegralsonly   =  F
summaryoutputonly           =  F
threadblocklistbuild        =  F
threaddelepblocklist        =  F
threaddelepwithinblock      =  F
threaddriverblocklist       =  F
threaddriverwithinblock     =  F
threadeoswithinblock        =  F
threadhydroblocklist        =  F
threadhydrowithinblock      =  F
threadraytracebuild         =  F
threadwithinblockbuild      =  F
tmr_suppressinparallel      =  F
typematchedxfer             =  T
unbiased_geometry           =  F
updatehydrofluxes           =  T
useburn                     =  F
usecollectivehdf5           =  T
usedeleptonize              =  F
usegravity                  =  F
useheatad                   =  F
useheater                   =  F
usehydro                    =  T
useimbound                  =  F
useincompns                 =  F
useinlet                    =  F
uselegacylabels             =  T
usemultiphase               =  F
useorchestration            =  F
useoutlet                   =  F
useparticles                =  F
useradtrans                 =  F
usests                      =  F
usestsfordiffusion          =  F
usesolidmechanics           =  F
use_3dfullctu               =  T
use_auxeinteqn              =  T
use_avisc                   =  T [CHANGED]
use_cma_advection           =  F
use_cma_flattening          =  F
use_flash_surr_blks_fill    =  T
use_flattening              =  F
use_gravhalfupdate          =  T
use_hybridorder             =  F
use_reduced_orrery          =  T
use_steepening              =  F
use_upwindtvd               =  F
writestatsummary            =  T
                                                                               
 ==============================================================================
                                                                               
 Known units of measurement:
                                                                               
              Unit                          CGS Value                Base Unit
  1                  cm                     1.0000                           cm
  2                   s                     1.0000                            s
  3                   g                     1.0000                            g
  4                   K                     1.0000                            K
  5                 esu                     1.0000                          esu
  6                 mol                     1.0000                          mol
  7                   m                     100.00                           cm
  8                  km                    1.00000E+05                       cm
  9                  pc                    3.08568E+18                       cm
 10                 kpc                    3.08568E+21                       cm
 11                 Mpc                    3.08568E+24                       cm
 12                 Gpc                    3.08568E+27                       cm
 13                Rsun                    6.96000E+10                       cm
 14                  AU                    1.49598E+13                       cm
 15                  yr                    3.15569E+07                        s
 16                 Myr                    3.15569E+13                        s
 17                 Gyr                    3.15569E+16                        s
 18                  kg                     1000.0                            g
 19                Msun                    1.98892E+33                        g
 20                 amu                    1.66054E-24                        g
 21                  eV                     11605.                            K
 22                   C                    2.99792E+09                      esu
 23                LFLY                    3.08568E+24                       cm
 24                TFLY                    2.05759E+17                        s
 25                MFLY                    9.88470E+45                        g
 26            clLength                    3.08568E+24                       cm
 27              clTime                    3.15569E+16                        s
 28              clMass                    1.98892E+48                        g
 29              clTemp                    1.16045E+07                        K
-----------End of Units--------------------
                                                                               
 Known physical constants:
                                                                               
    Constant Name       Constant Value   cm       s        g        K        esu      mol
  1              Newton    6.67408E-08   3.0     -2.0     -1.0      0.0      0.0      0.0    
  2      speed of light    2.99792E+10   1.0     -1.0      0.0      0.0      0.0      0.0    
  3              Planck    6.62607E-27   2.0     -1.0      1.0      0.0      0.0      0.0    
  4     electron charge    4.80320E-10   0.0      0.0      0.0      0.0      1.0      0.0    
  5       electron mass    9.10938E-28   0.0      0.0      1.0      0.0      0.0      0.0    
  6         proton mass    1.67262E-24   0.0      0.0      1.0      0.0      0.0      0.0    
  7      fine-structure    7.29735E-03   0.0      0.0      0.0      0.0      0.0      0.0    
  8            Avogadro    6.02214E+23   0.0      0.0      0.0      0.0      0.0     -1.0    
  9           Boltzmann    1.38065E-16   2.0     -2.0      1.0     -1.0      0.0      0.0    
 10  ideal gas constant    8.31446E+07   2.0     -2.0      1.0     -1.0      0.0     -1.0    
 11                Wien    0.28978       1.0      0.0      0.0      1.0      0.0      0.0    
 12    Stefan-Boltzmann    5.67037E-05   0.0     -3.0      1.0     -4.0      0.0      0.0    
 13  Radiation Constant    7.56572E-15  -1.0     -2.0      1.0     -4.0      0.0      0.0    
 14                  pi     3.1416       0.0      0.0      0.0      0.0      0.0      0.0    
 15                   e     2.7183       0.0      0.0      0.0      0.0      0.0      0.0    
 16               Euler    0.57722       0.0      0.0      0.0      0.0      0.0      0.0    
 ==============================================================================
                                                                               
 Multifluid database: not configured in
                                                                               
 ==============================================================================
 [ 02-28-2025  12:48:56.442 ] [gr_initGeometry] checking BCs for idir: 1
 [ 02-28-2025  12:48:56.444 ] [gr_initGeometry] checking BCs for idir: 2
 [ 02-28-2025  12:48:56.446 ] [gr_initGeometry] checking BCs for idir: 3
 [ 02-28-2025  12:48:59.816 ] [GRID amr_refine_derefine]: initiating refinement
 [ 02-28-2025  12:48:59.819 ] [GRID amr_refine_derefine]: redist. phase.  tot blks requested: 4096
 [GRID amr_refine_derefine] min blks 4    max blks 5    tot blks 4096
 [GRID amr_refine_derefine] min leaf blks 4    max leaf blks 5    tot leaf blks 4096
 [ 02-28-2025  12:49:00.006 ] [GRID amr_refine_derefine]: refinement complete
 [ 02-28-2025  12:49:00.166 ] [GRID gr_expandDomain]: iteration=1, create level=2
 INFO: Grid_fillGuardCells is ignoring masking.
 [ 02-28-2025  12:49:05.442 ] [mpi_amr_comm_setup]: buffer_dim_send=3349693, buffer_dim_recv=2207173
 [ 02-28-2025  12:49:06.297 ] [GRID amr_refine_derefine]: initiating refinement
 [ 02-28-2025  12:49:06.309 ] [GRID amr_refine_derefine]: redist. phase.  tot blks requested: 4160
 [GRID amr_refine_derefine] min blks 4    max blks 5    tot blks 4160
 [GRID amr_refine_derefine] min leaf blks 4    max leaf blks 5    tot leaf blks 4152
 [ 02-28-2025  12:49:06.439 ] [GRID amr_refine_derefine]: refinement complete
 [ 02-28-2025  12:49:06.448 ] [GRID gr_expandDomain]: iteration=2, create level=3
 [ 02-28-2025  12:49:12.420 ] [GRID amr_refine_derefine]: initiating refinement
 [ 02-28-2025  12:49:12.431 ] [GRID amr_refine_derefine]: redist. phase.  tot blks requested: 4224
 [GRID amr_refine_derefine] min blks 4    max blks 6    tot blks 4224
 [GRID amr_refine_derefine] min leaf blks 3    max leaf blks 5    tot leaf blks 4208
 [ 02-28-2025  12:49:12.553 ] [GRID amr_refine_derefine]: refinement complete
 [ 02-28-2025  12:49:12.561 ] [GRID gr_expandDomain]: iteration=3, create level=4
 [ 02-28-2025  12:49:17.875 ] [mpi_amr_comm_setup]: buffer_dim_send=3423553, buffer_dim_recv=2207173
 [ 02-28-2025  12:49:18.533 ] [GRID amr_refine_derefine]: initiating refinement
 [ 02-28-2025  12:49:18.541 ] [GRID amr_refine_derefine]: redist. phase.  tot blks requested: 4288
 [GRID amr_refine_derefine] min blks 4    max blks 6    tot blks 4288
 [GRID amr_refine_derefine] min leaf blks 3    max leaf blks 5    tot leaf blks 4264
 [ 02-28-2025  12:49:18.660 ] [GRID amr_refine_derefine]: refinement complete
 [ 02-28-2025  12:49:18.668 ] [GRID gr_expandDomain]: iteration=4, create level=5
 [ 02-28-2025  12:49:24.071 ] [mpi_amr_comm_setup]: buffer_dim_send=3422269, buffer_dim_recv=2207173
 [ 02-28-2025  12:49:24.925 ] [GRID amr_refine_derefine]: initiating refinement
 [ 02-28-2025  12:49:24.935 ] [GRID amr_refine_derefine]: redist. phase.  tot blks requested: 6144
 [GRID amr_refine_derefine] min blks 6    max blks 9    tot blks 6144
 [GRID amr_refine_derefine] min leaf blks 5    max leaf blks 7    tot leaf blks 5888
 [ 02-28-2025  12:49:25.073 ] [GRID amr_refine_derefine]: refinement complete
 [ 02-28-2025  12:49:25.077 ] [GRID gr_expandDomain]: iteration=5, create level=6
 [ 02-28-2025  12:49:32.771 ] [mpi_amr_comm_setup]: buffer_dim_send=2974177, buffer_dim_recv=2540365
 [ 02-28-2025  12:49:33.841 ] [GRID amr_refine_derefine]: initiating refinement
 [ 02-28-2025  12:49:33.851 ] [GRID amr_refine_derefine]: redist. phase.  tot blks requested: 9152
 [GRID amr_refine_derefine] min blks 9    max blks 12    tot blks 9152
 [GRID amr_refine_derefine] min leaf blks 7    max leaf blks 10    tot leaf blks 8520
 [ 02-28-2025  12:49:34.046 ] [GRID amr_refine_derefine]: refinement complete
 [ 02-28-2025  12:49:34.051 ] [GRID gr_expandDomain]: iteration=6, create level=6
 [ 02-28-2025  12:49:45.086 ] [mpi_amr_comm_setup]: buffer_dim_send=4843741, buffer_dim_recv=2669029
 [ 02-28-2025  12:49:46.532 ] [GRID gr_expandDomain]: iteration=7, create level=6
 [ 02-28-2025  12:49:59.011 ] [GRID gr_expandDomain]: iteration=8, create level=6
 [ 02-28-2025  12:50:10.909 ] memory: /proc vsize    (MB):     4592.21 (min)       4799.05 (max)       4731.05 (avg)
 [ 02-28-2025  12:50:10.909 ] memory: /proc rss      (MB):     1841.05 (min)       1930.86 (max)       1894.86 (avg)
 [ 02-28-2025  12:50:10.909 ] memory: /proc vsize    (MB):     4592.21 (min)       4799.05 (max)       4731.05 (avg)
 [ 02-28-2025  12:50:10.909 ] memory: /proc rss      (MB):     1841.05 (min)       1930.86 (max)       1894.86 (avg)
 [ 02-28-2025  12:50:10.929 ] memory: /proc vsize    (MB):     4592.21 (min)       4799.05 (max)       4731.05 (avg)
 [ 02-28-2025  12:50:10.929 ] memory: /proc rss      (MB):     1841.05 (min)       1930.86 (max)       1894.87 (avg)
 [ 02-28-2025  12:50:14.501 ] [IO_writeCheckpoint] open: type=checkpoint name=sedov_hdf5_chk_0000
 [ 02-28-2025  12:50:23.106 ] [io_writeData]: wrote    9152          blocks
 [ 02-28-2025  12:50:23.138 ] [IO_writeCheckpoint] close: type=checkpoint name=sedov_hdf5_chk_0000
 [ 02-28-2025  12:50:23.240 ] [IO_writePlotfile] open: type=plotfile name=sedov_hdf5_plt_cnt_0000
 [ 02-28-2025  12:50:24.323 ] [io_writeData]: wrote    9152          blocks
 [ 02-28-2025  12:50:24.346 ] [IO_writePlotfile] close: type=plotfile name=sedov_hdf5_plt_cnt_0000
 [ 02-28-2025  12:50:24.349 ] memory: /proc vsize    (MB):     4592.21 (min)       5013.51 (max)       4740.58 (avg)
 [ 02-28-2025  12:50:24.351 ] memory: /proc rss      (MB):     1847.75 (min)       1937.82 (max)       1903.25 (avg)
 [ 02-28-2025  12:50:24.354 ] [Driver_evolveAll]: Entering evolution loop
 [ 02-28-2025  12:50:24.357 ] step: n=1 t=0.000000E+00 dt=1.000000E-10
 [ 02-28-2025  12:50:28.065 ] step: n=2 t=1.000000E-10 dt=2.000000E-10
 [ 02-28-2025  12:50:34.361 ] step: n=3 t=3.000000E-10 dt=4.000000E-10
 [ 02-28-2025  12:50:38.053 ] step: n=4 t=7.000000E-10 dt=8.000000E-10
 [ 02-28-2025  12:50:44.340 ] step: n=5 t=1.500000E-09 dt=1.600000E-09
 [ 02-28-2025  12:50:48.034 ] step: n=6 t=3.100000E-09 dt=3.200000E-09
 [ 02-28-2025  12:50:54.325 ] step: n=7 t=6.300000E-09 dt=6.400000E-09
 [ 02-28-2025  12:50:58.014 ] step: n=8 t=1.270000E-08 dt=1.280000E-08
 [ 02-28-2025  12:51:04.302 ] step: n=9 t=2.550000E-08 dt=2.560000E-08
 [ 02-28-2025  12:51:08.014 ] step: n=10 t=5.110000E-08 dt=5.120000E-08
 [ 02-28-2025  12:51:18.845 ] [IO_writeCheckpoint] open: type=checkpoint name=sedov_hdf5_chk_0001
 [ 02-28-2025  12:51:26.996 ] [io_writeData]: wrote    9152          blocks
 [ 02-28-2025  12:51:27.006 ] [IO_writeCheckpoint] close: type=checkpoint name=sedov_hdf5_chk_0001
 [ 02-28-2025  12:51:27.009 ] step: n=11 t=1.023000E-07 dt=1.024000E-07
 [ 02-28-2025  12:51:30.716 ] step: n=12 t=2.047000E-07 dt=2.011896E-07
 [ 02-28-2025  12:51:36.995 ] step: n=13 t=4.058896E-07 dt=1.856898E-07
 [ 02-28-2025  12:51:40.692 ] step: n=14 t=5.915794E-07 dt=1.729914E-07
 [ 02-28-2025  12:51:46.964 ] step: n=15 t=7.645708E-07 dt=1.642472E-07
 [ 02-28-2025  12:51:50.669 ] step: n=16 t=9.288179E-07 dt=1.580871E-07
 [ 02-28-2025  12:51:56.934 ] step: n=17 t=1.086905E-06 dt=1.534569E-07
 [ 02-28-2025  12:52:00.645 ] step: n=18 t=1.240362E-06 dt=1.499651E-07
 [ 02-28-2025  12:52:06.912 ] step: n=19 t=1.390327E-06 dt=1.474127E-07
 [ 02-28-2025  12:52:10.619 ] step: n=20 t=1.537740E-06 dt=1.456205E-07
 [ 02-28-2025  12:52:21.519 ] [IO_writeCheckpoint] open: type=checkpoint name=sedov_hdf5_chk_0002
 [ 02-28-2025  12:52:25.190 ] [io_writeData]: wrote    9152          blocks
 [ 02-28-2025  12:52:25.198 ] [IO_writeCheckpoint] close: type=checkpoint name=sedov_hdf5_chk_0002
 [ 02-28-2025  12:52:25.199 ] step: n=21 t=1.683360E-06 dt=1.444985E-07
 [ 02-28-2025  12:52:28.918 ] step: n=22 t=1.827859E-06 dt=1.441710E-07
 [ 02-28-2025  12:52:35.234 ] step: n=23 t=1.972030E-06 dt=1.441286E-07
 [ 02-28-2025  12:52:38.944 ] step: n=24 t=2.116158E-06 dt=1.441099E-07
 [ 02-28-2025  12:52:45.233 ] step: n=25 t=2.260268E-06 dt=1.441302E-07
 [ 02-28-2025  12:52:48.941 ] step: n=26 t=2.404398E-06 dt=1.442588E-07
 [ 02-28-2025  12:52:55.174 ] [GRID amr_refine_derefine]: initiating refinement
 [ 02-28-2025  12:52:55.184 ] [GRID amr_refine_derefine]: redist. phase.  tot blks requested: 9536
 [GRID amr_refine_derefine] min blks 10    max blks 13    tot blks 9536
 [GRID amr_refine_derefine] min leaf blks 8    max leaf blks 11    tot leaf blks 8856
 [ 02-28-2025  12:52:55.389 ] [GRID amr_refine_derefine]: refinement complete
 [ 02-28-2025  12:52:55.799 ] step: n=27 t=2.548657E-06 dt=1.444833E-07
 [ 02-28-2025  12:52:55.799 ] [mpi_amr_comm_setup]: buffer_dim_send=4300885, buffer_dim_recv=2669029
 [ 02-28-2025  12:52:59.639 ] step: n=28 t=2.693141E-06 dt=1.448057E-07
 [ 02-28-2025  12:53:06.262 ] step: n=29 t=2.837946E-06 dt=1.450172E-07
 [ 02-28-2025  12:53:10.113 ] step: n=30 t=2.982964E-06 dt=1.450055E-07
 [ 02-28-2025  12:53:21.631 ] [IO_writeCheckpoint] open: type=checkpoint name=sedov_hdf5_chk_0003
 [ 02-28-2025  12:53:25.256 ] [io_writeData]: wrote    9536          blocks
 [ 02-28-2025  12:53:25.262 ] [IO_writeCheckpoint] close: type=checkpoint name=sedov_hdf5_chk_0003
 [ 02-28-2025  12:53:25.266 ] step: n=31 t=3.127969E-06 dt=1.449474E-07
 [ 02-28-2025  12:53:29.127 ] step: n=32 t=3.272916E-06 dt=1.449259E-07
 [ 02-28-2025  12:53:35.771 ] step: n=33 t=3.417842E-06 dt=1.447113E-07
 [ 02-28-2025  12:53:39.609 ] step: n=34 t=3.562554E-06 dt=1.446418E-07
 [ 02-28-2025  12:53:46.236 ] step: n=35 t=3.707195E-06 dt=1.446455E-07
 [ 02-28-2025  12:53:50.077 ] step: n=36 t=3.851841E-06 dt=1.446573E-07
 [ 02-28-2025  12:53:56.658 ] step: n=37 t=3.996498E-06 dt=1.446767E-07
 [ 02-28-2025  12:54:00.506 ] step: n=38 t=4.141175E-06 dt=1.447318E-07
 [ 02-28-2025  12:54:07.119 ] step: n=39 t=4.285907E-06 dt=1.447598E-07
 [ 02-28-2025  12:54:10.964 ] step: n=40 t=4.430666E-06 dt=1.447127E-07
 [ 02-28-2025  12:54:22.387 ] [IO_writeCheckpoint] open: type=checkpoint name=sedov_hdf5_chk_0004
 [ 02-28-2025  12:54:26.095 ] [io_writeData]: wrote    9536          blocks
 [ 02-28-2025  12:54:26.104 ] [IO_writeCheckpoint] close: type=checkpoint name=sedov_hdf5_chk_0004
 [ 02-28-2025  12:54:26.106 ] step: n=41 t=4.575379E-06 dt=1.446812E-07
 [ 02-28-2025  12:54:29.958 ] step: n=42 t=4.720060E-06 dt=1.446456E-07
 [ 02-28-2025  12:54:36.570 ] step: n=43 t=4.864706E-06 dt=1.446294E-07
 [ 02-28-2025  12:54:40.411 ] step: n=44 t=5.009335E-06 dt=1.446250E-07
 [ 02-28-2025  12:54:47.042 ] step: n=45 t=5.153960E-06 dt=1.445216E-07
 [ 02-28-2025  12:54:50.889 ] step: n=46 t=5.298482E-06 dt=1.444823E-07
 [ 02-28-2025  12:54:57.514 ] step: n=47 t=5.442964E-06 dt=1.444551E-07
 [ 02-28-2025  12:55:01.353 ] step: n=48 t=5.587419E-06 dt=1.444288E-07
 [ 02-28-2025  12:55:07.975 ] step: n=49 t=5.731848E-06 dt=1.444159E-07
 [ 02-28-2025  12:55:11.807 ] step: n=50 t=5.876264E-06 dt=1.444089E-07
 [ 02-28-2025  12:55:23.156 ] [IO_writeCheckpoint] open: type=checkpoint name=sedov_hdf5_chk_0005
 [ 02-28-2025  12:55:26.859 ] [io_writeData]: wrote    9536          blocks
 [ 02-28-2025  12:55:26.869 ] [IO_writeCheckpoint] close: type=checkpoint name=sedov_hdf5_chk_0005
 [ 02-28-2025  12:55:26.871 ] step: n=51 t=6.020673E-06 dt=1.443103E-07
 [ 02-28-2025  12:55:30.722 ] step: n=52 t=6.164983E-06 dt=1.442630E-07
 [ 02-28-2025  12:55:37.345 ] step: n=53 t=6.309246E-06 dt=1.442278E-07
 [ 02-28-2025  12:55:41.186 ] step: n=54 t=6.453474E-06 dt=1.441955E-07
 [ 02-28-2025  12:55:47.817 ] step: n=55 t=6.597670E-06 dt=1.441758E-07
 [ 02-28-2025  12:55:51.659 ] step: n=56 t=6.741845E-06 dt=1.441499E-07
 [ 02-28-2025  12:55:58.284 ] step: n=57 t=6.885995E-06 dt=1.440523E-07
 [ 02-28-2025  12:56:02.122 ] step: n=58 t=7.030048E-06 dt=1.439965E-07
 [ 02-28-2025  12:56:08.743 ] step: n=59 t=7.174044E-06 dt=1.439601E-07
 [ 02-28-2025  12:56:12.581 ] step: n=60 t=7.318004E-06 dt=1.439284E-07
 [ 02-28-2025  12:56:23.923 ] [IO_writeCheckpoint] open: type=checkpoint name=sedov_hdf5_chk_0006
 [ 02-28-2025  12:56:27.684 ] [io_writeData]: wrote    9536          blocks
 [ 02-28-2025  12:56:27.693 ] [IO_writeCheckpoint] close: type=checkpoint name=sedov_hdf5_chk_0006
 [ 02-28-2025  12:56:27.695 ] [Driver_evolveAll]: Exiting evolution loop
 [ 02-28-2025  12:56:27.946 ] [IO_writePlotfile] open: type=plotfile name=sedov_forced_hdf5_plt_cnt_0000
 [ 02-28-2025  12:56:31.981 ] [io_writeData]: wrote    9536          blocks
 [ 02-28-2025  12:56:32.139 ] [IO_writePlotfile] close: type=plotfile name=sedov_forced_hdf5_plt_cnt_0000
 [ 02-28-2025  12:56:32.236 ] memory: /proc vsize    (MB):     4628.02 (min)       5020.32 (max)       4778.50 (avg)
 [ 02-28-2025  12:56:32.291 ] memory: /proc rss      (MB):     1961.20 (min)       2062.09 (max)       2002.74 (avg)
 ==============================================================================
 perf_summary: code performance summary for process            0
                      beginning : 02-28-2025  12:48:56
                         ending : 02-28-2025  12:56:32
   seconds in monitoring period :              455.914
      number of evolution steps :                   60
 ------------------------------------------------------------------------------
 accounting unit                       time sec  num calls   secs avg  time pct
 ------------------------------------------------------------------------------
 initialization                         87.922      1          87.922    19.285
  eos                                    0.209      8           0.026     0.046
  guardcell internal                     2.719      7           0.388     0.596
   amr_guardcell                         2.595      7           0.371     0.569
   eos gc                                0.000      7           0.000     0.000
  writeCheckpoint                       12.187      1          12.187     2.673
   restrictAll                           3.317      1           3.317     0.728
  writePlotfile                          1.207      1           1.207     0.265
 writePlotfile                           4.421      1           4.421     0.970
 evolution                             363.339      1         363.339    79.695
  Hydro                                169.980     60           2.833    37.283
   Head                                 37.758     60           0.629     8.282
    guardcell internal                  37.757     60           0.629     8.282
     amr_guardcell                      35.050     60           0.584     7.688
     eos gc                              0.002     60           0.000     0.000
   compute fluxes                      126.460     60           2.108    27.738
    hy_computeFluxes                   126.458    600           0.211    27.737
     RiemannState                      108.751    600           0.181    23.853
     getFaceFlux                        17.553    600           0.029     3.850
   conserveFluxes                        0.045     60           0.001     0.010
   update solution                       5.653     60           0.094     1.240
    update solution body                 5.651    600           0.009     1.240
     unsplitUpdate                       2.129    600           0.004     0.467
  sourceTerms                            0.000     60           0.000     0.000
  Particles_advance                      0.000     60           0.000     0.000
  Gravity potential                      0.000     60           0.000     0.000
  IO_output                            111.070    120           0.926    24.362
   diagnostics                          55.930    120           0.466    12.268
   checkpointing                        55.088      6           9.181    12.083
    writeCheckpoint                     55.086      6           9.181    12.083
     restrictAll                        22.281      6           3.713     4.887
  Grid_updateRefinement                 81.091     60           1.352    17.786
   eos                                   0.075      1           0.075     0.016
   tree                                 81.016     60           1.350    17.770
    markRefineDerefine                  21.699     30           0.723     4.759
     guardcell internal                 19.199     30           0.640     4.211
      amr_guardcell                     17.899     30           0.597     3.926
      eos gc                             0.001     30           0.000     0.000
    amr_refine_derefine                 58.242     30           1.941    12.775
    updateData                           0.000     30           0.000     0.000
   updateParticleRefinement              0.000      1           0.000     0.000
  Driver_computeDt                       1.155     60           0.019     0.253
 ==============================================================================
 [ 02-28-2025  12:56:32.454 ] [Timers_getSummary]: Not writing timer max/min/avg values because not all processors had same timers
 [ 02-28-2025  12:56:32.501 ] LOGFILE_END: FLASH run complete.
 FLASH log file:  02-28-2025  12:56:48.496    Run number:  1
 ==============================================================================
 Number of MPI tasks:                896
 MPI version:                          3
 MPI subversion:                       1
 Dimensionality:                       3
 Max Number of Blocks/Proc:          200
 Number x zones:                      32
 Number y zones:                      32
 Number z zones:                      32
 Setup stamp:     Fri Nov 1 14:03:57 2024
 Build stamp:     Fri Nov 1 14:04:23 2024
 System info:     Linux corona211 4.18.0-553.22.1.1toss.t4.x86_64 #1 SMP Tue Sep 24 16:50:00 PDT 2
 Version:         Flash-X 1.0 (heads/main-0-g6040ba49-dirty)                                      
 Build directory: /usr/workspace/ather1/Flash-X/sedov
 Setup syntax:    /usr/workspace/ather1/Flash-X/bin/setup.py Sedov -auto -3d -nxb=32 -nyb=32 -nzb=32 +parallelio -objdir=/usr/workspace/ather1/Flash-X/sedov
 f compiler flags: mpif90 -ggdb -c -O2 -fdefault-real-8 -fdefault-double-8 -Wuninitialized -fallow-argument-mismatch -fallow-argument-mismatch -DMAXBLOCKS=200 -DNXB=32 -DNYB=32 -DNZB=32 -DN_DIM=3
 c compiler flags:    mpicc -I/p/lustre2/ather1/hdf5-1.14.4-3/install/include -DH5_USE_18_API -ggdb -c -O2 -Wuninitialized -D_FORTIFY_SOURCE=2 -DMAXBLOCKS=200 -DNXB=32 -DNYB=32 -DNZB=32 -DN_DIM=3
 ==============================================================================
 Comment:  Sedov explosion
 ==============================================================================
 FLASH Units used:
   Driver/DriverMain/Unsplit
   Grid/GridBoundaryConditions
   Grid/GridMain/AMR/Paramesh4/PM4_package/flash_avoid_orrery
   Grid/GridMain/AMR/Paramesh4/PM4_package/headers
   Grid/GridMain/AMR/Paramesh4/PM4_package/source
   Grid/GridMain/AMR/Paramesh4/PM4_package/utilities/multigrid
   Grid/GridMain/AMR/Paramesh4/interpolation/prolong
   Grid/GridMain/AMR/Paramesh4/levelFlux
   Grid/localAPI
   IO/IOMain/hdf5/parallel/PM
   IO/localAPI
   PhysicalConstants/PhysicalConstantsMain
   RuntimeParameters/RuntimeParametersMain
   Simulation/SimulationMain/Sedov
   TimeAdvance/TimeAdvanceMain/StrangSplit
   flashUtilities/contiguousConversion
   flashUtilities/general
   flashUtilities/interpolation/oneDim
   flashUtilities/nameValueLL
   flashUtilities/sorting/quicksort
   flashUtilities/system/memoryUsage/legacy
   monitors/Logfile/LogfileMain
   monitors/Timers/TimersMain/MPINative
   physics/Eos/EosMain/Gamma
   physics/Hydro/HydroMain/unsplit/OnlyHydro
   physics/Hydro/HydroMain/unsplit/levelFlux
   physics/Hydro/localAPI
 ==============================================================================
 RuntimeParameters:
                                                                               
 ==============================================================================
bndpriorityone              =          1
bndprioritythree            =          3
bndprioritytwo              =          2
checkpointfileintervalstep  =         10 [CHANGED]
checkpointfilenumber        =          0
dr_abortpause               =          2
dr_dtminbelowaction         =          1
drift_break_inst            =          0
drift_trunc_mantissa        =          2
drift_verbose_inst          =          0
eos_entrelescalechoice      =          6
eos_loglevel                =        700
fileformatversion           =          9
forcedplotfilenumber        =          0
gr_lrefmaxtimevalue_1       =         -1
gr_lrefmaxtimevalue_10      =         -1
gr_lrefmaxtimevalue_11      =         -1
gr_lrefmaxtimevalue_12      =         -1
gr_lrefmaxtimevalue_13      =         -1
gr_lrefmaxtimevalue_14      =         -1
gr_lrefmaxtimevalue_15      =         -1
gr_lrefmaxtimevalue_16      =         -1
gr_lrefmaxtimevalue_17      =         -1
gr_lrefmaxtimevalue_18      =         -1
gr_lrefmaxtimevalue_19      =         -1
gr_lrefmaxtimevalue_2       =         -1
gr_lrefmaxtimevalue_20      =         -1
gr_lrefmaxtimevalue_3       =         -1
gr_lrefmaxtimevalue_4       =         -1
gr_lrefmaxtimevalue_5       =         -1
gr_lrefmaxtimevalue_6       =         -1
gr_lrefmaxtimevalue_7       =         -1
gr_lrefmaxtimevalue_8       =         -1
gr_lrefmaxtimevalue_9       =         -1
gr_pmrpdivergencefree       =         -1
gr_pmrpifaceoff             =          0
gr_pmrpl2p5d                =          0
gr_pmrpmaxblocks            =         -1
gr_pmrpmflags               =          1
gr_pmrpnboundaries          =          6
gr_pmrpndim                 =          3
gr_pmrpnedgevar1            =         -1
gr_pmrpnfacevar             =         -1
gr_pmrpnfielddivf           =         -1
gr_pmrpnfluxvar             =         -1
gr_pmrpnguard               =         -1
gr_pmrpnguardwork           =         -1
gr_pmrpnvar                 =         -1
gr_pmrpnvarwork             =          1
gr_pmrpnvarcorn             =          0
gr_pmrpnvaredge             =          0
gr_pmrpnxb                  =         -1
gr_pmrpnyb                  =         -1
gr_pmrpnzb                  =         -1
gr_restrictallmethod        =          3
gr_sanitizedatamode         =          1
gr_sanitizeverbosity        =          5
gr_tilesizex                =         32
gr_tilesizey                =         32
gr_tilesizez                =         32
hy_3torder                  =         -1
hydrocomputedtoption        =         -1
iprocs                      =          1
interpol_order              =          2
irenorm                     =          0
jprocs                      =          1
kprocs                      =          1
lrefine_del                 =          0
lrefine_max                 =          6 [CHANGED]
lrefine_min                 =          1
lrefine_min_init            =          1
max_particles_per_blk       =        100
memory_stat_freq            =     100000
meshcopycount               =          1
min_particles_per_blk       =          1
nbegin                      =          1
nblockx                     =         16 [CHANGED]
nblocky                     =         16 [CHANGED]
nblockz                     =         16 [CHANGED]
nend                        =         60 [CHANGED]
nrefs                       =          2
nsteptotalsts               =          5
order                       =          3 [CHANGED]
outputsplitnum              =          1
plotfileintervalstep        =          0
plotfilenumber              =          0
refine_var_count            =          4
rolling_checkpoint          =      10000
sim_centerrefinelevel       =          1
sim_integralslevel          =         -1
sim_nsubzones               =          7
sweeporder                  =        123
transorder                  =          1
wr_integrals_freq           =          1
limitedslopebeta            =                 0.100E+01
cfl                         =                 0.800E+00
checkpointfileintervaltime  =                 0.000E+00 [CHANGED]
checkpointfileintervalz     =                 0.180+309
cvisc                       =                 0.100E+00
derefine_cutoff_1           =                 0.200E+00
derefine_cutoff_2           =                 0.200E+00
derefine_cutoff_3           =                 0.200E+00
derefine_cutoff_4           =                 0.200E+00
dr_dtmincontinue            =                 0.000E+00
dr_tstepslowstartfactor     =                 0.100E+00
dtinit                      =                 0.100E-09
dtmax                       =                 0.100E+06
dtmin                       =                 0.100E-09
eintswitch                  =                 0.100E-03 [CHANGED]
eos_singlespeciesa          =                 0.100E+01
eos_singlespeciesz          =                 0.100E+01
gamma                       =                 0.140E+01 [CHANGED]
gr_btworkchildscaling       =                 0.100E+01
gr_btworkdefaultleaf        =                 0.200E+01
gr_btworkdefaultpar         =                 0.100E+01
gr_btworklbleaf             =                 0.000E+00
gr_btworklbpar              =                 0.000E+00
gr_btworkubleaf             =                 0.100E+07
gr_btworkubpar              =                 0.100E+07
gr_lrefinemaxredlogbase     =                 0.100E+02
gr_lrefinemaxredradiusfact  =                 0.000E+00
gr_lrefinemaxredtref        =                 0.000E+00
gr_lrefinemaxredtimescale   =                 0.100E+01
gr_lrefmaxtime_1            =                -0.100E+01
gr_lrefmaxtime_10           =                -0.100E+01
gr_lrefmaxtime_11           =                -0.100E+01
gr_lrefmaxtime_12           =                -0.100E+01
gr_lrefmaxtime_13           =                -0.100E+01
gr_lrefmaxtime_14           =                -0.100E+01
gr_lrefmaxtime_15           =                -0.100E+01
gr_lrefmaxtime_16           =                -0.100E+01
gr_lrefmaxtime_17           =                -0.100E+01
gr_lrefmaxtime_18           =                -0.100E+01
gr_lrefmaxtime_19           =                -0.100E+01
gr_lrefmaxtime_2            =                -0.100E+01
gr_lrefmaxtime_20           =                -0.100E+01
gr_lrefmaxtime_3            =                -0.100E+01
gr_lrefmaxtime_4            =                -0.100E+01
gr_lrefmaxtime_5            =                -0.100E+01
gr_lrefmaxtime_6            =                -0.100E+01
gr_lrefmaxtime_7            =                -0.100E+01
gr_lrefmaxtime_8            =                -0.100E+01
gr_lrefmaxtime_9            =                -0.100E+01
hy_cflfallbackfactor        =                 0.900E+00
hy_fpresinmomflux           =                 0.100E+01
hybridorderkappa            =                 0.000E+00
nusts                       =                 0.200E+00 [CHANGED]
plotfileintervaltime        =                 0.000E+00 [CHANGED]
plotfileintervalz           =                 0.180+309
radiusgp                    =                 0.200E+01
refine_cutoff_1             =                 0.800E+00
refine_cutoff_2             =                 0.800E+00
refine_cutoff_3             =                 0.800E+00
refine_cutoff_4             =                 0.800E+00
refine_filter_1             =                 0.100E-01
refine_filter_2             =                 0.100E-01
refine_filter_3             =                 0.100E-01
refine_filter_4             =                 0.100E-01
rss_limit                   =                -0.100E+01
sigmagp                     =                 0.300E+01
sim_derefineradius          =                 0.000E+00
sim_earliestlstime          =                 0.000E+00
sim_expenergy               =                 0.100E+01
sim_largestnormradius       =                 0.180+309
sim_latestlstime            =                 0.180+309
sim_minrhoinit              =                 0.100E-19
sim_pambient                =                 0.100E-04
sim_rinit                   =                 0.137E-01 [CHANGED]
sim_rhoambient              =                 0.100E+01
sim_smallestnormradius      =                 0.000E+00
sim_xctr                    =                 0.500E+00
sim_yctr                    =                 0.500E+00
sim_zctr                    =                 0.500E+00
small                       =                 0.100E-09
smalle                      =                 0.100E-09
smallp                      =                 0.100E-09
smallt                      =                 0.100E-09
smallu                      =                 0.100E-09
smallx                      =                 0.100E-09
smlrho                      =                 0.100E-09
tinitial                    =                 0.000E+00
tiny                        =                 0.100E-15
tmax                        =                 0.500E+06 [CHANGED]
tstep_change_factor         =                 0.200E+01
wall_clock_checkpoint       =                 0.432E+05
wall_clock_time_limit       =                 0.605E+06
x_refine_center             =                 0.000E+00
xmax                        =                 0.100E+01
xmin                        =                 0.000E+00
y_refine_center             =                 0.000E+00
ymax                        =                 0.100E+01
ymin                        =                 0.000E+00
zfinal                      =                 0.000E+00
zinitial                    =                -0.100E+01
z_refine_center             =                 0.000E+00
zmax                        =                 0.100E+01
zmin                        =                 0.000E+00
riemannsolver               = Roe                            [CHANGED]
unitsystem                  = none                          
basenm                      = sedov_                         [CHANGED]
entropyfixmethod            = HARTENHYMAN                   
eosmode                     = dens_ie                       
eosmodeinit                 = dens_ie                       
geometry                    = cartesian                     
gr_pmrpoutputdir            = ./                            
grav_boundary_type          = isolated                      
hy_eosmodegc                = see eosMode                   
log_file                    = sedov.log                      [CHANGED]
output_directory            =                               
pc_unitsbase                = CGS                           
plot_grid_var_1             = none                          
plot_grid_var_10            = none                          
plot_grid_var_11            = none                          
plot_grid_var_12            = none                          
plot_grid_var_13            = none                          
plot_grid_var_14            = none                          
plot_grid_var_15            = none                          
plot_grid_var_16            = none                          
plot_grid_var_17            = none                          
plot_grid_var_18            = none                          
plot_grid_var_19            = none                          
plot_grid_var_2             = none                          
plot_grid_var_20            = none                          
plot_grid_var_21            = none                          
plot_grid_var_22            = none                          
plot_grid_var_23            = none                          
plot_grid_var_24            = none                          
plot_grid_var_25            = none                          
plot_grid_var_26            = none                          
plot_grid_var_27            = none                          
plot_grid_var_28            = none                          
plot_grid_var_29            = none                          
plot_grid_var_3             = none                          
plot_grid_var_30            = none                          
plot_grid_var_31            = none                          
plot_grid_var_32            = none                          
plot_grid_var_33            = none                          
plot_grid_var_34            = none                          
plot_grid_var_35            = none                          
plot_grid_var_36            = none                          
plot_grid_var_37            = none                          
plot_grid_var_38            = none                          
plot_grid_var_39            = none                          
plot_grid_var_4             = none                          
plot_grid_var_40            = none                          
plot_grid_var_41            = none                          
plot_grid_var_42            = none                          
plot_grid_var_43            = none                          
plot_grid_var_44            = none                          
plot_grid_var_45            = none                          
plot_grid_var_46            = none                          
plot_grid_var_47            = none                          
plot_grid_var_48            = none                          
plot_grid_var_49            = none                          
plot_grid_var_5             = none                          
plot_grid_var_50            = none                          
plot_grid_var_51            = none                          
plot_grid_var_52            = none                          
plot_grid_var_53            = none                          
plot_grid_var_54            = none                          
plot_grid_var_55            = none                          
plot_grid_var_56            = none                          
plot_grid_var_57            = none                          
plot_grid_var_58            = none                          
plot_grid_var_59            = none                          
plot_grid_var_6             = none                          
plot_grid_var_60            = none                          
plot_grid_var_61            = none                          
plot_grid_var_62            = none                          
plot_grid_var_63            = none                          
plot_grid_var_64            = none                          
plot_grid_var_65            = none                          
plot_grid_var_66            = none                          
plot_grid_var_67            = none                          
plot_grid_var_68            = none                          
plot_grid_var_69            = none                          
plot_grid_var_7             = none                          
plot_grid_var_70            = none                          
plot_grid_var_71            = none                          
plot_grid_var_72            = none                          
plot_grid_var_73            = none                          
plot_grid_var_74            = none                          
plot_grid_var_75            = none                          
plot_grid_var_76            = none                          
plot_grid_var_77            = none                          
plot_grid_var_78            = none                          
plot_grid_var_8             = none                          
plot_grid_var_9             = none                          
plot_var_1                  = dens                           [CHANGED]
plot_var_10                 = none                          
plot_var_11                 = none                          
plot_var_12                 = none                          
plot_var_13                 = none                          
plot_var_14                 = none                          
plot_var_15                 = none                          
plot_var_16                 = none                          
plot_var_17                 = none                          
plot_var_18                 = none                          
plot_var_2                  = pres                           [CHANGED]
plot_var_3                  = temp                           [CHANGED]
plot_var_4                  = none                          
plot_var_5                  = none                          
plot_var_6                  = none                          
plot_var_7                  = none                          
plot_var_8                  = none                          
plot_var_9                  = none                          
prof_file                   = profile.dat                   
refine_var_1                = dens                           [CHANGED]
refine_var_2                = pres                           [CHANGED]
refine_var_3                = none                          
refine_var_4                = none                          
run_comment                 = Sedov explosion                [CHANGED]
run_number                  = 1                             
sim_proffilename            = /dev/null                      [CHANGED]
slopelimiter                = mc                             [CHANGED]
stats_file                  = flashx.dat                    
wenomethod                  = WENO5                         
xl_boundary_type            = outflow                        [CHANGED]
xr_boundary_type            = outflow                        [CHANGED]
yl_boundary_type            = outflow                        [CHANGED]
yr_boundary_type            = outflow                        [CHANGED]
zl_boundary_type            = outflow                        [CHANGED]
zr_boundary_type            = outflow                        [CHANGED]
csvsummaryallprocs          =  F
eosforriemann               =  F
logsummaryallprocs          =  F
addthermalflux              =  T
allowdtstsdominate          =  F
alwayscomputeuservars       =  T
alwaysrestrictcheckpoint    =  T
charlimiting                =  T
chkguardcellsinput          =  F
chkguardcellsoutput         =  F
conserveangmom              =  F
converttoconsvdformeshcalls =  F
converttoconsvdinmeshinterp =  T
corners                     =  F
dr_printtsteploc            =  T
dr_shortenlaststepbeforetmax =  F
drift_tuples                =  F
eachprocwritesownabortlog   =  F
eachprocwritessummary       =  F
earlyblockdistadjustment    =  T
enablemaskedgcfill          =  F
entropy                     =  F
flux_correct                =  T
flux_correct_perlevel       =  F
geometryoverride            =  F
gr_bcenableapplymixedgds    =  T
gr_bndgcfillneedsprimitivevars =  T
gr_btcustomwork             =  F
gr_btexchangework           =  F
gr_btsortbywork             =  T
gr_enabletiling             =  F
gr_lrefinemaxbytime         =  F
gr_lrefinemaxreddobylogr    =  F
gr_lrefinemaxreddobytime    =  F
gr_pmrpadvancealllevels     =  F
gr_pmrpamrerrorchecking     =  F
gr_pmrpcartesianpm          =  F
gr_pmrpconserve             =  F
gr_pmrpconsvfluxdensities   =  T
gr_pmrpconsvfluxes          =  F
gr_pmrpcurvilinear          =  F
gr_pmrpcurvilinearconserve  =  F
gr_pmrpcylindricalpm        =  F
gr_pmrpdiagonals            =  T
gr_pmrpedgevalue            =  T
gr_pmrpedgevalueinteg       =  F
gr_pmrpemptycells           =  F
gr_pmrpforceconsistency     =  T
gr_pmrplsingularline        =  F
gr_pmrpnopermanentguardcells =  F
gr_pmrppolarpm              =  F
gr_pmrppredcorr             =  F
gr_pmrpsphericalpm          =  F
gr_pmrptimingmpi            =  F
gr_pmrptimingmpix           =  F
gr_pmrpvardt                =  F
gr_usetiling                =  F
hy_fallbacklowercfl         =  F
hy_fullspecmsfluxhandling   =  T
hy_usetiling                =  F
ignoreforcedplot            =  F
io_writemscalarintegrals    =  F
plotfilegridquantitydp      =  F
plotfilemetadatadp          =  F
reducegcellfills            =  F
refine_on_particle_count    =  F
restart                     =  F
shockdetect                 =  F
shocklowercfl               =  F
sim_bcsetbdryvar            =  F
sim_forcecenterderefine     =  F
sim_onelevelintegralsonly   =  F
summaryoutputonly           =  F
threadblocklistbuild        =  F
threaddelepblocklist        =  F
threaddelepwithinblock      =  F
threaddriverblocklist       =  F
threaddriverwithinblock     =  F
threadeoswithinblock        =  F
threadhydroblocklist        =  F
threadhydrowithinblock      =  F
threadraytracebuild         =  F
threadwithinblockbuild      =  F
tmr_suppressinparallel      =  F
typematchedxfer             =  T
unbiased_geometry           =  F
updatehydrofluxes           =  T
useburn                     =  F
usecollectivehdf5           =  T
usedeleptonize              =  F
usegravity                  =  F
useheatad                   =  F
useheater                   =  F
usehydro                    =  T
useimbound                  =  F
useincompns                 =  F
useinlet                    =  F
uselegacylabels             =  T
usemultiphase               =  F
useorchestration            =  F
useoutlet                   =  F
useparticles                =  F
useradtrans                 =  F
usests                      =  F
usestsfordiffusion          =  F
usesolidmechanics           =  F
use_3dfullctu               =  T
use_auxeinteqn              =  T
use_avisc                   =  T [CHANGED]
use_cma_advection           =  F
use_cma_flattening          =  F
use_flash_surr_blks_fill    =  T
use_flattening              =  F
use_gravhalfupdate          =  T
use_hybridorder             =  F
use_reduced_orrery          =  T
use_steepening              =  F
use_upwindtvd               =  F
writestatsummary            =  T
                                                                               
 ==============================================================================
                                                                               
 Known units of measurement:
                                                                               
              Unit                          CGS Value                Base Unit
  1                  cm                     1.0000                           cm
  2                   s                     1.0000                            s
  3                   g                     1.0000                            g
  4                   K                     1.0000                            K
  5                 esu                     1.0000                          esu
  6                 mol                     1.0000                          mol
  7                   m                     100.00                           cm
  8                  km                    1.00000E+05                       cm
  9                  pc                    3.08568E+18                       cm
 10                 kpc                    3.08568E+21                       cm
 11                 Mpc                    3.08568E+24                       cm
 12                 Gpc                    3.08568E+27                       cm
 13                Rsun                    6.96000E+10                       cm
 14                  AU                    1.49598E+13                       cm
 15                  yr                    3.15569E+07                        s
 16                 Myr                    3.15569E+13                        s
 17                 Gyr                    3.15569E+16                        s
 18                  kg                     1000.0                            g
 19                Msun                    1.98892E+33                        g
 20                 amu                    1.66054E-24                        g
 21                  eV                     11605.                            K
 22                   C                    2.99792E+09                      esu
 23                LFLY                    3.08568E+24                       cm
 24                TFLY                    2.05759E+17                        s
 25                MFLY                    9.88470E+45                        g
 26            clLength                    3.08568E+24                       cm
 27              clTime                    3.15569E+16                        s
 28              clMass                    1.98892E+48                        g
 29              clTemp                    1.16045E+07                        K
-----------End of Units--------------------
                                                                               
 Known physical constants:
                                                                               
    Constant Name       Constant Value   cm       s        g        K        esu      mol
  1              Newton    6.67408E-08   3.0     -2.0     -1.0      0.0      0.0      0.0    
  2      speed of light    2.99792E+10   1.0     -1.0      0.0      0.0      0.0      0.0    
  3              Planck    6.62607E-27   2.0     -1.0      1.0      0.0      0.0      0.0    
  4     electron charge    4.80320E-10   0.0      0.0      0.0      0.0      1.0      0.0    
  5       electron mass    9.10938E-28   0.0      0.0      1.0      0.0      0.0      0.0    
  6         proton mass    1.67262E-24   0.0      0.0      1.0      0.0      0.0      0.0    
  7      fine-structure    7.29735E-03   0.0      0.0      0.0      0.0      0.0      0.0    
  8            Avogadro    6.02214E+23   0.0      0.0      0.0      0.0      0.0     -1.0    
  9           Boltzmann    1.38065E-16   2.0     -2.0      1.0     -1.0      0.0      0.0    
 10  ideal gas constant    8.31446E+07   2.0     -2.0      1.0     -1.0      0.0     -1.0    
 11                Wien    0.28978       1.0      0.0      0.0      1.0      0.0      0.0    
 12    Stefan-Boltzmann    5.67037E-05   0.0     -3.0      1.0     -4.0      0.0      0.0    
 13  Radiation Constant    7.56572E-15  -1.0     -2.0      1.0     -4.0      0.0      0.0    
 14                  pi     3.1416       0.0      0.0      0.0      0.0      0.0      0.0    
 15                   e     2.7183       0.0      0.0      0.0      0.0      0.0      0.0    
 16               Euler    0.57722       0.0      0.0      0.0      0.0      0.0      0.0    
 ==============================================================================
                                                                               
 Multifluid database: not configured in
                                                                               
 ==============================================================================
 [ 02-28-2025  12:56:48.498 ] [gr_initGeometry] checking BCs for idir: 1
 [ 02-28-2025  12:56:48.498 ] [gr_initGeometry] checking BCs for idir: 2
 [ 02-28-2025  12:56:48.498 ] [gr_initGeometry] checking BCs for idir: 3
 [ 02-28-2025  12:56:50.627 ] [GRID amr_refine_derefine]: initiating refinement
 [ 02-28-2025  12:56:50.627 ] [GRID amr_refine_derefine]: redist. phase.  tot blks requested: 4096
 [GRID amr_refine_derefine] min blks 4    max blks 5    tot blks 4096
 [GRID amr_refine_derefine] min leaf blks 4    max leaf blks 5    tot leaf blks 4096
 [ 02-28-2025  12:56:50.809 ] [GRID amr_refine_derefine]: refinement complete
 [ 02-28-2025  12:56:50.932 ] [GRID gr_expandDomain]: iteration=1, create level=2
 INFO: Grid_fillGuardCells is ignoring masking.
 [ 02-28-2025  12:56:56.235 ] [mpi_amr_comm_setup]: buffer_dim_send=3349693, buffer_dim_recv=2207173
 [ 02-28-2025  12:56:57.046 ] [GRID amr_refine_derefine]: initiating refinement
 [ 02-28-2025  12:56:57.057 ] [GRID amr_refine_derefine]: redist. phase.  tot blks requested: 4160
 [GRID amr_refine_derefine] min blks 4    max blks 5    tot blks 4160
 [GRID amr_refine_derefine] min leaf blks 4    max leaf blks 5    tot leaf blks 4152
 [ 02-28-2025  12:56:57.177 ] [GRID amr_refine_derefine]: refinement complete
 [ 02-28-2025  12:56:57.181 ] [GRID gr_expandDomain]: iteration=2, create level=3
 [ 02-28-2025  12:57:03.153 ] [GRID amr_refine_derefine]: initiating refinement
 [ 02-28-2025  12:57:03.162 ] [GRID amr_refine_derefine]: redist. phase.  tot blks requested: 4224
 [GRID amr_refine_derefine] min blks 4    max blks 6    tot blks 4224
 [GRID amr_refine_derefine] min leaf blks 3    max leaf blks 5    tot leaf blks 4208
 [ 02-28-2025  12:57:03.273 ] [GRID amr_refine_derefine]: refinement complete
 [ 02-28-2025  12:57:03.275 ] [GRID gr_expandDomain]: iteration=3, create level=4
 [ 02-28-2025  12:57:08.545 ] [mpi_amr_comm_setup]: buffer_dim_send=3423553, buffer_dim_recv=2207173
 [ 02-28-2025  12:57:09.202 ] [GRID amr_refine_derefine]: initiating refinement
 [ 02-28-2025  12:57:09.212 ] [GRID amr_refine_derefine]: redist. phase.  tot blks requested: 4288
 [GRID amr_refine_derefine] min blks 4    max blks 6    tot blks 4288
 [GRID amr_refine_derefine] min leaf blks 3    max leaf blks 5    tot leaf blks 4264
 [ 02-28-2025  12:57:09.320 ] [GRID amr_refine_derefine]: refinement complete
 [ 02-28-2025  12:57:09.322 ] [GRID gr_expandDomain]: iteration=4, create level=5
 [ 02-28-2025  12:57:14.596 ] [mpi_amr_comm_setup]: buffer_dim_send=3422269, buffer_dim_recv=2207173
 [ 02-28-2025  12:57:15.290 ] [GRID amr_refine_derefine]: initiating refinement
 [ 02-28-2025  12:57:15.301 ] [GRID amr_refine_derefine]: redist. phase.  tot blks requested: 6144
 [GRID amr_refine_derefine] min blks 6    max blks 9    tot blks 6144
 [GRID amr_refine_derefine] min leaf blks 5    max leaf blks 7    tot leaf blks 5888
 [ 02-28-2025  12:57:15.433 ] [GRID amr_refine_derefine]: refinement complete
 [ 02-28-2025  12:57:15.437 ] [GRID gr_expandDomain]: iteration=5, create level=6
 [ 02-28-2025  12:57:22.916 ] [mpi_amr_comm_setup]: buffer_dim_send=2974177, buffer_dim_recv=2540365
 [ 02-28-2025  12:57:23.922 ] [GRID amr_refine_derefine]: initiating refinement
 [ 02-28-2025  12:57:23.931 ] [GRID amr_refine_derefine]: redist. phase.  tot blks requested: 9152
 [GRID amr_refine_derefine] min blks 9    max blks 12    tot blks 9152
 [GRID amr_refine_derefine] min leaf blks 7    max leaf blks 10    tot leaf blks 8520
 [ 02-28-2025  12:57:24.134 ] [GRID amr_refine_derefine]: refinement complete
 [ 02-28-2025  12:57:24.139 ] [GRID gr_expandDomain]: iteration=6, create level=6
 [ 02-28-2025  12:57:35.189 ] [mpi_amr_comm_setup]: buffer_dim_send=4843741, buffer_dim_recv=2669029
 [ 02-28-2025  12:57:36.627 ] [GRID gr_expandDomain]: iteration=7, create level=6
 [ 02-28-2025  12:57:49.108 ] [GRID gr_expandDomain]: iteration=8, create level=6
 [ 02-28-2025  12:58:00.994 ] memory: /proc vsize    (MB):     4566.37 (min)       4799.12 (max)       4731.12 (avg)
 [ 02-28-2025  12:58:00.994 ] memory: /proc rss      (MB):     1840.87 (min)       1930.84 (max)       1894.87 (avg)
 [ 02-28-2025  12:58:00.995 ] memory: /proc vsize    (MB):     4566.37 (min)       4799.12 (max)       4731.12 (avg)
 [ 02-28-2025  12:58:00.995 ] memory: /proc rss      (MB):     1840.87 (min)       1930.84 (max)       1894.87 (avg)
 [ 02-28-2025  12:58:01.014 ] memory: /proc vsize    (MB):     4566.37 (min)       4799.12 (max)       4731.12 (avg)
 [ 02-28-2025  12:58:01.015 ] memory: /proc rss      (MB):     1840.87 (min)       1930.84 (max)       1894.88 (avg)
 [ 02-28-2025  12:58:04.578 ] [IO_writeCheckpoint] open: type=checkpoint name=sedov_hdf5_chk_0000
 [ 02-28-2025  12:58:13.110 ] [io_writeData]: wrote    9152          blocks
 [ 02-28-2025  12:58:13.154 ] [IO_writeCheckpoint] close: type=checkpoint name=sedov_hdf5_chk_0000
 [ 02-28-2025  12:58:13.262 ] [IO_writePlotfile] open: type=plotfile name=sedov_hdf5_plt_cnt_0000
 [ 02-28-2025  12:58:14.306 ] [io_writeData]: wrote    9152          blocks
 [ 02-28-2025  12:58:14.319 ] [IO_writePlotfile] close: type=plotfile name=sedov_hdf5_plt_cnt_0000
 [ 02-28-2025  12:58:14.322 ] memory: /proc vsize    (MB):     4586.64 (min)       5012.70 (max)       4740.65 (avg)
 [ 02-28-2025  12:58:14.324 ] memory: /proc rss      (MB):     1847.48 (min)       1937.89 (max)       1903.25 (avg)
 [ 02-28-2025  12:58:14.327 ] [Driver_evolveAll]: Entering evolution loop
 [ 02-28-2025  12:58:14.330 ] step: n=1 t=0.000000E+00 dt=1.000000E-10
 [ 02-28-2025  12:58:18.049 ] step: n=2 t=1.000000E-10 dt=2.000000E-10
 [ 02-28-2025  12:58:24.283 ] step: n=3 t=3.000000E-10 dt=4.000000E-10
 [ 02-28-2025  12:58:27.977 ] step: n=4 t=7.000000E-10 dt=8.000000E-10
 [ 02-28-2025  12:58:34.248 ] step: n=5 t=1.500000E-09 dt=1.600000E-09
 [ 02-28-2025  12:58:37.946 ] step: n=6 t=3.100000E-09 dt=3.200000E-09
 [ 02-28-2025  12:58:44.235 ] step: n=7 t=6.300000E-09 dt=6.400000E-09
 [ 02-28-2025  12:58:47.925 ] step: n=8 t=1.270000E-08 dt=1.280000E-08
 [ 02-28-2025  12:58:54.221 ] step: n=9 t=2.550000E-08 dt=2.560000E-08
 [ 02-28-2025  12:58:57.922 ] step: n=10 t=5.110000E-08 dt=5.120000E-08
 [ 02-28-2025  12:59:08.854 ] [IO_writeCheckpoint] open: type=checkpoint name=sedov_hdf5_chk_0001
 [ 02-28-2025  12:59:17.050 ] [io_writeData]: wrote    9152          blocks
 [ 02-28-2025  12:59:17.057 ] [IO_writeCheckpoint] close: type=checkpoint name=sedov_hdf5_chk_0001
 [ 02-28-2025  12:59:17.059 ] step: n=11 t=1.023000E-07 dt=1.024000E-07
 [ 02-28-2025  12:59:20.753 ] step: n=12 t=2.047000E-07 dt=2.011896E-07
 [ 02-28-2025  12:59:27.065 ] step: n=13 t=4.058896E-07 dt=1.856898E-07
 [ 02-28-2025  12:59:30.762 ] step: n=14 t=5.915794E-07 dt=1.729914E-07
 [ 02-28-2025  12:59:37.102 ] step: n=15 t=7.645708E-07 dt=1.642472E-07
 [ 02-28-2025  12:59:40.811 ] step: n=16 t=9.288179E-07 dt=1.580871E-07
 [ 02-28-2025  12:59:47.108 ] step: n=17 t=1.086905E-06 dt=1.534569E-07
 [ 02-28-2025  12:59:50.821 ] step: n=18 t=1.240362E-06 dt=1.499651E-07
 [ 02-28-2025  12:59:57.122 ] step: n=19 t=1.390327E-06 dt=1.474127E-07
 [ 02-28-2025  13:00:00.824 ] step: n=20 t=1.537740E-06 dt=1.456205E-07
 [ 02-28-2025  13:00:11.606 ] [IO_writeCheckpoint] open: type=checkpoint name=sedov_hdf5_chk_0002
 [ 02-28-2025  13:00:15.197 ] [io_writeData]: wrote    9152          blocks
 [ 02-28-2025  13:00:15.204 ] [IO_writeCheckpoint] close: type=checkpoint name=sedov_hdf5_chk_0002
 [ 02-28-2025  13:00:15.206 ] step: n=21 t=1.683360E-06 dt=1.444985E-07
 [ 02-28-2025  13:00:18.909 ] step: n=22 t=1.827859E-06 dt=1.441710E-07
 [ 02-28-2025  13:00:25.313 ] step: n=23 t=1.972030E-06 dt=1.441286E-07
 [ 02-28-2025  13:00:29.023 ] step: n=24 t=2.116158E-06 dt=1.441099E-07
 [ 02-28-2025  13:00:35.325 ] step: n=25 t=2.260268E-06 dt=1.441302E-07
 [ 02-28-2025  13:00:39.035 ] step: n=26 t=2.404398E-06 dt=1.442588E-07
 [ 02-28-2025  13:00:45.300 ] [GRID amr_refine_derefine]: initiating refinement
 [ 02-28-2025  13:00:45.314 ] [GRID amr_refine_derefine]: redist. phase.  tot blks requested: 9536
 [GRID amr_refine_derefine] min blks 10    max blks 13    tot blks 9536
 [GRID amr_refine_derefine] min leaf blks 8    max leaf blks 11    tot leaf blks 8856
 [ 02-28-2025  13:00:45.523 ] [GRID amr_refine_derefine]: refinement complete
 [ 02-28-2025  13:00:45.933 ] step: n=27 t=2.548657E-06 dt=1.444833E-07
 [ 02-28-2025  13:00:45.933 ] [mpi_amr_comm_setup]: buffer_dim_send=4300885, buffer_dim_recv=2669029
 [ 02-28-2025  13:00:49.771 ] step: n=28 t=2.693141E-06 dt=1.448057E-07
 [ 02-28-2025  13:00:56.359 ] step: n=29 t=2.837946E-06 dt=1.450172E-07
 [ 02-28-2025  13:01:00.190 ] step: n=30 t=2.982964E-06 dt=1.450055E-07
 [ 02-28-2025  13:01:11.539 ] [IO_writeCheckpoint] open: type=checkpoint name=sedov_hdf5_chk_0003
 [ 02-28-2025  13:01:15.363 ] [io_writeData]: wrote    9536          blocks
 [ 02-28-2025  13:01:15.372 ] [IO_writeCheckpoint] close: type=checkpoint name=sedov_hdf5_chk_0003
 [ 02-28-2025  13:01:15.374 ] step: n=31 t=3.127969E-06 dt=1.449474E-07
 [ 02-28-2025  13:01:19.211 ] step: n=32 t=3.272916E-06 dt=1.449259E-07
 [ 02-28-2025  13:01:25.804 ] step: n=33 t=3.417842E-06 dt=1.447113E-07
 [ 02-28-2025  13:01:29.636 ] step: n=34 t=3.562554E-06 dt=1.446418E-07
 [ 02-28-2025  13:01:36.234 ] step: n=35 t=3.707195E-06 dt=1.446455E-07
 [ 02-28-2025  13:01:40.068 ] step: n=36 t=3.851841E-06 dt=1.446573E-07
 [ 02-28-2025  13:01:46.663 ] step: n=37 t=3.996498E-06 dt=1.446767E-07
 [ 02-28-2025  13:01:50.496 ] step: n=38 t=4.141175E-06 dt=1.447318E-07
 [ 02-28-2025  13:01:57.084 ] step: n=39 t=4.285907E-06 dt=1.447598E-07
 [ 02-28-2025  13:02:00.920 ] step: n=40 t=4.430666E-06 dt=1.447127E-07
 [ 02-28-2025  13:02:12.125 ] [IO_writeCheckpoint] open: type=checkpoint name=sedov_hdf5_chk_0004
 [ 02-28-2025  13:02:15.921 ] [io_writeData]: wrote    9536          blocks
 [ 02-28-2025  13:02:15.928 ] [IO_writeCheckpoint] close: type=checkpoint name=sedov_hdf5_chk_0004
 [ 02-28-2025  13:02:15.929 ] step: n=41 t=4.575379E-06 dt=1.446812E-07
 [ 02-28-2025  13:02:19.773 ] step: n=42 t=4.720060E-06 dt=1.446456E-07
 [ 02-28-2025  13:02:26.324 ] step: n=43 t=4.864706E-06 dt=1.446294E-07
 [ 02-28-2025  13:02:30.160 ] step: n=44 t=5.009335E-06 dt=1.446250E-07
 [ 02-28-2025  13:02:36.753 ] step: n=45 t=5.153960E-06 dt=1.445216E-07
 [ 02-28-2025  13:02:40.584 ] step: n=46 t=5.298482E-06 dt=1.444823E-07
 [ 02-28-2025  13:02:47.185 ] step: n=47 t=5.442964E-06 dt=1.444551E-07
 [ 02-28-2025  13:02:51.019 ] step: n=48 t=5.587419E-06 dt=1.444288E-07
 [ 02-28-2025  13:02:57.605 ] step: n=49 t=5.731848E-06 dt=1.444159E-07
 [ 02-28-2025  13:03:01.438 ] step: n=50 t=5.876264E-06 dt=1.444089E-07
 [ 02-28-2025  13:03:12.628 ] [IO_writeCheckpoint] open: type=checkpoint name=sedov_hdf5_chk_0005
 [ 02-28-2025  13:03:16.230 ] [io_writeData]: wrote    9536          blocks
 [ 02-28-2025  13:03:16.237 ] [IO_writeCheckpoint] close: type=checkpoint name=sedov_hdf5_chk_0005
 [ 02-28-2025  13:03:16.239 ] step: n=51 t=6.020673E-06 dt=1.443103E-07
 [ 02-28-2025  13:03:20.099 ] step: n=52 t=6.164983E-06 dt=1.442630E-07
 [ 02-28-2025  13:03:26.700 ] step: n=53 t=6.309246E-06 dt=1.442278E-07
 [ 02-28-2025  13:03:30.535 ] step: n=54 t=6.453474E-06 dt=1.441955E-07
 [ 02-28-2025  13:03:37.122 ] step: n=55 t=6.597670E-06 dt=1.441758E-07
 [ 02-28-2025  13:03:40.944 ] step: n=56 t=6.741845E-06 dt=1.441499E-07
 [ 02-28-2025  13:03:47.533 ] step: n=57 t=6.885995E-06 dt=1.440523E-07
 [ 02-28-2025  13:03:51.362 ] step: n=58 t=7.030048E-06 dt=1.439965E-07
 [ 02-28-2025  13:03:57.949 ] step: n=59 t=7.174044E-06 dt=1.439601E-07
 [ 02-28-2025  13:04:01.778 ] step: n=60 t=7.318004E-06 dt=1.439284E-07
 [ 02-28-2025  13:04:13.237 ] [IO_writeCheckpoint] open: type=checkpoint name=sedov_hdf5_chk_0006
 [ 02-28-2025  13:04:16.879 ] [io_writeData]: wrote    9536          blocks
 [ 02-28-2025  13:04:16.891 ] [IO_writeCheckpoint] close: type=checkpoint name=sedov_hdf5_chk_0006
 [ 02-28-2025  13:04:16.893 ] [Driver_evolveAll]: Exiting evolution loop
 [ 02-28-2025  13:04:17.165 ] [IO_writePlotfile] open: type=plotfile name=sedov_forced_hdf5_plt_cnt_0000
 [ 02-28-2025  13:04:21.457 ] [io_writeData]: wrote    9536          blocks
 [ 02-28-2025  13:04:21.639 ] [IO_writePlotfile] close: type=plotfile name=sedov_forced_hdf5_plt_cnt_0000
 [ 02-28-2025  13:04:21.710 ] memory: /proc vsize    (MB):     4645.57 (min)       5037.82 (max)       4778.80 (avg)
 [ 02-28-2025  13:04:21.760 ] memory: /proc rss      (MB):     1962.34 (min)       2063.40 (max)       2002.83 (avg)
 ==============================================================================
 perf_summary: code performance summary for process            0
                      beginning : 02-28-2025  12:56:48
                         ending : 02-28-2025  13:04:21
   seconds in monitoring period :              453.314
      number of evolution steps :                   60
 ------------------------------------------------------------------------------
 accounting unit                       time sec  num calls   secs avg  time pct
 ------------------------------------------------------------------------------
 initialization                         85.830      1          85.830    18.934
  eos                                    0.208      8           0.026     0.046
  guardcell internal                     2.737      7           0.391     0.604
   amr_guardcell                         2.617      7           0.374     0.577
   eos gc                                0.000      7           0.000     0.000
  writeCheckpoint                       12.117      1          12.117     2.673
   restrictAll                           3.299      1           3.299     0.728
  writePlotfile                          1.163      1           1.163     0.257
 writePlotfile                           4.725      1           4.725     1.042
 evolution                             362.565      1         362.565    79.981
  Hydro                                170.081     60           2.835    37.519
   Head                                 37.805     60           0.630     8.340
    guardcell internal                  37.804     60           0.630     8.339
     amr_guardcell                      35.084     60           0.585     7.740
     eos gc                              0.002     60           0.000     0.000
   compute fluxes                      126.470     60           2.108    27.899
    hy_computeFluxes                   126.468    600           0.211    27.899
     RiemannState                      108.748    600           0.181    23.990
     getFaceFlux                        17.568    600           0.029     3.876
   conserveFluxes                        0.045     60           0.001     0.010
   update solution                       5.698     60           0.095     1.257
    update solution body                 5.697    600           0.009     1.257
     unsplitUpdate                       2.146    600           0.004     0.473
  sourceTerms                            0.000     60           0.000     0.000
  Particles_advance                      0.000     60           0.000     0.000
  Gravity potential                      0.000     60           0.000     0.000
  IO_output                            110.120    120           0.918    24.292
   diagnostics                          55.418    120           0.462    12.225
   checkpointing                        54.652      6           9.109    12.056
    writeCheckpoint                     54.650      6           9.108    12.056
     restrictAll                        22.054      6           3.676     4.865
  Grid_updateRefinement                 81.146     60           1.352    17.901
   eos                                   0.074      1           0.074     0.016
   tree                                 81.071     60           1.351    17.884
    markRefineDerefine                  21.700     30           0.723     4.787
     guardcell internal                 19.230     30           0.641     4.242
      amr_guardcell                     17.911     30           0.597     3.951
      eos gc                             0.001     30           0.000     0.000
    amr_refine_derefine                 58.307     30           1.944    12.862
    updateData                           0.000     30           0.000     0.000
   updateParticleRefinement              0.000      1           0.000     0.000
  Driver_computeDt                       1.171     60           0.020     0.258
 ==============================================================================
 [ 02-28-2025  13:04:21.910 ] [Timers_getSummary]: Not writing timer max/min/avg values because not all processors had same timers
 [ 02-28-2025  13:04:21.953 ] LOGFILE_END: FLASH run complete.
 FLASH log file:  02-28-2025  13:04:33.051    Run number:  1
 ==============================================================================
 Number of MPI tasks:                896
 MPI version:                          3
 MPI subversion:                       1
 Dimensionality:                       3
 Max Number of Blocks/Proc:          200
 Number x zones:                      32
 Number y zones:                      32
 Number z zones:                      32
 Setup stamp:     Fri Nov 1 14:03:57 2024
 Build stamp:     Fri Nov 1 14:04:23 2024
 System info:     Linux corona211 4.18.0-553.22.1.1toss.t4.x86_64 #1 SMP Tue Sep 24 16:50:00 PDT 2
 Version:         Flash-X 1.0 (heads/main-0-g6040ba49-dirty)                                      
 Build directory: /usr/workspace/ather1/Flash-X/sedov
 Setup syntax:    /usr/workspace/ather1/Flash-X/bin/setup.py Sedov -auto -3d -nxb=32 -nyb=32 -nzb=32 +parallelio -objdir=/usr/workspace/ather1/Flash-X/sedov
 f compiler flags: mpif90 -ggdb -c -O2 -fdefault-real-8 -fdefault-double-8 -Wuninitialized -fallow-argument-mismatch -fallow-argument-mismatch -DMAXBLOCKS=200 -DNXB=32 -DNYB=32 -DNZB=32 -DN_DIM=3
 c compiler flags:    mpicc -I/p/lustre2/ather1/hdf5-1.14.4-3/install/include -DH5_USE_18_API -ggdb -c -O2 -Wuninitialized -D_FORTIFY_SOURCE=2 -DMAXBLOCKS=200 -DNXB=32 -DNYB=32 -DNZB=32 -DN_DIM=3
 ==============================================================================
 Comment:  Sedov explosion
 ==============================================================================
 FLASH Units used:
   Driver/DriverMain/Unsplit
   Grid/GridBoundaryConditions
   Grid/GridMain/AMR/Paramesh4/PM4_package/flash_avoid_orrery
   Grid/GridMain/AMR/Paramesh4/PM4_package/headers
   Grid/GridMain/AMR/Paramesh4/PM4_package/source
   Grid/GridMain/AMR/Paramesh4/PM4_package/utilities/multigrid
   Grid/GridMain/AMR/Paramesh4/interpolation/prolong
   Grid/GridMain/AMR/Paramesh4/levelFlux
   Grid/localAPI
   IO/IOMain/hdf5/parallel/PM
   IO/localAPI
   PhysicalConstants/PhysicalConstantsMain
   RuntimeParameters/RuntimeParametersMain
   Simulation/SimulationMain/Sedov
   TimeAdvance/TimeAdvanceMain/StrangSplit
   flashUtilities/contiguousConversion
   flashUtilities/general
   flashUtilities/interpolation/oneDim
   flashUtilities/nameValueLL
   flashUtilities/sorting/quicksort
   flashUtilities/system/memoryUsage/legacy
   monitors/Logfile/LogfileMain
   monitors/Timers/TimersMain/MPINative
   physics/Eos/EosMain/Gamma
   physics/Hydro/HydroMain/unsplit/OnlyHydro
   physics/Hydro/HydroMain/unsplit/levelFlux
   physics/Hydro/localAPI
 ==============================================================================
 RuntimeParameters:
                                                                               
 ==============================================================================
bndpriorityone              =          1
bndprioritythree            =          3
bndprioritytwo              =          2
checkpointfileintervalstep  =         10 [CHANGED]
checkpointfilenumber        =          0
dr_abortpause               =          2
dr_dtminbelowaction         =          1
drift_break_inst            =          0
drift_trunc_mantissa        =          2
drift_verbose_inst          =          0
eos_entrelescalechoice      =          6
eos_loglevel                =        700
fileformatversion           =          9
forcedplotfilenumber        =          0
gr_lrefmaxtimevalue_1       =         -1
gr_lrefmaxtimevalue_10      =         -1
gr_lrefmaxtimevalue_11      =         -1
gr_lrefmaxtimevalue_12      =         -1
gr_lrefmaxtimevalue_13      =         -1
gr_lrefmaxtimevalue_14      =         -1
gr_lrefmaxtimevalue_15      =         -1
gr_lrefmaxtimevalue_16      =         -1
gr_lrefmaxtimevalue_17      =         -1
gr_lrefmaxtimevalue_18      =         -1
gr_lrefmaxtimevalue_19      =         -1
gr_lrefmaxtimevalue_2       =         -1
gr_lrefmaxtimevalue_20      =         -1
gr_lrefmaxtimevalue_3       =         -1
gr_lrefmaxtimevalue_4       =         -1
gr_lrefmaxtimevalue_5       =         -1
gr_lrefmaxtimevalue_6       =         -1
gr_lrefmaxtimevalue_7       =         -1
gr_lrefmaxtimevalue_8       =         -1
gr_lrefmaxtimevalue_9       =         -1
gr_pmrpdivergencefree       =         -1
gr_pmrpifaceoff             =          0
gr_pmrpl2p5d                =          0
gr_pmrpmaxblocks            =         -1
gr_pmrpmflags               =          1
gr_pmrpnboundaries          =          6
gr_pmrpndim                 =          3
gr_pmrpnedgevar1            =         -1
gr_pmrpnfacevar             =         -1
gr_pmrpnfielddivf           =         -1
gr_pmrpnfluxvar             =         -1
gr_pmrpnguard               =         -1
gr_pmrpnguardwork           =         -1
gr_pmrpnvar                 =         -1
gr_pmrpnvarwork             =          1
gr_pmrpnvarcorn             =          0
gr_pmrpnvaredge             =          0
gr_pmrpnxb                  =         -1
gr_pmrpnyb                  =         -1
gr_pmrpnzb                  =         -1
gr_restrictallmethod        =          3
gr_sanitizedatamode         =          1
gr_sanitizeverbosity        =          5
gr_tilesizex                =         32
gr_tilesizey                =         32
gr_tilesizez                =         32
hy_3torder                  =         -1
hydrocomputedtoption        =         -1
iprocs                      =          1
interpol_order              =          2
irenorm                     =          0
jprocs                      =          1
kprocs                      =          1
lrefine_del                 =          0
lrefine_max                 =          6 [CHANGED]
lrefine_min                 =          1
lrefine_min_init            =          1
max_particles_per_blk       =        100
memory_stat_freq            =     100000
meshcopycount               =          1
min_particles_per_blk       =          1
nbegin                      =          1
nblockx                     =         16 [CHANGED]
nblocky                     =         16 [CHANGED]
nblockz                     =         16 [CHANGED]
nend                        =         60 [CHANGED]
nrefs                       =          2
nsteptotalsts               =          5
order                       =          3 [CHANGED]
outputsplitnum              =          1
plotfileintervalstep        =          0
plotfilenumber              =          0
refine_var_count            =          4
rolling_checkpoint          =      10000
sim_centerrefinelevel       =          1
sim_integralslevel          =         -1
sim_nsubzones               =          7
sweeporder                  =        123
transorder                  =          1
wr_integrals_freq           =          1
limitedslopebeta            =                 0.100E+01
cfl                         =                 0.800E+00
checkpointfileintervaltime  =                 0.000E+00 [CHANGED]
checkpointfileintervalz     =                 0.180+309
cvisc                       =                 0.100E+00
derefine_cutoff_1           =                 0.200E+00
derefine_cutoff_2           =                 0.200E+00
derefine_cutoff_3           =                 0.200E+00
derefine_cutoff_4           =                 0.200E+00
dr_dtmincontinue            =                 0.000E+00
dr_tstepslowstartfactor     =                 0.100E+00
dtinit                      =                 0.100E-09
dtmax                       =                 0.100E+06
dtmin                       =                 0.100E-09
eintswitch                  =                 0.100E-03 [CHANGED]
eos_singlespeciesa          =                 0.100E+01
eos_singlespeciesz          =                 0.100E+01
gamma                       =                 0.140E+01 [CHANGED]
gr_btworkchildscaling       =                 0.100E+01
gr_btworkdefaultleaf        =                 0.200E+01
gr_btworkdefaultpar         =                 0.100E+01
gr_btworklbleaf             =                 0.000E+00
gr_btworklbpar              =                 0.000E+00
gr_btworkubleaf             =                 0.100E+07
gr_btworkubpar              =                 0.100E+07
gr_lrefinemaxredlogbase     =                 0.100E+02
gr_lrefinemaxredradiusfact  =                 0.000E+00
gr_lrefinemaxredtref        =                 0.000E+00
gr_lrefinemaxredtimescale   =                 0.100E+01
gr_lrefmaxtime_1            =                -0.100E+01
gr_lrefmaxtime_10           =                -0.100E+01
gr_lrefmaxtime_11           =                -0.100E+01
gr_lrefmaxtime_12           =                -0.100E+01
gr_lrefmaxtime_13           =                -0.100E+01
gr_lrefmaxtime_14           =                -0.100E+01
gr_lrefmaxtime_15           =                -0.100E+01
gr_lrefmaxtime_16           =                -0.100E+01
gr_lrefmaxtime_17           =                -0.100E+01
gr_lrefmaxtime_18           =                -0.100E+01
gr_lrefmaxtime_19           =                -0.100E+01
gr_lrefmaxtime_2            =                -0.100E+01
gr_lrefmaxtime_20           =                -0.100E+01
gr_lrefmaxtime_3            =                -0.100E+01
gr_lrefmaxtime_4            =                -0.100E+01
gr_lrefmaxtime_5            =                -0.100E+01
gr_lrefmaxtime_6            =                -0.100E+01
gr_lrefmaxtime_7            =                -0.100E+01
gr_lrefmaxtime_8            =                -0.100E+01
gr_lrefmaxtime_9            =                -0.100E+01
hy_cflfallbackfactor        =                 0.900E+00
hy_fpresinmomflux           =                 0.100E+01
hybridorderkappa            =                 0.000E+00
nusts                       =                 0.200E+00 [CHANGED]
plotfileintervaltime        =                 0.000E+00 [CHANGED]
plotfileintervalz           =                 0.180+309
radiusgp                    =                 0.200E+01
refine_cutoff_1             =                 0.800E+00
refine_cutoff_2             =                 0.800E+00
refine_cutoff_3             =                 0.800E+00
refine_cutoff_4             =                 0.800E+00
refine_filter_1             =                 0.100E-01
refine_filter_2             =                 0.100E-01
refine_filter_3             =                 0.100E-01
refine_filter_4             =                 0.100E-01
rss_limit                   =                -0.100E+01
sigmagp                     =                 0.300E+01
sim_derefineradius          =                 0.000E+00
sim_earliestlstime          =                 0.000E+00
sim_expenergy               =                 0.100E+01
sim_largestnormradius       =                 0.180+309
sim_latestlstime            =                 0.180+309
sim_minrhoinit              =                 0.100E-19
sim_pambient                =                 0.100E-04
sim_rinit                   =                 0.137E-01 [CHANGED]
sim_rhoambient              =                 0.100E+01
sim_smallestnormradius      =                 0.000E+00
sim_xctr                    =                 0.500E+00
sim_yctr                    =                 0.500E+00
sim_zctr                    =                 0.500E+00
small                       =                 0.100E-09
smalle                      =                 0.100E-09
smallp                      =                 0.100E-09
smallt                      =                 0.100E-09
smallu                      =                 0.100E-09
smallx                      =                 0.100E-09
smlrho                      =                 0.100E-09
tinitial                    =                 0.000E+00
tiny                        =                 0.100E-15
tmax                        =                 0.500E+06 [CHANGED]
tstep_change_factor         =                 0.200E+01
wall_clock_checkpoint       =                 0.432E+05
wall_clock_time_limit       =                 0.605E+06
x_refine_center             =                 0.000E+00
xmax                        =                 0.100E+01
xmin                        =                 0.000E+00
y_refine_center             =                 0.000E+00
ymax                        =                 0.100E+01
ymin                        =                 0.000E+00
zfinal                      =                 0.000E+00
zinitial                    =                -0.100E+01
z_refine_center             =                 0.000E+00
zmax                        =                 0.100E+01
zmin                        =                 0.000E+00
riemannsolver               = Roe                            [CHANGED]
unitsystem                  = none                          
basenm                      = sedov_                         [CHANGED]
entropyfixmethod            = HARTENHYMAN                   
eosmode                     = dens_ie                       
eosmodeinit                 = dens_ie                       
geometry                    = cartesian                     
gr_pmrpoutputdir            = ./                            
grav_boundary_type          = isolated                      
hy_eosmodegc                = see eosMode                   
log_file                    = sedov.log                      [CHANGED]
output_directory            =                               
pc_unitsbase                = CGS                           
plot_grid_var_1             = none                          
plot_grid_var_10            = none                          
plot_grid_var_11            = none                          
plot_grid_var_12            = none                          
plot_grid_var_13            = none                          
plot_grid_var_14            = none                          
plot_grid_var_15            = none                          
plot_grid_var_16            = none                          
plot_grid_var_17            = none                          
plot_grid_var_18            = none                          
plot_grid_var_19            = none                          
plot_grid_var_2             = none                          
plot_grid_var_20            = none                          
plot_grid_var_21            = none                          
plot_grid_var_22            = none                          
plot_grid_var_23            = none                          
plot_grid_var_24            = none                          
plot_grid_var_25            = none                          
plot_grid_var_26            = none                          
plot_grid_var_27            = none                          
plot_grid_var_28            = none                          
plot_grid_var_29            = none                          
plot_grid_var_3             = none                          
plot_grid_var_30            = none                          
plot_grid_var_31            = none                          
plot_grid_var_32            = none                          
plot_grid_var_33            = none                          
plot_grid_var_34            = none                          
plot_grid_var_35            = none                          
plot_grid_var_36            = none                          
plot_grid_var_37            = none                          
plot_grid_var_38            = none                          
plot_grid_var_39            = none                          
plot_grid_var_4             = none                          
plot_grid_var_40            = none                          
plot_grid_var_41            = none                          
plot_grid_var_42            = none                          
plot_grid_var_43            = none                          
plot_grid_var_44            = none                          
plot_grid_var_45            = none                          
plot_grid_var_46            = none                          
plot_grid_var_47            = none                          
plot_grid_var_48            = none                          
plot_grid_var_49            = none                          
plot_grid_var_5             = none                          
plot_grid_var_50            = none                          
plot_grid_var_51            = none                          
plot_grid_var_52            = none                          
plot_grid_var_53            = none                          
plot_grid_var_54            = none                          
plot_grid_var_55            = none                          
plot_grid_var_56            = none                          
plot_grid_var_57            = none                          
plot_grid_var_58            = none                          
plot_grid_var_59            = none                          
plot_grid_var_6             = none                          
plot_grid_var_60            = none                          
plot_grid_var_61            = none                          
plot_grid_var_62            = none                          
plot_grid_var_63            = none                          
plot_grid_var_64            = none                          
plot_grid_var_65            = none                          
plot_grid_var_66            = none                          
plot_grid_var_67            = none                          
plot_grid_var_68            = none                          
plot_grid_var_69            = none                          
plot_grid_var_7             = none                          
plot_grid_var_70            = none                          
plot_grid_var_71            = none                          
plot_grid_var_72            = none                          
plot_grid_var_73            = none                          
plot_grid_var_74            = none                          
plot_grid_var_75            = none                          
plot_grid_var_76            = none                          
plot_grid_var_77            = none                          
plot_grid_var_78            = none                          
plot_grid_var_8             = none                          
plot_grid_var_9             = none                          
plot_var_1                  = dens                           [CHANGED]
plot_var_10                 = none                          
plot_var_11                 = none                          
plot_var_12                 = none                          
plot_var_13                 = none                          
plot_var_14                 = none                          
plot_var_15                 = none                          
plot_var_16                 = none                          
plot_var_17                 = none                          
plot_var_18                 = none                          
plot_var_2                  = pres                           [CHANGED]
plot_var_3                  = temp                           [CHANGED]
plot_var_4                  = none                          
plot_var_5                  = none                          
plot_var_6                  = none                          
plot_var_7                  = none                          
plot_var_8                  = none                          
plot_var_9                  = none                          
prof_file                   = profile.dat                   
refine_var_1                = dens                           [CHANGED]
refine_var_2                = pres                           [CHANGED]
refine_var_3                = none                          
refine_var_4                = none                          
run_comment                 = Sedov explosion                [CHANGED]
run_number                  = 1                             
sim_proffilename            = /dev/null                      [CHANGED]
slopelimiter                = mc                             [CHANGED]
stats_file                  = flashx.dat                    
wenomethod                  = WENO5                         
xl_boundary_type            = outflow                        [CHANGED]
xr_boundary_type            = outflow                        [CHANGED]
yl_boundary_type            = outflow                        [CHANGED]
yr_boundary_type            = outflow                        [CHANGED]
zl_boundary_type            = outflow                        [CHANGED]
zr_boundary_type            = outflow                        [CHANGED]
csvsummaryallprocs          =  F
eosforriemann               =  F
logsummaryallprocs          =  F
addthermalflux              =  T
allowdtstsdominate          =  F
alwayscomputeuservars       =  T
alwaysrestrictcheckpoint    =  T
charlimiting                =  T
chkguardcellsinput          =  F
chkguardcellsoutput         =  F
conserveangmom              =  F
converttoconsvdformeshcalls =  F
converttoconsvdinmeshinterp =  T
corners                     =  F
dr_printtsteploc            =  T
dr_shortenlaststepbeforetmax =  F
drift_tuples                =  F
eachprocwritesownabortlog   =  F
eachprocwritessummary       =  F
earlyblockdistadjustment    =  T
enablemaskedgcfill          =  F
entropy                     =  F
flux_correct                =  T
flux_correct_perlevel       =  F
geometryoverride            =  F
gr_bcenableapplymixedgds    =  T
gr_bndgcfillneedsprimitivevars =  T
gr_btcustomwork             =  F
gr_btexchangework           =  F
gr_btsortbywork             =  T
gr_enabletiling             =  F
gr_lrefinemaxbytime         =  F
gr_lrefinemaxreddobylogr    =  F
gr_lrefinemaxreddobytime    =  F
gr_pmrpadvancealllevels     =  F
gr_pmrpamrerrorchecking     =  F
gr_pmrpcartesianpm          =  F
gr_pmrpconserve             =  F
gr_pmrpconsvfluxdensities   =  T
gr_pmrpconsvfluxes          =  F
gr_pmrpcurvilinear          =  F
gr_pmrpcurvilinearconserve  =  F
gr_pmrpcylindricalpm        =  F
gr_pmrpdiagonals            =  T
gr_pmrpedgevalue            =  T
gr_pmrpedgevalueinteg       =  F
gr_pmrpemptycells           =  F
gr_pmrpforceconsistency     =  T
gr_pmrplsingularline        =  F
gr_pmrpnopermanentguardcells =  F
gr_pmrppolarpm              =  F
gr_pmrppredcorr             =  F
gr_pmrpsphericalpm          =  F
gr_pmrptimingmpi            =  F
gr_pmrptimingmpix           =  F
gr_pmrpvardt                =  F
gr_usetiling                =  F
hy_fallbacklowercfl         =  F
hy_fullspecmsfluxhandling   =  T
hy_usetiling                =  F
ignoreforcedplot            =  F
io_writemscalarintegrals    =  F
plotfilegridquantitydp      =  F
plotfilemetadatadp          =  F
reducegcellfills            =  F
refine_on_particle_count    =  F
restart                     =  F
shockdetect                 =  F
shocklowercfl               =  F
sim_bcsetbdryvar            =  F
sim_forcecenterderefine     =  F
sim_onelevelintegralsonly   =  F
summaryoutputonly           =  F
threadblocklistbuild        =  F
threaddelepblocklist        =  F
threaddelepwithinblock      =  F
threaddriverblocklist       =  F
threaddriverwithinblock     =  F
threadeoswithinblock        =  F
threadhydroblocklist        =  F
threadhydrowithinblock      =  F
threadraytracebuild         =  F
threadwithinblockbuild      =  F
tmr_suppressinparallel      =  F
typematchedxfer             =  T
unbiased_geometry           =  F
updatehydrofluxes           =  T
useburn                     =  F
usecollectivehdf5           =  T
usedeleptonize              =  F
usegravity                  =  F
useheatad                   =  F
useheater                   =  F
usehydro                    =  T
useimbound                  =  F
useincompns                 =  F
useinlet                    =  F
uselegacylabels             =  T
usemultiphase               =  F
useorchestration            =  F
useoutlet                   =  F
useparticles                =  F
useradtrans                 =  F
usests                      =  F
usestsfordiffusion          =  F
usesolidmechanics           =  F
use_3dfullctu               =  T
use_auxeinteqn              =  T
use_avisc                   =  T [CHANGED]
use_cma_advection           =  F
use_cma_flattening          =  F
use_flash_surr_blks_fill    =  T
use_flattening              =  F
use_gravhalfupdate          =  T
use_hybridorder             =  F
use_reduced_orrery          =  T
use_steepening              =  F
use_upwindtvd               =  F
writestatsummary            =  T
                                                                               
 ==============================================================================
                                                                               
 Known units of measurement:
                                                                               
              Unit                          CGS Value                Base Unit
  1                  cm                     1.0000                           cm
  2                   s                     1.0000                            s
  3                   g                     1.0000                            g
  4                   K                     1.0000                            K
  5                 esu                     1.0000                          esu
  6                 mol                     1.0000                          mol
  7                   m                     100.00                           cm
  8                  km                    1.00000E+05                       cm
  9                  pc                    3.08568E+18                       cm
 10                 kpc                    3.08568E+21                       cm
 11                 Mpc                    3.08568E+24                       cm
 12                 Gpc                    3.08568E+27                       cm
 13                Rsun                    6.96000E+10                       cm
 14                  AU                    1.49598E+13                       cm
 15                  yr                    3.15569E+07                        s
 16                 Myr                    3.15569E+13                        s
 17                 Gyr                    3.15569E+16                        s
 18                  kg                     1000.0                            g
 19                Msun                    1.98892E+33                        g
 20                 amu                    1.66054E-24                        g
 21                  eV                     11605.                            K
 22                   C                    2.99792E+09                      esu
 23                LFLY                    3.08568E+24                       cm
 24                TFLY                    2.05759E+17                        s
 25                MFLY                    9.88470E+45                        g
 26            clLength                    3.08568E+24                       cm
 27              clTime                    3.15569E+16                        s
 28              clMass                    1.98892E+48                        g
 29              clTemp                    1.16045E+07                        K
-----------End of Units--------------------
                                                                               
 Known physical constants:
                                                                               
    Constant Name       Constant Value   cm       s        g        K        esu      mol
  1              Newton    6.67408E-08   3.0     -2.0     -1.0      0.0      0.0      0.0    
  2      speed of light    2.99792E+10   1.0     -1.0      0.0      0.0      0.0      0.0    
  3              Planck    6.62607E-27   2.0     -1.0      1.0      0.0      0.0      0.0    
  4     electron charge    4.80320E-10   0.0      0.0      0.0      0.0      1.0      0.0    
  5       electron mass    9.10938E-28   0.0      0.0      1.0      0.0      0.0      0.0    
  6         proton mass    1.67262E-24   0.0      0.0      1.0      0.0      0.0      0.0    
  7      fine-structure    7.29735E-03   0.0      0.0      0.0      0.0      0.0      0.0    
  8            Avogadro    6.02214E+23   0.0      0.0      0.0      0.0      0.0     -1.0    
  9           Boltzmann    1.38065E-16   2.0     -2.0      1.0     -1.0      0.0      0.0    
 10  ideal gas constant    8.31446E+07   2.0     -2.0      1.0     -1.0      0.0     -1.0    
 11                Wien    0.28978       1.0      0.0      0.0      1.0      0.0      0.0    
 12    Stefan-Boltzmann    5.67037E-05   0.0     -3.0      1.0     -4.0      0.0      0.0    
 13  Radiation Constant    7.56572E-15  -1.0     -2.0      1.0     -4.0      0.0      0.0    
 14                  pi     3.1416       0.0      0.0      0.0      0.0      0.0      0.0    
 15                   e     2.7183       0.0      0.0      0.0      0.0      0.0      0.0    
 16               Euler    0.57722       0.0      0.0      0.0      0.0      0.0      0.0    
 ==============================================================================
                                                                               
 Multifluid database: not configured in
                                                                               
 ==============================================================================
 [ 02-28-2025  13:04:33.052 ] [gr_initGeometry] checking BCs for idir: 1
 [ 02-28-2025  13:04:33.052 ] [gr_initGeometry] checking BCs for idir: 2
 [ 02-28-2025  13:04:33.053 ] [gr_initGeometry] checking BCs for idir: 3
 [ 02-28-2025  13:04:36.013 ] [GRID amr_refine_derefine]: initiating refinement
 [ 02-28-2025  13:04:36.014 ] [GRID amr_refine_derefine]: redist. phase.  tot blks requested: 4096
 [GRID amr_refine_derefine] min blks 4    max blks 5    tot blks 4096
 [GRID amr_refine_derefine] min leaf blks 4    max leaf blks 5    tot leaf blks 4096
 [ 02-28-2025  13:04:36.182 ] [GRID amr_refine_derefine]: refinement complete
 [ 02-28-2025  13:04:36.302 ] [GRID gr_expandDomain]: iteration=1, create level=2
 INFO: Grid_fillGuardCells is ignoring masking.
 [ 02-28-2025  13:04:41.587 ] [mpi_amr_comm_setup]: buffer_dim_send=3349693, buffer_dim_recv=2207173
 [ 02-28-2025  13:04:42.717 ] [GRID amr_refine_derefine]: initiating refinement
 [ 02-28-2025  13:04:42.726 ] [GRID amr_refine_derefine]: redist. phase.  tot blks requested: 4160
 [GRID amr_refine_derefine] min blks 4    max blks 5    tot blks 4160
 [GRID amr_refine_derefine] min leaf blks 4    max leaf blks 5    tot leaf blks 4152
 [ 02-28-2025  13:04:42.845 ] [GRID amr_refine_derefine]: refinement complete
 [ 02-28-2025  13:04:42.848 ] [GRID gr_expandDomain]: iteration=2, create level=3
 [ 02-28-2025  13:04:48.820 ] [GRID amr_refine_derefine]: initiating refinement
 [ 02-28-2025  13:04:48.828 ] [GRID amr_refine_derefine]: redist. phase.  tot blks requested: 4224
 [GRID amr_refine_derefine] min blks 4    max blks 6    tot blks 4224
 [GRID amr_refine_derefine] min leaf blks 3    max leaf blks 5    tot leaf blks 4208
 [ 02-28-2025  13:04:48.939 ] [GRID amr_refine_derefine]: refinement complete
 [ 02-28-2025  13:04:48.941 ] [GRID gr_expandDomain]: iteration=3, create level=4
 [ 02-28-2025  13:04:54.214 ] [mpi_amr_comm_setup]: buffer_dim_send=3423553, buffer_dim_recv=2207173
 [ 02-28-2025  13:04:54.906 ] [GRID amr_refine_derefine]: initiating refinement
 [ 02-28-2025  13:04:54.911 ] [GRID amr_refine_derefine]: redist. phase.  tot blks requested: 4288
 [GRID amr_refine_derefine] min blks 4    max blks 6    tot blks 4288
 [GRID amr_refine_derefine] min leaf blks 3    max leaf blks 5    tot leaf blks 4264
 [ 02-28-2025  13:04:55.020 ] [GRID amr_refine_derefine]: refinement complete
 [ 02-28-2025  13:04:55.022 ] [GRID gr_expandDomain]: iteration=4, create level=5
 [ 02-28-2025  13:05:00.433 ] [mpi_amr_comm_setup]: buffer_dim_send=3422269, buffer_dim_recv=2207173
 [ 02-28-2025  13:05:01.277 ] [GRID amr_refine_derefine]: initiating refinement
 [ 02-28-2025  13:05:01.286 ] [GRID amr_refine_derefine]: redist. phase.  tot blks requested: 6144
 [GRID amr_refine_derefine] min blks 6    max blks 9    tot blks 6144
 [GRID amr_refine_derefine] min leaf blks 5    max leaf blks 7    tot leaf blks 5888
 [ 02-28-2025  13:05:01.425 ] [GRID amr_refine_derefine]: refinement complete
 [ 02-28-2025  13:05:01.429 ] [GRID gr_expandDomain]: iteration=5, create level=6
 [ 02-28-2025  13:05:09.241 ] [mpi_amr_comm_setup]: buffer_dim_send=2974177, buffer_dim_recv=2540365
 [ 02-28-2025  13:05:10.202 ] [GRID amr_refine_derefine]: initiating refinement
 [ 02-28-2025  13:05:10.214 ] [GRID amr_refine_derefine]: redist. phase.  tot blks requested: 9152
 [GRID amr_refine_derefine] min blks 9    max blks 12    tot blks 9152
 [GRID amr_refine_derefine] min leaf blks 7    max leaf blks 10    tot leaf blks 8520
 [ 02-28-2025  13:05:10.414 ] [GRID amr_refine_derefine]: refinement complete
 [ 02-28-2025  13:05:10.419 ] [GRID gr_expandDomain]: iteration=6, create level=6
 [ 02-28-2025  13:05:21.671 ] [mpi_amr_comm_setup]: buffer_dim_send=4843741, buffer_dim_recv=2669029
 [ 02-28-2025  13:05:22.943 ] [GRID gr_expandDomain]: iteration=7, create level=6
 [ 02-28-2025  13:05:35.426 ] [GRID gr_expandDomain]: iteration=8, create level=6
 [ 02-28-2025  13:05:47.314 ] memory: /proc vsize    (MB):     4592.21 (min)       4799.12 (max)       4731.27 (avg)
 [ 02-28-2025  13:05:47.315 ] memory: /proc rss      (MB):     1841.00 (min)       1930.74 (max)       1894.87 (avg)
 [ 02-28-2025  13:05:47.316 ] memory: /proc vsize    (MB):     4592.21 (min)       4799.12 (max)       4731.27 (avg)
 [ 02-28-2025  13:05:47.316 ] memory: /proc rss      (MB):     1841.00 (min)       1930.74 (max)       1894.87 (avg)
 [ 02-28-2025  13:05:47.335 ] memory: /proc vsize    (MB):     4592.21 (min)       4799.12 (max)       4731.27 (avg)
 [ 02-28-2025  13:05:47.335 ] memory: /proc rss      (MB):     1841.00 (min)       1930.74 (max)       1894.88 (avg)
 [ 02-28-2025  13:05:50.947 ] [IO_writeCheckpoint] open: type=checkpoint name=sedov_hdf5_chk_0000
 [ 02-28-2025  13:05:59.989 ] [io_writeData]: wrote    9152          blocks
 [ 02-28-2025  13:06:00.024 ] [IO_writeCheckpoint] close: type=checkpoint name=sedov_hdf5_chk_0000
 [ 02-28-2025  13:06:00.159 ] [IO_writePlotfile] open: type=plotfile name=sedov_hdf5_plt_cnt_0000
 [ 02-28-2025  13:06:01.165 ] [io_writeData]: wrote    9152          blocks
 [ 02-28-2025  13:06:01.200 ] [IO_writePlotfile] close: type=plotfile name=sedov_hdf5_plt_cnt_0000
 [ 02-28-2025  13:06:01.203 ] memory: /proc vsize    (MB):     4592.21 (min)       5012.46 (max)       4740.80 (avg)
 [ 02-28-2025  13:06:01.205 ] memory: /proc rss      (MB):     1847.64 (min)       1937.85 (max)       1903.24 (avg)
 [ 02-28-2025  13:06:01.208 ] [Driver_evolveAll]: Entering evolution loop
 [ 02-28-2025  13:06:01.211 ] step: n=1 t=0.000000E+00 dt=1.000000E-10
 [ 02-28-2025  13:06:04.911 ] step: n=2 t=1.000000E-10 dt=2.000000E-10
 [ 02-28-2025  13:06:11.187 ] step: n=3 t=3.000000E-10 dt=4.000000E-10
 [ 02-28-2025  13:06:14.866 ] step: n=4 t=7.000000E-10 dt=8.000000E-10
 [ 02-28-2025  13:06:21.138 ] step: n=5 t=1.500000E-09 dt=1.600000E-09
 [ 02-28-2025  13:06:24.828 ] step: n=6 t=3.100000E-09 dt=3.200000E-09
 [ 02-28-2025  13:06:31.107 ] step: n=7 t=6.300000E-09 dt=6.400000E-09
 [ 02-28-2025  13:06:34.793 ] step: n=8 t=1.270000E-08 dt=1.280000E-08
 [ 02-28-2025  13:06:41.081 ] step: n=9 t=2.550000E-08 dt=2.560000E-08
 [ 02-28-2025  13:06:44.781 ] step: n=10 t=5.110000E-08 dt=5.120000E-08
 [ 02-28-2025  13:06:55.547 ] [IO_writeCheckpoint] open: type=checkpoint name=sedov_hdf5_chk_0001
 [ 02-28-2025  13:07:03.835 ] [io_writeData]: wrote    9152          blocks
 [ 02-28-2025  13:07:03.842 ] [IO_writeCheckpoint] close: type=checkpoint name=sedov_hdf5_chk_0001
 [ 02-28-2025  13:07:03.844 ] step: n=11 t=1.023000E-07 dt=1.024000E-07
 [ 02-28-2025  13:07:07.540 ] step: n=12 t=2.047000E-07 dt=2.011896E-07
 [ 02-28-2025  13:07:13.849 ] step: n=13 t=4.058896E-07 dt=1.856898E-07
 [ 02-28-2025  13:07:17.563 ] step: n=14 t=5.915794E-07 dt=1.729914E-07
 [ 02-28-2025  13:07:23.869 ] step: n=15 t=7.645708E-07 dt=1.642472E-07
 [ 02-28-2025  13:07:27.576 ] step: n=16 t=9.288179E-07 dt=1.580871E-07
 [ 02-28-2025  13:07:33.868 ] step: n=17 t=1.086905E-06 dt=1.534569E-07
 [ 02-28-2025  13:07:37.576 ] step: n=18 t=1.240362E-06 dt=1.499651E-07
 [ 02-28-2025  13:07:43.872 ] step: n=19 t=1.390327E-06 dt=1.474127E-07
 [ 02-28-2025  13:07:47.583 ] step: n=20 t=1.537740E-06 dt=1.456205E-07
 [ 02-28-2025  13:07:58.248 ] [IO_writeCheckpoint] open: type=checkpoint name=sedov_hdf5_chk_0002
 [ 02-28-2025  13:08:01.907 ] [io_writeData]: wrote    9152          blocks
 [ 02-28-2025  13:08:01.915 ] [IO_writeCheckpoint] close: type=checkpoint name=sedov_hdf5_chk_0002
 [ 02-28-2025  13:08:01.916 ] step: n=21 t=1.683360E-06 dt=1.444985E-07
 [ 02-28-2025  13:08:05.616 ] step: n=22 t=1.827859E-06 dt=1.441710E-07
 [ 02-28-2025  13:08:11.927 ] step: n=23 t=1.972030E-06 dt=1.441286E-07
 [ 02-28-2025  13:08:15.637 ] step: n=24 t=2.116158E-06 dt=1.441099E-07
 [ 02-28-2025  13:08:21.951 ] step: n=25 t=2.260268E-06 dt=1.441302E-07
 [ 02-28-2025  13:08:25.671 ] step: n=26 t=2.404398E-06 dt=1.442588E-07
 [ 02-28-2025  13:08:31.940 ] [GRID amr_refine_derefine]: initiating refinement
 [ 02-28-2025  13:08:31.948 ] [GRID amr_refine_derefine]: redist. phase.  tot blks requested: 9536
 [GRID amr_refine_derefine] min blks 10    max blks 13    tot blks 9536
 [GRID amr_refine_derefine] min leaf blks 8    max leaf blks 11    tot leaf blks 8856
 [ 02-28-2025  13:08:32.150 ] [GRID amr_refine_derefine]: refinement complete
 [ 02-28-2025  13:08:32.561 ] step: n=27 t=2.548657E-06 dt=1.444833E-07
 [ 02-28-2025  13:08:32.561 ] [mpi_amr_comm_setup]: buffer_dim_send=4300885, buffer_dim_recv=2669029
 [ 02-28-2025  13:08:36.390 ] step: n=28 t=2.693141E-06 dt=1.448057E-07
 [ 02-28-2025  13:08:42.990 ] step: n=29 t=2.837946E-06 dt=1.450172E-07
 [ 02-28-2025  13:08:46.811 ] step: n=30 t=2.982964E-06 dt=1.450055E-07
 [ 02-28-2025  13:08:57.982 ] [IO_writeCheckpoint] open: type=checkpoint name=sedov_hdf5_chk_0003
 [ 02-28-2025  13:09:01.712 ] [io_writeData]: wrote    9536          blocks
 [ 02-28-2025  13:09:01.722 ] [IO_writeCheckpoint] close: type=checkpoint name=sedov_hdf5_chk_0003
 [ 02-28-2025  13:09:01.723 ] step: n=31 t=3.127969E-06 dt=1.449474E-07
 [ 02-28-2025  13:09:05.562 ] step: n=32 t=3.272916E-06 dt=1.449259E-07
 [ 02-28-2025  13:09:12.166 ] step: n=33 t=3.417842E-06 dt=1.447113E-07
 [ 02-28-2025  13:09:16.008 ] step: n=34 t=3.562554E-06 dt=1.446418E-07
 [ 02-28-2025  13:09:22.556 ] step: n=35 t=3.707195E-06 dt=1.446455E-07
 [ 02-28-2025  13:09:26.398 ] step: n=36 t=3.851841E-06 dt=1.446573E-07
 [ 02-28-2025  13:09:32.988 ] step: n=37 t=3.996498E-06 dt=1.446767E-07
 [ 02-28-2025  13:09:36.822 ] step: n=38 t=4.141175E-06 dt=1.447318E-07
 [ 02-28-2025  13:09:43.366 ] step: n=39 t=4.285907E-06 dt=1.447598E-07
 [ 02-28-2025  13:09:47.209 ] step: n=40 t=4.430666E-06 dt=1.447127E-07
 [ 02-28-2025  13:09:58.628 ] [IO_writeCheckpoint] open: type=checkpoint name=sedov_hdf5_chk_0004
 [ 02-28-2025  13:10:02.328 ] [io_writeData]: wrote    9536          blocks
 [ 02-28-2025  13:10:02.335 ] [IO_writeCheckpoint] close: type=checkpoint name=sedov_hdf5_chk_0004
 [ 02-28-2025  13:10:02.337 ] step: n=41 t=4.575379E-06 dt=1.446812E-07
 [ 02-28-2025  13:10:06.181 ] step: n=42 t=4.720060E-06 dt=1.446456E-07
 [ 02-28-2025  13:10:12.749 ] step: n=43 t=4.864706E-06 dt=1.446294E-07
 [ 02-28-2025  13:10:16.589 ] step: n=44 t=5.009335E-06 dt=1.446250E-07
 [ 02-28-2025  13:10:23.096 ] step: n=45 t=5.153960E-06 dt=1.445216E-07
 [ 02-28-2025  13:10:26.940 ] step: n=46 t=5.298482E-06 dt=1.444823E-07
 [ 02-28-2025  13:10:33.544 ] step: n=47 t=5.442964E-06 dt=1.444551E-07
 [ 02-28-2025  13:10:37.376 ] step: n=48 t=5.587419E-06 dt=1.444288E-07
 [ 02-28-2025  13:10:43.931 ] step: n=49 t=5.731848E-06 dt=1.444159E-07
 [ 02-28-2025  13:10:47.771 ] step: n=50 t=5.876264E-06 dt=1.444089E-07
 [ 02-28-2025  13:10:59.053 ] [IO_writeCheckpoint] open: type=checkpoint name=sedov_hdf5_chk_0005
 [ 02-28-2025  13:11:02.793 ] [io_writeData]: wrote    9536          blocks
 [ 02-28-2025  13:11:02.804 ] [IO_writeCheckpoint] close: type=checkpoint name=sedov_hdf5_chk_0005
 [ 02-28-2025  13:11:02.806 ] step: n=51 t=6.020673E-06 dt=1.443103E-07
 [ 02-28-2025  13:11:06.639 ] step: n=52 t=6.164983E-06 dt=1.442630E-07
 [ 02-28-2025  13:11:13.254 ] step: n=53 t=6.309246E-06 dt=1.442278E-07
 [ 02-28-2025  13:11:17.090 ] step: n=54 t=6.453474E-06 dt=1.441955E-07
 [ 02-28-2025  13:11:23.685 ] step: n=55 t=6.597670E-06 dt=1.441758E-07
 [ 02-28-2025  13:11:27.509 ] step: n=56 t=6.741845E-06 dt=1.441499E-07
 [ 02-28-2025  13:11:34.066 ] step: n=57 t=6.885995E-06 dt=1.440523E-07
 [ 02-28-2025  13:11:37.901 ] step: n=58 t=7.030048E-06 dt=1.439965E-07
 [ 02-28-2025  13:11:44.413 ] step: n=59 t=7.174044E-06 dt=1.439601E-07
 [ 02-28-2025  13:11:48.239 ] step: n=60 t=7.318004E-06 dt=1.439284E-07
 [ 02-28-2025  13:11:59.383 ] [IO_writeCheckpoint] open: type=checkpoint name=sedov_hdf5_chk_0006
 [ 02-28-2025  13:12:03.133 ] [io_writeData]: wrote    9536          blocks
 [ 02-28-2025  13:12:03.141 ] [IO_writeCheckpoint] close: type=checkpoint name=sedov_hdf5_chk_0006
 [ 02-28-2025  13:12:03.143 ] [Driver_evolveAll]: Exiting evolution loop
 [ 02-28-2025  13:12:03.400 ] [IO_writePlotfile] open: type=plotfile name=sedov_forced_hdf5_plt_cnt_0000
 [ 02-28-2025  13:12:07.006 ] [io_writeData]: wrote    9536          blocks
 [ 02-28-2025  13:12:07.174 ] [IO_writePlotfile] close: type=plotfile name=sedov_forced_hdf5_plt_cnt_0000
 [ 02-28-2025  13:12:07.243 ] memory: /proc vsize    (MB):     4645.59 (min)       5037.59 (max)       4778.79 (avg)
 [ 02-28-2025  13:12:07.293 ] memory: /proc rss      (MB):     1960.12 (min)       2066.91 (max)       2002.94 (avg)
 ==============================================================================
 perf_summary: code performance summary for process            0
                      beginning : 02-28-2025  13:04:33
                         ending : 02-28-2025  13:12:07
   seconds in monitoring period :              454.290
      number of evolution steps :                   60
 ------------------------------------------------------------------------------
 accounting unit                       time sec  num calls   secs avg  time pct
 ------------------------------------------------------------------------------
 initialization                         88.157      1          88.157    19.405
  eos                                    0.207      8           0.026     0.046
  guardcell internal                     2.250      7           0.321     0.495
   amr_guardcell                         2.144      7           0.306     0.472
   eos gc                                0.000      7           0.000     0.000
  writeCheckpoint                       12.666      1          12.666     2.788
   restrictAll                           3.290      1           3.290     0.724
  writePlotfile                          1.175      1           1.175     0.259
 writePlotfile                           4.010      1           4.010     0.883
 evolution                             361.933      1         361.933    79.670
  Hydro                                169.743     60           2.829    37.365
   Head                                 37.707     60           0.628     8.300
    guardcell internal                  37.705     60           0.628     8.300
     amr_guardcell                      34.986     60           0.583     7.701
     eos gc                              0.002     60           0.000     0.000
   compute fluxes                      126.397     60           2.107    27.823
    hy_computeFluxes                   126.395    600           0.211    27.823
     RiemannState                      108.718    600           0.181    23.931
     getFaceFlux                        17.525    600           0.029     3.858
   conserveFluxes                        0.043     60           0.001     0.009
   update solution                       5.526     60           0.092     1.217
    update solution body                 5.525    600           0.009     1.216
     unsplitUpdate                       2.114    600           0.004     0.465
  sourceTerms                            0.000     60           0.000     0.000
  Particles_advance                      0.000     60           0.000     0.000
  Gravity potential                      0.000     60           0.000     0.000
  IO_output                            110.390    120           0.920    24.299
   diagnostics                          55.806    120           0.465    12.284
   checkpointing                        54.536      6           9.089    12.005
    writeCheckpoint                     54.534      6           9.089    12.004
     restrictAll                        22.227      6           3.704     4.893
  Grid_updateRefinement                 80.637     60           1.344    17.750
   eos                                   0.074      1           0.074     0.016
   tree                                 80.563     60           1.343    17.734
    markRefineDerefine                  21.326     30           0.711     4.694
     guardcell internal                 18.734     30           0.624     4.124
      amr_guardcell                     17.372     30           0.579     3.824
      eos gc                             0.001     30           0.000     0.000
    amr_refine_derefine                 58.127     30           1.938    12.795
    updateData                           0.000     30           0.000     0.000
   updateParticleRefinement              0.000      1           0.000     0.000
  Driver_computeDt                       1.119     60           0.019     0.246
 ==============================================================================
 [ 02-28-2025  13:12:07.435 ] [Timers_getSummary]: Not writing timer max/min/avg values because not all processors had same timers
 [ 02-28-2025  13:12:07.477 ] LOGFILE_END: FLASH run complete.
 FLASH log file:  02-28-2025  13:12:20.673    Run number:  1
 ==============================================================================
 Number of MPI tasks:                896
 MPI version:                          3
 MPI subversion:                       1
 Dimensionality:                       3
 Max Number of Blocks/Proc:          200
 Number x zones:                      32
 Number y zones:                      32
 Number z zones:                      32
 Setup stamp:     Fri Nov 1 14:03:57 2024
 Build stamp:     Fri Nov 1 14:04:23 2024
 System info:     Linux corona211 4.18.0-553.22.1.1toss.t4.x86_64 #1 SMP Tue Sep 24 16:50:00 PDT 2
 Version:         Flash-X 1.0 (heads/main-0-g6040ba49-dirty)                                      
 Build directory: /usr/workspace/ather1/Flash-X/sedov
 Setup syntax:    /usr/workspace/ather1/Flash-X/bin/setup.py Sedov -auto -3d -nxb=32 -nyb=32 -nzb=32 +parallelio -objdir=/usr/workspace/ather1/Flash-X/sedov
 f compiler flags: mpif90 -ggdb -c -O2 -fdefault-real-8 -fdefault-double-8 -Wuninitialized -fallow-argument-mismatch -fallow-argument-mismatch -DMAXBLOCKS=200 -DNXB=32 -DNYB=32 -DNZB=32 -DN_DIM=3
 c compiler flags:    mpicc -I/p/lustre2/ather1/hdf5-1.14.4-3/install/include -DH5_USE_18_API -ggdb -c -O2 -Wuninitialized -D_FORTIFY_SOURCE=2 -DMAXBLOCKS=200 -DNXB=32 -DNYB=32 -DNZB=32 -DN_DIM=3
 ==============================================================================
 Comment:  Sedov explosion
 ==============================================================================
 FLASH Units used:
   Driver/DriverMain/Unsplit
   Grid/GridBoundaryConditions
   Grid/GridMain/AMR/Paramesh4/PM4_package/flash_avoid_orrery
   Grid/GridMain/AMR/Paramesh4/PM4_package/headers
   Grid/GridMain/AMR/Paramesh4/PM4_package/source
   Grid/GridMain/AMR/Paramesh4/PM4_package/utilities/multigrid
   Grid/GridMain/AMR/Paramesh4/interpolation/prolong
   Grid/GridMain/AMR/Paramesh4/levelFlux
   Grid/localAPI
   IO/IOMain/hdf5/parallel/PM
   IO/localAPI
   PhysicalConstants/PhysicalConstantsMain
   RuntimeParameters/RuntimeParametersMain
   Simulation/SimulationMain/Sedov
   TimeAdvance/TimeAdvanceMain/StrangSplit
   flashUtilities/contiguousConversion
   flashUtilities/general
   flashUtilities/interpolation/oneDim
   flashUtilities/nameValueLL
   flashUtilities/sorting/quicksort
   flashUtilities/system/memoryUsage/legacy
   monitors/Logfile/LogfileMain
   monitors/Timers/TimersMain/MPINative
   physics/Eos/EosMain/Gamma
   physics/Hydro/HydroMain/unsplit/OnlyHydro
   physics/Hydro/HydroMain/unsplit/levelFlux
   physics/Hydro/localAPI
 ==============================================================================
 RuntimeParameters:
                                                                               
 ==============================================================================
bndpriorityone              =          1
bndprioritythree            =          3
bndprioritytwo              =          2
checkpointfileintervalstep  =         10 [CHANGED]
checkpointfilenumber        =          0
dr_abortpause               =          2
dr_dtminbelowaction         =          1
drift_break_inst            =          0
drift_trunc_mantissa        =          2
drift_verbose_inst          =          0
eos_entrelescalechoice      =          6
eos_loglevel                =        700
fileformatversion           =          9
forcedplotfilenumber        =          0
gr_lrefmaxtimevalue_1       =         -1
gr_lrefmaxtimevalue_10      =         -1
gr_lrefmaxtimevalue_11      =         -1
gr_lrefmaxtimevalue_12      =         -1
gr_lrefmaxtimevalue_13      =         -1
gr_lrefmaxtimevalue_14      =         -1
gr_lrefmaxtimevalue_15      =         -1
gr_lrefmaxtimevalue_16      =         -1
gr_lrefmaxtimevalue_17      =         -1
gr_lrefmaxtimevalue_18      =         -1
gr_lrefmaxtimevalue_19      =         -1
gr_lrefmaxtimevalue_2       =         -1
gr_lrefmaxtimevalue_20      =         -1
gr_lrefmaxtimevalue_3       =         -1
gr_lrefmaxtimevalue_4       =         -1
gr_lrefmaxtimevalue_5       =         -1
gr_lrefmaxtimevalue_6       =         -1
gr_lrefmaxtimevalue_7       =         -1
gr_lrefmaxtimevalue_8       =         -1
gr_lrefmaxtimevalue_9       =         -1
gr_pmrpdivergencefree       =         -1
gr_pmrpifaceoff             =          0
gr_pmrpl2p5d                =          0
gr_pmrpmaxblocks            =         -1
gr_pmrpmflags               =          1
gr_pmrpnboundaries          =          6
gr_pmrpndim                 =          3
gr_pmrpnedgevar1            =         -1
gr_pmrpnfacevar             =         -1
gr_pmrpnfielddivf           =         -1
gr_pmrpnfluxvar             =         -1
gr_pmrpnguard               =         -1
gr_pmrpnguardwork           =         -1
gr_pmrpnvar                 =         -1
gr_pmrpnvarwork             =          1
gr_pmrpnvarcorn             =          0
gr_pmrpnvaredge             =          0
gr_pmrpnxb                  =         -1
gr_pmrpnyb                  =         -1
gr_pmrpnzb                  =         -1
gr_restrictallmethod        =          3
gr_sanitizedatamode         =          1
gr_sanitizeverbosity        =          5
gr_tilesizex                =         32
gr_tilesizey                =         32
gr_tilesizez                =         32
hy_3torder                  =         -1
hydrocomputedtoption        =         -1
iprocs                      =          1
interpol_order              =          2
irenorm                     =          0
jprocs                      =          1
kprocs                      =          1
lrefine_del                 =          0
lrefine_max                 =          6 [CHANGED]
lrefine_min                 =          1
lrefine_min_init            =          1
max_particles_per_blk       =        100
memory_stat_freq            =     100000
meshcopycount               =          1
min_particles_per_blk       =          1
nbegin                      =          1
nblockx                     =         16 [CHANGED]
nblocky                     =         16 [CHANGED]
nblockz                     =         16 [CHANGED]
nend                        =         60 [CHANGED]
nrefs                       =          2
nsteptotalsts               =          5
order                       =          3 [CHANGED]
outputsplitnum              =          1
plotfileintervalstep        =          0
plotfilenumber              =          0
refine_var_count            =          4
rolling_checkpoint          =      10000
sim_centerrefinelevel       =          1
sim_integralslevel          =         -1
sim_nsubzones               =          7
sweeporder                  =        123
transorder                  =          1
wr_integrals_freq           =          1
limitedslopebeta            =                 0.100E+01
cfl                         =                 0.800E+00
checkpointfileintervaltime  =                 0.000E+00 [CHANGED]
checkpointfileintervalz     =                 0.180+309
cvisc                       =                 0.100E+00
derefine_cutoff_1           =                 0.200E+00
derefine_cutoff_2           =                 0.200E+00
derefine_cutoff_3           =                 0.200E+00
derefine_cutoff_4           =                 0.200E+00
dr_dtmincontinue            =                 0.000E+00
dr_tstepslowstartfactor     =                 0.100E+00
dtinit                      =                 0.100E-09
dtmax                       =                 0.100E+06
dtmin                       =                 0.100E-09
eintswitch                  =                 0.100E-03 [CHANGED]
eos_singlespeciesa          =                 0.100E+01
eos_singlespeciesz          =                 0.100E+01
gamma                       =                 0.140E+01 [CHANGED]
gr_btworkchildscaling       =                 0.100E+01
gr_btworkdefaultleaf        =                 0.200E+01
gr_btworkdefaultpar         =                 0.100E+01
gr_btworklbleaf             =                 0.000E+00
gr_btworklbpar              =                 0.000E+00
gr_btworkubleaf             =                 0.100E+07
gr_btworkubpar              =                 0.100E+07
gr_lrefinemaxredlogbase     =                 0.100E+02
gr_lrefinemaxredradiusfact  =                 0.000E+00
gr_lrefinemaxredtref        =                 0.000E+00
gr_lrefinemaxredtimescale   =                 0.100E+01
gr_lrefmaxtime_1            =                -0.100E+01
gr_lrefmaxtime_10           =                -0.100E+01
gr_lrefmaxtime_11           =                -0.100E+01
gr_lrefmaxtime_12           =                -0.100E+01
gr_lrefmaxtime_13           =                -0.100E+01
gr_lrefmaxtime_14           =                -0.100E+01
gr_lrefmaxtime_15           =                -0.100E+01
gr_lrefmaxtime_16           =                -0.100E+01
gr_lrefmaxtime_17           =                -0.100E+01
gr_lrefmaxtime_18           =                -0.100E+01
gr_lrefmaxtime_19           =                -0.100E+01
gr_lrefmaxtime_2            =                -0.100E+01
gr_lrefmaxtime_20           =                -0.100E+01
gr_lrefmaxtime_3            =                -0.100E+01
gr_lrefmaxtime_4            =                -0.100E+01
gr_lrefmaxtime_5            =                -0.100E+01
gr_lrefmaxtime_6            =                -0.100E+01
gr_lrefmaxtime_7            =                -0.100E+01
gr_lrefmaxtime_8            =                -0.100E+01
gr_lrefmaxtime_9            =                -0.100E+01
hy_cflfallbackfactor        =                 0.900E+00
hy_fpresinmomflux           =                 0.100E+01
hybridorderkappa            =                 0.000E+00
nusts                       =                 0.200E+00 [CHANGED]
plotfileintervaltime        =                 0.000E+00 [CHANGED]
plotfileintervalz           =                 0.180+309
radiusgp                    =                 0.200E+01
refine_cutoff_1             =                 0.800E+00
refine_cutoff_2             =                 0.800E+00
refine_cutoff_3             =                 0.800E+00
refine_cutoff_4             =                 0.800E+00
refine_filter_1             =                 0.100E-01
refine_filter_2             =                 0.100E-01
refine_filter_3             =                 0.100E-01
refine_filter_4             =                 0.100E-01
rss_limit                   =                -0.100E+01
sigmagp                     =                 0.300E+01
sim_derefineradius          =                 0.000E+00
sim_earliestlstime          =                 0.000E+00
sim_expenergy               =                 0.100E+01
sim_largestnormradius       =                 0.180+309
sim_latestlstime            =                 0.180+309
sim_minrhoinit              =                 0.100E-19
sim_pambient                =                 0.100E-04
sim_rinit                   =                 0.137E-01 [CHANGED]
sim_rhoambient              =                 0.100E+01
sim_smallestnormradius      =                 0.000E+00
sim_xctr                    =                 0.500E+00
sim_yctr                    =                 0.500E+00
sim_zctr                    =                 0.500E+00
small                       =                 0.100E-09
smalle                      =                 0.100E-09
smallp                      =                 0.100E-09
smallt                      =                 0.100E-09
smallu                      =                 0.100E-09
smallx                      =                 0.100E-09
smlrho                      =                 0.100E-09
tinitial                    =                 0.000E+00
tiny                        =                 0.100E-15
tmax                        =                 0.500E+06 [CHANGED]
tstep_change_factor         =                 0.200E+01
wall_clock_checkpoint       =                 0.432E+05
wall_clock_time_limit       =                 0.605E+06
x_refine_center             =                 0.000E+00
xmax                        =                 0.100E+01
xmin                        =                 0.000E+00
y_refine_center             =                 0.000E+00
ymax                        =                 0.100E+01
ymin                        =                 0.000E+00
zfinal                      =                 0.000E+00
zinitial                    =                -0.100E+01
z_refine_center             =                 0.000E+00
zmax                        =                 0.100E+01
zmin                        =                 0.000E+00
riemannsolver               = Roe                            [CHANGED]
unitsystem                  = none                          
basenm                      = sedov_                         [CHANGED]
entropyfixmethod            = HARTENHYMAN                   
eosmode                     = dens_ie                       
eosmodeinit                 = dens_ie                       
geometry                    = cartesian                     
gr_pmrpoutputdir            = ./                            
grav_boundary_type          = isolated                      
hy_eosmodegc                = see eosMode                   
log_file                    = sedov.log                      [CHANGED]
output_directory            =                               
pc_unitsbase                = CGS                           
plot_grid_var_1             = none                          
plot_grid_var_10            = none                          
plot_grid_var_11            = none                          
plot_grid_var_12            = none                          
plot_grid_var_13            = none                          
plot_grid_var_14            = none                          
plot_grid_var_15            = none                          
plot_grid_var_16            = none                          
plot_grid_var_17            = none                          
plot_grid_var_18            = none                          
plot_grid_var_19            = none                          
plot_grid_var_2             = none                          
plot_grid_var_20            = none                          
plot_grid_var_21            = none                          
plot_grid_var_22            = none                          
plot_grid_var_23            = none                          
plot_grid_var_24            = none                          
plot_grid_var_25            = none                          
plot_grid_var_26            = none                          
plot_grid_var_27            = none                          
plot_grid_var_28            = none                          
plot_grid_var_29            = none                          
plot_grid_var_3             = none                          
plot_grid_var_30            = none                          
plot_grid_var_31            = none                          
plot_grid_var_32            = none                          
plot_grid_var_33            = none                          
plot_grid_var_34            = none                          
plot_grid_var_35            = none                          
plot_grid_var_36            = none                          
plot_grid_var_37            = none                          
plot_grid_var_38            = none                          
plot_grid_var_39            = none                          
plot_grid_var_4             = none                          
plot_grid_var_40            = none                          
plot_grid_var_41            = none                          
plot_grid_var_42            = none                          
plot_grid_var_43            = none                          
plot_grid_var_44            = none                          
plot_grid_var_45            = none                          
plot_grid_var_46            = none                          
plot_grid_var_47            = none                          
plot_grid_var_48            = none                          
plot_grid_var_49            = none                          
plot_grid_var_5             = none                          
plot_grid_var_50            = none                          
plot_grid_var_51            = none                          
plot_grid_var_52            = none                          
plot_grid_var_53            = none                          
plot_grid_var_54            = none                          
plot_grid_var_55            = none                          
plot_grid_var_56            = none                          
plot_grid_var_57            = none                          
plot_grid_var_58            = none                          
plot_grid_var_59            = none                          
plot_grid_var_6             = none                          
plot_grid_var_60            = none                          
plot_grid_var_61            = none                          
plot_grid_var_62            = none                          
plot_grid_var_63            = none                          
plot_grid_var_64            = none                          
plot_grid_var_65            = none                          
plot_grid_var_66            = none                          
plot_grid_var_67            = none                          
plot_grid_var_68            = none                          
plot_grid_var_69            = none                          
plot_grid_var_7             = none                          
plot_grid_var_70            = none                          
plot_grid_var_71            = none                          
plot_grid_var_72            = none                          
plot_grid_var_73            = none                          
plot_grid_var_74            = none                          
plot_grid_var_75            = none                          
plot_grid_var_76            = none                          
plot_grid_var_77            = none                          
plot_grid_var_78            = none                          
plot_grid_var_8             = none                          
plot_grid_var_9             = none                          
plot_var_1                  = dens                           [CHANGED]
plot_var_10                 = none                          
plot_var_11                 = none                          
plot_var_12                 = none                          
plot_var_13                 = none                          
plot_var_14                 = none                          
plot_var_15                 = none                          
plot_var_16                 = none                          
plot_var_17                 = none                          
plot_var_18                 = none                          
plot_var_2                  = pres                           [CHANGED]
plot_var_3                  = temp                           [CHANGED]
plot_var_4                  = none                          
plot_var_5                  = none                          
plot_var_6                  = none                          
plot_var_7                  = none                          
plot_var_8                  = none                          
plot_var_9                  = none                          
prof_file                   = profile.dat                   
refine_var_1                = dens                           [CHANGED]
refine_var_2                = pres                           [CHANGED]
refine_var_3                = none                          
refine_var_4                = none                          
run_comment                 = Sedov explosion                [CHANGED]
run_number                  = 1                             
sim_proffilename            = /dev/null                      [CHANGED]
slopelimiter                = mc                             [CHANGED]
stats_file                  = flashx.dat                    
wenomethod                  = WENO5                         
xl_boundary_type            = outflow                        [CHANGED]
xr_boundary_type            = outflow                        [CHANGED]
yl_boundary_type            = outflow                        [CHANGED]
yr_boundary_type            = outflow                        [CHANGED]
zl_boundary_type            = outflow                        [CHANGED]
zr_boundary_type            = outflow                        [CHANGED]
csvsummaryallprocs          =  F
eosforriemann               =  F
logsummaryallprocs          =  F
addthermalflux              =  T
allowdtstsdominate          =  F
alwayscomputeuservars       =  T
alwaysrestrictcheckpoint    =  T
charlimiting                =  T
chkguardcellsinput          =  F
chkguardcellsoutput         =  F
conserveangmom              =  F
converttoconsvdformeshcalls =  F
converttoconsvdinmeshinterp =  T
corners                     =  F
dr_printtsteploc            =  T
dr_shortenlaststepbeforetmax =  F
drift_tuples                =  F
eachprocwritesownabortlog   =  F
eachprocwritessummary       =  F
earlyblockdistadjustment    =  T
enablemaskedgcfill          =  F
entropy                     =  F
flux_correct                =  T
flux_correct_perlevel       =  F
geometryoverride            =  F
gr_bcenableapplymixedgds    =  T
gr_bndgcfillneedsprimitivevars =  T
gr_btcustomwork             =  F
gr_btexchangework           =  F
gr_btsortbywork             =  T
gr_enabletiling             =  F
gr_lrefinemaxbytime         =  F
gr_lrefinemaxreddobylogr    =  F
gr_lrefinemaxreddobytime    =  F
gr_pmrpadvancealllevels     =  F
gr_pmrpamrerrorchecking     =  F
gr_pmrpcartesianpm          =  F
gr_pmrpconserve             =  F
gr_pmrpconsvfluxdensities   =  T
gr_pmrpconsvfluxes          =  F
gr_pmrpcurvilinear          =  F
gr_pmrpcurvilinearconserve  =  F
gr_pmrpcylindricalpm        =  F
gr_pmrpdiagonals            =  T
gr_pmrpedgevalue            =  T
gr_pmrpedgevalueinteg       =  F
gr_pmrpemptycells           =  F
gr_pmrpforceconsistency     =  T
gr_pmrplsingularline        =  F
gr_pmrpnopermanentguardcells =  F
gr_pmrppolarpm              =  F
gr_pmrppredcorr             =  F
gr_pmrpsphericalpm          =  F
gr_pmrptimingmpi            =  F
gr_pmrptimingmpix           =  F
gr_pmrpvardt                =  F
gr_usetiling                =  F
hy_fallbacklowercfl         =  F
hy_fullspecmsfluxhandling   =  T
hy_usetiling                =  F
ignoreforcedplot            =  F
io_writemscalarintegrals    =  F
plotfilegridquantitydp      =  F
plotfilemetadatadp          =  F
reducegcellfills            =  F
refine_on_particle_count    =  F
restart                     =  F
shockdetect                 =  F
shocklowercfl               =  F
sim_bcsetbdryvar            =  F
sim_forcecenterderefine     =  F
sim_onelevelintegralsonly   =  F
summaryoutputonly           =  F
threadblocklistbuild        =  F
threaddelepblocklist        =  F
threaddelepwithinblock      =  F
threaddriverblocklist       =  F
threaddriverwithinblock     =  F
threadeoswithinblock        =  F
threadhydroblocklist        =  F
threadhydrowithinblock      =  F
threadraytracebuild         =  F
threadwithinblockbuild      =  F
tmr_suppressinparallel      =  F
typematchedxfer             =  T
unbiased_geometry           =  F
updatehydrofluxes           =  T
useburn                     =  F
usecollectivehdf5           =  T
usedeleptonize              =  F
usegravity                  =  F
useheatad                   =  F
useheater                   =  F
usehydro                    =  T
useimbound                  =  F
useincompns                 =  F
useinlet                    =  F
uselegacylabels             =  T
usemultiphase               =  F
useorchestration            =  F
useoutlet                   =  F
useparticles                =  F
useradtrans                 =  F
usests                      =  F
usestsfordiffusion          =  F
usesolidmechanics           =  F
use_3dfullctu               =  T
use_auxeinteqn              =  T
use_avisc                   =  T [CHANGED]
use_cma_advection           =  F
use_cma_flattening          =  F
use_flash_surr_blks_fill    =  T
use_flattening              =  F
use_gravhalfupdate          =  T
use_hybridorder             =  F
use_reduced_orrery          =  T
use_steepening              =  F
use_upwindtvd               =  F
writestatsummary            =  T
                                                                               
 ==============================================================================
                                                                               
 Known units of measurement:
                                                                               
              Unit                          CGS Value                Base Unit
  1                  cm                     1.0000                           cm
  2                   s                     1.0000                            s
  3                   g                     1.0000                            g
  4                   K                     1.0000                            K
  5                 esu                     1.0000                          esu
  6                 mol                     1.0000                          mol
  7                   m                     100.00                           cm
  8                  km                    1.00000E+05                       cm
  9                  pc                    3.08568E+18                       cm
 10                 kpc                    3.08568E+21                       cm
 11                 Mpc                    3.08568E+24                       cm
 12                 Gpc                    3.08568E+27                       cm
 13                Rsun                    6.96000E+10                       cm
 14                  AU                    1.49598E+13                       cm
 15                  yr                    3.15569E+07                        s
 16                 Myr                    3.15569E+13                        s
 17                 Gyr                    3.15569E+16                        s
 18                  kg                     1000.0                            g
 19                Msun                    1.98892E+33                        g
 20                 amu                    1.66054E-24                        g
 21                  eV                     11605.                            K
 22                   C                    2.99792E+09                      esu
 23                LFLY                    3.08568E+24                       cm
 24                TFLY                    2.05759E+17                        s
 25                MFLY                    9.88470E+45                        g
 26            clLength                    3.08568E+24                       cm
 27              clTime                    3.15569E+16                        s
 28              clMass                    1.98892E+48                        g
 29              clTemp                    1.16045E+07                        K
-----------End of Units--------------------
                                                                               
 Known physical constants:
                                                                               
    Constant Name       Constant Value   cm       s        g        K        esu      mol
  1              Newton    6.67408E-08   3.0     -2.0     -1.0      0.0      0.0      0.0    
  2      speed of light    2.99792E+10   1.0     -1.0      0.0      0.0      0.0      0.0    
  3              Planck    6.62607E-27   2.0     -1.0      1.0      0.0      0.0      0.0    
  4     electron charge    4.80320E-10   0.0      0.0      0.0      0.0      1.0      0.0    
  5       electron mass    9.10938E-28   0.0      0.0      1.0      0.0      0.0      0.0    
  6         proton mass    1.67262E-24   0.0      0.0      1.0      0.0      0.0      0.0    
  7      fine-structure    7.29735E-03   0.0      0.0      0.0      0.0      0.0      0.0    
  8            Avogadro    6.02214E+23   0.0      0.0      0.0      0.0      0.0     -1.0    
  9           Boltzmann    1.38065E-16   2.0     -2.0      1.0     -1.0      0.0      0.0    
 10  ideal gas constant    8.31446E+07   2.0     -2.0      1.0     -1.0      0.0     -1.0    
 11                Wien    0.28978       1.0      0.0      0.0      1.0      0.0      0.0    
 12    Stefan-Boltzmann    5.67037E-05   0.0     -3.0      1.0     -4.0      0.0      0.0    
 13  Radiation Constant    7.56572E-15  -1.0     -2.0      1.0     -4.0      0.0      0.0    
 14                  pi     3.1416       0.0      0.0      0.0      0.0      0.0      0.0    
 15                   e     2.7183       0.0      0.0      0.0      0.0      0.0      0.0    
 16               Euler    0.57722       0.0      0.0      0.0      0.0      0.0      0.0    
 ==============================================================================
                                                                               
 Multifluid database: not configured in
                                                                               
 ==============================================================================
 [ 02-28-2025  13:12:20.674 ] [gr_initGeometry] checking BCs for idir: 1
 [ 02-28-2025  13:12:20.674 ] [gr_initGeometry] checking BCs for idir: 2
 [ 02-28-2025  13:12:20.674 ] [gr_initGeometry] checking BCs for idir: 3
 [ 02-28-2025  13:12:22.402 ] [GRID amr_refine_derefine]: initiating refinement
 [ 02-28-2025  13:12:22.403 ] [GRID amr_refine_derefine]: redist. phase.  tot blks requested: 4096
 [GRID amr_refine_derefine] min blks 4    max blks 5    tot blks 4096
 [GRID amr_refine_derefine] min leaf blks 4    max leaf blks 5    tot leaf blks 4096
 [ 02-28-2025  13:12:22.572 ] [GRID amr_refine_derefine]: refinement complete
 [ 02-28-2025  13:12:22.726 ] [GRID gr_expandDomain]: iteration=1, create level=2
 INFO: Grid_fillGuardCells is ignoring masking.
 [ 02-28-2025  13:12:28.033 ] [mpi_amr_comm_setup]: buffer_dim_send=3349693, buffer_dim_recv=2207173
 [ 02-28-2025  13:12:29.176 ] [GRID amr_refine_derefine]: initiating refinement
 [ 02-28-2025  13:12:29.187 ] [GRID amr_refine_derefine]: redist. phase.  tot blks requested: 4160
 [GRID amr_refine_derefine] min blks 4    max blks 5    tot blks 4160
 [GRID amr_refine_derefine] min leaf blks 4    max leaf blks 5    tot leaf blks 4152
 [ 02-28-2025  13:12:29.307 ] [GRID amr_refine_derefine]: refinement complete
 [ 02-28-2025  13:12:29.310 ] [GRID gr_expandDomain]: iteration=2, create level=3
 [ 02-28-2025  13:12:35.281 ] [GRID amr_refine_derefine]: initiating refinement
 [ 02-28-2025  13:12:35.289 ] [GRID amr_refine_derefine]: redist. phase.  tot blks requested: 4224
 [GRID amr_refine_derefine] min blks 4    max blks 6    tot blks 4224
 [GRID amr_refine_derefine] min leaf blks 3    max leaf blks 5    tot leaf blks 4208
 [ 02-28-2025  13:12:35.400 ] [GRID amr_refine_derefine]: refinement complete
 [ 02-28-2025  13:12:35.402 ] [GRID gr_expandDomain]: iteration=3, create level=4
 [ 02-28-2025  13:12:40.712 ] [mpi_amr_comm_setup]: buffer_dim_send=3423553, buffer_dim_recv=2207173
 [ 02-28-2025  13:12:41.372 ] [GRID amr_refine_derefine]: initiating refinement
 [ 02-28-2025  13:12:41.378 ] [GRID amr_refine_derefine]: redist. phase.  tot blks requested: 4288
 [GRID amr_refine_derefine] min blks 4    max blks 6    tot blks 4288
 [GRID amr_refine_derefine] min leaf blks 3    max leaf blks 5    tot leaf blks 4264
 [ 02-28-2025  13:12:41.485 ] [GRID amr_refine_derefine]: refinement complete
 [ 02-28-2025  13:12:41.488 ] [GRID gr_expandDomain]: iteration=4, create level=5
 [ 02-28-2025  13:12:46.758 ] [mpi_amr_comm_setup]: buffer_dim_send=3422269, buffer_dim_recv=2207173
 [ 02-28-2025  13:12:47.502 ] [GRID amr_refine_derefine]: initiating refinement
 [ 02-28-2025  13:12:47.515 ] [GRID amr_refine_derefine]: redist. phase.  tot blks requested: 6144
 [GRID amr_refine_derefine] min blks 6    max blks 9    tot blks 6144
 [GRID amr_refine_derefine] min leaf blks 5    max leaf blks 7    tot leaf blks 5888
 [ 02-28-2025  13:12:47.654 ] [GRID amr_refine_derefine]: refinement complete
 [ 02-28-2025  13:12:47.659 ] [GRID gr_expandDomain]: iteration=5, create level=6
 [ 02-28-2025  13:12:55.368 ] [mpi_amr_comm_setup]: buffer_dim_send=2974177, buffer_dim_recv=2540365
 [ 02-28-2025  13:12:56.423 ] [GRID amr_refine_derefine]: initiating refinement
 [ 02-28-2025  13:12:56.432 ] [GRID amr_refine_derefine]: redist. phase.  tot blks requested: 9152
 [GRID amr_refine_derefine] min blks 9    max blks 12    tot blks 9152
 [GRID amr_refine_derefine] min leaf blks 7    max leaf blks 10    tot leaf blks 8520
 [ 02-28-2025  13:12:56.628 ] [GRID amr_refine_derefine]: refinement complete
 [ 02-28-2025  13:12:56.635 ] [GRID gr_expandDomain]: iteration=6, create level=6
 [ 02-28-2025  13:13:07.681 ] [mpi_amr_comm_setup]: buffer_dim_send=4843741, buffer_dim_recv=2669029
 [ 02-28-2025  13:13:09.119 ] [GRID gr_expandDomain]: iteration=7, create level=6
 [ 02-28-2025  13:13:21.604 ] [GRID gr_expandDomain]: iteration=8, create level=6
 [ 02-28-2025  13:13:33.491 ] memory: /proc vsize    (MB):     4566.37 (min)       4799.12 (max)       4731.02 (avg)
 [ 02-28-2025  13:13:33.491 ] memory: /proc rss      (MB):     1840.73 (min)       1930.79 (max)       1894.75 (avg)
 [ 02-28-2025  13:13:33.492 ] memory: /proc vsize    (MB):     4566.37 (min)       4799.12 (max)       4731.02 (avg)
 [ 02-28-2025  13:13:33.492 ] memory: /proc rss      (MB):     1840.73 (min)       1930.79 (max)       1894.75 (avg)
 [ 02-28-2025  13:13:33.511 ] memory: /proc vsize    (MB):     4566.37 (min)       4799.12 (max)       4731.02 (avg)
 [ 02-28-2025  13:13:33.511 ] memory: /proc rss      (MB):     1840.73 (min)       1930.79 (max)       1894.75 (avg)
 [ 02-28-2025  13:13:37.144 ] [IO_writeCheckpoint] open: type=checkpoint name=sedov_hdf5_chk_0000
 [ 02-28-2025  13:13:45.746 ] [io_writeData]: wrote    9152          blocks
 [ 02-28-2025  13:13:45.764 ] [IO_writeCheckpoint] close: type=checkpoint name=sedov_hdf5_chk_0000
 [ 02-28-2025  13:13:45.865 ] [IO_writePlotfile] open: type=plotfile name=sedov_hdf5_plt_cnt_0000
 [ 02-28-2025  13:13:46.712 ] [io_writeData]: wrote    9152          blocks
 [ 02-28-2025  13:13:46.730 ] [IO_writePlotfile] close: type=plotfile name=sedov_hdf5_plt_cnt_0000
 [ 02-28-2025  13:13:46.731 ] memory: /proc vsize    (MB):     4586.50 (min)       5011.22 (max)       4740.45 (avg)
 [ 02-28-2025  13:13:46.731 ] memory: /proc rss      (MB):     1847.40 (min)       1937.84 (max)       1903.12 (avg)
 [ 02-28-2025  13:13:46.731 ] [Driver_evolveAll]: Entering evolution loop
 [ 02-28-2025  13:13:46.732 ] step: n=1 t=0.000000E+00 dt=1.000000E-10
 [ 02-28-2025  13:13:50.443 ] step: n=2 t=1.000000E-10 dt=2.000000E-10
 [ 02-28-2025  13:13:56.758 ] step: n=3 t=3.000000E-10 dt=4.000000E-10
 [ 02-28-2025  13:14:00.438 ] step: n=4 t=7.000000E-10 dt=8.000000E-10
 [ 02-28-2025  13:14:06.700 ] step: n=5 t=1.500000E-09 dt=1.600000E-09
 [ 02-28-2025  13:14:10.386 ] step: n=6 t=3.100000E-09 dt=3.200000E-09
 [ 02-28-2025  13:14:16.671 ] step: n=7 t=6.300000E-09 dt=6.400000E-09
 [ 02-28-2025  13:14:20.358 ] step: n=8 t=1.270000E-08 dt=1.280000E-08
 [ 02-28-2025  13:14:26.640 ] step: n=9 t=2.550000E-08 dt=2.560000E-08
 [ 02-28-2025  13:14:30.339 ] step: n=10 t=5.110000E-08 dt=5.120000E-08
 [ 02-28-2025  13:14:40.197 ] [IO_writeCheckpoint] open: type=checkpoint name=sedov_hdf5_chk_0001
 [ 02-28-2025  13:14:48.618 ] [io_writeData]: wrote    9152          blocks
 [ 02-28-2025  13:14:48.624 ] [IO_writeCheckpoint] close: type=checkpoint name=sedov_hdf5_chk_0001
 [ 02-28-2025  13:14:48.626 ] step: n=11 t=1.023000E-07 dt=1.024000E-07
 [ 02-28-2025  13:14:52.331 ] step: n=12 t=2.047000E-07 dt=2.011896E-07
 [ 02-28-2025  13:14:58.622 ] step: n=13 t=4.058896E-07 dt=1.856898E-07
 [ 02-28-2025  13:15:02.323 ] step: n=14 t=5.915794E-07 dt=1.729914E-07
 [ 02-28-2025  13:15:08.637 ] step: n=15 t=7.645708E-07 dt=1.642472E-07
 [ 02-28-2025  13:15:12.345 ] step: n=16 t=9.288179E-07 dt=1.580871E-07
 [ 02-28-2025  13:15:18.639 ] step: n=17 t=1.086905E-06 dt=1.534569E-07
 [ 02-28-2025  13:15:22.358 ] step: n=18 t=1.240362E-06 dt=1.499651E-07
 [ 02-28-2025  13:15:28.661 ] step: n=19 t=1.390327E-06 dt=1.474127E-07
 [ 02-28-2025  13:15:32.370 ] step: n=20 t=1.537740E-06 dt=1.456205E-07
 [ 02-28-2025  13:15:42.292 ] [IO_writeCheckpoint] open: type=checkpoint name=sedov_hdf5_chk_0002
 [ 02-28-2025  13:15:50.146 ] [io_writeData]: wrote    9152          blocks
 [ 02-28-2025  13:15:50.151 ] [IO_writeCheckpoint] close: type=checkpoint name=sedov_hdf5_chk_0002
 [ 02-28-2025  13:15:50.152 ] step: n=21 t=1.683360E-06 dt=1.444985E-07
 [ 02-28-2025  13:15:53.864 ] step: n=22 t=1.827859E-06 dt=1.441710E-07
 [ 02-28-2025  13:16:00.166 ] step: n=23 t=1.972030E-06 dt=1.441286E-07
 [ 02-28-2025  13:16:03.879 ] step: n=24 t=2.116158E-06 dt=1.441099E-07
 [ 02-28-2025  13:16:10.196 ] step: n=25 t=2.260268E-06 dt=1.441302E-07
 [ 02-28-2025  13:16:13.922 ] step: n=26 t=2.404398E-06 dt=1.442588E-07
 [ 02-28-2025  13:16:20.197 ] [GRID amr_refine_derefine]: initiating refinement
 [ 02-28-2025  13:16:20.209 ] [GRID amr_refine_derefine]: redist. phase.  tot blks requested: 9536
 [GRID amr_refine_derefine] min blks 10    max blks 13    tot blks 9536
 [GRID amr_refine_derefine] min leaf blks 8    max leaf blks 11    tot leaf blks 8856
 [ 02-28-2025  13:16:20.415 ] [GRID amr_refine_derefine]: refinement complete
 [ 02-28-2025  13:16:20.826 ] step: n=27 t=2.548657E-06 dt=1.444833E-07
 [ 02-28-2025  13:16:20.827 ] [mpi_amr_comm_setup]: buffer_dim_send=4300885, buffer_dim_recv=2669029
 [ 02-28-2025  13:16:24.666 ] step: n=28 t=2.693141E-06 dt=1.448057E-07
 [ 02-28-2025  13:16:31.265 ] step: n=29 t=2.837946E-06 dt=1.450172E-07
 [ 02-28-2025  13:16:35.095 ] step: n=30 t=2.982964E-06 dt=1.450055E-07
 [ 02-28-2025  13:16:45.417 ] [IO_writeCheckpoint] open: type=checkpoint name=sedov_hdf5_chk_0003
 [ 02-28-2025  13:16:53.872 ] [io_writeData]: wrote    9536          blocks
 [ 02-28-2025  13:16:53.892 ] [IO_writeCheckpoint] close: type=checkpoint name=sedov_hdf5_chk_0003
 [ 02-28-2025  13:16:53.894 ] step: n=31 t=3.127969E-06 dt=1.449474E-07
 [ 02-28-2025  13:16:57.744 ] step: n=32 t=3.272916E-06 dt=1.449259E-07
 [ 02-28-2025  13:17:04.344 ] step: n=33 t=3.417842E-06 dt=1.447113E-07
 [ 02-28-2025  13:17:08.187 ] step: n=34 t=3.562554E-06 dt=1.446418E-07
 [ 02-28-2025  13:17:14.795 ] step: n=35 t=3.707195E-06 dt=1.446455E-07
 [ 02-28-2025  13:17:18.633 ] step: n=36 t=3.851841E-06 dt=1.446573E-07
 [ 02-28-2025  13:17:25.234 ] step: n=37 t=3.996498E-06 dt=1.446767E-07
 [ 02-28-2025  13:17:29.075 ] step: n=38 t=4.141175E-06 dt=1.447318E-07
 [ 02-28-2025  13:17:35.683 ] step: n=39 t=4.285907E-06 dt=1.447598E-07
 [ 02-28-2025  13:17:39.518 ] step: n=40 t=4.430666E-06 dt=1.447127E-07
 [ 02-28-2025  13:17:49.870 ] [IO_writeCheckpoint] open: type=checkpoint name=sedov_hdf5_chk_0004
 [ 02-28-2025  13:17:58.518 ] [io_writeData]: wrote    9536          blocks
 [ 02-28-2025  13:17:58.540 ] [IO_writeCheckpoint] close: type=checkpoint name=sedov_hdf5_chk_0004
 [ 02-28-2025  13:17:58.541 ] step: n=41 t=4.575379E-06 dt=1.446812E-07
 [ 02-28-2025  13:18:02.378 ] step: n=42 t=4.720060E-06 dt=1.446456E-07
 [ 02-28-2025  13:18:08.993 ] step: n=43 t=4.864706E-06 dt=1.446294E-07
 [ 02-28-2025  13:18:12.833 ] step: n=44 t=5.009335E-06 dt=1.446250E-07
 [ 02-28-2025  13:18:19.431 ] step: n=45 t=5.153960E-06 dt=1.445216E-07
 [ 02-28-2025  13:18:23.269 ] step: n=46 t=5.298482E-06 dt=1.444823E-07
 [ 02-28-2025  13:18:29.863 ] step: n=47 t=5.442964E-06 dt=1.444551E-07
 [ 02-28-2025  13:18:33.701 ] step: n=48 t=5.587419E-06 dt=1.444288E-07
 [ 02-28-2025  13:18:40.304 ] step: n=49 t=5.731848E-06 dt=1.444159E-07
 [ 02-28-2025  13:18:44.129 ] step: n=50 t=5.876264E-06 dt=1.444089E-07
 [ 02-28-2025  13:18:54.450 ] [IO_writeCheckpoint] open: type=checkpoint name=sedov_hdf5_chk_0005
 [ 02-28-2025  13:19:02.832 ] [io_writeData]: wrote    9536          blocks
 [ 02-28-2025  13:19:02.843 ] [IO_writeCheckpoint] close: type=checkpoint name=sedov_hdf5_chk_0005
 [ 02-28-2025  13:19:02.848 ] step: n=51 t=6.020673E-06 dt=1.443103E-07
 [ 02-28-2025  13:19:06.686 ] step: n=52 t=6.164983E-06 dt=1.442630E-07
 [ 02-28-2025  13:19:13.220 ] step: n=53 t=6.309246E-06 dt=1.442278E-07
 [ 02-28-2025  13:19:17.055 ] step: n=54 t=6.453474E-06 dt=1.441955E-07
 [ 02-28-2025  13:19:23.653 ] step: n=55 t=6.597670E-06 dt=1.441758E-07
 [ 02-28-2025  13:19:27.485 ] step: n=56 t=6.741845E-06 dt=1.441499E-07
 [ 02-28-2025  13:19:34.079 ] step: n=57 t=6.885995E-06 dt=1.440523E-07
 [ 02-28-2025  13:19:37.916 ] step: n=58 t=7.030048E-06 dt=1.439965E-07
 [ 02-28-2025  13:19:44.516 ] step: n=59 t=7.174044E-06 dt=1.439601E-07
 [ 02-28-2025  13:19:48.346 ] step: n=60 t=7.318004E-06 dt=1.439284E-07
 [ 02-28-2025  13:19:58.560 ] [IO_writeCheckpoint] open: type=checkpoint name=sedov_hdf5_chk_0006
 [ 02-28-2025  13:20:06.587 ] [io_writeData]: wrote    9536          blocks
 [ 02-28-2025  13:20:06.604 ] [IO_writeCheckpoint] close: type=checkpoint name=sedov_hdf5_chk_0006
 [ 02-28-2025  13:20:06.607 ] [Driver_evolveAll]: Exiting evolution loop
 [ 02-28-2025  13:20:06.700 ] [IO_writePlotfile] open: type=plotfile name=sedov_forced_hdf5_plt_cnt_0000
 [ 02-28-2025  13:20:07.553 ] [io_writeData]: wrote    9536          blocks
 [ 02-28-2025  13:20:07.564 ] [IO_writePlotfile] close: type=plotfile name=sedov_forced_hdf5_plt_cnt_0000
 [ 02-28-2025  13:20:07.565 ] memory: /proc vsize    (MB):     4627.86 (min)       5018.77 (max)       4760.53 (avg)
 [ 02-28-2025  13:20:07.565 ] memory: /proc rss      (MB):     1961.08 (min)       2062.72 (max)       1999.66 (avg)
 ==============================================================================
 perf_summary: code performance summary for process            0
                      beginning : 02-28-2025  13:12:20
                         ending : 02-28-2025  13:20:07
   seconds in monitoring period :              466.894
      number of evolution steps :                   60
 ------------------------------------------------------------------------------
 accounting unit                       time sec  num calls   secs avg  time pct
 ------------------------------------------------------------------------------
 initialization                         86.060      1          86.060    18.432
  eos                                    0.208      8           0.026     0.045
  guardcell internal                     2.714      7           0.388     0.581
   amr_guardcell                         2.588      7           0.370     0.554
   eos gc                                0.000      7           0.000     0.000
  writeCheckpoint                       12.231      1          12.231     2.620
   restrictAll                           3.257      1           3.257     0.698
  writePlotfile                          0.965      1           0.965     0.207
 writePlotfile                           0.957      1           0.957     0.205
 evolution                             379.875      1         379.875    81.362
  Hydro                                169.249     60           2.821    36.250
   Head                                 37.458     60           0.624     8.023
    guardcell internal                  37.456     60           0.624     8.022
     amr_guardcell                      34.742     60           0.579     7.441
     eos gc                              0.002     60           0.000     0.000
   compute fluxes                      126.039     60           2.101    26.995
    hy_computeFluxes                   126.037    600           0.210    26.995
     RiemannState                      108.400    600           0.181    23.217
     getFaceFlux                        17.481    600           0.029     3.744
   conserveFluxes                        0.045     60           0.001     0.010
   update solution                       5.643     60           0.094     1.209
    update solution body                 5.642    600           0.009     1.208
     unsplitUpdate                       2.133    600           0.004     0.457
  sourceTerms                            0.000     60           0.000     0.000
  Particles_advance                      0.000     60           0.000     0.000
  Gravity potential                      0.000     60           0.000     0.000
  IO_output                            128.363    120           1.070    27.493
   diagnostics                          56.360    120           0.470    12.071
   checkpointing                        71.969      6          11.995    15.414
    writeCheckpoint                     71.967      6          11.995    15.414
     restrictAll                        21.509      6           3.585     4.607
  Grid_updateRefinement                 81.120     60           1.352    17.374
   eos                                   0.074      1           0.074     0.016
   tree                                 81.046     60           1.351    17.359
    markRefineDerefine                  21.413     30           0.714     4.586
     guardcell internal                 18.814     30           0.627     4.030
      amr_guardcell                     17.467     30           0.582     3.741
      eos gc                             0.001     30           0.000     0.000
    amr_refine_derefine                 58.531     30           1.951    12.536
    updateData                           0.000     30           0.000     0.000
   updateParticleRefinement              0.000      1           0.000     0.000
  Driver_computeDt                       1.125     60           0.019     0.241
 ==============================================================================
 [ 02-28-2025  13:20:07.566 ] [Timers_getSummary]: Not writing timer max/min/avg values because not all processors had same timers
 [ 02-28-2025  13:20:07.566 ] LOGFILE_END: FLASH run complete.
 FLASH log file:  02-28-2025  13:20:16.916    Run number:  1
 ==============================================================================
 Number of MPI tasks:                896
 MPI version:                          3
 MPI subversion:                       1
 Dimensionality:                       3
 Max Number of Blocks/Proc:          200
 Number x zones:                      32
 Number y zones:                      32
 Number z zones:                      32
 Setup stamp:     Fri Nov 1 14:03:57 2024
 Build stamp:     Fri Nov 1 14:04:23 2024
 System info:     Linux corona211 4.18.0-553.22.1.1toss.t4.x86_64 #1 SMP Tue Sep 24 16:50:00 PDT 2
 Version:         Flash-X 1.0 (heads/main-0-g6040ba49-dirty)                                      
 Build directory: /usr/workspace/ather1/Flash-X/sedov
 Setup syntax:    /usr/workspace/ather1/Flash-X/bin/setup.py Sedov -auto -3d -nxb=32 -nyb=32 -nzb=32 +parallelio -objdir=/usr/workspace/ather1/Flash-X/sedov
 f compiler flags: mpif90 -ggdb -c -O2 -fdefault-real-8 -fdefault-double-8 -Wuninitialized -fallow-argument-mismatch -fallow-argument-mismatch -DMAXBLOCKS=200 -DNXB=32 -DNYB=32 -DNZB=32 -DN_DIM=3
 c compiler flags:    mpicc -I/p/lustre2/ather1/hdf5-1.14.4-3/install/include -DH5_USE_18_API -ggdb -c -O2 -Wuninitialized -D_FORTIFY_SOURCE=2 -DMAXBLOCKS=200 -DNXB=32 -DNYB=32 -DNZB=32 -DN_DIM=3
 ==============================================================================
 Comment:  Sedov explosion
 ==============================================================================
 FLASH Units used:
   Driver/DriverMain/Unsplit
   Grid/GridBoundaryConditions
   Grid/GridMain/AMR/Paramesh4/PM4_package/flash_avoid_orrery
   Grid/GridMain/AMR/Paramesh4/PM4_package/headers
   Grid/GridMain/AMR/Paramesh4/PM4_package/source
   Grid/GridMain/AMR/Paramesh4/PM4_package/utilities/multigrid
   Grid/GridMain/AMR/Paramesh4/interpolation/prolong
   Grid/GridMain/AMR/Paramesh4/levelFlux
   Grid/localAPI
   IO/IOMain/hdf5/parallel/PM
   IO/localAPI
   PhysicalConstants/PhysicalConstantsMain
   RuntimeParameters/RuntimeParametersMain
   Simulation/SimulationMain/Sedov
   TimeAdvance/TimeAdvanceMain/StrangSplit
   flashUtilities/contiguousConversion
   flashUtilities/general
   flashUtilities/interpolation/oneDim
   flashUtilities/nameValueLL
   flashUtilities/sorting/quicksort
   flashUtilities/system/memoryUsage/legacy
   monitors/Logfile/LogfileMain
   monitors/Timers/TimersMain/MPINative
   physics/Eos/EosMain/Gamma
   physics/Hydro/HydroMain/unsplit/OnlyHydro
   physics/Hydro/HydroMain/unsplit/levelFlux
   physics/Hydro/localAPI
 ==============================================================================
 RuntimeParameters:
                                                                               
 ==============================================================================
bndpriorityone              =          1
bndprioritythree            =          3
bndprioritytwo              =          2
checkpointfileintervalstep  =         10 [CHANGED]
checkpointfilenumber        =          0
dr_abortpause               =          2
dr_dtminbelowaction         =          1
drift_break_inst            =          0
drift_trunc_mantissa        =          2
drift_verbose_inst          =          0
eos_entrelescalechoice      =          6
eos_loglevel                =        700
fileformatversion           =          9
forcedplotfilenumber        =          0
gr_lrefmaxtimevalue_1       =         -1
gr_lrefmaxtimevalue_10      =         -1
gr_lrefmaxtimevalue_11      =         -1
gr_lrefmaxtimevalue_12      =         -1
gr_lrefmaxtimevalue_13      =         -1
gr_lrefmaxtimevalue_14      =         -1
gr_lrefmaxtimevalue_15      =         -1
gr_lrefmaxtimevalue_16      =         -1
gr_lrefmaxtimevalue_17      =         -1
gr_lrefmaxtimevalue_18      =         -1
gr_lrefmaxtimevalue_19      =         -1
gr_lrefmaxtimevalue_2       =         -1
gr_lrefmaxtimevalue_20      =         -1
gr_lrefmaxtimevalue_3       =         -1
gr_lrefmaxtimevalue_4       =         -1
gr_lrefmaxtimevalue_5       =         -1
gr_lrefmaxtimevalue_6       =         -1
gr_lrefmaxtimevalue_7       =         -1
gr_lrefmaxtimevalue_8       =         -1
gr_lrefmaxtimevalue_9       =         -1
gr_pmrpdivergencefree       =         -1
gr_pmrpifaceoff             =          0
gr_pmrpl2p5d                =          0
gr_pmrpmaxblocks            =         -1
gr_pmrpmflags               =          1
gr_pmrpnboundaries          =          6
gr_pmrpndim                 =          3
gr_pmrpnedgevar1            =         -1
gr_pmrpnfacevar             =         -1
gr_pmrpnfielddivf           =         -1
gr_pmrpnfluxvar             =         -1
gr_pmrpnguard               =         -1
gr_pmrpnguardwork           =         -1
gr_pmrpnvar                 =         -1
gr_pmrpnvarwork             =          1
gr_pmrpnvarcorn             =          0
gr_pmrpnvaredge             =          0
gr_pmrpnxb                  =         -1
gr_pmrpnyb                  =         -1
gr_pmrpnzb                  =         -1
gr_restrictallmethod        =          3
gr_sanitizedatamode         =          1
gr_sanitizeverbosity        =          5
gr_tilesizex                =         32
gr_tilesizey                =         32
gr_tilesizez                =         32
hy_3torder                  =         -1
hydrocomputedtoption        =         -1
iprocs                      =          1
interpol_order              =          2
irenorm                     =          0
jprocs                      =          1
kprocs                      =          1
lrefine_del                 =          0
lrefine_max                 =          6 [CHANGED]
lrefine_min                 =          1
lrefine_min_init            =          1
max_particles_per_blk       =        100
memory_stat_freq            =     100000
meshcopycount               =          1
min_particles_per_blk       =          1
nbegin                      =          1
nblockx                     =         16 [CHANGED]
nblocky                     =         16 [CHANGED]
nblockz                     =         16 [CHANGED]
nend                        =         60 [CHANGED]
nrefs                       =          2
nsteptotalsts               =          5
order                       =          3 [CHANGED]
outputsplitnum              =          1
plotfileintervalstep        =          0
plotfilenumber              =          0
refine_var_count            =          4
rolling_checkpoint          =      10000
sim_centerrefinelevel       =          1
sim_integralslevel          =         -1
sim_nsubzones               =          7
sweeporder                  =        123
transorder                  =          1
wr_integrals_freq           =          1
limitedslopebeta            =                 0.100E+01
cfl                         =                 0.800E+00
checkpointfileintervaltime  =                 0.000E+00 [CHANGED]
checkpointfileintervalz     =                 0.180+309
cvisc                       =                 0.100E+00
derefine_cutoff_1           =                 0.200E+00
derefine_cutoff_2           =                 0.200E+00
derefine_cutoff_3           =                 0.200E+00
derefine_cutoff_4           =                 0.200E+00
dr_dtmincontinue            =                 0.000E+00
dr_tstepslowstartfactor     =                 0.100E+00
dtinit                      =                 0.100E-09
dtmax                       =                 0.100E+06
dtmin                       =                 0.100E-09
eintswitch                  =                 0.100E-03 [CHANGED]
eos_singlespeciesa          =                 0.100E+01
eos_singlespeciesz          =                 0.100E+01
gamma                       =                 0.140E+01 [CHANGED]
gr_btworkchildscaling       =                 0.100E+01
gr_btworkdefaultleaf        =                 0.200E+01
gr_btworkdefaultpar         =                 0.100E+01
gr_btworklbleaf             =                 0.000E+00
gr_btworklbpar              =                 0.000E+00
gr_btworkubleaf             =                 0.100E+07
gr_btworkubpar              =                 0.100E+07
gr_lrefinemaxredlogbase     =                 0.100E+02
gr_lrefinemaxredradiusfact  =                 0.000E+00
gr_lrefinemaxredtref        =                 0.000E+00
gr_lrefinemaxredtimescale   =                 0.100E+01
gr_lrefmaxtime_1            =                -0.100E+01
gr_lrefmaxtime_10           =                -0.100E+01
gr_lrefmaxtime_11           =                -0.100E+01
gr_lrefmaxtime_12           =                -0.100E+01
gr_lrefmaxtime_13           =                -0.100E+01
gr_lrefmaxtime_14           =                -0.100E+01
gr_lrefmaxtime_15           =                -0.100E+01
gr_lrefmaxtime_16           =                -0.100E+01
gr_lrefmaxtime_17           =                -0.100E+01
gr_lrefmaxtime_18           =                -0.100E+01
gr_lrefmaxtime_19           =                -0.100E+01
gr_lrefmaxtime_2            =                -0.100E+01
gr_lrefmaxtime_20           =                -0.100E+01
gr_lrefmaxtime_3            =                -0.100E+01
gr_lrefmaxtime_4            =                -0.100E+01
gr_lrefmaxtime_5            =                -0.100E+01
gr_lrefmaxtime_6            =                -0.100E+01
gr_lrefmaxtime_7            =                -0.100E+01
gr_lrefmaxtime_8            =                -0.100E+01
gr_lrefmaxtime_9            =                -0.100E+01
hy_cflfallbackfactor        =                 0.900E+00
hy_fpresinmomflux           =                 0.100E+01
hybridorderkappa            =                 0.000E+00
nusts                       =                 0.200E+00 [CHANGED]
plotfileintervaltime        =                 0.000E+00 [CHANGED]
plotfileintervalz           =                 0.180+309
radiusgp                    =                 0.200E+01
refine_cutoff_1             =                 0.800E+00
refine_cutoff_2             =                 0.800E+00
refine_cutoff_3             =                 0.800E+00
refine_cutoff_4             =                 0.800E+00
refine_filter_1             =                 0.100E-01
refine_filter_2             =                 0.100E-01
refine_filter_3             =                 0.100E-01
refine_filter_4             =                 0.100E-01
rss_limit                   =                -0.100E+01
sigmagp                     =                 0.300E+01
sim_derefineradius          =                 0.000E+00
sim_earliestlstime          =                 0.000E+00
sim_expenergy               =                 0.100E+01
sim_largestnormradius       =                 0.180+309
sim_latestlstime            =                 0.180+309
sim_minrhoinit              =                 0.100E-19
sim_pambient                =                 0.100E-04
sim_rinit                   =                 0.137E-01 [CHANGED]
sim_rhoambient              =                 0.100E+01
sim_smallestnormradius      =                 0.000E+00
sim_xctr                    =                 0.500E+00
sim_yctr                    =                 0.500E+00
sim_zctr                    =                 0.500E+00
small                       =                 0.100E-09
smalle                      =                 0.100E-09
smallp                      =                 0.100E-09
smallt                      =                 0.100E-09
smallu                      =                 0.100E-09
smallx                      =                 0.100E-09
smlrho                      =                 0.100E-09
tinitial                    =                 0.000E+00
tiny                        =                 0.100E-15
tmax                        =                 0.500E+06 [CHANGED]
tstep_change_factor         =                 0.200E+01
wall_clock_checkpoint       =                 0.432E+05
wall_clock_time_limit       =                 0.605E+06
x_refine_center             =                 0.000E+00
xmax                        =                 0.100E+01
xmin                        =                 0.000E+00
y_refine_center             =                 0.000E+00
ymax                        =                 0.100E+01
ymin                        =                 0.000E+00
zfinal                      =                 0.000E+00
zinitial                    =                -0.100E+01
z_refine_center             =                 0.000E+00
zmax                        =                 0.100E+01
zmin                        =                 0.000E+00
riemannsolver               = Roe                            [CHANGED]
unitsystem                  = none                          
basenm                      = sedov_                         [CHANGED]
entropyfixmethod            = HARTENHYMAN                   
eosmode                     = dens_ie                       
eosmodeinit                 = dens_ie                       
geometry                    = cartesian                     
gr_pmrpoutputdir            = ./                            
grav_boundary_type          = isolated                      
hy_eosmodegc                = see eosMode                   
log_file                    = sedov.log                      [CHANGED]
output_directory            =                               
pc_unitsbase                = CGS                           
plot_grid_var_1             = none                          
plot_grid_var_10            = none                          
plot_grid_var_11            = none                          
plot_grid_var_12            = none                          
plot_grid_var_13            = none                          
plot_grid_var_14            = none                          
plot_grid_var_15            = none                          
plot_grid_var_16            = none                          
plot_grid_var_17            = none                          
plot_grid_var_18            = none                          
plot_grid_var_19            = none                          
plot_grid_var_2             = none                          
plot_grid_var_20            = none                          
plot_grid_var_21            = none                          
plot_grid_var_22            = none                          
plot_grid_var_23            = none                          
plot_grid_var_24            = none                          
plot_grid_var_25            = none                          
plot_grid_var_26            = none                          
plot_grid_var_27            = none                          
plot_grid_var_28            = none                          
plot_grid_var_29            = none                          
plot_grid_var_3             = none                          
plot_grid_var_30            = none                          
plot_grid_var_31            = none                          
plot_grid_var_32            = none                          
plot_grid_var_33            = none                          
plot_grid_var_34            = none                          
plot_grid_var_35            = none                          
plot_grid_var_36            = none                          
plot_grid_var_37            = none                          
plot_grid_var_38            = none                          
plot_grid_var_39            = none                          
plot_grid_var_4             = none                          
plot_grid_var_40            = none                          
plot_grid_var_41            = none                          
plot_grid_var_42            = none                          
plot_grid_var_43            = none                          
plot_grid_var_44            = none                          
plot_grid_var_45            = none                          
plot_grid_var_46            = none                          
plot_grid_var_47            = none                          
plot_grid_var_48            = none                          
plot_grid_var_49            = none                          
plot_grid_var_5             = none                          
plot_grid_var_50            = none                          
plot_grid_var_51            = none                          
plot_grid_var_52            = none                          
plot_grid_var_53            = none                          
plot_grid_var_54            = none                          
plot_grid_var_55            = none                          
plot_grid_var_56            = none                          
plot_grid_var_57            = none                          
plot_grid_var_58            = none                          
plot_grid_var_59            = none                          
plot_grid_var_6             = none                          
plot_grid_var_60            = none                          
plot_grid_var_61            = none                          
plot_grid_var_62            = none                          
plot_grid_var_63            = none                          
plot_grid_var_64            = none                          
plot_grid_var_65            = none                          
plot_grid_var_66            = none                          
plot_grid_var_67            = none                          
plot_grid_var_68            = none                          
plot_grid_var_69            = none                          
plot_grid_var_7             = none                          
plot_grid_var_70            = none                          
plot_grid_var_71            = none                          
plot_grid_var_72            = none                          
plot_grid_var_73            = none                          
plot_grid_var_74            = none                          
plot_grid_var_75            = none                          
plot_grid_var_76            = none                          
plot_grid_var_77            = none                          
plot_grid_var_78            = none                          
plot_grid_var_8             = none                          
plot_grid_var_9             = none                          
plot_var_1                  = dens                           [CHANGED]
plot_var_10                 = none                          
plot_var_11                 = none                          
plot_var_12                 = none                          
plot_var_13                 = none                          
plot_var_14                 = none                          
plot_var_15                 = none                          
plot_var_16                 = none                          
plot_var_17                 = none                          
plot_var_18                 = none                          
plot_var_2                  = pres                           [CHANGED]
plot_var_3                  = temp                           [CHANGED]
plot_var_4                  = none                          
plot_var_5                  = none                          
plot_var_6                  = none                          
plot_var_7                  = none                          
plot_var_8                  = none                          
plot_var_9                  = none                          
prof_file                   = profile.dat                   
refine_var_1                = dens                           [CHANGED]
refine_var_2                = pres                           [CHANGED]
refine_var_3                = none                          
refine_var_4                = none                          
run_comment                 = Sedov explosion                [CHANGED]
run_number                  = 1                             
sim_proffilename            = /dev/null                      [CHANGED]
slopelimiter                = mc                             [CHANGED]
stats_file                  = flashx.dat                    
wenomethod                  = WENO5                         
xl_boundary_type            = outflow                        [CHANGED]
xr_boundary_type            = outflow                        [CHANGED]
yl_boundary_type            = outflow                        [CHANGED]
yr_boundary_type            = outflow                        [CHANGED]
zl_boundary_type            = outflow                        [CHANGED]
zr_boundary_type            = outflow                        [CHANGED]
csvsummaryallprocs          =  F
eosforriemann               =  F
logsummaryallprocs          =  F
addthermalflux              =  T
allowdtstsdominate          =  F
alwayscomputeuservars       =  T
alwaysrestrictcheckpoint    =  T
charlimiting                =  T
chkguardcellsinput          =  F
chkguardcellsoutput         =  F
conserveangmom              =  F
converttoconsvdformeshcalls =  F
converttoconsvdinmeshinterp =  T
corners                     =  F
dr_printtsteploc            =  T
dr_shortenlaststepbeforetmax =  F
drift_tuples                =  F
eachprocwritesownabortlog   =  F
eachprocwritessummary       =  F
earlyblockdistadjustment    =  T
enablemaskedgcfill          =  F
entropy                     =  F
flux_correct                =  T
flux_correct_perlevel       =  F
geometryoverride            =  F
gr_bcenableapplymixedgds    =  T
gr_bndgcfillneedsprimitivevars =  T
gr_btcustomwork             =  F
gr_btexchangework           =  F
gr_btsortbywork             =  T
gr_enabletiling             =  F
gr_lrefinemaxbytime         =  F
gr_lrefinemaxreddobylogr    =  F
gr_lrefinemaxreddobytime    =  F
gr_pmrpadvancealllevels     =  F
gr_pmrpamrerrorchecking     =  F
gr_pmrpcartesianpm          =  F
gr_pmrpconserve             =  F
gr_pmrpconsvfluxdensities   =  T
gr_pmrpconsvfluxes          =  F
gr_pmrpcurvilinear          =  F
gr_pmrpcurvilinearconserve  =  F
gr_pmrpcylindricalpm        =  F
gr_pmrpdiagonals            =  T
gr_pmrpedgevalue            =  T
gr_pmrpedgevalueinteg       =  F
gr_pmrpemptycells           =  F
gr_pmrpforceconsistency     =  T
gr_pmrplsingularline        =  F
gr_pmrpnopermanentguardcells =  F
gr_pmrppolarpm              =  F
gr_pmrppredcorr             =  F
gr_pmrpsphericalpm          =  F
gr_pmrptimingmpi            =  F
gr_pmrptimingmpix           =  F
gr_pmrpvardt                =  F
gr_usetiling                =  F
hy_fallbacklowercfl         =  F
hy_fullspecmsfluxhandling   =  T
hy_usetiling                =  F
ignoreforcedplot            =  F
io_writemscalarintegrals    =  F
plotfilegridquantitydp      =  F
plotfilemetadatadp          =  F
reducegcellfills            =  F
refine_on_particle_count    =  F
restart                     =  F
shockdetect                 =  F
shocklowercfl               =  F
sim_bcsetbdryvar            =  F
sim_forcecenterderefine     =  F
sim_onelevelintegralsonly   =  F
summaryoutputonly           =  F
threadblocklistbuild        =  F
threaddelepblocklist        =  F
threaddelepwithinblock      =  F
threaddriverblocklist       =  F
threaddriverwithinblock     =  F
threadeoswithinblock        =  F
threadhydroblocklist        =  F
threadhydrowithinblock      =  F
threadraytracebuild         =  F
threadwithinblockbuild      =  F
tmr_suppressinparallel      =  F
typematchedxfer             =  T
unbiased_geometry           =  F
updatehydrofluxes           =  T
useburn                     =  F
usecollectivehdf5           =  T
usedeleptonize              =  F
usegravity                  =  F
useheatad                   =  F
useheater                   =  F
usehydro                    =  T
useimbound                  =  F
useincompns                 =  F
useinlet                    =  F
uselegacylabels             =  T
usemultiphase               =  F
useorchestration            =  F
useoutlet                   =  F
useparticles                =  F
useradtrans                 =  F
usests                      =  F
usestsfordiffusion          =  F
usesolidmechanics           =  F
use_3dfullctu               =  T
use_auxeinteqn              =  T
use_avisc                   =  T [CHANGED]
use_cma_advection           =  F
use_cma_flattening          =  F
use_flash_surr_blks_fill    =  T
use_flattening              =  F
use_gravhalfupdate          =  T
use_hybridorder             =  F
use_reduced_orrery          =  T
use_steepening              =  F
use_upwindtvd               =  F
writestatsummary            =  T
                                                                               
 ==============================================================================
                                                                               
 Known units of measurement:
                                                                               
              Unit                          CGS Value                Base Unit
  1                  cm                     1.0000                           cm
  2                   s                     1.0000                            s
  3                   g                     1.0000                            g
  4                   K                     1.0000                            K
  5                 esu                     1.0000                          esu
  6                 mol                     1.0000                          mol
  7                   m                     100.00                           cm
  8                  km                    1.00000E+05                       cm
  9                  pc                    3.08568E+18                       cm
 10                 kpc                    3.08568E+21                       cm
 11                 Mpc                    3.08568E+24                       cm
 12                 Gpc                    3.08568E+27                       cm
 13                Rsun                    6.96000E+10                       cm
 14                  AU                    1.49598E+13                       cm
 15                  yr                    3.15569E+07                        s
 16                 Myr                    3.15569E+13                        s
 17                 Gyr                    3.15569E+16                        s
 18                  kg                     1000.0                            g
 19                Msun                    1.98892E+33                        g
 20                 amu                    1.66054E-24                        g
 21                  eV                     11605.                            K
 22                   C                    2.99792E+09                      esu
 23                LFLY                    3.08568E+24                       cm
 24                TFLY                    2.05759E+17                        s
 25                MFLY                    9.88470E+45                        g
 26            clLength                    3.08568E+24                       cm
 27              clTime                    3.15569E+16                        s
 28              clMass                    1.98892E+48                        g
 29              clTemp                    1.16045E+07                        K
-----------End of Units--------------------
                                                                               
 Known physical constants:
                                                                               
    Constant Name       Constant Value   cm       s        g        K        esu      mol
  1              Newton    6.67408E-08   3.0     -2.0     -1.0      0.0      0.0      0.0    
  2      speed of light    2.99792E+10   1.0     -1.0      0.0      0.0      0.0      0.0    
  3              Planck    6.62607E-27   2.0     -1.0      1.0      0.0      0.0      0.0    
  4     electron charge    4.80320E-10   0.0      0.0      0.0      0.0      1.0      0.0    
  5       electron mass    9.10938E-28   0.0      0.0      1.0      0.0      0.0      0.0    
  6         proton mass    1.67262E-24   0.0      0.0      1.0      0.0      0.0      0.0    
  7      fine-structure    7.29735E-03   0.0      0.0      0.0      0.0      0.0      0.0    
  8            Avogadro    6.02214E+23   0.0      0.0      0.0      0.0      0.0     -1.0    
  9           Boltzmann    1.38065E-16   2.0     -2.0      1.0     -1.0      0.0      0.0    
 10  ideal gas constant    8.31446E+07   2.0     -2.0      1.0     -1.0      0.0     -1.0    
 11                Wien    0.28978       1.0      0.0      0.0      1.0      0.0      0.0    
 12    Stefan-Boltzmann    5.67037E-05   0.0     -3.0      1.0     -4.0      0.0      0.0    
 13  Radiation Constant    7.56572E-15  -1.0     -2.0      1.0     -4.0      0.0      0.0    
 14                  pi     3.1416       0.0      0.0      0.0      0.0      0.0      0.0    
 15                   e     2.7183       0.0      0.0      0.0      0.0      0.0      0.0    
 16               Euler    0.57722       0.0      0.0      0.0      0.0      0.0      0.0    
 ==============================================================================
                                                                               
 Multifluid database: not configured in
                                                                               
 ==============================================================================
 [ 02-28-2025  13:20:16.918 ] [gr_initGeometry] checking BCs for idir: 1
 [ 02-28-2025  13:20:16.918 ] [gr_initGeometry] checking BCs for idir: 2
 [ 02-28-2025  13:20:16.918 ] [gr_initGeometry] checking BCs for idir: 3
 [ 02-28-2025  13:20:18.601 ] [GRID amr_refine_derefine]: initiating refinement
 [ 02-28-2025  13:20:18.601 ] [GRID amr_refine_derefine]: redist. phase.  tot blks requested: 4096
 [GRID amr_refine_derefine] min blks 4    max blks 5    tot blks 4096
 [GRID amr_refine_derefine] min leaf blks 4    max leaf blks 5    tot leaf blks 4096
 [ 02-28-2025  13:20:18.768 ] [GRID amr_refine_derefine]: refinement complete
 [ 02-28-2025  13:20:18.893 ] [GRID gr_expandDomain]: iteration=1, create level=2
 INFO: Grid_fillGuardCells is ignoring masking.
 [ 02-28-2025  13:20:24.168 ] [mpi_amr_comm_setup]: buffer_dim_send=3349693, buffer_dim_recv=2207173
 [ 02-28-2025  13:20:25.798 ] [GRID amr_refine_derefine]: initiating refinement
 [ 02-28-2025  13:20:25.807 ] [GRID amr_refine_derefine]: redist. phase.  tot blks requested: 4160
 [GRID amr_refine_derefine] min blks 4    max blks 5    tot blks 4160
 [GRID amr_refine_derefine] min leaf blks 4    max leaf blks 5    tot leaf blks 4152
 [ 02-28-2025  13:20:25.929 ] [GRID amr_refine_derefine]: refinement complete
 [ 02-28-2025  13:20:25.932 ] [GRID gr_expandDomain]: iteration=2, create level=3
 [ 02-28-2025  13:20:31.911 ] [GRID amr_refine_derefine]: initiating refinement
 [ 02-28-2025  13:20:31.920 ] [GRID amr_refine_derefine]: redist. phase.  tot blks requested: 4224
 [GRID amr_refine_derefine] min blks 4    max blks 6    tot blks 4224
 [GRID amr_refine_derefine] min leaf blks 3    max leaf blks 5    tot leaf blks 4208
 [ 02-28-2025  13:20:32.035 ] [GRID amr_refine_derefine]: refinement complete
 [ 02-28-2025  13:20:32.038 ] [GRID gr_expandDomain]: iteration=3, create level=4
 [ 02-28-2025  13:20:37.347 ] [mpi_amr_comm_setup]: buffer_dim_send=3423553, buffer_dim_recv=2207173
 [ 02-28-2025  13:20:38.004 ] [GRID amr_refine_derefine]: initiating refinement
 [ 02-28-2025  13:20:38.010 ] [GRID amr_refine_derefine]: redist. phase.  tot blks requested: 4288
 [GRID amr_refine_derefine] min blks 4    max blks 6    tot blks 4288
 [GRID amr_refine_derefine] min leaf blks 3    max leaf blks 5    tot leaf blks 4264
 [ 02-28-2025  13:20:38.120 ] [GRID amr_refine_derefine]: refinement complete
 [ 02-28-2025  13:20:38.123 ] [GRID gr_expandDomain]: iteration=4, create level=5
 [ 02-28-2025  13:20:43.643 ] [mpi_amr_comm_setup]: buffer_dim_send=3422269, buffer_dim_recv=2207173
 [ 02-28-2025  13:20:44.355 ] [GRID amr_refine_derefine]: initiating refinement
 [ 02-28-2025  13:20:44.366 ] [GRID amr_refine_derefine]: redist. phase.  tot blks requested: 6144
 [GRID amr_refine_derefine] min blks 6    max blks 9    tot blks 6144
 [GRID amr_refine_derefine] min leaf blks 5    max leaf blks 7    tot leaf blks 5888
 [ 02-28-2025  13:20:44.511 ] [GRID amr_refine_derefine]: refinement complete
 [ 02-28-2025  13:20:44.516 ] [GRID gr_expandDomain]: iteration=5, create level=6
 [ 02-28-2025  13:20:52.205 ] [mpi_amr_comm_setup]: buffer_dim_send=2974177, buffer_dim_recv=2540365
 [ 02-28-2025  13:20:53.276 ] [GRID amr_refine_derefine]: initiating refinement
 [ 02-28-2025  13:20:53.286 ] [GRID amr_refine_derefine]: redist. phase.  tot blks requested: 9152
 [GRID amr_refine_derefine] min blks 9    max blks 12    tot blks 9152
 [GRID amr_refine_derefine] min leaf blks 7    max leaf blks 10    tot leaf blks 8520
 [ 02-28-2025  13:20:53.486 ] [GRID amr_refine_derefine]: refinement complete
 [ 02-28-2025  13:20:53.491 ] [GRID gr_expandDomain]: iteration=6, create level=6
 [ 02-28-2025  13:21:04.538 ] [mpi_amr_comm_setup]: buffer_dim_send=4843741, buffer_dim_recv=2669029
 [ 02-28-2025  13:21:05.974 ] [GRID gr_expandDomain]: iteration=7, create level=6
 [ 02-28-2025  13:21:18.458 ] [GRID gr_expandDomain]: iteration=8, create level=6
 [ 02-28-2025  13:21:30.346 ] memory: /proc vsize    (MB):     4596.92 (min)       4799.12 (max)       4731.30 (avg)
 [ 02-28-2025  13:21:30.347 ] memory: /proc rss      (MB):     1841.20 (min)       1930.59 (max)       1894.87 (avg)
 [ 02-28-2025  13:21:30.348 ] memory: /proc vsize    (MB):     4596.92 (min)       4799.12 (max)       4731.30 (avg)
 [ 02-28-2025  13:21:30.348 ] memory: /proc rss      (MB):     1841.20 (min)       1930.59 (max)       1894.87 (avg)
 [ 02-28-2025  13:21:30.367 ] memory: /proc vsize    (MB):     4596.92 (min)       4799.12 (max)       4731.30 (avg)
 [ 02-28-2025  13:21:30.367 ] memory: /proc rss      (MB):     1841.20 (min)       1930.59 (max)       1894.88 (avg)
 [ 02-28-2025  13:21:33.955 ] [IO_writeCheckpoint] open: type=checkpoint name=sedov_hdf5_chk_0000
 [ 02-28-2025  13:21:42.032 ] [io_writeData]: wrote    9152          blocks
 [ 02-28-2025  13:21:42.047 ] [IO_writeCheckpoint] close: type=checkpoint name=sedov_hdf5_chk_0000
 [ 02-28-2025  13:21:42.136 ] [IO_writePlotfile] open: type=plotfile name=sedov_hdf5_plt_cnt_0000
 [ 02-28-2025  13:21:42.944 ] [io_writeData]: wrote    9152          blocks
 [ 02-28-2025  13:21:42.952 ] [IO_writePlotfile] close: type=plotfile name=sedov_hdf5_plt_cnt_0000
 [ 02-28-2025  13:21:42.954 ] memory: /proc vsize    (MB):     4620.62 (min)       5011.16 (max)       4740.70 (avg)
 [ 02-28-2025  13:21:42.954 ] memory: /proc rss      (MB):     1847.33 (min)       1937.67 (max)       1903.20 (avg)
 [ 02-28-2025  13:21:42.954 ] [Driver_evolveAll]: Entering evolution loop
 [ 02-28-2025  13:21:42.954 ] step: n=1 t=0.000000E+00 dt=1.000000E-10
 [ 02-28-2025  13:21:46.677 ] step: n=2 t=1.000000E-10 dt=2.000000E-10
 [ 02-28-2025  13:21:52.942 ] step: n=3 t=3.000000E-10 dt=4.000000E-10
 [ 02-28-2025  13:21:56.614 ] step: n=4 t=7.000000E-10 dt=8.000000E-10
 [ 02-28-2025  13:22:02.862 ] step: n=5 t=1.500000E-09 dt=1.600000E-09
 [ 02-28-2025  13:22:06.552 ] step: n=6 t=3.100000E-09 dt=3.200000E-09
 [ 02-28-2025  13:22:12.812 ] step: n=7 t=6.300000E-09 dt=6.400000E-09
 [ 02-28-2025  13:22:16.499 ] step: n=8 t=1.270000E-08 dt=1.280000E-08
 [ 02-28-2025  13:22:22.790 ] step: n=9 t=2.550000E-08 dt=2.560000E-08
 [ 02-28-2025  13:22:26.474 ] step: n=10 t=5.110000E-08 dt=5.120000E-08
 [ 02-28-2025  13:22:36.456 ] [IO_writeCheckpoint] open: type=checkpoint name=sedov_hdf5_chk_0001
 [ 02-28-2025  13:22:44.535 ] [io_writeData]: wrote    9152          blocks
 [ 02-28-2025  13:22:44.540 ] [IO_writeCheckpoint] close: type=checkpoint name=sedov_hdf5_chk_0001
 [ 02-28-2025  13:22:44.542 ] step: n=11 t=1.023000E-07 dt=1.024000E-07
 [ 02-28-2025  13:22:48.238 ] step: n=12 t=2.047000E-07 dt=2.011896E-07
 [ 02-28-2025  13:22:54.539 ] step: n=13 t=4.058896E-07 dt=1.856898E-07
 [ 02-28-2025  13:22:58.239 ] step: n=14 t=5.915794E-07 dt=1.729914E-07
 [ 02-28-2025  13:23:04.542 ] step: n=15 t=7.645708E-07 dt=1.642472E-07
 [ 02-28-2025  13:23:08.251 ] step: n=16 t=9.288179E-07 dt=1.580871E-07
 [ 02-28-2025  13:23:14.538 ] step: n=17 t=1.086905E-06 dt=1.534569E-07
 [ 02-28-2025  13:23:18.250 ] step: n=18 t=1.240362E-06 dt=1.499651E-07
 [ 02-28-2025  13:23:24.551 ] step: n=19 t=1.390327E-06 dt=1.474127E-07
 [ 02-28-2025  13:23:28.257 ] step: n=20 t=1.537740E-06 dt=1.456205E-07
 [ 02-28-2025  13:23:38.153 ] [IO_writeCheckpoint] open: type=checkpoint name=sedov_hdf5_chk_0002
 [ 02-28-2025  13:23:46.375 ] [io_writeData]: wrote    9152          blocks
 [ 02-28-2025  13:23:46.380 ] [IO_writeCheckpoint] close: type=checkpoint name=sedov_hdf5_chk_0002
 [ 02-28-2025  13:23:46.382 ] step: n=21 t=1.683360E-06 dt=1.444985E-07
 [ 02-28-2025  13:23:50.084 ] step: n=22 t=1.827859E-06 dt=1.441710E-07
 [ 02-28-2025  13:23:56.380 ] step: n=23 t=1.972030E-06 dt=1.441286E-07
 [ 02-28-2025  13:24:00.081 ] step: n=24 t=2.116158E-06 dt=1.441099E-07
 [ 02-28-2025  13:24:06.385 ] step: n=25 t=2.260268E-06 dt=1.441302E-07
 [ 02-28-2025  13:24:10.101 ] step: n=26 t=2.404398E-06 dt=1.442588E-07
 [ 02-28-2025  13:24:16.362 ] [GRID amr_refine_derefine]: initiating refinement
 [ 02-28-2025  13:24:16.377 ] [GRID amr_refine_derefine]: redist. phase.  tot blks requested: 9536
 [GRID amr_refine_derefine] min blks 10    max blks 13    tot blks 9536
 [GRID amr_refine_derefine] min leaf blks 8    max leaf blks 11    tot leaf blks 8856
 [ 02-28-2025  13:24:16.585 ] [GRID amr_refine_derefine]: refinement complete
 [ 02-28-2025  13:24:16.996 ] step: n=27 t=2.548657E-06 dt=1.444833E-07
 [ 02-28-2025  13:24:16.996 ] [mpi_amr_comm_setup]: buffer_dim_send=4300885, buffer_dim_recv=2669029
 [ 02-28-2025  13:24:20.821 ] step: n=28 t=2.693141E-06 dt=1.448057E-07
 [ 02-28-2025  13:24:27.410 ] step: n=29 t=2.837946E-06 dt=1.450172E-07
 [ 02-28-2025  13:24:31.245 ] step: n=30 t=2.982964E-06 dt=1.450055E-07
 [ 02-28-2025  13:24:41.536 ] [IO_writeCheckpoint] open: type=checkpoint name=sedov_hdf5_chk_0003
 [ 02-28-2025  13:24:50.115 ] [io_writeData]: wrote    9536          blocks
 [ 02-28-2025  13:24:50.122 ] [IO_writeCheckpoint] close: type=checkpoint name=sedov_hdf5_chk_0003
 [ 02-28-2025  13:24:50.124 ] step: n=31 t=3.127969E-06 dt=1.449474E-07
 [ 02-28-2025  13:24:53.958 ] step: n=32 t=3.272916E-06 dt=1.449259E-07
 [ 02-28-2025  13:25:00.567 ] step: n=33 t=3.417842E-06 dt=1.447113E-07
 [ 02-28-2025  13:25:04.401 ] step: n=34 t=3.562554E-06 dt=1.446418E-07
 [ 02-28-2025  13:25:10.993 ] step: n=35 t=3.707195E-06 dt=1.446455E-07
 [ 02-28-2025  13:25:14.821 ] step: n=36 t=3.851841E-06 dt=1.446573E-07
 [ 02-28-2025  13:25:21.422 ] step: n=37 t=3.996498E-06 dt=1.446767E-07
 [ 02-28-2025  13:25:25.262 ] step: n=38 t=4.141175E-06 dt=1.447318E-07
 [ 02-28-2025  13:25:31.763 ] step: n=39 t=4.285907E-06 dt=1.447598E-07
 [ 02-28-2025  13:25:35.592 ] step: n=40 t=4.430666E-06 dt=1.447127E-07
 [ 02-28-2025  13:25:45.962 ] [IO_writeCheckpoint] open: type=checkpoint name=sedov_hdf5_chk_0004
 [ 02-28-2025  13:25:54.501 ] [io_writeData]: wrote    9536          blocks
 [ 02-28-2025  13:25:54.514 ] [IO_writeCheckpoint] close: type=checkpoint name=sedov_hdf5_chk_0004
 [ 02-28-2025  13:25:54.515 ] step: n=41 t=4.575379E-06 dt=1.446812E-07
 [ 02-28-2025  13:25:58.345 ] step: n=42 t=4.720060E-06 dt=1.446456E-07
 [ 02-28-2025  13:26:04.937 ] step: n=43 t=4.864706E-06 dt=1.446294E-07
 [ 02-28-2025  13:26:08.785 ] step: n=44 t=5.009335E-06 dt=1.446250E-07
 [ 02-28-2025  13:26:15.393 ] step: n=45 t=5.153960E-06 dt=1.445216E-07
 [ 02-28-2025  13:26:19.234 ] step: n=46 t=5.298482E-06 dt=1.444823E-07
 [ 02-28-2025  13:26:25.839 ] step: n=47 t=5.442964E-06 dt=1.444551E-07
 [ 02-28-2025  13:26:29.675 ] step: n=48 t=5.587419E-06 dt=1.444288E-07
 [ 02-28-2025  13:26:36.253 ] step: n=49 t=5.731848E-06 dt=1.444159E-07
 [ 02-28-2025  13:26:40.088 ] step: n=50 t=5.876264E-06 dt=1.444089E-07
 [ 02-28-2025  13:26:50.346 ] [IO_writeCheckpoint] open: type=checkpoint name=sedov_hdf5_chk_0005
 [ 02-28-2025  13:26:59.228 ] [io_writeData]: wrote    9536          blocks
 [ 02-28-2025  13:26:59.323 ] [IO_writeCheckpoint] close: type=checkpoint name=sedov_hdf5_chk_0005
 [ 02-28-2025  13:26:59.324 ] step: n=51 t=6.020673E-06 dt=1.443103E-07
 [ 02-28-2025  13:27:03.173 ] step: n=52 t=6.164983E-06 dt=1.442630E-07
 [ 02-28-2025  13:27:09.773 ] step: n=53 t=6.309246E-06 dt=1.442278E-07
 [ 02-28-2025  13:27:13.618 ] step: n=54 t=6.453474E-06 dt=1.441955E-07
 [ 02-28-2025  13:27:20.207 ] step: n=55 t=6.597670E-06 dt=1.441758E-07
 [ 02-28-2025  13:27:24.046 ] step: n=56 t=6.741845E-06 dt=1.441499E-07
 [ 02-28-2025  13:27:30.581 ] step: n=57 t=6.885995E-06 dt=1.440523E-07
 [ 02-28-2025  13:27:34.410 ] step: n=58 t=7.030048E-06 dt=1.439965E-07
 [ 02-28-2025  13:27:41.011 ] step: n=59 t=7.174044E-06 dt=1.439601E-07
 [ 02-28-2025  13:27:44.834 ] step: n=60 t=7.318004E-06 dt=1.439284E-07
 [ 02-28-2025  13:27:55.215 ] [IO_writeCheckpoint] open: type=checkpoint name=sedov_hdf5_chk_0006
 [ 02-28-2025  13:28:04.637 ] [io_writeData]: wrote    9536          blocks
 [ 02-28-2025  13:28:04.663 ] [IO_writeCheckpoint] close: type=checkpoint name=sedov_hdf5_chk_0006
 [ 02-28-2025  13:28:04.665 ] [Driver_evolveAll]: Exiting evolution loop
 [ 02-28-2025  13:28:04.780 ] [IO_writePlotfile] open: type=plotfile name=sedov_forced_hdf5_plt_cnt_0000
 [ 02-28-2025  13:28:05.669 ] [io_writeData]: wrote    9536          blocks
 [ 02-28-2025  13:28:05.692 ] [IO_writePlotfile] close: type=plotfile name=sedov_forced_hdf5_plt_cnt_0000
 [ 02-28-2025  13:28:05.693 ] memory: /proc vsize    (MB):     4627.95 (min)       5018.77 (max)       4760.18 (avg)
 [ 02-28-2025  13:28:05.693 ] memory: /proc rss      (MB):     1961.16 (min)       2067.52 (max)       1999.25 (avg)
 ==============================================================================
 perf_summary: code performance summary for process            0
                      beginning : 02-28-2025  13:20:16
                         ending : 02-28-2025  13:28:05
   seconds in monitoring period :              468.778
      number of evolution steps :                   60
 ------------------------------------------------------------------------------
 accounting unit                       time sec  num calls   secs avg  time pct
 ------------------------------------------------------------------------------
 initialization                         86.038      1          86.038    18.354
  eos                                    0.210      8           0.026     0.045
  guardcell internal                     2.725      7           0.389     0.581
   amr_guardcell                         2.601      7           0.372     0.555
   eos gc                                0.000      7           0.000     0.000
  writeCheckpoint                       11.655      1          11.655     2.486
   restrictAll                           3.337      1           3.337     0.712
  writePlotfile                          0.904      1           0.904     0.193
 writePlotfile                           1.027      1           1.027     0.219
 evolution                             381.710      1         381.710    81.427
  Hydro                                169.488     60           2.825    36.155
   Head                                 37.512     60           0.625     8.002
    guardcell internal                  37.510     60           0.625     8.002
     amr_guardcell                      34.774     60           0.580     7.418
     eos gc                              0.002     60           0.000     0.000
   compute fluxes                      126.260     60           2.104    26.934
    hy_computeFluxes                   126.258    600           0.210    26.933
     RiemannState                      108.557    600           0.181    23.158
     getFaceFlux                        17.543    600           0.029     3.742
   conserveFluxes                        0.045     60           0.001     0.010
   update solution                       5.607     60           0.093     1.196
    update solution body                 5.605    600           0.009     1.196
     unsplitUpdate                       2.130    600           0.004     0.454
  sourceTerms                            0.000     60           0.000     0.000
  Particles_advance                      0.000     60           0.000     0.000
  Gravity potential                      0.000     60           0.000     0.000
  IO_output                            130.245    120           1.085    27.784
   diagnostics                          55.972    120           0.466    11.940
   checkpointing                        74.243      6          12.374    15.838
    writeCheckpoint                     74.241      6          12.374    15.837
     restrictAll                        21.626      6           3.604     4.613
  Grid_updateRefinement                 80.798     60           1.347    17.236
   eos                                   0.074      1           0.074     0.016
   tree                                 80.724     60           1.345    17.220
    markRefineDerefine                  21.413     30           0.714     4.568
     guardcell internal                 18.855     30           0.628     4.022
      amr_guardcell                     17.521     30           0.584     3.738
      eos gc                             0.001     30           0.000     0.000
    amr_refine_derefine                 58.246     30           1.942    12.425
    updateData                           0.000     30           0.000     0.000
   updateParticleRefinement              0.000      1           0.000     0.000
  Driver_computeDt                       1.165     60           0.019     0.249
 ==============================================================================
 [ 02-28-2025  13:28:05.694 ] [Timers_getSummary]: Not writing timer max/min/avg values because not all processors had same timers
 [ 02-28-2025  13:28:05.695 ] LOGFILE_END: FLASH run complete.
 FLASH log file:  02-28-2025  13:28:16.330    Run number:  1
 ==============================================================================
 Number of MPI tasks:                896
 MPI version:                          3
 MPI subversion:                       1
 Dimensionality:                       3
 Max Number of Blocks/Proc:          200
 Number x zones:                      32
 Number y zones:                      32
 Number z zones:                      32
 Setup stamp:     Fri Nov 1 14:03:57 2024
 Build stamp:     Fri Nov 1 14:04:23 2024
 System info:     Linux corona211 4.18.0-553.22.1.1toss.t4.x86_64 #1 SMP Tue Sep 24 16:50:00 PDT 2
 Version:         Flash-X 1.0 (heads/main-0-g6040ba49-dirty)                                      
 Build directory: /usr/workspace/ather1/Flash-X/sedov
 Setup syntax:    /usr/workspace/ather1/Flash-X/bin/setup.py Sedov -auto -3d -nxb=32 -nyb=32 -nzb=32 +parallelio -objdir=/usr/workspace/ather1/Flash-X/sedov
 f compiler flags: mpif90 -ggdb -c -O2 -fdefault-real-8 -fdefault-double-8 -Wuninitialized -fallow-argument-mismatch -fallow-argument-mismatch -DMAXBLOCKS=200 -DNXB=32 -DNYB=32 -DNZB=32 -DN_DIM=3
 c compiler flags:    mpicc -I/p/lustre2/ather1/hdf5-1.14.4-3/install/include -DH5_USE_18_API -ggdb -c -O2 -Wuninitialized -D_FORTIFY_SOURCE=2 -DMAXBLOCKS=200 -DNXB=32 -DNYB=32 -DNZB=32 -DN_DIM=3
 ==============================================================================
 Comment:  Sedov explosion
 ==============================================================================
 FLASH Units used:
   Driver/DriverMain/Unsplit
   Grid/GridBoundaryConditions
   Grid/GridMain/AMR/Paramesh4/PM4_package/flash_avoid_orrery
   Grid/GridMain/AMR/Paramesh4/PM4_package/headers
   Grid/GridMain/AMR/Paramesh4/PM4_package/source
   Grid/GridMain/AMR/Paramesh4/PM4_package/utilities/multigrid
   Grid/GridMain/AMR/Paramesh4/interpolation/prolong
   Grid/GridMain/AMR/Paramesh4/levelFlux
   Grid/localAPI
   IO/IOMain/hdf5/parallel/PM
   IO/localAPI
   PhysicalConstants/PhysicalConstantsMain
   RuntimeParameters/RuntimeParametersMain
   Simulation/SimulationMain/Sedov
   TimeAdvance/TimeAdvanceMain/StrangSplit
   flashUtilities/contiguousConversion
   flashUtilities/general
   flashUtilities/interpolation/oneDim
   flashUtilities/nameValueLL
   flashUtilities/sorting/quicksort
   flashUtilities/system/memoryUsage/legacy
   monitors/Logfile/LogfileMain
   monitors/Timers/TimersMain/MPINative
   physics/Eos/EosMain/Gamma
   physics/Hydro/HydroMain/unsplit/OnlyHydro
   physics/Hydro/HydroMain/unsplit/levelFlux
   physics/Hydro/localAPI
 ==============================================================================
 RuntimeParameters:
                                                                               
 ==============================================================================
bndpriorityone              =          1
bndprioritythree            =          3
bndprioritytwo              =          2
checkpointfileintervalstep  =         10 [CHANGED]
checkpointfilenumber        =          0
dr_abortpause               =          2
dr_dtminbelowaction         =          1
drift_break_inst            =          0
drift_trunc_mantissa        =          2
drift_verbose_inst          =          0
eos_entrelescalechoice      =          6
eos_loglevel                =        700
fileformatversion           =          9
forcedplotfilenumber        =          0
gr_lrefmaxtimevalue_1       =         -1
gr_lrefmaxtimevalue_10      =         -1
gr_lrefmaxtimevalue_11      =         -1
gr_lrefmaxtimevalue_12      =         -1
gr_lrefmaxtimevalue_13      =         -1
gr_lrefmaxtimevalue_14      =         -1
gr_lrefmaxtimevalue_15      =         -1
gr_lrefmaxtimevalue_16      =         -1
gr_lrefmaxtimevalue_17      =         -1
gr_lrefmaxtimevalue_18      =         -1
gr_lrefmaxtimevalue_19      =         -1
gr_lrefmaxtimevalue_2       =         -1
gr_lrefmaxtimevalue_20      =         -1
gr_lrefmaxtimevalue_3       =         -1
gr_lrefmaxtimevalue_4       =         -1
gr_lrefmaxtimevalue_5       =         -1
gr_lrefmaxtimevalue_6       =         -1
gr_lrefmaxtimevalue_7       =         -1
gr_lrefmaxtimevalue_8       =         -1
gr_lrefmaxtimevalue_9       =         -1
gr_pmrpdivergencefree       =         -1
gr_pmrpifaceoff             =          0
gr_pmrpl2p5d                =          0
gr_pmrpmaxblocks            =         -1
gr_pmrpmflags               =          1
gr_pmrpnboundaries          =          6
gr_pmrpndim                 =          3
gr_pmrpnedgevar1            =         -1
gr_pmrpnfacevar             =         -1
gr_pmrpnfielddivf           =         -1
gr_pmrpnfluxvar             =         -1
gr_pmrpnguard               =         -1
gr_pmrpnguardwork           =         -1
gr_pmrpnvar                 =         -1
gr_pmrpnvarwork             =          1
gr_pmrpnvarcorn             =          0
gr_pmrpnvaredge             =          0
gr_pmrpnxb                  =         -1
gr_pmrpnyb                  =         -1
gr_pmrpnzb                  =         -1
gr_restrictallmethod        =          3
gr_sanitizedatamode         =          1
gr_sanitizeverbosity        =          5
gr_tilesizex                =         32
gr_tilesizey                =         32
gr_tilesizez                =         32
hy_3torder                  =         -1
hydrocomputedtoption        =         -1
iprocs                      =          1
interpol_order              =          2
irenorm                     =          0
jprocs                      =          1
kprocs                      =          1
lrefine_del                 =          0
lrefine_max                 =          6 [CHANGED]
lrefine_min                 =          1
lrefine_min_init            =          1
max_particles_per_blk       =        100
memory_stat_freq            =     100000
meshcopycount               =          1
min_particles_per_blk       =          1
nbegin                      =          1
nblockx                     =         16 [CHANGED]
nblocky                     =         16 [CHANGED]
nblockz                     =         16 [CHANGED]
nend                        =         60 [CHANGED]
nrefs                       =          2
nsteptotalsts               =          5
order                       =          3 [CHANGED]
outputsplitnum              =          1
plotfileintervalstep        =          0
plotfilenumber              =          0
refine_var_count            =          4
rolling_checkpoint          =      10000
sim_centerrefinelevel       =          1
sim_integralslevel          =         -1
sim_nsubzones               =          7
sweeporder                  =        123
transorder                  =          1
wr_integrals_freq           =          1
limitedslopebeta            =                 0.100E+01
cfl                         =                 0.800E+00
checkpointfileintervaltime  =                 0.000E+00 [CHANGED]
checkpointfileintervalz     =                 0.180+309
cvisc                       =                 0.100E+00
derefine_cutoff_1           =                 0.200E+00
derefine_cutoff_2           =                 0.200E+00
derefine_cutoff_3           =                 0.200E+00
derefine_cutoff_4           =                 0.200E+00
dr_dtmincontinue            =                 0.000E+00
dr_tstepslowstartfactor     =                 0.100E+00
dtinit                      =                 0.100E-09
dtmax                       =                 0.100E+06
dtmin                       =                 0.100E-09
eintswitch                  =                 0.100E-03 [CHANGED]
eos_singlespeciesa          =                 0.100E+01
eos_singlespeciesz          =                 0.100E+01
gamma                       =                 0.140E+01 [CHANGED]
gr_btworkchildscaling       =                 0.100E+01
gr_btworkdefaultleaf        =                 0.200E+01
gr_btworkdefaultpar         =                 0.100E+01
gr_btworklbleaf             =                 0.000E+00
gr_btworklbpar              =                 0.000E+00
gr_btworkubleaf             =                 0.100E+07
gr_btworkubpar              =                 0.100E+07
gr_lrefinemaxredlogbase     =                 0.100E+02
gr_lrefinemaxredradiusfact  =                 0.000E+00
gr_lrefinemaxredtref        =                 0.000E+00
gr_lrefinemaxredtimescale   =                 0.100E+01
gr_lrefmaxtime_1            =                -0.100E+01
gr_lrefmaxtime_10           =                -0.100E+01
gr_lrefmaxtime_11           =                -0.100E+01
gr_lrefmaxtime_12           =                -0.100E+01
gr_lrefmaxtime_13           =                -0.100E+01
gr_lrefmaxtime_14           =                -0.100E+01
gr_lrefmaxtime_15           =                -0.100E+01
gr_lrefmaxtime_16           =                -0.100E+01
gr_lrefmaxtime_17           =                -0.100E+01
gr_lrefmaxtime_18           =                -0.100E+01
gr_lrefmaxtime_19           =                -0.100E+01
gr_lrefmaxtime_2            =                -0.100E+01
gr_lrefmaxtime_20           =                -0.100E+01
gr_lrefmaxtime_3            =                -0.100E+01
gr_lrefmaxtime_4            =                -0.100E+01
gr_lrefmaxtime_5            =                -0.100E+01
gr_lrefmaxtime_6            =                -0.100E+01
gr_lrefmaxtime_7            =                -0.100E+01
gr_lrefmaxtime_8            =                -0.100E+01
gr_lrefmaxtime_9            =                -0.100E+01
hy_cflfallbackfactor        =                 0.900E+00
hy_fpresinmomflux           =                 0.100E+01
hybridorderkappa            =                 0.000E+00
nusts                       =                 0.200E+00 [CHANGED]
plotfileintervaltime        =                 0.000E+00 [CHANGED]
plotfileintervalz           =                 0.180+309
radiusgp                    =                 0.200E+01
refine_cutoff_1             =                 0.800E+00
refine_cutoff_2             =                 0.800E+00
refine_cutoff_3             =                 0.800E+00
refine_cutoff_4             =                 0.800E+00
refine_filter_1             =                 0.100E-01
refine_filter_2             =                 0.100E-01
refine_filter_3             =                 0.100E-01
refine_filter_4             =                 0.100E-01
rss_limit                   =                -0.100E+01
sigmagp                     =                 0.300E+01
sim_derefineradius          =                 0.000E+00
sim_earliestlstime          =                 0.000E+00
sim_expenergy               =                 0.100E+01
sim_largestnormradius       =                 0.180+309
sim_latestlstime            =                 0.180+309
sim_minrhoinit              =                 0.100E-19
sim_pambient                =                 0.100E-04
sim_rinit                   =                 0.137E-01 [CHANGED]
sim_rhoambient              =                 0.100E+01
sim_smallestnormradius      =                 0.000E+00
sim_xctr                    =                 0.500E+00
sim_yctr                    =                 0.500E+00
sim_zctr                    =                 0.500E+00
small                       =                 0.100E-09
smalle                      =                 0.100E-09
smallp                      =                 0.100E-09
smallt                      =                 0.100E-09
smallu                      =                 0.100E-09
smallx                      =                 0.100E-09
smlrho                      =                 0.100E-09
tinitial                    =                 0.000E+00
tiny                        =                 0.100E-15
tmax                        =                 0.500E+06 [CHANGED]
tstep_change_factor         =                 0.200E+01
wall_clock_checkpoint       =                 0.432E+05
wall_clock_time_limit       =                 0.605E+06
x_refine_center             =                 0.000E+00
xmax                        =                 0.100E+01
xmin                        =                 0.000E+00
y_refine_center             =                 0.000E+00
ymax                        =                 0.100E+01
ymin                        =                 0.000E+00
zfinal                      =                 0.000E+00
zinitial                    =                -0.100E+01
z_refine_center             =                 0.000E+00
zmax                        =                 0.100E+01
zmin                        =                 0.000E+00
riemannsolver               = Roe                            [CHANGED]
unitsystem                  = none                          
basenm                      = sedov_                         [CHANGED]
entropyfixmethod            = HARTENHYMAN                   
eosmode                     = dens_ie                       
eosmodeinit                 = dens_ie                       
geometry                    = cartesian                     
gr_pmrpoutputdir            = ./                            
grav_boundary_type          = isolated                      
hy_eosmodegc                = see eosMode                   
log_file                    = sedov.log                      [CHANGED]
output_directory            =                               
pc_unitsbase                = CGS                           
plot_grid_var_1             = none                          
plot_grid_var_10            = none                          
plot_grid_var_11            = none                          
plot_grid_var_12            = none                          
plot_grid_var_13            = none                          
plot_grid_var_14            = none                          
plot_grid_var_15            = none                          
plot_grid_var_16            = none                          
plot_grid_var_17            = none                          
plot_grid_var_18            = none                          
plot_grid_var_19            = none                          
plot_grid_var_2             = none                          
plot_grid_var_20            = none                          
plot_grid_var_21            = none                          
plot_grid_var_22            = none                          
plot_grid_var_23            = none                          
plot_grid_var_24            = none                          
plot_grid_var_25            = none                          
plot_grid_var_26            = none                          
plot_grid_var_27            = none                          
plot_grid_var_28            = none                          
plot_grid_var_29            = none                          
plot_grid_var_3             = none                          
plot_grid_var_30            = none                          
plot_grid_var_31            = none                          
plot_grid_var_32            = none                          
plot_grid_var_33            = none                          
plot_grid_var_34            = none                          
plot_grid_var_35            = none                          
plot_grid_var_36            = none                          
plot_grid_var_37            = none                          
plot_grid_var_38            = none                          
plot_grid_var_39            = none                          
plot_grid_var_4             = none                          
plot_grid_var_40            = none                          
plot_grid_var_41            = none                          
plot_grid_var_42            = none                          
plot_grid_var_43            = none                          
plot_grid_var_44            = none                          
plot_grid_var_45            = none                          
plot_grid_var_46            = none                          
plot_grid_var_47            = none                          
plot_grid_var_48            = none                          
plot_grid_var_49            = none                          
plot_grid_var_5             = none                          
plot_grid_var_50            = none                          
plot_grid_var_51            = none                          
plot_grid_var_52            = none                          
plot_grid_var_53            = none                          
plot_grid_var_54            = none                          
plot_grid_var_55            = none                          
plot_grid_var_56            = none                          
plot_grid_var_57            = none                          
plot_grid_var_58            = none                          
plot_grid_var_59            = none                          
plot_grid_var_6             = none                          
plot_grid_var_60            = none                          
plot_grid_var_61            = none                          
plot_grid_var_62            = none                          
plot_grid_var_63            = none                          
plot_grid_var_64            = none                          
plot_grid_var_65            = none                          
plot_grid_var_66            = none                          
plot_grid_var_67            = none                          
plot_grid_var_68            = none                          
plot_grid_var_69            = none                          
plot_grid_var_7             = none                          
plot_grid_var_70            = none                          
plot_grid_var_71            = none                          
plot_grid_var_72            = none                          
plot_grid_var_73            = none                          
plot_grid_var_74            = none                          
plot_grid_var_75            = none                          
plot_grid_var_76            = none                          
plot_grid_var_77            = none                          
plot_grid_var_78            = none                          
plot_grid_var_8             = none                          
plot_grid_var_9             = none                          
plot_var_1                  = dens                           [CHANGED]
plot_var_10                 = none                          
plot_var_11                 = none                          
plot_var_12                 = none                          
plot_var_13                 = none                          
plot_var_14                 = none                          
plot_var_15                 = none                          
plot_var_16                 = none                          
plot_var_17                 = none                          
plot_var_18                 = none                          
plot_var_2                  = pres                           [CHANGED]
plot_var_3                  = temp                           [CHANGED]
plot_var_4                  = none                          
plot_var_5                  = none                          
plot_var_6                  = none                          
plot_var_7                  = none                          
plot_var_8                  = none                          
plot_var_9                  = none                          
prof_file                   = profile.dat                   
refine_var_1                = dens                           [CHANGED]
refine_var_2                = pres                           [CHANGED]
refine_var_3                = none                          
refine_var_4                = none                          
run_comment                 = Sedov explosion                [CHANGED]
run_number                  = 1                             
sim_proffilename            = /dev/null                      [CHANGED]
slopelimiter                = mc                             [CHANGED]
stats_file                  = flashx.dat                    
wenomethod                  = WENO5                         
xl_boundary_type            = outflow                        [CHANGED]
xr_boundary_type            = outflow                        [CHANGED]
yl_boundary_type            = outflow                        [CHANGED]
yr_boundary_type            = outflow                        [CHANGED]
zl_boundary_type            = outflow                        [CHANGED]
zr_boundary_type            = outflow                        [CHANGED]
csvsummaryallprocs          =  F
eosforriemann               =  F
logsummaryallprocs          =  F
addthermalflux              =  T
allowdtstsdominate          =  F
alwayscomputeuservars       =  T
alwaysrestrictcheckpoint    =  T
charlimiting                =  T
chkguardcellsinput          =  F
chkguardcellsoutput         =  F
conserveangmom              =  F
converttoconsvdformeshcalls =  F
converttoconsvdinmeshinterp =  T
corners                     =  F
dr_printtsteploc            =  T
dr_shortenlaststepbeforetmax =  F
drift_tuples                =  F
eachprocwritesownabortlog   =  F
eachprocwritessummary       =  F
earlyblockdistadjustment    =  T
enablemaskedgcfill          =  F
entropy                     =  F
flux_correct                =  T
flux_correct_perlevel       =  F
geometryoverride            =  F
gr_bcenableapplymixedgds    =  T
gr_bndgcfillneedsprimitivevars =  T
gr_btcustomwork             =  F
gr_btexchangework           =  F
gr_btsortbywork             =  T
gr_enabletiling             =  F
gr_lrefinemaxbytime         =  F
gr_lrefinemaxreddobylogr    =  F
gr_lrefinemaxreddobytime    =  F
gr_pmrpadvancealllevels     =  F
gr_pmrpamrerrorchecking     =  F
gr_pmrpcartesianpm          =  F
gr_pmrpconserve             =  F
gr_pmrpconsvfluxdensities   =  T
gr_pmrpconsvfluxes          =  F
gr_pmrpcurvilinear          =  F
gr_pmrpcurvilinearconserve  =  F
gr_pmrpcylindricalpm        =  F
gr_pmrpdiagonals            =  T
gr_pmrpedgevalue            =  T
gr_pmrpedgevalueinteg       =  F
gr_pmrpemptycells           =  F
gr_pmrpforceconsistency     =  T
gr_pmrplsingularline        =  F
gr_pmrpnopermanentguardcells =  F
gr_pmrppolarpm              =  F
gr_pmrppredcorr             =  F
gr_pmrpsphericalpm          =  F
gr_pmrptimingmpi            =  F
gr_pmrptimingmpix           =  F
gr_pmrpvardt                =  F
gr_usetiling                =  F
hy_fallbacklowercfl         =  F
hy_fullspecmsfluxhandling   =  T
hy_usetiling                =  F
ignoreforcedplot            =  F
io_writemscalarintegrals    =  F
plotfilegridquantitydp      =  F
plotfilemetadatadp          =  F
reducegcellfills            =  F
refine_on_particle_count    =  F
restart                     =  F
shockdetect                 =  F
shocklowercfl               =  F
sim_bcsetbdryvar            =  F
sim_forcecenterderefine     =  F
sim_onelevelintegralsonly   =  F
summaryoutputonly           =  F
threadblocklistbuild        =  F
threaddelepblocklist        =  F
threaddelepwithinblock      =  F
threaddriverblocklist       =  F
threaddriverwithinblock     =  F
threadeoswithinblock        =  F
threadhydroblocklist        =  F
threadhydrowithinblock      =  F
threadraytracebuild         =  F
threadwithinblockbuild      =  F
tmr_suppressinparallel      =  F
typematchedxfer             =  T
unbiased_geometry           =  F
updatehydrofluxes           =  T
useburn                     =  F
usecollectivehdf5           =  T
usedeleptonize              =  F
usegravity                  =  F
useheatad                   =  F
useheater                   =  F
usehydro                    =  T
useimbound                  =  F
useincompns                 =  F
useinlet                    =  F
uselegacylabels             =  T
usemultiphase               =  F
useorchestration            =  F
useoutlet                   =  F
useparticles                =  F
useradtrans                 =  F
usests                      =  F
usestsfordiffusion          =  F
usesolidmechanics           =  F
use_3dfullctu               =  T
use_auxeinteqn              =  T
use_avisc                   =  T [CHANGED]
use_cma_advection           =  F
use_cma_flattening          =  F
use_flash_surr_blks_fill    =  T
use_flattening              =  F
use_gravhalfupdate          =  T
use_hybridorder             =  F
use_reduced_orrery          =  T
use_steepening              =  F
use_upwindtvd               =  F
writestatsummary            =  T
                                                                               
 ==============================================================================
                                                                               
 Known units of measurement:
                                                                               
              Unit                          CGS Value                Base Unit
  1                  cm                     1.0000                           cm
  2                   s                     1.0000                            s
  3                   g                     1.0000                            g
  4                   K                     1.0000                            K
  5                 esu                     1.0000                          esu
  6                 mol                     1.0000                          mol
  7                   m                     100.00                           cm
  8                  km                    1.00000E+05                       cm
  9                  pc                    3.08568E+18                       cm
 10                 kpc                    3.08568E+21                       cm
 11                 Mpc                    3.08568E+24                       cm
 12                 Gpc                    3.08568E+27                       cm
 13                Rsun                    6.96000E+10                       cm
 14                  AU                    1.49598E+13                       cm
 15                  yr                    3.15569E+07                        s
 16                 Myr                    3.15569E+13                        s
 17                 Gyr                    3.15569E+16                        s
 18                  kg                     1000.0                            g
 19                Msun                    1.98892E+33                        g
 20                 amu                    1.66054E-24                        g
 21                  eV                     11605.                            K
 22                   C                    2.99792E+09                      esu
 23                LFLY                    3.08568E+24                       cm
 24                TFLY                    2.05759E+17                        s
 25                MFLY                    9.88470E+45                        g
 26            clLength                    3.08568E+24                       cm
 27              clTime                    3.15569E+16                        s
 28              clMass                    1.98892E+48                        g
 29              clTemp                    1.16045E+07                        K
-----------End of Units--------------------
                                                                               
 Known physical constants:
                                                                               
    Constant Name       Constant Value   cm       s        g        K        esu      mol
  1              Newton    6.67408E-08   3.0     -2.0     -1.0      0.0      0.0      0.0    
  2      speed of light    2.99792E+10   1.0     -1.0      0.0      0.0      0.0      0.0    
  3              Planck    6.62607E-27   2.0     -1.0      1.0      0.0      0.0      0.0    
  4     electron charge    4.80320E-10   0.0      0.0      0.0      0.0      1.0      0.0    
  5       electron mass    9.10938E-28   0.0      0.0      1.0      0.0      0.0      0.0    
  6         proton mass    1.67262E-24   0.0      0.0      1.0      0.0      0.0      0.0    
  7      fine-structure    7.29735E-03   0.0      0.0      0.0      0.0      0.0      0.0    
  8            Avogadro    6.02214E+23   0.0      0.0      0.0      0.0      0.0     -1.0    
  9           Boltzmann    1.38065E-16   2.0     -2.0      1.0     -1.0      0.0      0.0    
 10  ideal gas constant    8.31446E+07   2.0     -2.0      1.0     -1.0      0.0     -1.0    
 11                Wien    0.28978       1.0      0.0      0.0      1.0      0.0      0.0    
 12    Stefan-Boltzmann    5.67037E-05   0.0     -3.0      1.0     -4.0      0.0      0.0    
 13  Radiation Constant    7.56572E-15  -1.0     -2.0      1.0     -4.0      0.0      0.0    
 14                  pi     3.1416       0.0      0.0      0.0      0.0      0.0      0.0    
 15                   e     2.7183       0.0      0.0      0.0      0.0      0.0      0.0    
 16               Euler    0.57722       0.0      0.0      0.0      0.0      0.0      0.0    
 ==============================================================================
                                                                               
 Multifluid database: not configured in
                                                                               
 ==============================================================================
 [ 02-28-2025  13:28:16.331 ] [gr_initGeometry] checking BCs for idir: 1
 [ 02-28-2025  13:28:16.331 ] [gr_initGeometry] checking BCs for idir: 2
 [ 02-28-2025  13:28:16.331 ] [gr_initGeometry] checking BCs for idir: 3
 [ 02-28-2025  13:28:18.655 ] [GRID amr_refine_derefine]: initiating refinement
 [ 02-28-2025  13:28:18.655 ] [GRID amr_refine_derefine]: redist. phase.  tot blks requested: 4096
 [GRID amr_refine_derefine] min blks 4    max blks 5    tot blks 4096
 [GRID amr_refine_derefine] min leaf blks 4    max leaf blks 5    tot leaf blks 4096
 [ 02-28-2025  13:28:18.827 ] [GRID amr_refine_derefine]: refinement complete
 [ 02-28-2025  13:28:18.993 ] [GRID gr_expandDomain]: iteration=1, create level=2
 INFO: Grid_fillGuardCells is ignoring masking.
 [ 02-28-2025  13:28:24.288 ] [mpi_amr_comm_setup]: buffer_dim_send=3349693, buffer_dim_recv=2207173
 [ 02-28-2025  13:28:25.155 ] [GRID amr_refine_derefine]: initiating refinement
 [ 02-28-2025  13:28:25.165 ] [GRID amr_refine_derefine]: redist. phase.  tot blks requested: 4160
 [GRID amr_refine_derefine] min blks 4    max blks 5    tot blks 4160
 [GRID amr_refine_derefine] min leaf blks 4    max leaf blks 5    tot leaf blks 4152
 [ 02-28-2025  13:28:25.287 ] [GRID amr_refine_derefine]: refinement complete
 [ 02-28-2025  13:28:25.291 ] [GRID gr_expandDomain]: iteration=2, create level=3
 [ 02-28-2025  13:28:31.268 ] [GRID amr_refine_derefine]: initiating refinement
 [ 02-28-2025  13:28:31.277 ] [GRID amr_refine_derefine]: redist. phase.  tot blks requested: 4224
 [GRID amr_refine_derefine] min blks 4    max blks 6    tot blks 4224
 [GRID amr_refine_derefine] min leaf blks 3    max leaf blks 5    tot leaf blks 4208
 [ 02-28-2025  13:28:31.388 ] [GRID amr_refine_derefine]: refinement complete
 [ 02-28-2025  13:28:31.391 ] [GRID gr_expandDomain]: iteration=3, create level=4
 [ 02-28-2025  13:28:36.660 ] [mpi_amr_comm_setup]: buffer_dim_send=3423553, buffer_dim_recv=2207173
 [ 02-28-2025  13:28:37.326 ] [GRID amr_refine_derefine]: initiating refinement
 [ 02-28-2025  13:28:37.331 ] [GRID amr_refine_derefine]: redist. phase.  tot blks requested: 4288
 [GRID amr_refine_derefine] min blks 4    max blks 6    tot blks 4288
 [GRID amr_refine_derefine] min leaf blks 3    max leaf blks 5    tot leaf blks 4264
 [ 02-28-2025  13:28:37.439 ] [GRID amr_refine_derefine]: refinement complete
 [ 02-28-2025  13:28:37.442 ] [GRID gr_expandDomain]: iteration=4, create level=5
 [ 02-28-2025  13:28:42.886 ] [mpi_amr_comm_setup]: buffer_dim_send=3422269, buffer_dim_recv=2207173
 [ 02-28-2025  13:28:43.555 ] [GRID amr_refine_derefine]: initiating refinement
 [ 02-28-2025  13:28:43.567 ] [GRID amr_refine_derefine]: redist. phase.  tot blks requested: 6144
 [GRID amr_refine_derefine] min blks 6    max blks 9    tot blks 6144
 [GRID amr_refine_derefine] min leaf blks 5    max leaf blks 7    tot leaf blks 5888
 [ 02-28-2025  13:28:43.707 ] [GRID amr_refine_derefine]: refinement complete
 [ 02-28-2025  13:28:43.714 ] [GRID gr_expandDomain]: iteration=5, create level=6
 [ 02-28-2025  13:28:51.402 ] [mpi_amr_comm_setup]: buffer_dim_send=2974177, buffer_dim_recv=2540365
 [ 02-28-2025  13:28:52.564 ] [GRID amr_refine_derefine]: initiating refinement
 [ 02-28-2025  13:28:52.573 ] [GRID amr_refine_derefine]: redist. phase.  tot blks requested: 9152
 [GRID amr_refine_derefine] min blks 9    max blks 12    tot blks 9152
 [GRID amr_refine_derefine] min leaf blks 7    max leaf blks 10    tot leaf blks 8520
 [ 02-28-2025  13:28:52.768 ] [GRID amr_refine_derefine]: refinement complete
 [ 02-28-2025  13:28:52.774 ] [GRID gr_expandDomain]: iteration=6, create level=6
 [ 02-28-2025  13:29:03.811 ] [mpi_amr_comm_setup]: buffer_dim_send=4843741, buffer_dim_recv=2669029
 [ 02-28-2025  13:29:05.266 ] [GRID gr_expandDomain]: iteration=7, create level=6
 [ 02-28-2025  13:29:17.754 ] [GRID gr_expandDomain]: iteration=8, create level=6
 [ 02-28-2025  13:29:29.645 ] memory: /proc vsize    (MB):     4592.21 (min)       4799.12 (max)       4731.18 (avg)
 [ 02-28-2025  13:29:29.645 ] memory: /proc rss      (MB):     1841.08 (min)       1930.75 (max)       1894.84 (avg)
 [ 02-28-2025  13:29:29.647 ] memory: /proc vsize    (MB):     4592.21 (min)       4799.12 (max)       4731.18 (avg)
 [ 02-28-2025  13:29:29.647 ] memory: /proc rss      (MB):     1841.08 (min)       1930.75 (max)       1894.84 (avg)
 [ 02-28-2025  13:29:29.666 ] memory: /proc vsize    (MB):     4592.21 (min)       4799.12 (max)       4731.18 (avg)
 [ 02-28-2025  13:29:29.666 ] memory: /proc rss      (MB):     1841.08 (min)       1930.75 (max)       1894.84 (avg)
 [ 02-28-2025  13:29:33.301 ] [IO_writeCheckpoint] open: type=checkpoint name=sedov_hdf5_chk_0000
 [ 02-28-2025  13:29:41.865 ] [io_writeData]: wrote    9152          blocks
 [ 02-28-2025  13:29:41.879 ] [IO_writeCheckpoint] close: type=checkpoint name=sedov_hdf5_chk_0000
 [ 02-28-2025  13:29:42.008 ] [IO_writePlotfile] open: type=plotfile name=sedov_hdf5_plt_cnt_0000
 [ 02-28-2025  13:29:42.949 ] [io_writeData]: wrote    9152          blocks
 [ 02-28-2025  13:29:42.960 ] [IO_writePlotfile] close: type=plotfile name=sedov_hdf5_plt_cnt_0000
 [ 02-28-2025  13:29:42.961 ] memory: /proc vsize    (MB):     4592.21 (min)       5010.88 (max)       4740.59 (avg)
 [ 02-28-2025  13:29:42.961 ] memory: /proc rss      (MB):     1847.39 (min)       1937.88 (max)       1903.17 (avg)
 [ 02-28-2025  13:29:42.961 ] [Driver_evolveAll]: Entering evolution loop
 [ 02-28-2025  13:29:42.962 ] step: n=1 t=0.000000E+00 dt=1.000000E-10
 [ 02-28-2025  13:29:46.671 ] step: n=2 t=1.000000E-10 dt=2.000000E-10
 [ 02-28-2025  13:29:52.960 ] step: n=3 t=3.000000E-10 dt=4.000000E-10
 [ 02-28-2025  13:29:56.644 ] step: n=4 t=7.000000E-10 dt=8.000000E-10
 [ 02-28-2025  13:30:02.919 ] step: n=5 t=1.500000E-09 dt=1.600000E-09
 [ 02-28-2025  13:30:06.606 ] step: n=6 t=3.100000E-09 dt=3.200000E-09
 [ 02-28-2025  13:30:12.894 ] step: n=7 t=6.300000E-09 dt=6.400000E-09
 [ 02-28-2025  13:30:16.587 ] step: n=8 t=1.270000E-08 dt=1.280000E-08
 [ 02-28-2025  13:30:22.889 ] step: n=9 t=2.550000E-08 dt=2.560000E-08
 [ 02-28-2025  13:30:26.592 ] step: n=10 t=5.110000E-08 dt=5.120000E-08
 [ 02-28-2025  13:30:36.550 ] [IO_writeCheckpoint] open: type=checkpoint name=sedov_hdf5_chk_0001
 [ 02-28-2025  13:30:45.214 ] [io_writeData]: wrote    9152          blocks
 [ 02-28-2025  13:30:45.225 ] [IO_writeCheckpoint] close: type=checkpoint name=sedov_hdf5_chk_0001
 [ 02-28-2025  13:30:45.226 ] step: n=11 t=1.023000E-07 dt=1.024000E-07
 [ 02-28-2025  13:30:48.925 ] step: n=12 t=2.047000E-07 dt=2.011896E-07
 [ 02-28-2025  13:30:55.175 ] step: n=13 t=4.058896E-07 dt=1.856898E-07
 [ 02-28-2025  13:30:58.869 ] step: n=14 t=5.915794E-07 dt=1.729914E-07
 [ 02-28-2025  13:31:05.142 ] step: n=15 t=7.645708E-07 dt=1.642472E-07
 [ 02-28-2025  13:31:08.843 ] step: n=16 t=9.288179E-07 dt=1.580871E-07
 [ 02-28-2025  13:31:15.120 ] step: n=17 t=1.086905E-06 dt=1.534569E-07
 [ 02-28-2025  13:31:18.823 ] step: n=18 t=1.240362E-06 dt=1.499651E-07
 [ 02-28-2025  13:31:25.080 ] step: n=19 t=1.390327E-06 dt=1.474127E-07
 [ 02-28-2025  13:31:28.778 ] step: n=20 t=1.537740E-06 dt=1.456205E-07
 [ 02-28-2025  13:31:38.679 ] [IO_writeCheckpoint] open: type=checkpoint name=sedov_hdf5_chk_0002
 [ 02-28-2025  13:31:46.902 ] [io_writeData]: wrote    9152          blocks
 [ 02-28-2025  13:31:46.912 ] [IO_writeCheckpoint] close: type=checkpoint name=sedov_hdf5_chk_0002
 [ 02-28-2025  13:31:46.913 ] step: n=21 t=1.683360E-06 dt=1.444985E-07
 [ 02-28-2025  13:31:50.653 ] step: n=22 t=1.827859E-06 dt=1.441710E-07
 [ 02-28-2025  13:31:56.921 ] step: n=23 t=1.972030E-06 dt=1.441286E-07
 [ 02-28-2025  13:32:00.629 ] step: n=24 t=2.116158E-06 dt=1.441099E-07
 [ 02-28-2025  13:32:06.943 ] step: n=25 t=2.260268E-06 dt=1.441302E-07
 [ 02-28-2025  13:32:10.654 ] step: n=26 t=2.404398E-06 dt=1.442588E-07
 [ 02-28-2025  13:32:16.885 ] [GRID amr_refine_derefine]: initiating refinement
 [ 02-28-2025  13:32:16.897 ] [GRID amr_refine_derefine]: redist. phase.  tot blks requested: 9536
 [GRID amr_refine_derefine] min blks 10    max blks 13    tot blks 9536
 [GRID amr_refine_derefine] min leaf blks 8    max leaf blks 11    tot leaf blks 8856
 [ 02-28-2025  13:32:17.099 ] [GRID amr_refine_derefine]: refinement complete
 [ 02-28-2025  13:32:17.512 ] step: n=27 t=2.548657E-06 dt=1.444833E-07
 [ 02-28-2025  13:32:17.512 ] [mpi_amr_comm_setup]: buffer_dim_send=4300885, buffer_dim_recv=2669029
 [ 02-28-2025  13:32:21.360 ] step: n=28 t=2.693141E-06 dt=1.448057E-07
 [ 02-28-2025  13:32:27.978 ] step: n=29 t=2.837946E-06 dt=1.450172E-07
 [ 02-28-2025  13:32:31.824 ] step: n=30 t=2.982964E-06 dt=1.450055E-07
 [ 02-28-2025  13:32:42.187 ] [IO_writeCheckpoint] open: type=checkpoint name=sedov_hdf5_chk_0003
 [ 02-28-2025  13:32:50.994 ] [io_writeData]: wrote    9536          blocks
 [ 02-28-2025  13:32:51.006 ] [IO_writeCheckpoint] close: type=checkpoint name=sedov_hdf5_chk_0003
 [ 02-28-2025  13:32:51.008 ] step: n=31 t=3.127969E-06 dt=1.449474E-07
 [ 02-28-2025  13:32:54.859 ] step: n=32 t=3.272916E-06 dt=1.449259E-07
 [ 02-28-2025  13:33:01.428 ] step: n=33 t=3.417842E-06 dt=1.447113E-07
 [ 02-28-2025  13:33:05.283 ] step: n=34 t=3.562554E-06 dt=1.446418E-07
 [ 02-28-2025  13:33:11.896 ] step: n=35 t=3.707195E-06 dt=1.446455E-07
 [ 02-28-2025  13:33:15.751 ] step: n=36 t=3.851841E-06 dt=1.446573E-07
 [ 02-28-2025  13:33:22.368 ] step: n=37 t=3.996498E-06 dt=1.446767E-07
 [ 02-28-2025  13:33:26.213 ] step: n=38 t=4.141175E-06 dt=1.447318E-07
 [ 02-28-2025  13:33:32.831 ] step: n=39 t=4.285907E-06 dt=1.447598E-07
 [ 02-28-2025  13:33:36.683 ] step: n=40 t=4.430666E-06 dt=1.447127E-07
 [ 02-28-2025  13:33:47.013 ] [IO_writeCheckpoint] open: type=checkpoint name=sedov_hdf5_chk_0004
 [ 02-28-2025  13:33:55.751 ] [io_writeData]: wrote    9536          blocks
 [ 02-28-2025  13:33:55.761 ] [IO_writeCheckpoint] close: type=checkpoint name=sedov_hdf5_chk_0004
 [ 02-28-2025  13:33:55.763 ] step: n=41 t=4.575379E-06 dt=1.446812E-07
 [ 02-28-2025  13:33:59.614 ] step: n=42 t=4.720060E-06 dt=1.446456E-07
 [ 02-28-2025  13:34:06.239 ] step: n=43 t=4.864706E-06 dt=1.446294E-07
 [ 02-28-2025  13:34:10.087 ] step: n=44 t=5.009335E-06 dt=1.446250E-07
 [ 02-28-2025  13:34:16.710 ] step: n=45 t=5.153960E-06 dt=1.445216E-07
 [ 02-28-2025  13:34:20.561 ] step: n=46 t=5.298482E-06 dt=1.444823E-07
 [ 02-28-2025  13:34:27.125 ] step: n=47 t=5.442964E-06 dt=1.444551E-07
 [ 02-28-2025  13:34:30.972 ] step: n=48 t=5.587419E-06 dt=1.444288E-07
 [ 02-28-2025  13:34:37.532 ] step: n=49 t=5.731848E-06 dt=1.444159E-07
 [ 02-28-2025  13:34:41.373 ] step: n=50 t=5.876264E-06 dt=1.444089E-07
 [ 02-28-2025  13:34:51.745 ] [IO_writeCheckpoint] open: type=checkpoint name=sedov_hdf5_chk_0005
 [ 02-28-2025  13:35:00.135 ] [io_writeData]: wrote    9536          blocks
 [ 02-28-2025  13:35:00.153 ] [IO_writeCheckpoint] close: type=checkpoint name=sedov_hdf5_chk_0005
 [ 02-28-2025  13:35:00.155 ] step: n=51 t=6.020673E-06 dt=1.443103E-07
 [ 02-28-2025  13:35:03.997 ] step: n=52 t=6.164983E-06 dt=1.442630E-07
 [ 02-28-2025  13:35:10.611 ] step: n=53 t=6.309246E-06 dt=1.442278E-07
 [ 02-28-2025  13:35:14.453 ] step: n=54 t=6.453474E-06 dt=1.441955E-07
 [ 02-28-2025  13:35:21.010 ] step: n=55 t=6.597670E-06 dt=1.441758E-07
 [ 02-28-2025  13:35:24.853 ] step: n=56 t=6.741845E-06 dt=1.441499E-07
 [ 02-28-2025  13:35:31.381 ] step: n=57 t=6.885995E-06 dt=1.440523E-07
 [ 02-28-2025  13:35:35.218 ] step: n=58 t=7.030048E-06 dt=1.439965E-07
 [ 02-28-2025  13:35:41.826 ] step: n=59 t=7.174044E-06 dt=1.439601E-07
 [ 02-28-2025  13:35:45.664 ] step: n=60 t=7.318004E-06 dt=1.439284E-07
 [ 02-28-2025  13:35:56.038 ] [IO_writeCheckpoint] open: type=checkpoint name=sedov_hdf5_chk_0006
 [ 02-28-2025  13:36:04.357 ] [io_writeData]: wrote    9536          blocks
 [ 02-28-2025  13:36:04.368 ] [IO_writeCheckpoint] close: type=checkpoint name=sedov_hdf5_chk_0006
 [ 02-28-2025  13:36:04.370 ] [Driver_evolveAll]: Exiting evolution loop
 [ 02-28-2025  13:36:04.450 ] [IO_writePlotfile] open: type=plotfile name=sedov_forced_hdf5_plt_cnt_0000
 [ 02-28-2025  13:36:05.289 ] [io_writeData]: wrote    9536          blocks
 [ 02-28-2025  13:36:05.295 ] [IO_writePlotfile] close: type=plotfile name=sedov_forced_hdf5_plt_cnt_0000
 [ 02-28-2025  13:36:05.296 ] memory: /proc vsize    (MB):     4627.74 (min)       5035.90 (max)       4760.79 (avg)
 [ 02-28-2025  13:36:05.296 ] memory: /proc rss      (MB):     1960.88 (min)       2067.61 (max)       1999.93 (avg)
 ==============================================================================
 perf_summary: code performance summary for process            0
                      beginning : 02-28-2025  13:28:16
                         ending : 02-28-2025  13:36:05
   seconds in monitoring period :              468.967
      number of evolution steps :                   60
 ------------------------------------------------------------------------------
 accounting unit                       time sec  num calls   secs avg  time pct
 ------------------------------------------------------------------------------
 initialization                         86.632      1          86.632    18.473
  eos                                    0.209      8           0.026     0.045
  guardcell internal                     2.745      7           0.392     0.585
   amr_guardcell                         2.621      7           0.374     0.559
   eos gc                                0.000      7           0.000     0.000
  writeCheckpoint                       12.188      1          12.188     2.599
   restrictAll                           3.316      1           3.316     0.707
  writePlotfile                          1.080      1           1.080     0.230
 writePlotfile                           0.925      1           0.925     0.197
 evolution                             381.408      1         381.408    81.329
  Hydro                                169.630     60           2.827    36.171
   Head                                 37.684     60           0.628     8.036
    guardcell internal                  37.683     60           0.628     8.035
     amr_guardcell                      34.959     60           0.583     7.455
     eos gc                              0.002     60           0.000     0.000
   compute fluxes                      126.177     60           2.103    26.905
    hy_computeFluxes                   126.175    600           0.210    26.905
     RiemannState                      108.464    600           0.181    23.128
     getFaceFlux                        17.557    600           0.029     3.744
   conserveFluxes                        0.046     60           0.001     0.010
   update solution                       5.661     60           0.094     1.207
    update solution body                 5.660    600           0.009     1.207
     unsplitUpdate                       2.135    600           0.004     0.455
  sourceTerms                            0.000     60           0.000     0.000
  Particles_advance                      0.000     60           0.000     0.000
  Gravity potential                      0.000     60           0.000     0.000
  IO_output                            129.883    120           1.082    27.696
   diagnostics                          56.270    120           0.469    11.999
   checkpointing                        73.582      6          12.264    15.690
    writeCheckpoint                     73.581      6          12.263    15.690
     restrictAll                        21.682      6           3.614     4.623
  Grid_updateRefinement                 80.727     60           1.345    17.214
   eos                                   0.074      1           0.074     0.016
   tree                                 80.653     60           1.344    17.198
    markRefineDerefine                  21.560     30           0.719     4.597
     guardcell internal                 19.043     30           0.635     4.061
      amr_guardcell                     17.751     30           0.592     3.785
      eos gc                             0.001     30           0.000     0.000
    amr_refine_derefine                 58.014     30           1.934    12.371
    updateData                           0.000     30           0.000     0.000
   updateParticleRefinement              0.000      1           0.000     0.000
  Driver_computeDt                       1.150     60           0.019     0.245
 ==============================================================================
 [ 02-28-2025  13:36:05.297 ] [Timers_getSummary]: Not writing timer max/min/avg values because not all processors had same timers
 [ 02-28-2025  13:36:05.297 ] LOGFILE_END: FLASH run complete.
 FLASH log file:  02-28-2025  13:36:15.898    Run number:  1
 ==============================================================================
 Number of MPI tasks:                896
 MPI version:                          3
 MPI subversion:                       1
 Dimensionality:                       3
 Max Number of Blocks/Proc:          200
 Number x zones:                      32
 Number y zones:                      32
 Number z zones:                      32
 Setup stamp:     Fri Nov 1 14:03:57 2024
 Build stamp:     Fri Nov 1 14:04:23 2024
 System info:     Linux corona211 4.18.0-553.22.1.1toss.t4.x86_64 #1 SMP Tue Sep 24 16:50:00 PDT 2
 Version:         Flash-X 1.0 (heads/main-0-g6040ba49-dirty)                                      
 Build directory: /usr/workspace/ather1/Flash-X/sedov
 Setup syntax:    /usr/workspace/ather1/Flash-X/bin/setup.py Sedov -auto -3d -nxb=32 -nyb=32 -nzb=32 +parallelio -objdir=/usr/workspace/ather1/Flash-X/sedov
 f compiler flags: mpif90 -ggdb -c -O2 -fdefault-real-8 -fdefault-double-8 -Wuninitialized -fallow-argument-mismatch -fallow-argument-mismatch -DMAXBLOCKS=200 -DNXB=32 -DNYB=32 -DNZB=32 -DN_DIM=3
 c compiler flags:    mpicc -I/p/lustre2/ather1/hdf5-1.14.4-3/install/include -DH5_USE_18_API -ggdb -c -O2 -Wuninitialized -D_FORTIFY_SOURCE=2 -DMAXBLOCKS=200 -DNXB=32 -DNYB=32 -DNZB=32 -DN_DIM=3
 ==============================================================================
 Comment:  Sedov explosion
 ==============================================================================
 FLASH Units used:
   Driver/DriverMain/Unsplit
   Grid/GridBoundaryConditions
   Grid/GridMain/AMR/Paramesh4/PM4_package/flash_avoid_orrery
   Grid/GridMain/AMR/Paramesh4/PM4_package/headers
   Grid/GridMain/AMR/Paramesh4/PM4_package/source
   Grid/GridMain/AMR/Paramesh4/PM4_package/utilities/multigrid
   Grid/GridMain/AMR/Paramesh4/interpolation/prolong
   Grid/GridMain/AMR/Paramesh4/levelFlux
   Grid/localAPI
   IO/IOMain/hdf5/parallel/PM
   IO/localAPI
   PhysicalConstants/PhysicalConstantsMain
   RuntimeParameters/RuntimeParametersMain
   Simulation/SimulationMain/Sedov
   TimeAdvance/TimeAdvanceMain/StrangSplit
   flashUtilities/contiguousConversion
   flashUtilities/general
   flashUtilities/interpolation/oneDim
   flashUtilities/nameValueLL
   flashUtilities/sorting/quicksort
   flashUtilities/system/memoryUsage/legacy
   monitors/Logfile/LogfileMain
   monitors/Timers/TimersMain/MPINative
   physics/Eos/EosMain/Gamma
   physics/Hydro/HydroMain/unsplit/OnlyHydro
   physics/Hydro/HydroMain/unsplit/levelFlux
   physics/Hydro/localAPI
 ==============================================================================
 RuntimeParameters:
                                                                               
 ==============================================================================
bndpriorityone              =          1
bndprioritythree            =          3
bndprioritytwo              =          2
checkpointfileintervalstep  =         10 [CHANGED]
checkpointfilenumber        =          0
dr_abortpause               =          2
dr_dtminbelowaction         =          1
drift_break_inst            =          0
drift_trunc_mantissa        =          2
drift_verbose_inst          =          0
eos_entrelescalechoice      =          6
eos_loglevel                =        700
fileformatversion           =          9
forcedplotfilenumber        =          0
gr_lrefmaxtimevalue_1       =         -1
gr_lrefmaxtimevalue_10      =         -1
gr_lrefmaxtimevalue_11      =         -1
gr_lrefmaxtimevalue_12      =         -1
gr_lrefmaxtimevalue_13      =         -1
gr_lrefmaxtimevalue_14      =         -1
gr_lrefmaxtimevalue_15      =         -1
gr_lrefmaxtimevalue_16      =         -1
gr_lrefmaxtimevalue_17      =         -1
gr_lrefmaxtimevalue_18      =         -1
gr_lrefmaxtimevalue_19      =         -1
gr_lrefmaxtimevalue_2       =         -1
gr_lrefmaxtimevalue_20      =         -1
gr_lrefmaxtimevalue_3       =         -1
gr_lrefmaxtimevalue_4       =         -1
gr_lrefmaxtimevalue_5       =         -1
gr_lrefmaxtimevalue_6       =         -1
gr_lrefmaxtimevalue_7       =         -1
gr_lrefmaxtimevalue_8       =         -1
gr_lrefmaxtimevalue_9       =         -1
gr_pmrpdivergencefree       =         -1
gr_pmrpifaceoff             =          0
gr_pmrpl2p5d                =          0
gr_pmrpmaxblocks            =         -1
gr_pmrpmflags               =          1
gr_pmrpnboundaries          =          6
gr_pmrpndim                 =          3
gr_pmrpnedgevar1            =         -1
gr_pmrpnfacevar             =         -1
gr_pmrpnfielddivf           =         -1
gr_pmrpnfluxvar             =         -1
gr_pmrpnguard               =         -1
gr_pmrpnguardwork           =         -1
gr_pmrpnvar                 =         -1
gr_pmrpnvarwork             =          1
gr_pmrpnvarcorn             =          0
gr_pmrpnvaredge             =          0
gr_pmrpnxb                  =         -1
gr_pmrpnyb                  =         -1
gr_pmrpnzb                  =         -1
gr_restrictallmethod        =          3
gr_sanitizedatamode         =          1
gr_sanitizeverbosity        =          5
gr_tilesizex                =         32
gr_tilesizey                =         32
gr_tilesizez                =         32
hy_3torder                  =         -1
hydrocomputedtoption        =         -1
iprocs                      =          1
interpol_order              =          2
irenorm                     =          0
jprocs                      =          1
kprocs                      =          1
lrefine_del                 =          0
lrefine_max                 =          6 [CHANGED]
lrefine_min                 =          1
lrefine_min_init            =          1
max_particles_per_blk       =        100
memory_stat_freq            =     100000
meshcopycount               =          1
min_particles_per_blk       =          1
nbegin                      =          1
nblockx                     =         16 [CHANGED]
nblocky                     =         16 [CHANGED]
nblockz                     =         16 [CHANGED]
nend                        =         60 [CHANGED]
nrefs                       =          2
nsteptotalsts               =          5
order                       =          3 [CHANGED]
outputsplitnum              =          1
plotfileintervalstep        =          0
plotfilenumber              =          0
refine_var_count            =          4
rolling_checkpoint          =      10000
sim_centerrefinelevel       =          1
sim_integralslevel          =         -1
sim_nsubzones               =          7
sweeporder                  =        123
transorder                  =          1
wr_integrals_freq           =          1
limitedslopebeta            =                 0.100E+01
cfl                         =                 0.800E+00
checkpointfileintervaltime  =                 0.000E+00 [CHANGED]
checkpointfileintervalz     =                 0.180+309
cvisc                       =                 0.100E+00
derefine_cutoff_1           =                 0.200E+00
derefine_cutoff_2           =                 0.200E+00
derefine_cutoff_3           =                 0.200E+00
derefine_cutoff_4           =                 0.200E+00
dr_dtmincontinue            =                 0.000E+00
dr_tstepslowstartfactor     =                 0.100E+00
dtinit                      =                 0.100E-09
dtmax                       =                 0.100E+06
dtmin                       =                 0.100E-09
eintswitch                  =                 0.100E-03 [CHANGED]
eos_singlespeciesa          =                 0.100E+01
eos_singlespeciesz          =                 0.100E+01
gamma                       =                 0.140E+01 [CHANGED]
gr_btworkchildscaling       =                 0.100E+01
gr_btworkdefaultleaf        =                 0.200E+01
gr_btworkdefaultpar         =                 0.100E+01
gr_btworklbleaf             =                 0.000E+00
gr_btworklbpar              =                 0.000E+00
gr_btworkubleaf             =                 0.100E+07
gr_btworkubpar              =                 0.100E+07
gr_lrefinemaxredlogbase     =                 0.100E+02
gr_lrefinemaxredradiusfact  =                 0.000E+00
gr_lrefinemaxredtref        =                 0.000E+00
gr_lrefinemaxredtimescale   =                 0.100E+01
gr_lrefmaxtime_1            =                -0.100E+01
gr_lrefmaxtime_10           =                -0.100E+01
gr_lrefmaxtime_11           =                -0.100E+01
gr_lrefmaxtime_12           =                -0.100E+01
gr_lrefmaxtime_13           =                -0.100E+01
gr_lrefmaxtime_14           =                -0.100E+01
gr_lrefmaxtime_15           =                -0.100E+01
gr_lrefmaxtime_16           =                -0.100E+01
gr_lrefmaxtime_17           =                -0.100E+01
gr_lrefmaxtime_18           =                -0.100E+01
gr_lrefmaxtime_19           =                -0.100E+01
gr_lrefmaxtime_2            =                -0.100E+01
gr_lrefmaxtime_20           =                -0.100E+01
gr_lrefmaxtime_3            =                -0.100E+01
gr_lrefmaxtime_4            =                -0.100E+01
gr_lrefmaxtime_5            =                -0.100E+01
gr_lrefmaxtime_6            =                -0.100E+01
gr_lrefmaxtime_7            =                -0.100E+01
gr_lrefmaxtime_8            =                -0.100E+01
gr_lrefmaxtime_9            =                -0.100E+01
hy_cflfallbackfactor        =                 0.900E+00
hy_fpresinmomflux           =                 0.100E+01
hybridorderkappa            =                 0.000E+00
nusts                       =                 0.200E+00 [CHANGED]
plotfileintervaltime        =                 0.000E+00 [CHANGED]
plotfileintervalz           =                 0.180+309
radiusgp                    =                 0.200E+01
refine_cutoff_1             =                 0.800E+00
refine_cutoff_2             =                 0.800E+00
refine_cutoff_3             =                 0.800E+00
refine_cutoff_4             =                 0.800E+00
refine_filter_1             =                 0.100E-01
refine_filter_2             =                 0.100E-01
refine_filter_3             =                 0.100E-01
refine_filter_4             =                 0.100E-01
rss_limit                   =                -0.100E+01
sigmagp                     =                 0.300E+01
sim_derefineradius          =                 0.000E+00
sim_earliestlstime          =                 0.000E+00
sim_expenergy               =                 0.100E+01
sim_largestnormradius       =                 0.180+309
sim_latestlstime            =                 0.180+309
sim_minrhoinit              =                 0.100E-19
sim_pambient                =                 0.100E-04
sim_rinit                   =                 0.137E-01 [CHANGED]
sim_rhoambient              =                 0.100E+01
sim_smallestnormradius      =                 0.000E+00
sim_xctr                    =                 0.500E+00
sim_yctr                    =                 0.500E+00
sim_zctr                    =                 0.500E+00
small                       =                 0.100E-09
smalle                      =                 0.100E-09
smallp                      =                 0.100E-09
smallt                      =                 0.100E-09
smallu                      =                 0.100E-09
smallx                      =                 0.100E-09
smlrho                      =                 0.100E-09
tinitial                    =                 0.000E+00
tiny                        =                 0.100E-15
tmax                        =                 0.500E+06 [CHANGED]
tstep_change_factor         =                 0.200E+01
wall_clock_checkpoint       =                 0.432E+05
wall_clock_time_limit       =                 0.605E+06
x_refine_center             =                 0.000E+00
xmax                        =                 0.100E+01
xmin                        =                 0.000E+00
y_refine_center             =                 0.000E+00
ymax                        =                 0.100E+01
ymin                        =                 0.000E+00
zfinal                      =                 0.000E+00
zinitial                    =                -0.100E+01
z_refine_center             =                 0.000E+00
zmax                        =                 0.100E+01
zmin                        =                 0.000E+00
riemannsolver               = Roe                            [CHANGED]
unitsystem                  = none                          
basenm                      = sedov_                         [CHANGED]
entropyfixmethod            = HARTENHYMAN                   
eosmode                     = dens_ie                       
eosmodeinit                 = dens_ie                       
geometry                    = cartesian                     
gr_pmrpoutputdir            = ./                            
grav_boundary_type          = isolated                      
hy_eosmodegc                = see eosMode                   
log_file                    = sedov.log                      [CHANGED]
output_directory            =                               
pc_unitsbase                = CGS                           
plot_grid_var_1             = none                          
plot_grid_var_10            = none                          
plot_grid_var_11            = none                          
plot_grid_var_12            = none                          
plot_grid_var_13            = none                          
plot_grid_var_14            = none                          
plot_grid_var_15            = none                          
plot_grid_var_16            = none                          
plot_grid_var_17            = none                          
plot_grid_var_18            = none                          
plot_grid_var_19            = none                          
plot_grid_var_2             = none                          
plot_grid_var_20            = none                          
plot_grid_var_21            = none                          
plot_grid_var_22            = none                          
plot_grid_var_23            = none                          
plot_grid_var_24            = none                          
plot_grid_var_25            = none                          
plot_grid_var_26            = none                          
plot_grid_var_27            = none                          
plot_grid_var_28            = none                          
plot_grid_var_29            = none                          
plot_grid_var_3             = none                          
plot_grid_var_30            = none                          
plot_grid_var_31            = none                          
plot_grid_var_32            = none                          
plot_grid_var_33            = none                          
plot_grid_var_34            = none                          
plot_grid_var_35            = none                          
plot_grid_var_36            = none                          
plot_grid_var_37            = none                          
plot_grid_var_38            = none                          
plot_grid_var_39            = none                          
plot_grid_var_4             = none                          
plot_grid_var_40            = none                          
plot_grid_var_41            = none                          
plot_grid_var_42            = none                          
plot_grid_var_43            = none                          
plot_grid_var_44            = none                          
plot_grid_var_45            = none                          
plot_grid_var_46            = none                          
plot_grid_var_47            = none                          
plot_grid_var_48            = none                          
plot_grid_var_49            = none                          
plot_grid_var_5             = none                          
plot_grid_var_50            = none                          
plot_grid_var_51            = none                          
plot_grid_var_52            = none                          
plot_grid_var_53            = none                          
plot_grid_var_54            = none                          
plot_grid_var_55            = none                          
plot_grid_var_56            = none                          
plot_grid_var_57            = none                          
plot_grid_var_58            = none                          
plot_grid_var_59            = none                          
plot_grid_var_6             = none                          
plot_grid_var_60            = none                          
plot_grid_var_61            = none                          
plot_grid_var_62            = none                          
plot_grid_var_63            = none                          
plot_grid_var_64            = none                          
plot_grid_var_65            = none                          
plot_grid_var_66            = none                          
plot_grid_var_67            = none                          
plot_grid_var_68            = none                          
plot_grid_var_69            = none                          
plot_grid_var_7             = none                          
plot_grid_var_70            = none                          
plot_grid_var_71            = none                          
plot_grid_var_72            = none                          
plot_grid_var_73            = none                          
plot_grid_var_74            = none                          
plot_grid_var_75            = none                          
plot_grid_var_76            = none                          
plot_grid_var_77            = none                          
plot_grid_var_78            = none                          
plot_grid_var_8             = none                          
plot_grid_var_9             = none                          
plot_var_1                  = dens                           [CHANGED]
plot_var_10                 = none                          
plot_var_11                 = none                          
plot_var_12                 = none                          
plot_var_13                 = none                          
plot_var_14                 = none                          
plot_var_15                 = none                          
plot_var_16                 = none                          
plot_var_17                 = none                          
plot_var_18                 = none                          
plot_var_2                  = pres                           [CHANGED]
plot_var_3                  = temp                           [CHANGED]
plot_var_4                  = none                          
plot_var_5                  = none                          
plot_var_6                  = none                          
plot_var_7                  = none                          
plot_var_8                  = none                          
plot_var_9                  = none                          
prof_file                   = profile.dat                   
refine_var_1                = dens                           [CHANGED]
refine_var_2                = pres                           [CHANGED]
refine_var_3                = none                          
refine_var_4                = none                          
run_comment                 = Sedov explosion                [CHANGED]
run_number                  = 1                             
sim_proffilename            = /dev/null                      [CHANGED]
slopelimiter                = mc                             [CHANGED]
stats_file                  = flashx.dat                    
wenomethod                  = WENO5                         
xl_boundary_type            = outflow                        [CHANGED]
xr_boundary_type            = outflow                        [CHANGED]
yl_boundary_type            = outflow                        [CHANGED]
yr_boundary_type            = outflow                        [CHANGED]
zl_boundary_type            = outflow                        [CHANGED]
zr_boundary_type            = outflow                        [CHANGED]
csvsummaryallprocs          =  F
eosforriemann               =  F
logsummaryallprocs          =  F
addthermalflux              =  T
allowdtstsdominate          =  F
alwayscomputeuservars       =  T
alwaysrestrictcheckpoint    =  T
charlimiting                =  T
chkguardcellsinput          =  F
chkguardcellsoutput         =  F
conserveangmom              =  F
converttoconsvdformeshcalls =  F
converttoconsvdinmeshinterp =  T
corners                     =  F
dr_printtsteploc            =  T
dr_shortenlaststepbeforetmax =  F
drift_tuples                =  F
eachprocwritesownabortlog   =  F
eachprocwritessummary       =  F
earlyblockdistadjustment    =  T
enablemaskedgcfill          =  F
entropy                     =  F
flux_correct                =  T
flux_correct_perlevel       =  F
geometryoverride            =  F
gr_bcenableapplymixedgds    =  T
gr_bndgcfillneedsprimitivevars =  T
gr_btcustomwork             =  F
gr_btexchangework           =  F
gr_btsortbywork             =  T
gr_enabletiling             =  F
gr_lrefinemaxbytime         =  F
gr_lrefinemaxreddobylogr    =  F
gr_lrefinemaxreddobytime    =  F
gr_pmrpadvancealllevels     =  F
gr_pmrpamrerrorchecking     =  F
gr_pmrpcartesianpm          =  F
gr_pmrpconserve             =  F
gr_pmrpconsvfluxdensities   =  T
gr_pmrpconsvfluxes          =  F
gr_pmrpcurvilinear          =  F
gr_pmrpcurvilinearconserve  =  F
gr_pmrpcylindricalpm        =  F
gr_pmrpdiagonals            =  T
gr_pmrpedgevalue            =  T
gr_pmrpedgevalueinteg       =  F
gr_pmrpemptycells           =  F
gr_pmrpforceconsistency     =  T
gr_pmrplsingularline        =  F
gr_pmrpnopermanentguardcells =  F
gr_pmrppolarpm              =  F
gr_pmrppredcorr             =  F
gr_pmrpsphericalpm          =  F
gr_pmrptimingmpi            =  F
gr_pmrptimingmpix           =  F
gr_pmrpvardt                =  F
gr_usetiling                =  F
hy_fallbacklowercfl         =  F
hy_fullspecmsfluxhandling   =  T
hy_usetiling                =  F
ignoreforcedplot            =  F
io_writemscalarintegrals    =  F
plotfilegridquantitydp      =  F
plotfilemetadatadp          =  F
reducegcellfills            =  F
refine_on_particle_count    =  F
restart                     =  F
shockdetect                 =  F
shocklowercfl               =  F
sim_bcsetbdryvar            =  F
sim_forcecenterderefine     =  F
sim_onelevelintegralsonly   =  F
summaryoutputonly           =  F
threadblocklistbuild        =  F
threaddelepblocklist        =  F
threaddelepwithinblock      =  F
threaddriverblocklist       =  F
threaddriverwithinblock     =  F
threadeoswithinblock        =  F
threadhydroblocklist        =  F
threadhydrowithinblock      =  F
threadraytracebuild         =  F
threadwithinblockbuild      =  F
tmr_suppressinparallel      =  F
typematchedxfer             =  T
unbiased_geometry           =  F
updatehydrofluxes           =  T
useburn                     =  F
usecollectivehdf5           =  T
usedeleptonize              =  F
usegravity                  =  F
useheatad                   =  F
useheater                   =  F
usehydro                    =  T
useimbound                  =  F
useincompns                 =  F
useinlet                    =  F
uselegacylabels             =  T
usemultiphase               =  F
useorchestration            =  F
useoutlet                   =  F
useparticles                =  F
useradtrans                 =  F
usests                      =  F
usestsfordiffusion          =  F
usesolidmechanics           =  F
use_3dfullctu               =  T
use_auxeinteqn              =  T
use_avisc                   =  T [CHANGED]
use_cma_advection           =  F
use_cma_flattening          =  F
use_flash_surr_blks_fill    =  T
use_flattening              =  F
use_gravhalfupdate          =  T
use_hybridorder             =  F
use_reduced_orrery          =  T
use_steepening              =  F
use_upwindtvd               =  F
writestatsummary            =  T
                                                                               
 ==============================================================================
                                                                               
 Known units of measurement:
                                                                               
              Unit                          CGS Value                Base Unit
  1                  cm                     1.0000                           cm
  2                   s                     1.0000                            s
  3                   g                     1.0000                            g
  4                   K                     1.0000                            K
  5                 esu                     1.0000                          esu
  6                 mol                     1.0000                          mol
  7                   m                     100.00                           cm
  8                  km                    1.00000E+05                       cm
  9                  pc                    3.08568E+18                       cm
 10                 kpc                    3.08568E+21                       cm
 11                 Mpc                    3.08568E+24                       cm
 12                 Gpc                    3.08568E+27                       cm
 13                Rsun                    6.96000E+10                       cm
 14                  AU                    1.49598E+13                       cm
 15                  yr                    3.15569E+07                        s
 16                 Myr                    3.15569E+13                        s
 17                 Gyr                    3.15569E+16                        s
 18                  kg                     1000.0                            g
 19                Msun                    1.98892E+33                        g
 20                 amu                    1.66054E-24                        g
 21                  eV                     11605.                            K
 22                   C                    2.99792E+09                      esu
 23                LFLY                    3.08568E+24                       cm
 24                TFLY                    2.05759E+17                        s
 25                MFLY                    9.88470E+45                        g
 26            clLength                    3.08568E+24                       cm
 27              clTime                    3.15569E+16                        s
 28              clMass                    1.98892E+48                        g
 29              clTemp                    1.16045E+07                        K
-----------End of Units--------------------
                                                                               
 Known physical constants:
                                                                               
    Constant Name       Constant Value   cm       s        g        K        esu      mol
  1              Newton    6.67408E-08   3.0     -2.0     -1.0      0.0      0.0      0.0    
  2      speed of light    2.99792E+10   1.0     -1.0      0.0      0.0      0.0      0.0    
  3              Planck    6.62607E-27   2.0     -1.0      1.0      0.0      0.0      0.0    
  4     electron charge    4.80320E-10   0.0      0.0      0.0      0.0      1.0      0.0    
  5       electron mass    9.10938E-28   0.0      0.0      1.0      0.0      0.0      0.0    
  6         proton mass    1.67262E-24   0.0      0.0      1.0      0.0      0.0      0.0    
  7      fine-structure    7.29735E-03   0.0      0.0      0.0      0.0      0.0      0.0    
  8            Avogadro    6.02214E+23   0.0      0.0      0.0      0.0      0.0     -1.0    
  9           Boltzmann    1.38065E-16   2.0     -2.0      1.0     -1.0      0.0      0.0    
 10  ideal gas constant    8.31446E+07   2.0     -2.0      1.0     -1.0      0.0     -1.0    
 11                Wien    0.28978       1.0      0.0      0.0      1.0      0.0      0.0    
 12    Stefan-Boltzmann    5.67037E-05   0.0     -3.0      1.0     -4.0      0.0      0.0    
 13  Radiation Constant    7.56572E-15  -1.0     -2.0      1.0     -4.0      0.0      0.0    
 14                  pi     3.1416       0.0      0.0      0.0      0.0      0.0      0.0    
 15                   e     2.7183       0.0      0.0      0.0      0.0      0.0      0.0    
 16               Euler    0.57722       0.0      0.0      0.0      0.0      0.0      0.0    
 ==============================================================================
                                                                               
 Multifluid database: not configured in
                                                                               
 ==============================================================================
 [ 02-28-2025  13:36:15.900 ] [gr_initGeometry] checking BCs for idir: 1
 [ 02-28-2025  13:36:15.900 ] [gr_initGeometry] checking BCs for idir: 2
 [ 02-28-2025  13:36:15.900 ] [gr_initGeometry] checking BCs for idir: 3
 [ 02-28-2025  13:36:17.573 ] [GRID amr_refine_derefine]: initiating refinement
 [ 02-28-2025  13:36:17.574 ] [GRID amr_refine_derefine]: redist. phase.  tot blks requested: 4096
 [GRID amr_refine_derefine] min blks 4    max blks 5    tot blks 4096
 [GRID amr_refine_derefine] min leaf blks 4    max leaf blks 5    tot leaf blks 4096
 [ 02-28-2025  13:36:17.739 ] [GRID amr_refine_derefine]: refinement complete
 [ 02-28-2025  13:36:17.846 ] [GRID gr_expandDomain]: iteration=1, create level=2
 INFO: Grid_fillGuardCells is ignoring masking.
 [ 02-28-2025  13:36:23.136 ] [mpi_amr_comm_setup]: buffer_dim_send=3349693, buffer_dim_recv=2207173
 [ 02-28-2025  13:36:24.651 ] [GRID amr_refine_derefine]: initiating refinement
 [ 02-28-2025  13:36:24.663 ] [GRID amr_refine_derefine]: redist. phase.  tot blks requested: 4160
 [GRID amr_refine_derefine] min blks 4    max blks 5    tot blks 4160
 [GRID amr_refine_derefine] min leaf blks 4    max leaf blks 5    tot leaf blks 4152
 [ 02-28-2025  13:36:24.785 ] [GRID amr_refine_derefine]: refinement complete
 [ 02-28-2025  13:36:24.788 ] [GRID gr_expandDomain]: iteration=2, create level=3
 [ 02-28-2025  13:36:30.765 ] [GRID amr_refine_derefine]: initiating refinement
 [ 02-28-2025  13:36:30.774 ] [GRID amr_refine_derefine]: redist. phase.  tot blks requested: 4224
 [GRID amr_refine_derefine] min blks 4    max blks 6    tot blks 4224
 [GRID amr_refine_derefine] min leaf blks 3    max leaf blks 5    tot leaf blks 4208
 [ 02-28-2025  13:36:30.886 ] [GRID amr_refine_derefine]: refinement complete
 [ 02-28-2025  13:36:30.889 ] [GRID gr_expandDomain]: iteration=3, create level=4
 [ 02-28-2025  13:36:36.157 ] [mpi_amr_comm_setup]: buffer_dim_send=3423553, buffer_dim_recv=2207173
 [ 02-28-2025  13:36:36.852 ] [GRID amr_refine_derefine]: initiating refinement
 [ 02-28-2025  13:36:36.857 ] [GRID amr_refine_derefine]: redist. phase.  tot blks requested: 4288
 [GRID amr_refine_derefine] min blks 4    max blks 6    tot blks 4288
 [GRID amr_refine_derefine] min leaf blks 3    max leaf blks 5    tot leaf blks 4264
 [ 02-28-2025  13:36:36.966 ] [GRID amr_refine_derefine]: refinement complete
 [ 02-28-2025  13:36:36.968 ] [GRID gr_expandDomain]: iteration=4, create level=5
 [ 02-28-2025  13:36:42.401 ] [mpi_amr_comm_setup]: buffer_dim_send=3422269, buffer_dim_recv=2207173
 [ 02-28-2025  13:36:43.090 ] [GRID amr_refine_derefine]: initiating refinement
 [ 02-28-2025  13:36:43.101 ] [GRID amr_refine_derefine]: redist. phase.  tot blks requested: 6144
 [GRID amr_refine_derefine] min blks 6    max blks 9    tot blks 6144
 [GRID amr_refine_derefine] min leaf blks 5    max leaf blks 7    tot leaf blks 5888
 [ 02-28-2025  13:36:43.241 ] [GRID amr_refine_derefine]: refinement complete
 [ 02-28-2025  13:36:43.246 ] [GRID gr_expandDomain]: iteration=5, create level=6
 [ 02-28-2025  13:36:50.944 ] [mpi_amr_comm_setup]: buffer_dim_send=2974177, buffer_dim_recv=2540365
 [ 02-28-2025  13:36:51.984 ] [GRID amr_refine_derefine]: initiating refinement
 [ 02-28-2025  13:36:51.999 ] [GRID amr_refine_derefine]: redist. phase.  tot blks requested: 9152
 [GRID amr_refine_derefine] min blks 9    max blks 12    tot blks 9152
 [GRID amr_refine_derefine] min leaf blks 7    max leaf blks 10    tot leaf blks 8520
 [ 02-28-2025  13:36:52.200 ] [GRID amr_refine_derefine]: refinement complete
 [ 02-28-2025  13:36:52.206 ] [GRID gr_expandDomain]: iteration=6, create level=6
 [ 02-28-2025  13:37:03.240 ] [mpi_amr_comm_setup]: buffer_dim_send=4843741, buffer_dim_recv=2669029
 [ 02-28-2025  13:37:04.695 ] [GRID gr_expandDomain]: iteration=7, create level=6
 [ 02-28-2025  13:37:17.186 ] [GRID gr_expandDomain]: iteration=8, create level=6
 [ 02-28-2025  13:37:29.077 ] memory: /proc vsize    (MB):     4592.28 (min)       4799.05 (max)       4731.06 (avg)
 [ 02-28-2025  13:37:29.077 ] memory: /proc rss      (MB):     1840.99 (min)       1930.63 (max)       1894.87 (avg)
 [ 02-28-2025  13:37:29.078 ] memory: /proc vsize    (MB):     4592.28 (min)       4799.05 (max)       4731.06 (avg)
 [ 02-28-2025  13:37:29.079 ] memory: /proc rss      (MB):     1840.99 (min)       1930.63 (max)       1894.87 (avg)
 [ 02-28-2025  13:37:29.098 ] memory: /proc vsize    (MB):     4592.28 (min)       4799.05 (max)       4731.06 (avg)
 [ 02-28-2025  13:37:29.098 ] memory: /proc rss      (MB):     1840.99 (min)       1930.63 (max)       1894.88 (avg)
 [ 02-28-2025  13:37:32.725 ] [IO_writeCheckpoint] open: type=checkpoint name=sedov_hdf5_chk_0000
 [ 02-28-2025  13:37:41.363 ] [io_writeData]: wrote    9152          blocks
 [ 02-28-2025  13:37:41.380 ] [IO_writeCheckpoint] close: type=checkpoint name=sedov_hdf5_chk_0000
 [ 02-28-2025  13:37:41.496 ] [IO_writePlotfile] open: type=plotfile name=sedov_hdf5_plt_cnt_0000
 [ 02-28-2025  13:37:42.290 ] [io_writeData]: wrote    9152          blocks
 [ 02-28-2025  13:37:42.304 ] [IO_writePlotfile] close: type=plotfile name=sedov_hdf5_plt_cnt_0000
 [ 02-28-2025  13:37:42.306 ] memory: /proc vsize    (MB):     4592.28 (min)       5011.90 (max)       4740.48 (avg)
 [ 02-28-2025  13:37:42.307 ] memory: /proc rss      (MB):     1847.37 (min)       1937.71 (max)       1903.20 (avg)
 [ 02-28-2025  13:37:42.307 ] [Driver_evolveAll]: Entering evolution loop
 [ 02-28-2025  13:37:42.307 ] step: n=1 t=0.000000E+00 dt=1.000000E-10
 [ 02-28-2025  13:37:46.024 ] step: n=2 t=1.000000E-10 dt=2.000000E-10
 [ 02-28-2025  13:37:52.291 ] step: n=3 t=3.000000E-10 dt=4.000000E-10
 [ 02-28-2025  13:37:55.982 ] step: n=4 t=7.000000E-10 dt=8.000000E-10
 [ 02-28-2025  13:38:02.278 ] step: n=5 t=1.500000E-09 dt=1.600000E-09
 [ 02-28-2025  13:38:05.973 ] step: n=6 t=3.100000E-09 dt=3.200000E-09
 [ 02-28-2025  13:38:12.272 ] step: n=7 t=6.300000E-09 dt=6.400000E-09
 [ 02-28-2025  13:38:15.976 ] step: n=8 t=1.270000E-08 dt=1.280000E-08
 [ 02-28-2025  13:38:22.278 ] step: n=9 t=2.550000E-08 dt=2.560000E-08
 [ 02-28-2025  13:38:25.984 ] step: n=10 t=5.110000E-08 dt=5.120000E-08
 [ 02-28-2025  13:38:36.167 ] [IO_writeCheckpoint] open: type=checkpoint name=sedov_hdf5_chk_0001
 [ 02-28-2025  13:38:44.606 ] [io_writeData]: wrote    9152          blocks
 [ 02-28-2025  13:38:44.640 ] [IO_writeCheckpoint] close: type=checkpoint name=sedov_hdf5_chk_0001
 [ 02-28-2025  13:38:44.641 ] step: n=11 t=1.023000E-07 dt=1.024000E-07
 [ 02-28-2025  13:38:48.343 ] step: n=12 t=2.047000E-07 dt=2.011896E-07
 [ 02-28-2025  13:38:54.673 ] step: n=13 t=4.058896E-07 dt=1.856898E-07
 [ 02-28-2025  13:38:58.386 ] step: n=14 t=5.915794E-07 dt=1.729914E-07
 [ 02-28-2025  13:39:04.743 ] step: n=15 t=7.645708E-07 dt=1.642472E-07
 [ 02-28-2025  13:39:08.468 ] step: n=16 t=9.288179E-07 dt=1.580871E-07
 [ 02-28-2025  13:39:14.781 ] step: n=17 t=1.086905E-06 dt=1.534569E-07
 [ 02-28-2025  13:39:18.502 ] step: n=18 t=1.240362E-06 dt=1.499651E-07
 [ 02-28-2025  13:39:24.832 ] step: n=19 t=1.390327E-06 dt=1.474127E-07
 [ 02-28-2025  13:39:28.551 ] step: n=20 t=1.537740E-06 dt=1.456205E-07
 [ 02-28-2025  13:39:38.500 ] [IO_writeCheckpoint] open: type=checkpoint name=sedov_hdf5_chk_0002
 [ 02-28-2025  13:39:46.233 ] [io_writeData]: wrote    9152          blocks
 [ 02-28-2025  13:39:46.239 ] [IO_writeCheckpoint] close: type=checkpoint name=sedov_hdf5_chk_0002
 [ 02-28-2025  13:39:46.240 ] step: n=21 t=1.683360E-06 dt=1.444985E-07
 [ 02-28-2025  13:39:49.948 ] step: n=22 t=1.827859E-06 dt=1.441710E-07
 [ 02-28-2025  13:39:56.281 ] step: n=23 t=1.972030E-06 dt=1.441286E-07
 [ 02-28-2025  13:39:59.999 ] step: n=24 t=2.116158E-06 dt=1.441099E-07
 [ 02-28-2025  13:40:06.328 ] step: n=25 t=2.260268E-06 dt=1.441302E-07
 [ 02-28-2025  13:40:10.045 ] step: n=26 t=2.404398E-06 dt=1.442588E-07
 [ 02-28-2025  13:40:16.364 ] [GRID amr_refine_derefine]: initiating refinement
 [ 02-28-2025  13:40:16.376 ] [GRID amr_refine_derefine]: redist. phase.  tot blks requested: 9536
 [GRID amr_refine_derefine] min blks 10    max blks 13    tot blks 9536
 [GRID amr_refine_derefine] min leaf blks 8    max leaf blks 11    tot leaf blks 8856
 [ 02-28-2025  13:40:16.584 ] [GRID amr_refine_derefine]: refinement complete
 [ 02-28-2025  13:40:16.996 ] step: n=27 t=2.548657E-06 dt=1.444833E-07
 [ 02-28-2025  13:40:16.996 ] [mpi_amr_comm_setup]: buffer_dim_send=4300885, buffer_dim_recv=2669029
 [ 02-28-2025  13:40:20.847 ] step: n=28 t=2.693141E-06 dt=1.448057E-07
 [ 02-28-2025  13:40:27.458 ] step: n=29 t=2.837946E-06 dt=1.450172E-07
 [ 02-28-2025  13:40:31.299 ] step: n=30 t=2.982964E-06 dt=1.450055E-07
 [ 02-28-2025  13:40:41.697 ] [IO_writeCheckpoint] open: type=checkpoint name=sedov_hdf5_chk_0003
 [ 02-28-2025  13:40:50.148 ] [io_writeData]: wrote    9536          blocks
 [ 02-28-2025  13:40:50.155 ] [IO_writeCheckpoint] close: type=checkpoint name=sedov_hdf5_chk_0003
 [ 02-28-2025  13:40:50.156 ] step: n=31 t=3.127969E-06 dt=1.449474E-07
 [ 02-28-2025  13:40:54.009 ] step: n=32 t=3.272916E-06 dt=1.449259E-07
 [ 02-28-2025  13:41:00.563 ] step: n=33 t=3.417842E-06 dt=1.447113E-07
 [ 02-28-2025  13:41:04.404 ] step: n=34 t=3.562554E-06 dt=1.446418E-07
 [ 02-28-2025  13:41:11.023 ] step: n=35 t=3.707195E-06 dt=1.446455E-07
 [ 02-28-2025  13:41:14.873 ] step: n=36 t=3.851841E-06 dt=1.446573E-07
 [ 02-28-2025  13:41:21.487 ] step: n=37 t=3.996498E-06 dt=1.446767E-07
 [ 02-28-2025  13:41:25.341 ] step: n=38 t=4.141175E-06 dt=1.447318E-07
 [ 02-28-2025  13:41:31.946 ] step: n=39 t=4.285907E-06 dt=1.447598E-07
 [ 02-28-2025  13:41:35.795 ] step: n=40 t=4.430666E-06 dt=1.447127E-07
 [ 02-28-2025  13:41:46.505 ] [IO_writeCheckpoint] open: type=checkpoint name=sedov_hdf5_chk_0004
 [ 02-28-2025  13:42:10.146 ] [io_writeData]: wrote    9536          blocks
 [ 02-28-2025  13:42:10.154 ] [IO_writeCheckpoint] close: type=checkpoint name=sedov_hdf5_chk_0004
 [ 02-28-2025  13:42:10.156 ] step: n=41 t=4.575379E-06 dt=1.446812E-07
 [ 02-28-2025  13:42:14.009 ] step: n=42 t=4.720060E-06 dt=1.446456E-07
 [ 02-28-2025  13:42:20.624 ] step: n=43 t=4.864706E-06 dt=1.446294E-07
 [ 02-28-2025  13:42:24.486 ] step: n=44 t=5.009335E-06 dt=1.446250E-07
 [ 02-28-2025  13:42:31.107 ] step: n=45 t=5.153960E-06 dt=1.445216E-07
 [ 02-28-2025  13:42:34.953 ] step: n=46 t=5.298482E-06 dt=1.444823E-07
 [ 02-28-2025  13:42:41.571 ] step: n=47 t=5.442964E-06 dt=1.444551E-07
 [ 02-28-2025  13:42:45.418 ] step: n=48 t=5.587419E-06 dt=1.444288E-07
 [ 02-28-2025  13:42:52.035 ] step: n=49 t=5.731848E-06 dt=1.444159E-07
 [ 02-28-2025  13:42:55.886 ] step: n=50 t=5.876264E-06 dt=1.444089E-07
 [ 02-28-2025  13:43:06.730 ] [IO_writeCheckpoint] open: type=checkpoint name=sedov_hdf5_chk_0005
 [ 02-28-2025  13:43:29.766 ] [io_writeData]: wrote    9536          blocks
 [ 02-28-2025  13:43:29.941 ] [IO_writeCheckpoint] close: type=checkpoint name=sedov_hdf5_chk_0005
 [ 02-28-2025  13:43:29.943 ] step: n=51 t=6.020673E-06 dt=1.443103E-07
 [ 02-28-2025  13:43:33.785 ] step: n=52 t=6.164983E-06 dt=1.442630E-07
 [ 02-28-2025  13:43:40.396 ] step: n=53 t=6.309246E-06 dt=1.442278E-07
 [ 02-28-2025  13:43:44.239 ] step: n=54 t=6.453474E-06 dt=1.441955E-07
 [ 02-28-2025  13:43:50.850 ] step: n=55 t=6.597670E-06 dt=1.441758E-07
 [ 02-28-2025  13:43:54.687 ] step: n=56 t=6.741845E-06 dt=1.441499E-07
 [ 02-28-2025  13:44:01.225 ] step: n=57 t=6.885995E-06 dt=1.440523E-07
 [ 02-28-2025  13:44:05.065 ] step: n=58 t=7.030048E-06 dt=1.439965E-07
 [ 02-28-2025  13:44:11.672 ] step: n=59 t=7.174044E-06 dt=1.439601E-07
 [ 02-28-2025  13:44:15.500 ] step: n=60 t=7.318004E-06 dt=1.439284E-07
 [ 02-28-2025  13:44:26.107 ] [IO_writeCheckpoint] open: type=checkpoint name=sedov_hdf5_chk_0006
 [ 02-28-2025  13:44:46.862 ] [io_writeData]: wrote    9536          blocks
 [ 02-28-2025  13:44:46.877 ] [IO_writeCheckpoint] close: type=checkpoint name=sedov_hdf5_chk_0006
 [ 02-28-2025  13:44:46.878 ] [Driver_evolveAll]: Exiting evolution loop
 [ 02-28-2025  13:44:46.965 ] [IO_writePlotfile] open: type=plotfile name=sedov_forced_hdf5_plt_cnt_0000
 [ 02-28-2025  13:44:48.563 ] [io_writeData]: wrote    9536          blocks
 [ 02-28-2025  13:44:48.573 ] [IO_writePlotfile] close: type=plotfile name=sedov_forced_hdf5_plt_cnt_0000
 [ 02-28-2025  13:44:48.574 ] memory: /proc vsize    (MB):     4627.94 (min)       5018.77 (max)       4760.36 (avg)
 [ 02-28-2025  13:44:48.574 ] memory: /proc rss      (MB):     1959.47 (min)       2065.66 (max)       1997.93 (avg)
 ==============================================================================
 perf_summary: code performance summary for process            0
                      beginning : 02-28-2025  13:36:15
                         ending : 02-28-2025  13:44:48
   seconds in monitoring period :              512.677
      number of evolution steps :                   60
 ------------------------------------------------------------------------------
 accounting unit                       time sec  num calls   secs avg  time pct
 ------------------------------------------------------------------------------
 initialization                         86.409      1          86.409    16.855
  eos                                    0.210      8           0.026     0.041
  guardcell internal                     2.674      7           0.382     0.522
   amr_guardcell                         2.549      7           0.364     0.497
   eos gc                                0.000      7           0.000     0.000
  writeCheckpoint                       12.261      1          12.261     2.392
   restrictAll                           3.341      1           3.341     0.652
  writePlotfile                          0.923      1           0.923     0.180
 writePlotfile                           1.694      1           1.694     0.331
 evolution                             424.572      1         424.572    82.815
  Hydro                                169.930     60           2.832    33.146
   Head                                 37.460     60           0.624     7.307
    guardcell internal                  37.458     60           0.624     7.306
     amr_guardcell                      34.710     60           0.579     6.770
     eos gc                              0.002     60           0.000     0.000
   compute fluxes                      126.564     60           2.109    24.687
    hy_computeFluxes                   126.562    600           0.211    24.687
     RiemannState                      108.876    600           0.181    21.237
     getFaceFlux                        17.533    600           0.029     3.420
   conserveFluxes                        0.046     60           0.001     0.009
   update solution                       5.793     60           0.097     1.130
    update solution body                 5.792    600           0.010     1.130
     unsplitUpdate                       2.164    600           0.004     0.422
  sourceTerms                            0.000     60           0.000     0.000
  Particles_advance                      0.000     60           0.000     0.000
  Gravity potential                      0.000     60           0.000     0.000
  IO_output                            172.196    120           1.435    33.588
   diagnostics                          56.126    120           0.468    10.948
   checkpointing                       116.038      6          19.340    22.634
    writeCheckpoint                    116.037      6          19.339    22.633
     restrictAll                        21.670      6           3.612     4.227
  Grid_updateRefinement                 81.300     60           1.355    15.858
   eos                                   0.074      1           0.074     0.014
   tree                                 81.226     60           1.354    15.843
    markRefineDerefine                  21.573     30           0.719     4.208
     guardcell internal                 19.017     30           0.634     3.709
      amr_guardcell                     17.673     30           0.589     3.447
      eos gc                             0.001     30           0.000     0.000
    amr_refine_derefine                 58.553     30           1.952    11.421
    updateData                           0.000     30           0.000     0.000
   updateParticleRefinement              0.000      1           0.000     0.000
  Driver_computeDt                       1.129     60           0.019     0.220
 ==============================================================================
 [ 02-28-2025  13:44:48.577 ] [Timers_getSummary]: Not writing timer max/min/avg values because not all processors had same timers
 [ 02-28-2025  13:44:48.577 ] LOGFILE_END: FLASH run complete.
 FLASH log file:  02-28-2025  13:45:00.646    Run number:  1
 ==============================================================================
 Number of MPI tasks:                896
 MPI version:                          3
 MPI subversion:                       1
 Dimensionality:                       3
 Max Number of Blocks/Proc:          200
 Number x zones:                      32
 Number y zones:                      32
 Number z zones:                      32
 Setup stamp:     Fri Nov 1 14:03:57 2024
 Build stamp:     Fri Nov 1 14:04:23 2024
 System info:     Linux corona211 4.18.0-553.22.1.1toss.t4.x86_64 #1 SMP Tue Sep 24 16:50:00 PDT 2
 Version:         Flash-X 1.0 (heads/main-0-g6040ba49-dirty)                                      
 Build directory: /usr/workspace/ather1/Flash-X/sedov
 Setup syntax:    /usr/workspace/ather1/Flash-X/bin/setup.py Sedov -auto -3d -nxb=32 -nyb=32 -nzb=32 +parallelio -objdir=/usr/workspace/ather1/Flash-X/sedov
 f compiler flags: mpif90 -ggdb -c -O2 -fdefault-real-8 -fdefault-double-8 -Wuninitialized -fallow-argument-mismatch -fallow-argument-mismatch -DMAXBLOCKS=200 -DNXB=32 -DNYB=32 -DNZB=32 -DN_DIM=3
 c compiler flags:    mpicc -I/p/lustre2/ather1/hdf5-1.14.4-3/install/include -DH5_USE_18_API -ggdb -c -O2 -Wuninitialized -D_FORTIFY_SOURCE=2 -DMAXBLOCKS=200 -DNXB=32 -DNYB=32 -DNZB=32 -DN_DIM=3
 ==============================================================================
 Comment:  Sedov explosion
 ==============================================================================
 FLASH Units used:
   Driver/DriverMain/Unsplit
   Grid/GridBoundaryConditions
   Grid/GridMain/AMR/Paramesh4/PM4_package/flash_avoid_orrery
   Grid/GridMain/AMR/Paramesh4/PM4_package/headers
   Grid/GridMain/AMR/Paramesh4/PM4_package/source
   Grid/GridMain/AMR/Paramesh4/PM4_package/utilities/multigrid
   Grid/GridMain/AMR/Paramesh4/interpolation/prolong
   Grid/GridMain/AMR/Paramesh4/levelFlux
   Grid/localAPI
   IO/IOMain/hdf5/parallel/PM
   IO/localAPI
   PhysicalConstants/PhysicalConstantsMain
   RuntimeParameters/RuntimeParametersMain
   Simulation/SimulationMain/Sedov
   TimeAdvance/TimeAdvanceMain/StrangSplit
   flashUtilities/contiguousConversion
   flashUtilities/general
   flashUtilities/interpolation/oneDim
   flashUtilities/nameValueLL
   flashUtilities/sorting/quicksort
   flashUtilities/system/memoryUsage/legacy
   monitors/Logfile/LogfileMain
   monitors/Timers/TimersMain/MPINative
   physics/Eos/EosMain/Gamma
   physics/Hydro/HydroMain/unsplit/OnlyHydro
   physics/Hydro/HydroMain/unsplit/levelFlux
   physics/Hydro/localAPI
 ==============================================================================
 RuntimeParameters:
                                                                               
 ==============================================================================
bndpriorityone              =          1
bndprioritythree            =          3
bndprioritytwo              =          2
checkpointfileintervalstep  =         10 [CHANGED]
checkpointfilenumber        =          0
dr_abortpause               =          2
dr_dtminbelowaction         =          1
drift_break_inst            =          0
drift_trunc_mantissa        =          2
drift_verbose_inst          =          0
eos_entrelescalechoice      =          6
eos_loglevel                =        700
fileformatversion           =          9
forcedplotfilenumber        =          0
gr_lrefmaxtimevalue_1       =         -1
gr_lrefmaxtimevalue_10      =         -1
gr_lrefmaxtimevalue_11      =         -1
gr_lrefmaxtimevalue_12      =         -1
gr_lrefmaxtimevalue_13      =         -1
gr_lrefmaxtimevalue_14      =         -1
gr_lrefmaxtimevalue_15      =         -1
gr_lrefmaxtimevalue_16      =         -1
gr_lrefmaxtimevalue_17      =         -1
gr_lrefmaxtimevalue_18      =         -1
gr_lrefmaxtimevalue_19      =         -1
gr_lrefmaxtimevalue_2       =         -1
gr_lrefmaxtimevalue_20      =         -1
gr_lrefmaxtimevalue_3       =         -1
gr_lrefmaxtimevalue_4       =         -1
gr_lrefmaxtimevalue_5       =         -1
gr_lrefmaxtimevalue_6       =         -1
gr_lrefmaxtimevalue_7       =         -1
gr_lrefmaxtimevalue_8       =         -1
gr_lrefmaxtimevalue_9       =         -1
gr_pmrpdivergencefree       =         -1
gr_pmrpifaceoff             =          0
gr_pmrpl2p5d                =          0
gr_pmrpmaxblocks            =         -1
gr_pmrpmflags               =          1
gr_pmrpnboundaries          =          6
gr_pmrpndim                 =          3
gr_pmrpnedgevar1            =         -1
gr_pmrpnfacevar             =         -1
gr_pmrpnfielddivf           =         -1
gr_pmrpnfluxvar             =         -1
gr_pmrpnguard               =         -1
gr_pmrpnguardwork           =         -1
gr_pmrpnvar                 =         -1
gr_pmrpnvarwork             =          1
gr_pmrpnvarcorn             =          0
gr_pmrpnvaredge             =          0
gr_pmrpnxb                  =         -1
gr_pmrpnyb                  =         -1
gr_pmrpnzb                  =         -1
gr_restrictallmethod        =          3
gr_sanitizedatamode         =          1
gr_sanitizeverbosity        =          5
gr_tilesizex                =         32
gr_tilesizey                =         32
gr_tilesizez                =         32
hy_3torder                  =         -1
hydrocomputedtoption        =         -1
iprocs                      =          1
interpol_order              =          2
irenorm                     =          0
jprocs                      =          1
kprocs                      =          1
lrefine_del                 =          0
lrefine_max                 =          6 [CHANGED]
lrefine_min                 =          1
lrefine_min_init            =          1
max_particles_per_blk       =        100
memory_stat_freq            =     100000
meshcopycount               =          1
min_particles_per_blk       =          1
nbegin                      =          1
nblockx                     =         16 [CHANGED]
nblocky                     =         16 [CHANGED]
nblockz                     =         16 [CHANGED]
nend                        =         60 [CHANGED]
nrefs                       =          2
nsteptotalsts               =          5
order                       =          3 [CHANGED]
outputsplitnum              =          1
plotfileintervalstep        =          0
plotfilenumber              =          0
refine_var_count            =          4
rolling_checkpoint          =      10000
sim_centerrefinelevel       =          1
sim_integralslevel          =         -1
sim_nsubzones               =          7
sweeporder                  =        123
transorder                  =          1
wr_integrals_freq           =          1
limitedslopebeta            =                 0.100E+01
cfl                         =                 0.800E+00
checkpointfileintervaltime  =                 0.000E+00 [CHANGED]
checkpointfileintervalz     =                 0.180+309
cvisc                       =                 0.100E+00
derefine_cutoff_1           =                 0.200E+00
derefine_cutoff_2           =                 0.200E+00
derefine_cutoff_3           =                 0.200E+00
derefine_cutoff_4           =                 0.200E+00
dr_dtmincontinue            =                 0.000E+00
dr_tstepslowstartfactor     =                 0.100E+00
dtinit                      =                 0.100E-09
dtmax                       =                 0.100E+06
dtmin                       =                 0.100E-09
eintswitch                  =                 0.100E-03 [CHANGED]
eos_singlespeciesa          =                 0.100E+01
eos_singlespeciesz          =                 0.100E+01
gamma                       =                 0.140E+01 [CHANGED]
gr_btworkchildscaling       =                 0.100E+01
gr_btworkdefaultleaf        =                 0.200E+01
gr_btworkdefaultpar         =                 0.100E+01
gr_btworklbleaf             =                 0.000E+00
gr_btworklbpar              =                 0.000E+00
gr_btworkubleaf             =                 0.100E+07
gr_btworkubpar              =                 0.100E+07
gr_lrefinemaxredlogbase     =                 0.100E+02
gr_lrefinemaxredradiusfact  =                 0.000E+00
gr_lrefinemaxredtref        =                 0.000E+00
gr_lrefinemaxredtimescale   =                 0.100E+01
gr_lrefmaxtime_1            =                -0.100E+01
gr_lrefmaxtime_10           =                -0.100E+01
gr_lrefmaxtime_11           =                -0.100E+01
gr_lrefmaxtime_12           =                -0.100E+01
gr_lrefmaxtime_13           =                -0.100E+01
gr_lrefmaxtime_14           =                -0.100E+01
gr_lrefmaxtime_15           =                -0.100E+01
gr_lrefmaxtime_16           =                -0.100E+01
gr_lrefmaxtime_17           =                -0.100E+01
gr_lrefmaxtime_18           =                -0.100E+01
gr_lrefmaxtime_19           =                -0.100E+01
gr_lrefmaxtime_2            =                -0.100E+01
gr_lrefmaxtime_20           =                -0.100E+01
gr_lrefmaxtime_3            =                -0.100E+01
gr_lrefmaxtime_4            =                -0.100E+01
gr_lrefmaxtime_5            =                -0.100E+01
gr_lrefmaxtime_6            =                -0.100E+01
gr_lrefmaxtime_7            =                -0.100E+01
gr_lrefmaxtime_8            =                -0.100E+01
gr_lrefmaxtime_9            =                -0.100E+01
hy_cflfallbackfactor        =                 0.900E+00
hy_fpresinmomflux           =                 0.100E+01
hybridorderkappa            =                 0.000E+00
nusts                       =                 0.200E+00 [CHANGED]
plotfileintervaltime        =                 0.000E+00 [CHANGED]
plotfileintervalz           =                 0.180+309
radiusgp                    =                 0.200E+01
refine_cutoff_1             =                 0.800E+00
refine_cutoff_2             =                 0.800E+00
refine_cutoff_3             =                 0.800E+00
refine_cutoff_4             =                 0.800E+00
refine_filter_1             =                 0.100E-01
refine_filter_2             =                 0.100E-01
refine_filter_3             =                 0.100E-01
refine_filter_4             =                 0.100E-01
rss_limit                   =                -0.100E+01
sigmagp                     =                 0.300E+01
sim_derefineradius          =                 0.000E+00
sim_earliestlstime          =                 0.000E+00
sim_expenergy               =                 0.100E+01
sim_largestnormradius       =                 0.180+309
sim_latestlstime            =                 0.180+309
sim_minrhoinit              =                 0.100E-19
sim_pambient                =                 0.100E-04
sim_rinit                   =                 0.137E-01 [CHANGED]
sim_rhoambient              =                 0.100E+01
sim_smallestnormradius      =                 0.000E+00
sim_xctr                    =                 0.500E+00
sim_yctr                    =                 0.500E+00
sim_zctr                    =                 0.500E+00
small                       =                 0.100E-09
smalle                      =                 0.100E-09
smallp                      =                 0.100E-09
smallt                      =                 0.100E-09
smallu                      =                 0.100E-09
smallx                      =                 0.100E-09
smlrho                      =                 0.100E-09
tinitial                    =                 0.000E+00
tiny                        =                 0.100E-15
tmax                        =                 0.500E+06 [CHANGED]
tstep_change_factor         =                 0.200E+01
wall_clock_checkpoint       =                 0.432E+05
wall_clock_time_limit       =                 0.605E+06
x_refine_center             =                 0.000E+00
xmax                        =                 0.100E+01
xmin                        =                 0.000E+00
y_refine_center             =                 0.000E+00
ymax                        =                 0.100E+01
ymin                        =                 0.000E+00
zfinal                      =                 0.000E+00
zinitial                    =                -0.100E+01
z_refine_center             =                 0.000E+00
zmax                        =                 0.100E+01
zmin                        =                 0.000E+00
riemannsolver               = Roe                            [CHANGED]
unitsystem                  = none                          
basenm                      = sedov_                         [CHANGED]
entropyfixmethod            = HARTENHYMAN                   
eosmode                     = dens_ie                       
eosmodeinit                 = dens_ie                       
geometry                    = cartesian                     
gr_pmrpoutputdir            = ./                            
grav_boundary_type          = isolated                      
hy_eosmodegc                = see eosMode                   
log_file                    = sedov.log                      [CHANGED]
output_directory            =                               
pc_unitsbase                = CGS                           
plot_grid_var_1             = none                          
plot_grid_var_10            = none                          
plot_grid_var_11            = none                          
plot_grid_var_12            = none                          
plot_grid_var_13            = none                          
plot_grid_var_14            = none                          
plot_grid_var_15            = none                          
plot_grid_var_16            = none                          
plot_grid_var_17            = none                          
plot_grid_var_18            = none                          
plot_grid_var_19            = none                          
plot_grid_var_2             = none                          
plot_grid_var_20            = none                          
plot_grid_var_21            = none                          
plot_grid_var_22            = none                          
plot_grid_var_23            = none                          
plot_grid_var_24            = none                          
plot_grid_var_25            = none                          
plot_grid_var_26            = none                          
plot_grid_var_27            = none                          
plot_grid_var_28            = none                          
plot_grid_var_29            = none                          
plot_grid_var_3             = none                          
plot_grid_var_30            = none                          
plot_grid_var_31            = none                          
plot_grid_var_32            = none                          
plot_grid_var_33            = none                          
plot_grid_var_34            = none                          
plot_grid_var_35            = none                          
plot_grid_var_36            = none                          
plot_grid_var_37            = none                          
plot_grid_var_38            = none                          
plot_grid_var_39            = none                          
plot_grid_var_4             = none                          
plot_grid_var_40            = none                          
plot_grid_var_41            = none                          
plot_grid_var_42            = none                          
plot_grid_var_43            = none                          
plot_grid_var_44            = none                          
plot_grid_var_45            = none                          
plot_grid_var_46            = none                          
plot_grid_var_47            = none                          
plot_grid_var_48            = none                          
plot_grid_var_49            = none                          
plot_grid_var_5             = none                          
plot_grid_var_50            = none                          
plot_grid_var_51            = none                          
plot_grid_var_52            = none                          
plot_grid_var_53            = none                          
plot_grid_var_54            = none                          
plot_grid_var_55            = none                          
plot_grid_var_56            = none                          
plot_grid_var_57            = none                          
plot_grid_var_58            = none                          
plot_grid_var_59            = none                          
plot_grid_var_6             = none                          
plot_grid_var_60            = none                          
plot_grid_var_61            = none                          
plot_grid_var_62            = none                          
plot_grid_var_63            = none                          
plot_grid_var_64            = none                          
plot_grid_var_65            = none                          
plot_grid_var_66            = none                          
plot_grid_var_67            = none                          
plot_grid_var_68            = none                          
plot_grid_var_69            = none                          
plot_grid_var_7             = none                          
plot_grid_var_70            = none                          
plot_grid_var_71            = none                          
plot_grid_var_72            = none                          
plot_grid_var_73            = none                          
plot_grid_var_74            = none                          
plot_grid_var_75            = none                          
plot_grid_var_76            = none                          
plot_grid_var_77            = none                          
plot_grid_var_78            = none                          
plot_grid_var_8             = none                          
plot_grid_var_9             = none                          
plot_var_1                  = dens                           [CHANGED]
plot_var_10                 = none                          
plot_var_11                 = none                          
plot_var_12                 = none                          
plot_var_13                 = none                          
plot_var_14                 = none                          
plot_var_15                 = none                          
plot_var_16                 = none                          
plot_var_17                 = none                          
plot_var_18                 = none                          
plot_var_2                  = pres                           [CHANGED]
plot_var_3                  = temp                           [CHANGED]
plot_var_4                  = none                          
plot_var_5                  = none                          
plot_var_6                  = none                          
plot_var_7                  = none                          
plot_var_8                  = none                          
plot_var_9                  = none                          
prof_file                   = profile.dat                   
refine_var_1                = dens                           [CHANGED]
refine_var_2                = pres                           [CHANGED]
refine_var_3                = none                          
refine_var_4                = none                          
run_comment                 = Sedov explosion                [CHANGED]
run_number                  = 1                             
sim_proffilename            = /dev/null                      [CHANGED]
slopelimiter                = mc                             [CHANGED]
stats_file                  = flashx.dat                    
wenomethod                  = WENO5                         
xl_boundary_type            = outflow                        [CHANGED]
xr_boundary_type            = outflow                        [CHANGED]
yl_boundary_type            = outflow                        [CHANGED]
yr_boundary_type            = outflow                        [CHANGED]
zl_boundary_type            = outflow                        [CHANGED]
zr_boundary_type            = outflow                        [CHANGED]
csvsummaryallprocs          =  F
eosforriemann               =  F
logsummaryallprocs          =  F
addthermalflux              =  T
allowdtstsdominate          =  F
alwayscomputeuservars       =  T
alwaysrestrictcheckpoint    =  T
charlimiting                =  T
chkguardcellsinput          =  F
chkguardcellsoutput         =  F
conserveangmom              =  F
converttoconsvdformeshcalls =  F
converttoconsvdinmeshinterp =  T
corners                     =  F
dr_printtsteploc            =  T
dr_shortenlaststepbeforetmax =  F
drift_tuples                =  F
eachprocwritesownabortlog   =  F
eachprocwritessummary       =  F
earlyblockdistadjustment    =  T
enablemaskedgcfill          =  F
entropy                     =  F
flux_correct                =  T
flux_correct_perlevel       =  F
geometryoverride            =  F
gr_bcenableapplymixedgds    =  T
gr_bndgcfillneedsprimitivevars =  T
gr_btcustomwork             =  F
gr_btexchangework           =  F
gr_btsortbywork             =  T
gr_enabletiling             =  F
gr_lrefinemaxbytime         =  F
gr_lrefinemaxreddobylogr    =  F
gr_lrefinemaxreddobytime    =  F
gr_pmrpadvancealllevels     =  F
gr_pmrpamrerrorchecking     =  F
gr_pmrpcartesianpm          =  F
gr_pmrpconserve             =  F
gr_pmrpconsvfluxdensities   =  T
gr_pmrpconsvfluxes          =  F
gr_pmrpcurvilinear          =  F
gr_pmrpcurvilinearconserve  =  F
gr_pmrpcylindricalpm        =  F
gr_pmrpdiagonals            =  T
gr_pmrpedgevalue            =  T
gr_pmrpedgevalueinteg       =  F
gr_pmrpemptycells           =  F
gr_pmrpforceconsistency     =  T
gr_pmrplsingularline        =  F
gr_pmrpnopermanentguardcells =  F
gr_pmrppolarpm              =  F
gr_pmrppredcorr             =  F
gr_pmrpsphericalpm          =  F
gr_pmrptimingmpi            =  F
gr_pmrptimingmpix           =  F
gr_pmrpvardt                =  F
gr_usetiling                =  F
hy_fallbacklowercfl         =  F
hy_fullspecmsfluxhandling   =  T
hy_usetiling                =  F
ignoreforcedplot            =  F
io_writemscalarintegrals    =  F
plotfilegridquantitydp      =  F
plotfilemetadatadp          =  F
reducegcellfills            =  F
refine_on_particle_count    =  F
restart                     =  F
shockdetect                 =  F
shocklowercfl               =  F
sim_bcsetbdryvar            =  F
sim_forcecenterderefine     =  F
sim_onelevelintegralsonly   =  F
summaryoutputonly           =  F
threadblocklistbuild        =  F
threaddelepblocklist        =  F
threaddelepwithinblock      =  F
threaddriverblocklist       =  F
threaddriverwithinblock     =  F
threadeoswithinblock        =  F
threadhydroblocklist        =  F
threadhydrowithinblock      =  F
threadraytracebuild         =  F
threadwithinblockbuild      =  F
tmr_suppressinparallel      =  F
typematchedxfer             =  T
unbiased_geometry           =  F
updatehydrofluxes           =  T
useburn                     =  F
usecollectivehdf5           =  T
usedeleptonize              =  F
usegravity                  =  F
useheatad                   =  F
useheater                   =  F
usehydro                    =  T
useimbound                  =  F
useincompns                 =  F
useinlet                    =  F
uselegacylabels             =  T
usemultiphase               =  F
useorchestration            =  F
useoutlet                   =  F
useparticles                =  F
useradtrans                 =  F
usests                      =  F
usestsfordiffusion          =  F
usesolidmechanics           =  F
use_3dfullctu               =  T
use_auxeinteqn              =  T
use_avisc                   =  T [CHANGED]
use_cma_advection           =  F
use_cma_flattening          =  F
use_flash_surr_blks_fill    =  T
use_flattening              =  F
use_gravhalfupdate          =  T
use_hybridorder             =  F
use_reduced_orrery          =  T
use_steepening              =  F
use_upwindtvd               =  F
writestatsummary            =  T
                                                                               
 ==============================================================================
                                                                               
 Known units of measurement:
                                                                               
              Unit                          CGS Value                Base Unit
  1                  cm                     1.0000                           cm
  2                   s                     1.0000                            s
  3                   g                     1.0000                            g
  4                   K                     1.0000                            K
  5                 esu                     1.0000                          esu
  6                 mol                     1.0000                          mol
  7                   m                     100.00                           cm
  8                  km                    1.00000E+05                       cm
  9                  pc                    3.08568E+18                       cm
 10                 kpc                    3.08568E+21                       cm
 11                 Mpc                    3.08568E+24                       cm
 12                 Gpc                    3.08568E+27                       cm
 13                Rsun                    6.96000E+10                       cm
 14                  AU                    1.49598E+13                       cm
 15                  yr                    3.15569E+07                        s
 16                 Myr                    3.15569E+13                        s
 17                 Gyr                    3.15569E+16                        s
 18                  kg                     1000.0                            g
 19                Msun                    1.98892E+33                        g
 20                 amu                    1.66054E-24                        g
 21                  eV                     11605.                            K
 22                   C                    2.99792E+09                      esu
 23                LFLY                    3.08568E+24                       cm
 24                TFLY                    2.05759E+17                        s
 25                MFLY                    9.88470E+45                        g
 26            clLength                    3.08568E+24                       cm
 27              clTime                    3.15569E+16                        s
 28              clMass                    1.98892E+48                        g
 29              clTemp                    1.16045E+07                        K
-----------End of Units--------------------
                                                                               
 Known physical constants:
                                                                               
    Constant Name       Constant Value   cm       s        g        K        esu      mol
  1              Newton    6.67408E-08   3.0     -2.0     -1.0      0.0      0.0      0.0    
  2      speed of light    2.99792E+10   1.0     -1.0      0.0      0.0      0.0      0.0    
  3              Planck    6.62607E-27   2.0     -1.0      1.0      0.0      0.0      0.0    
  4     electron charge    4.80320E-10   0.0      0.0      0.0      0.0      1.0      0.0    
  5       electron mass    9.10938E-28   0.0      0.0      1.0      0.0      0.0      0.0    
  6         proton mass    1.67262E-24   0.0      0.0      1.0      0.0      0.0      0.0    
  7      fine-structure    7.29735E-03   0.0      0.0      0.0      0.0      0.0      0.0    
  8            Avogadro    6.02214E+23   0.0      0.0      0.0      0.0      0.0     -1.0    
  9           Boltzmann    1.38065E-16   2.0     -2.0      1.0     -1.0      0.0      0.0    
 10  ideal gas constant    8.31446E+07   2.0     -2.0      1.0     -1.0      0.0     -1.0    
 11                Wien    0.28978       1.0      0.0      0.0      1.0      0.0      0.0    
 12    Stefan-Boltzmann    5.67037E-05   0.0     -3.0      1.0     -4.0      0.0      0.0    
 13  Radiation Constant    7.56572E-15  -1.0     -2.0      1.0     -4.0      0.0      0.0    
 14                  pi     3.1416       0.0      0.0      0.0      0.0      0.0      0.0    
 15                   e     2.7183       0.0      0.0      0.0      0.0      0.0      0.0    
 16               Euler    0.57722       0.0      0.0      0.0      0.0      0.0      0.0    
 ==============================================================================
                                                                               
 Multifluid database: not configured in
                                                                               
 ==============================================================================
 [ 02-28-2025  13:45:00.647 ] [gr_initGeometry] checking BCs for idir: 1
 [ 02-28-2025  13:45:00.648 ] [gr_initGeometry] checking BCs for idir: 2
 [ 02-28-2025  13:45:00.648 ] [gr_initGeometry] checking BCs for idir: 3
 [ 02-28-2025  13:45:02.325 ] [GRID amr_refine_derefine]: initiating refinement
 [ 02-28-2025  13:45:02.326 ] [GRID amr_refine_derefine]: redist. phase.  tot blks requested: 4096
 [GRID amr_refine_derefine] min blks 4    max blks 5    tot blks 4096
 [GRID amr_refine_derefine] min leaf blks 4    max leaf blks 5    tot leaf blks 4096
 [ 02-28-2025  13:45:02.491 ] [GRID amr_refine_derefine]: refinement complete
 [ 02-28-2025  13:45:02.630 ] [GRID gr_expandDomain]: iteration=1, create level=2
 INFO: Grid_fillGuardCells is ignoring masking.
 [ 02-28-2025  13:45:07.912 ] [mpi_amr_comm_setup]: buffer_dim_send=3349693, buffer_dim_recv=2207173
 [ 02-28-2025  13:45:08.886 ] [GRID amr_refine_derefine]: initiating refinement
 [ 02-28-2025  13:45:08.895 ] [GRID amr_refine_derefine]: redist. phase.  tot blks requested: 4160
 [GRID amr_refine_derefine] min blks 4    max blks 5    tot blks 4160
 [GRID amr_refine_derefine] min leaf blks 4    max leaf blks 5    tot leaf blks 4152
 [ 02-28-2025  13:45:09.015 ] [GRID amr_refine_derefine]: refinement complete
 [ 02-28-2025  13:45:09.018 ] [GRID gr_expandDomain]: iteration=2, create level=3
 [ 02-28-2025  13:45:14.998 ] [GRID amr_refine_derefine]: initiating refinement
 [ 02-28-2025  13:45:15.009 ] [GRID amr_refine_derefine]: redist. phase.  tot blks requested: 4224
 [GRID amr_refine_derefine] min blks 4    max blks 6    tot blks 4224
 [GRID amr_refine_derefine] min leaf blks 3    max leaf blks 5    tot leaf blks 4208
 [ 02-28-2025  13:45:15.120 ] [GRID amr_refine_derefine]: refinement complete
 [ 02-28-2025  13:45:15.123 ] [GRID gr_expandDomain]: iteration=3, create level=4
 [ 02-28-2025  13:45:20.440 ] [mpi_amr_comm_setup]: buffer_dim_send=3423553, buffer_dim_recv=2207173
 [ 02-28-2025  13:45:21.110 ] [GRID amr_refine_derefine]: initiating refinement
 [ 02-28-2025  13:45:21.115 ] [GRID amr_refine_derefine]: redist. phase.  tot blks requested: 4288
 [GRID amr_refine_derefine] min blks 4    max blks 6    tot blks 4288
 [GRID amr_refine_derefine] min leaf blks 3    max leaf blks 5    tot leaf blks 4264
 [ 02-28-2025  13:45:21.222 ] [GRID amr_refine_derefine]: refinement complete
 [ 02-28-2025  13:45:21.224 ] [GRID gr_expandDomain]: iteration=4, create level=5
 [ 02-28-2025  13:45:26.685 ] [mpi_amr_comm_setup]: buffer_dim_send=3422269, buffer_dim_recv=2207173
 [ 02-28-2025  13:45:27.459 ] [GRID amr_refine_derefine]: initiating refinement
 [ 02-28-2025  13:45:27.470 ] [GRID amr_refine_derefine]: redist. phase.  tot blks requested: 6144
 [GRID amr_refine_derefine] min blks 6    max blks 9    tot blks 6144
 [GRID amr_refine_derefine] min leaf blks 5    max leaf blks 7    tot leaf blks 5888
 [ 02-28-2025  13:45:27.615 ] [GRID amr_refine_derefine]: refinement complete
 [ 02-28-2025  13:45:27.620 ] [GRID gr_expandDomain]: iteration=5, create level=6
 [ 02-28-2025  13:45:35.323 ] [mpi_amr_comm_setup]: buffer_dim_send=2974177, buffer_dim_recv=2540365
 [ 02-28-2025  13:45:36.388 ] [GRID amr_refine_derefine]: initiating refinement
 [ 02-28-2025  13:45:36.398 ] [GRID amr_refine_derefine]: redist. phase.  tot blks requested: 9152
 [GRID amr_refine_derefine] min blks 9    max blks 12    tot blks 9152
 [GRID amr_refine_derefine] min leaf blks 7    max leaf blks 10    tot leaf blks 8520
 [ 02-28-2025  13:45:36.594 ] [GRID amr_refine_derefine]: refinement complete
 [ 02-28-2025  13:45:36.599 ] [GRID gr_expandDomain]: iteration=6, create level=6
 [ 02-28-2025  13:45:47.638 ] [mpi_amr_comm_setup]: buffer_dim_send=4843741, buffer_dim_recv=2669029
 [ 02-28-2025  13:45:49.090 ] [GRID gr_expandDomain]: iteration=7, create level=6
 [ 02-28-2025  13:46:01.580 ] [GRID gr_expandDomain]: iteration=8, create level=6
 [ 02-28-2025  13:46:13.471 ] memory: /proc vsize    (MB):     4592.21 (min)       4799.12 (max)       4731.22 (avg)
 [ 02-28-2025  13:46:13.472 ] memory: /proc rss      (MB):     1840.93 (min)       1930.79 (max)       1894.88 (avg)
 [ 02-28-2025  13:46:13.473 ] memory: /proc vsize    (MB):     4592.21 (min)       4799.12 (max)       4731.22 (avg)
 [ 02-28-2025  13:46:13.473 ] memory: /proc rss      (MB):     1840.93 (min)       1930.79 (max)       1894.88 (avg)
 [ 02-28-2025  13:46:13.492 ] memory: /proc vsize    (MB):     4592.21 (min)       4799.12 (max)       4731.22 (avg)
 [ 02-28-2025  13:46:13.492 ] memory: /proc rss      (MB):     1840.93 (min)       1930.79 (max)       1894.89 (avg)
 [ 02-28-2025  13:46:18.352 ] [IO_writeCheckpoint] open: type=checkpoint name=sedov_hdf5_chk_0000
 [ 02-28-2025  13:46:38.659 ] [io_writeData]: wrote    9152          blocks
 [ 02-28-2025  13:46:38.673 ] [IO_writeCheckpoint] close: type=checkpoint name=sedov_hdf5_chk_0000
 [ 02-28-2025  13:46:39.464 ] [IO_writePlotfile] open: type=plotfile name=sedov_hdf5_plt_cnt_0000
 [ 02-28-2025  13:46:41.987 ] [io_writeData]: wrote    9152          blocks
 [ 02-28-2025  13:46:42.000 ] [IO_writePlotfile] close: type=plotfile name=sedov_hdf5_plt_cnt_0000
 [ 02-28-2025  13:46:42.001 ] memory: /proc vsize    (MB):     4592.21 (min)       5011.82 (max)       4740.63 (avg)
 [ 02-28-2025  13:46:42.001 ] memory: /proc rss      (MB):     1847.41 (min)       1937.80 (max)       1903.21 (avg)
 [ 02-28-2025  13:46:42.001 ] [Driver_evolveAll]: Entering evolution loop
 [ 02-28-2025  13:46:42.001 ] step: n=1 t=0.000000E+00 dt=1.000000E-10
 [ 02-28-2025  13:46:45.709 ] step: n=2 t=1.000000E-10 dt=2.000000E-10
 [ 02-28-2025  13:46:51.960 ] step: n=3 t=3.000000E-10 dt=4.000000E-10
 [ 02-28-2025  13:46:55.642 ] step: n=4 t=7.000000E-10 dt=8.000000E-10
 [ 02-28-2025  13:47:01.902 ] step: n=5 t=1.500000E-09 dt=1.600000E-09
 [ 02-28-2025  13:47:05.599 ] step: n=6 t=3.100000E-09 dt=3.200000E-09
 [ 02-28-2025  13:47:11.877 ] step: n=7 t=6.300000E-09 dt=6.400000E-09
 [ 02-28-2025  13:47:15.564 ] step: n=8 t=1.270000E-08 dt=1.280000E-08
 [ 02-28-2025  13:47:21.858 ] step: n=9 t=2.550000E-08 dt=2.560000E-08
 [ 02-28-2025  13:47:25.561 ] step: n=10 t=5.110000E-08 dt=5.120000E-08
 [ 02-28-2025  13:47:35.869 ] [IO_writeCheckpoint] open: type=checkpoint name=sedov_hdf5_chk_0001
 [ 02-28-2025  13:47:57.084 ] [io_writeData]: wrote    9152          blocks
 [ 02-28-2025  13:47:57.097 ] [IO_writeCheckpoint] close: type=checkpoint name=sedov_hdf5_chk_0001
 [ 02-28-2025  13:47:57.098 ] step: n=11 t=1.023000E-07 dt=1.024000E-07
 [ 02-28-2025  13:48:00.800 ] step: n=12 t=2.047000E-07 dt=2.011896E-07
 [ 02-28-2025  13:48:07.064 ] step: n=13 t=4.058896E-07 dt=1.856898E-07
 [ 02-28-2025  13:48:10.768 ] step: n=14 t=5.915794E-07 dt=1.729914E-07
 [ 02-28-2025  13:48:17.071 ] step: n=15 t=7.645708E-07 dt=1.642472E-07
 [ 02-28-2025  13:48:20.775 ] step: n=16 t=9.288179E-07 dt=1.580871E-07
 [ 02-28-2025  13:48:27.050 ] step: n=17 t=1.086905E-06 dt=1.534569E-07
 [ 02-28-2025  13:48:30.760 ] step: n=18 t=1.240362E-06 dt=1.499651E-07
 [ 02-28-2025  13:48:37.060 ] step: n=19 t=1.390327E-06 dt=1.474127E-07
 [ 02-28-2025  13:48:40.769 ] step: n=20 t=1.537740E-06 dt=1.456205E-07
 [ 02-28-2025  13:48:51.315 ] [IO_writeCheckpoint] open: type=checkpoint name=sedov_hdf5_chk_0002
 [ 02-28-2025  13:49:11.303 ] [io_writeData]: wrote    9152          blocks
 [ 02-28-2025  13:49:11.309 ] [IO_writeCheckpoint] close: type=checkpoint name=sedov_hdf5_chk_0002
 [ 02-28-2025  13:49:11.310 ] step: n=21 t=1.683360E-06 dt=1.444985E-07
 [ 02-28-2025  13:49:15.013 ] step: n=22 t=1.827859E-06 dt=1.441710E-07
 [ 02-28-2025  13:49:21.298 ] step: n=23 t=1.972030E-06 dt=1.441286E-07
 [ 02-28-2025  13:49:25.008 ] step: n=24 t=2.116158E-06 dt=1.441099E-07
 [ 02-28-2025  13:49:31.302 ] step: n=25 t=2.260268E-06 dt=1.441302E-07
 [ 02-28-2025  13:49:35.017 ] step: n=26 t=2.404398E-06 dt=1.442588E-07
 [ 02-28-2025  13:49:41.263 ] [GRID amr_refine_derefine]: initiating refinement
 [ 02-28-2025  13:49:41.274 ] [GRID amr_refine_derefine]: redist. phase.  tot blks requested: 9536
 [GRID amr_refine_derefine] min blks 10    max blks 13    tot blks 9536
 [GRID amr_refine_derefine] min leaf blks 8    max leaf blks 11    tot leaf blks 8856
 [ 02-28-2025  13:49:41.474 ] [GRID amr_refine_derefine]: refinement complete
 [ 02-28-2025  13:49:41.885 ] step: n=27 t=2.548657E-06 dt=1.444833E-07
 [ 02-28-2025  13:49:41.886 ] [mpi_amr_comm_setup]: buffer_dim_send=4300885, buffer_dim_recv=2669029
 [ 02-28-2025  13:49:45.721 ] step: n=28 t=2.693141E-06 dt=1.448057E-07
 [ 02-28-2025  13:49:52.226 ] step: n=29 t=2.837946E-06 dt=1.450172E-07
 [ 02-28-2025  13:49:56.066 ] step: n=30 t=2.982964E-06 dt=1.450055E-07
 [ 02-28-2025  13:50:06.669 ] [IO_writeCheckpoint] open: type=checkpoint name=sedov_hdf5_chk_0003
 [ 02-28-2025  13:50:28.955 ] [io_writeData]: wrote    9536          blocks
 [ 02-28-2025  13:50:29.017 ] [IO_writeCheckpoint] close: type=checkpoint name=sedov_hdf5_chk_0003
 [ 02-28-2025  13:50:29.019 ] step: n=31 t=3.127969E-06 dt=1.449474E-07
 [ 02-28-2025  13:50:32.855 ] step: n=32 t=3.272916E-06 dt=1.449259E-07
 [ 02-28-2025  13:50:39.461 ] step: n=33 t=3.417842E-06 dt=1.447113E-07
 [ 02-28-2025  13:50:43.305 ] step: n=34 t=3.562554E-06 dt=1.446418E-07
 [ 02-28-2025  13:50:49.913 ] step: n=35 t=3.707195E-06 dt=1.446455E-07
 [ 02-28-2025  13:50:53.750 ] step: n=36 t=3.851841E-06 dt=1.446573E-07
 [ 02-28-2025  13:51:00.354 ] step: n=37 t=3.996498E-06 dt=1.446767E-07
 [ 02-28-2025  13:51:04.183 ] step: n=38 t=4.141175E-06 dt=1.447318E-07
 [ 02-28-2025  13:51:10.727 ] step: n=39 t=4.285907E-06 dt=1.447598E-07
 [ 02-28-2025  13:51:14.558 ] step: n=40 t=4.430666E-06 dt=1.447127E-07
 [ 02-28-2025  13:51:25.111 ] [IO_writeCheckpoint] open: type=checkpoint name=sedov_hdf5_chk_0004
 [ 02-28-2025  13:51:47.443 ] [io_writeData]: wrote    9536          blocks
 [ 02-28-2025  13:51:47.454 ] [IO_writeCheckpoint] close: type=checkpoint name=sedov_hdf5_chk_0004
 [ 02-28-2025  13:51:47.457 ] step: n=41 t=4.575379E-06 dt=1.446812E-07
 [ 02-28-2025  13:51:51.300 ] step: n=42 t=4.720060E-06 dt=1.446456E-07
 [ 02-28-2025  13:51:57.902 ] step: n=43 t=4.864706E-06 dt=1.446294E-07
 [ 02-28-2025  13:52:01.731 ] step: n=44 t=5.009335E-06 dt=1.446250E-07
 [ 02-28-2025  13:52:08.246 ] step: n=45 t=5.153960E-06 dt=1.445216E-07
 [ 02-28-2025  13:52:12.087 ] step: n=46 t=5.298482E-06 dt=1.444823E-07
 [ 02-28-2025  13:52:18.693 ] step: n=47 t=5.442964E-06 dt=1.444551E-07
 [ 02-28-2025  13:52:22.525 ] step: n=48 t=5.587419E-06 dt=1.444288E-07
 [ 02-28-2025  13:52:29.072 ] step: n=49 t=5.731848E-06 dt=1.444159E-07
 [ 02-28-2025  13:52:32.914 ] step: n=50 t=5.876264E-06 dt=1.444089E-07
 [ 02-28-2025  13:52:43.490 ] [IO_writeCheckpoint] open: type=checkpoint name=sedov_hdf5_chk_0005
 [ 02-28-2025  13:52:54.271 ] [io_writeData]: wrote    9536          blocks
 [ 02-28-2025  13:52:54.352 ] [IO_writeCheckpoint] close: type=checkpoint name=sedov_hdf5_chk_0005
 [ 02-28-2025  13:52:54.353 ] step: n=51 t=6.020673E-06 dt=1.443103E-07
 [ 02-28-2025  13:52:58.194 ] step: n=52 t=6.164983E-06 dt=1.442630E-07
 [ 02-28-2025  13:53:04.730 ] step: n=53 t=6.309246E-06 dt=1.442278E-07
 [ 02-28-2025  13:53:08.559 ] step: n=54 t=6.453474E-06 dt=1.441955E-07
 [ 02-28-2025  13:53:15.156 ] step: n=55 t=6.597670E-06 dt=1.441758E-07
 [ 02-28-2025  13:53:18.997 ] step: n=56 t=6.741845E-06 dt=1.441499E-07
 [ 02-28-2025  13:53:25.592 ] step: n=57 t=6.885995E-06 dt=1.440523E-07
 [ 02-28-2025  13:53:29.430 ] step: n=58 t=7.030048E-06 dt=1.439965E-07
 [ 02-28-2025  13:53:35.928 ] step: n=59 t=7.174044E-06 dt=1.439601E-07
 [ 02-28-2025  13:53:39.764 ] step: n=60 t=7.318004E-06 dt=1.439284E-07
 [ 02-28-2025  13:53:50.454 ] [IO_writeCheckpoint] open: type=checkpoint name=sedov_hdf5_chk_0006
 [ 02-28-2025  13:54:08.679 ] [io_writeData]: wrote    9536          blocks
 [ 02-28-2025  13:54:08.691 ] [IO_writeCheckpoint] close: type=checkpoint name=sedov_hdf5_chk_0006
 [ 02-28-2025  13:54:08.693 ] [Driver_evolveAll]: Exiting evolution loop
 [ 02-28-2025  13:54:09.163 ] [IO_writePlotfile] open: type=plotfile name=sedov_forced_hdf5_plt_cnt_0000
 [ 02-28-2025  13:54:11.054 ] [io_writeData]: wrote    9536          blocks
 [ 02-28-2025  13:54:11.064 ] [IO_writePlotfile] close: type=plotfile name=sedov_forced_hdf5_plt_cnt_0000
 [ 02-28-2025  13:54:11.066 ] memory: /proc vsize    (MB):     4628.02 (min)       5018.73 (max)       4760.70 (avg)
 [ 02-28-2025  13:54:11.066 ] memory: /proc rss      (MB):     1960.77 (min)       2063.25 (max)       1999.84 (avg)
 ==============================================================================
 perf_summary: code performance summary for process            0
                      beginning : 02-28-2025  13:45:00
                         ending : 02-28-2025  13:54:11
   seconds in monitoring period :              550.421
      number of evolution steps :                   60
 ------------------------------------------------------------------------------
 accounting unit                       time sec  num calls   secs avg  time pct
 ------------------------------------------------------------------------------
 initialization                        101.356      1         101.356    18.414
  eos                                    0.210      8           0.026     0.038
  guardcell internal                     2.652      7           0.379     0.482
   amr_guardcell                         2.525      7           0.361     0.459
   eos gc                                0.000      7           0.000     0.000
  writeCheckpoint                       25.158      1          25.158     4.571
   restrictAll                           3.367      1           3.367     0.612
  writePlotfile                          3.325      1           3.325     0.604
 writePlotfile                           2.370      1           2.370     0.431
 evolution                             446.692      1         446.692    81.155
  Hydro                                169.572     60           2.826    30.808
   Head                                 37.681     60           0.628     6.846
    guardcell internal                  37.679     60           0.628     6.846
     amr_guardcell                      35.004     60           0.583     6.360
     eos gc                              0.002     60           0.000     0.000
   compute fluxes                      126.083     60           2.101    22.907
    hy_computeFluxes                   126.081    600           0.210    22.906
     RiemannState                      108.391    600           0.181    19.692
     getFaceFlux                        17.537    600           0.029     3.186
   conserveFluxes                        0.046     60           0.001     0.008
   update solution                       5.695     60           0.095     1.035
    update solution body                 5.694    600           0.009     1.034
     unsplitUpdate                       2.138    600           0.004     0.388
  sourceTerms                            0.000     60           0.000     0.000
  Particles_advance                      0.000     60           0.000     0.000
  Gravity potential                      0.000     60           0.000     0.000
  IO_output                            195.246    120           1.627    35.472
   diagnostics                          55.935    120           0.466    10.162
   checkpointing                       139.281      6          23.213    25.304
    writeCheckpoint                    139.279      6          23.213    25.304
     restrictAll                        21.525      6           3.588     3.911
  Grid_updateRefinement                 80.694     60           1.345    14.660
   eos                                   0.074      1           0.074     0.013
   tree                                 80.620     60           1.344    14.647
    markRefineDerefine                  21.367     30           0.712     3.882
     guardcell internal                 18.755     30           0.625     3.407
      amr_guardcell                     17.382     30           0.579     3.158
      eos gc                             0.001     30           0.000     0.000
    amr_refine_derefine                 58.177     30           1.939    10.570
    updateData                           0.000     30           0.000     0.000
   updateParticleRefinement              0.000      1           0.000     0.000
  Driver_computeDt                       1.158     60           0.019     0.210
 ==============================================================================
 [ 02-28-2025  13:54:11.067 ] [Timers_getSummary]: Not writing timer max/min/avg values because not all processors had same timers
 [ 02-28-2025  13:54:11.067 ] LOGFILE_END: FLASH run complete.
