 FLASH log file:  02-28-2025  11:33:09.014    Run number:  1
 ==============================================================================
 Number of MPI tasks:                448
 MPI version:                          3
 MPI subversion:                       1
 Dimensionality:                       3
 Max Number of Blocks/Proc:          200
 Number x zones:                      32
 Number y zones:                      32
 Number z zones:                      32
 Setup stamp:     Fri Nov 1 14:03:57 2024
 Build stamp:     Fri Nov 1 14:04:23 2024
 System info:     Linux corona211 4.18.0-553.22.1.1toss.t4.x86_64 #1 SMP Tue Sep 24 16:50:00 PDT 2
 Version:         Flash-X 1.0 (heads/main-0-g6040ba49-dirty)                                      
 Build directory: /usr/workspace/ather1/Flash-X/sedov
 Setup syntax:    /usr/workspace/ather1/Flash-X/bin/setup.py Sedov -auto -3d -nxb=32 -nyb=32 -nzb=32 +parallelio -objdir=/usr/workspace/ather1/Flash-X/sedov
 f compiler flags: mpif90 -ggdb -c -O2 -fdefault-real-8 -fdefault-double-8 -Wuninitialized -fallow-argument-mismatch -fallow-argument-mismatch -DMAXBLOCKS=200 -DNXB=32 -DNYB=32 -DNZB=32 -DN_DIM=3
 c compiler flags:    mpicc -I/p/lustre2/ather1/hdf5-1.14.4-3/install/include -DH5_USE_18_API -ggdb -c -O2 -Wuninitialized -D_FORTIFY_SOURCE=2 -DMAXBLOCKS=200 -DNXB=32 -DNYB=32 -DNZB=32 -DN_DIM=3
 ==============================================================================
 Comment:  Sedov explosion
 ==============================================================================
 FLASH Units used:
   Driver/DriverMain/Unsplit
   Grid/GridBoundaryConditions
   Grid/GridMain/AMR/Paramesh4/PM4_package/flash_avoid_orrery
   Grid/GridMain/AMR/Paramesh4/PM4_package/headers
   Grid/GridMain/AMR/Paramesh4/PM4_package/source
   Grid/GridMain/AMR/Paramesh4/PM4_package/utilities/multigrid
   Grid/GridMain/AMR/Paramesh4/interpolation/prolong
   Grid/GridMain/AMR/Paramesh4/levelFlux
   Grid/localAPI
   IO/IOMain/hdf5/parallel/PM
   IO/localAPI
   PhysicalConstants/PhysicalConstantsMain
   RuntimeParameters/RuntimeParametersMain
   Simulation/SimulationMain/Sedov
   TimeAdvance/TimeAdvanceMain/StrangSplit
   flashUtilities/contiguousConversion
   flashUtilities/general
   flashUtilities/interpolation/oneDim
   flashUtilities/nameValueLL
   flashUtilities/sorting/quicksort
   flashUtilities/system/memoryUsage/legacy
   monitors/Logfile/LogfileMain
   monitors/Timers/TimersMain/MPINative
   physics/Eos/EosMain/Gamma
   physics/Hydro/HydroMain/unsplit/OnlyHydro
   physics/Hydro/HydroMain/unsplit/levelFlux
   physics/Hydro/localAPI
 ==============================================================================
 RuntimeParameters:
                                                                               
 ==============================================================================
bndpriorityone              =          1
bndprioritythree            =          3
bndprioritytwo              =          2
checkpointfileintervalstep  =         10 [CHANGED]
checkpointfilenumber        =          0
dr_abortpause               =          2
dr_dtminbelowaction         =          1
drift_break_inst            =          0
drift_trunc_mantissa        =          2
drift_verbose_inst          =          0
eos_entrelescalechoice      =          6
eos_loglevel                =        700
fileformatversion           =          9
forcedplotfilenumber        =          0
gr_lrefmaxtimevalue_1       =         -1
gr_lrefmaxtimevalue_10      =         -1
gr_lrefmaxtimevalue_11      =         -1
gr_lrefmaxtimevalue_12      =         -1
gr_lrefmaxtimevalue_13      =         -1
gr_lrefmaxtimevalue_14      =         -1
gr_lrefmaxtimevalue_15      =         -1
gr_lrefmaxtimevalue_16      =         -1
gr_lrefmaxtimevalue_17      =         -1
gr_lrefmaxtimevalue_18      =         -1
gr_lrefmaxtimevalue_19      =         -1
gr_lrefmaxtimevalue_2       =         -1
gr_lrefmaxtimevalue_20      =         -1
gr_lrefmaxtimevalue_3       =         -1
gr_lrefmaxtimevalue_4       =         -1
gr_lrefmaxtimevalue_5       =         -1
gr_lrefmaxtimevalue_6       =         -1
gr_lrefmaxtimevalue_7       =         -1
gr_lrefmaxtimevalue_8       =         -1
gr_lrefmaxtimevalue_9       =         -1
gr_pmrpdivergencefree       =         -1
gr_pmrpifaceoff             =          0
gr_pmrpl2p5d                =          0
gr_pmrpmaxblocks            =         -1
gr_pmrpmflags               =          1
gr_pmrpnboundaries          =          6
gr_pmrpndim                 =          3
gr_pmrpnedgevar1            =         -1
gr_pmrpnfacevar             =         -1
gr_pmrpnfielddivf           =         -1
gr_pmrpnfluxvar             =         -1
gr_pmrpnguard               =         -1
gr_pmrpnguardwork           =         -1
gr_pmrpnvar                 =         -1
gr_pmrpnvarwork             =          1
gr_pmrpnvarcorn             =          0
gr_pmrpnvaredge             =          0
gr_pmrpnxb                  =         -1
gr_pmrpnyb                  =         -1
gr_pmrpnzb                  =         -1
gr_restrictallmethod        =          3
gr_sanitizedatamode         =          1
gr_sanitizeverbosity        =          5
gr_tilesizex                =         32
gr_tilesizey                =         32
gr_tilesizez                =         32
hy_3torder                  =         -1
hydrocomputedtoption        =         -1
iprocs                      =          1
interpol_order              =          2
irenorm                     =          0
jprocs                      =          1
kprocs                      =          1
lrefine_del                 =          0
lrefine_max                 =          6 [CHANGED]
lrefine_min                 =          1
lrefine_min_init            =          1
max_particles_per_blk       =        100
memory_stat_freq            =     100000
meshcopycount               =          1
min_particles_per_blk       =          1
nbegin                      =          1
nblockx                     =          8 [CHANGED]
nblocky                     =          8 [CHANGED]
nblockz                     =          8 [CHANGED]
nend                        =         60 [CHANGED]
nrefs                       =          2
nsteptotalsts               =          5
order                       =          3 [CHANGED]
outputsplitnum              =          1
plotfileintervalstep        =          0
plotfilenumber              =          0
refine_var_count            =          4
rolling_checkpoint          =      10000
sim_centerrefinelevel       =          1
sim_integralslevel          =         -1
sim_nsubzones               =          7
sweeporder                  =        123
transorder                  =          1
wr_integrals_freq           =          1
limitedslopebeta            =                 0.100E+01
cfl                         =                 0.800E+00
checkpointfileintervaltime  =                 0.000E+00 [CHANGED]
checkpointfileintervalz     =                 0.180+309
cvisc                       =                 0.100E+00
derefine_cutoff_1           =                 0.200E+00
derefine_cutoff_2           =                 0.200E+00
derefine_cutoff_3           =                 0.200E+00
derefine_cutoff_4           =                 0.200E+00
dr_dtmincontinue            =                 0.000E+00
dr_tstepslowstartfactor     =                 0.100E+00
dtinit                      =                 0.100E-09
dtmax                       =                 0.100E+06
dtmin                       =                 0.100E-09
eintswitch                  =                 0.100E-03 [CHANGED]
eos_singlespeciesa          =                 0.100E+01
eos_singlespeciesz          =                 0.100E+01
gamma                       =                 0.140E+01 [CHANGED]
gr_btworkchildscaling       =                 0.100E+01
gr_btworkdefaultleaf        =                 0.200E+01
gr_btworkdefaultpar         =                 0.100E+01
gr_btworklbleaf             =                 0.000E+00
gr_btworklbpar              =                 0.000E+00
gr_btworkubleaf             =                 0.100E+07
gr_btworkubpar              =                 0.100E+07
gr_lrefinemaxredlogbase     =                 0.100E+02
gr_lrefinemaxredradiusfact  =                 0.000E+00
gr_lrefinemaxredtref        =                 0.000E+00
gr_lrefinemaxredtimescale   =                 0.100E+01
gr_lrefmaxtime_1            =                -0.100E+01
gr_lrefmaxtime_10           =                -0.100E+01
gr_lrefmaxtime_11           =                -0.100E+01
gr_lrefmaxtime_12           =                -0.100E+01
gr_lrefmaxtime_13           =                -0.100E+01
gr_lrefmaxtime_14           =                -0.100E+01
gr_lrefmaxtime_15           =                -0.100E+01
gr_lrefmaxtime_16           =                -0.100E+01
gr_lrefmaxtime_17           =                -0.100E+01
gr_lrefmaxtime_18           =                -0.100E+01
gr_lrefmaxtime_19           =                -0.100E+01
gr_lrefmaxtime_2            =                -0.100E+01
gr_lrefmaxtime_20           =                -0.100E+01
gr_lrefmaxtime_3            =                -0.100E+01
gr_lrefmaxtime_4            =                -0.100E+01
gr_lrefmaxtime_5            =                -0.100E+01
gr_lrefmaxtime_6            =                -0.100E+01
gr_lrefmaxtime_7            =                -0.100E+01
gr_lrefmaxtime_8            =                -0.100E+01
gr_lrefmaxtime_9            =                -0.100E+01
hy_cflfallbackfactor        =                 0.900E+00
hy_fpresinmomflux           =                 0.100E+01
hybridorderkappa            =                 0.000E+00
nusts                       =                 0.200E+00 [CHANGED]
plotfileintervaltime        =                 0.000E+00 [CHANGED]
plotfileintervalz           =                 0.180+309
radiusgp                    =                 0.200E+01
refine_cutoff_1             =                 0.800E+00
refine_cutoff_2             =                 0.800E+00
refine_cutoff_3             =                 0.800E+00
refine_cutoff_4             =                 0.800E+00
refine_filter_1             =                 0.100E-01
refine_filter_2             =                 0.100E-01
refine_filter_3             =                 0.100E-01
refine_filter_4             =                 0.100E-01
rss_limit                   =                -0.100E+01
sigmagp                     =                 0.300E+01
sim_derefineradius          =                 0.000E+00
sim_earliestlstime          =                 0.000E+00
sim_expenergy               =                 0.100E+01
sim_largestnormradius       =                 0.180+309
sim_latestlstime            =                 0.180+309
sim_minrhoinit              =                 0.100E-19
sim_pambient                =                 0.100E-04
sim_rinit                   =                 0.137E-01 [CHANGED]
sim_rhoambient              =                 0.100E+01
sim_smallestnormradius      =                 0.000E+00
sim_xctr                    =                 0.500E+00
sim_yctr                    =                 0.500E+00
sim_zctr                    =                 0.500E+00
small                       =                 0.100E-09
smalle                      =                 0.100E-09
smallp                      =                 0.100E-09
smallt                      =                 0.100E-09
smallu                      =                 0.100E-09
smallx                      =                 0.100E-09
smlrho                      =                 0.100E-09
tinitial                    =                 0.000E+00
tiny                        =                 0.100E-15
tmax                        =                 0.500E+06 [CHANGED]
tstep_change_factor         =                 0.200E+01
wall_clock_checkpoint       =                 0.432E+05
wall_clock_time_limit       =                 0.605E+06
x_refine_center             =                 0.000E+00
xmax                        =                 0.100E+01
xmin                        =                 0.000E+00
y_refine_center             =                 0.000E+00
ymax                        =                 0.100E+01
ymin                        =                 0.000E+00
zfinal                      =                 0.000E+00
zinitial                    =                -0.100E+01
z_refine_center             =                 0.000E+00
zmax                        =                 0.100E+01
zmin                        =                 0.000E+00
riemannsolver               = Roe                            [CHANGED]
unitsystem                  = none                          
basenm                      = sedov_                         [CHANGED]
entropyfixmethod            = HARTENHYMAN                   
eosmode                     = dens_ie                       
eosmodeinit                 = dens_ie                       
geometry                    = cartesian                     
gr_pmrpoutputdir            = ./                            
grav_boundary_type          = isolated                      
hy_eosmodegc                = see eosMode                   
log_file                    = sedov.log                      [CHANGED]
output_directory            =                               
pc_unitsbase                = CGS                           
plot_grid_var_1             = none                          
plot_grid_var_10            = none                          
plot_grid_var_11            = none                          
plot_grid_var_12            = none                          
plot_grid_var_13            = none                          
plot_grid_var_14            = none                          
plot_grid_var_15            = none                          
plot_grid_var_16            = none                          
plot_grid_var_17            = none                          
plot_grid_var_18            = none                          
plot_grid_var_19            = none                          
plot_grid_var_2             = none                          
plot_grid_var_20            = none                          
plot_grid_var_21            = none                          
plot_grid_var_22            = none                          
plot_grid_var_23            = none                          
plot_grid_var_24            = none                          
plot_grid_var_25            = none                          
plot_grid_var_26            = none                          
plot_grid_var_27            = none                          
plot_grid_var_28            = none                          
plot_grid_var_29            = none                          
plot_grid_var_3             = none                          
plot_grid_var_30            = none                          
plot_grid_var_31            = none                          
plot_grid_var_32            = none                          
plot_grid_var_33            = none                          
plot_grid_var_34            = none                          
plot_grid_var_35            = none                          
plot_grid_var_36            = none                          
plot_grid_var_37            = none                          
plot_grid_var_38            = none                          
plot_grid_var_39            = none                          
plot_grid_var_4             = none                          
plot_grid_var_40            = none                          
plot_grid_var_41            = none                          
plot_grid_var_42            = none                          
plot_grid_var_43            = none                          
plot_grid_var_44            = none                          
plot_grid_var_45            = none                          
plot_grid_var_46            = none                          
plot_grid_var_47            = none                          
plot_grid_var_48            = none                          
plot_grid_var_49            = none                          
plot_grid_var_5             = none                          
plot_grid_var_50            = none                          
plot_grid_var_51            = none                          
plot_grid_var_52            = none                          
plot_grid_var_53            = none                          
plot_grid_var_54            = none                          
plot_grid_var_55            = none                          
plot_grid_var_56            = none                          
plot_grid_var_57            = none                          
plot_grid_var_58            = none                          
plot_grid_var_59            = none                          
plot_grid_var_6             = none                          
plot_grid_var_60            = none                          
plot_grid_var_61            = none                          
plot_grid_var_62            = none                          
plot_grid_var_63            = none                          
plot_grid_var_64            = none                          
plot_grid_var_65            = none                          
plot_grid_var_66            = none                          
plot_grid_var_67            = none                          
plot_grid_var_68            = none                          
plot_grid_var_69            = none                          
plot_grid_var_7             = none                          
plot_grid_var_70            = none                          
plot_grid_var_71            = none                          
plot_grid_var_72            = none                          
plot_grid_var_73            = none                          
plot_grid_var_74            = none                          
plot_grid_var_75            = none                          
plot_grid_var_76            = none                          
plot_grid_var_77            = none                          
plot_grid_var_78            = none                          
plot_grid_var_8             = none                          
plot_grid_var_9             = none                          
plot_var_1                  = dens                           [CHANGED]
plot_var_10                 = none                          
plot_var_11                 = none                          
plot_var_12                 = none                          
plot_var_13                 = none                          
plot_var_14                 = none                          
plot_var_15                 = none                          
plot_var_16                 = none                          
plot_var_17                 = none                          
plot_var_18                 = none                          
plot_var_2                  = pres                           [CHANGED]
plot_var_3                  = temp                           [CHANGED]
plot_var_4                  = none                          
plot_var_5                  = none                          
plot_var_6                  = none                          
plot_var_7                  = none                          
plot_var_8                  = none                          
plot_var_9                  = none                          
prof_file                   = profile.dat                   
refine_var_1                = dens                           [CHANGED]
refine_var_2                = pres                           [CHANGED]
refine_var_3                = none                          
refine_var_4                = none                          
run_comment                 = Sedov explosion                [CHANGED]
run_number                  = 1                             
sim_proffilename            = /dev/null                      [CHANGED]
slopelimiter                = mc                             [CHANGED]
stats_file                  = flashx.dat                    
wenomethod                  = WENO5                         
xl_boundary_type            = outflow                        [CHANGED]
xr_boundary_type            = outflow                        [CHANGED]
yl_boundary_type            = outflow                        [CHANGED]
yr_boundary_type            = outflow                        [CHANGED]
zl_boundary_type            = outflow                        [CHANGED]
zr_boundary_type            = outflow                        [CHANGED]
csvsummaryallprocs          =  F
eosforriemann               =  F
logsummaryallprocs          =  F
addthermalflux              =  T
allowdtstsdominate          =  F
alwayscomputeuservars       =  T
alwaysrestrictcheckpoint    =  T
charlimiting                =  T
chkguardcellsinput          =  F
chkguardcellsoutput         =  F
conserveangmom              =  F
converttoconsvdformeshcalls =  F
converttoconsvdinmeshinterp =  T
corners                     =  F
dr_printtsteploc            =  T
dr_shortenlaststepbeforetmax =  F
drift_tuples                =  F
eachprocwritesownabortlog   =  F
eachprocwritessummary       =  F
earlyblockdistadjustment    =  T
enablemaskedgcfill          =  F
entropy                     =  F
flux_correct                =  T
flux_correct_perlevel       =  F
geometryoverride            =  F
gr_bcenableapplymixedgds    =  T
gr_bndgcfillneedsprimitivevars =  T
gr_btcustomwork             =  F
gr_btexchangework           =  F
gr_btsortbywork             =  T
gr_enabletiling             =  F
gr_lrefinemaxbytime         =  F
gr_lrefinemaxreddobylogr    =  F
gr_lrefinemaxreddobytime    =  F
gr_pmrpadvancealllevels     =  F
gr_pmrpamrerrorchecking     =  F
gr_pmrpcartesianpm          =  F
gr_pmrpconserve             =  F
gr_pmrpconsvfluxdensities   =  T
gr_pmrpconsvfluxes          =  F
gr_pmrpcurvilinear          =  F
gr_pmrpcurvilinearconserve  =  F
gr_pmrpcylindricalpm        =  F
gr_pmrpdiagonals            =  T
gr_pmrpedgevalue            =  T
gr_pmrpedgevalueinteg       =  F
gr_pmrpemptycells           =  F
gr_pmrpforceconsistency     =  T
gr_pmrplsingularline        =  F
gr_pmrpnopermanentguardcells =  F
gr_pmrppolarpm              =  F
gr_pmrppredcorr             =  F
gr_pmrpsphericalpm          =  F
gr_pmrptimingmpi            =  F
gr_pmrptimingmpix           =  F
gr_pmrpvardt                =  F
gr_usetiling                =  F
hy_fallbacklowercfl         =  F
hy_fullspecmsfluxhandling   =  T
hy_usetiling                =  F
ignoreforcedplot            =  F
io_writemscalarintegrals    =  F
plotfilegridquantitydp      =  F
plotfilemetadatadp          =  F
reducegcellfills            =  F
refine_on_particle_count    =  F
restart                     =  F
shockdetect                 =  F
shocklowercfl               =  F
sim_bcsetbdryvar            =  F
sim_forcecenterderefine     =  F
sim_onelevelintegralsonly   =  F
summaryoutputonly           =  F
threadblocklistbuild        =  F
threaddelepblocklist        =  F
threaddelepwithinblock      =  F
threaddriverblocklist       =  F
threaddriverwithinblock     =  F
threadeoswithinblock        =  F
threadhydroblocklist        =  F
threadhydrowithinblock      =  F
threadraytracebuild         =  F
threadwithinblockbuild      =  F
tmr_suppressinparallel      =  F
typematchedxfer             =  T
unbiased_geometry           =  F
updatehydrofluxes           =  T
useburn                     =  F
usecollectivehdf5           =  T
usedeleptonize              =  F
usegravity                  =  F
useheatad                   =  F
useheater                   =  F
usehydro                    =  T
useimbound                  =  F
useincompns                 =  F
useinlet                    =  F
uselegacylabels             =  T
usemultiphase               =  F
useorchestration            =  F
useoutlet                   =  F
useparticles                =  F
useradtrans                 =  F
usests                      =  F
usestsfordiffusion          =  F
usesolidmechanics           =  F
use_3dfullctu               =  T
use_auxeinteqn              =  T
use_avisc                   =  T [CHANGED]
use_cma_advection           =  F
use_cma_flattening          =  F
use_flash_surr_blks_fill    =  T
use_flattening              =  F
use_gravhalfupdate          =  T
use_hybridorder             =  F
use_reduced_orrery          =  T
use_steepening              =  F
use_upwindtvd               =  F
writestatsummary            =  T
                                                                               
 ==============================================================================
                                                                               
 Known units of measurement:
                                                                               
              Unit                          CGS Value                Base Unit
  1                  cm                     1.0000                           cm
  2                   s                     1.0000                            s
  3                   g                     1.0000                            g
  4                   K                     1.0000                            K
  5                 esu                     1.0000                          esu
  6                 mol                     1.0000                          mol
  7                   m                     100.00                           cm
  8                  km                    1.00000E+05                       cm
  9                  pc                    3.08568E+18                       cm
 10                 kpc                    3.08568E+21                       cm
 11                 Mpc                    3.08568E+24                       cm
 12                 Gpc                    3.08568E+27                       cm
 13                Rsun                    6.96000E+10                       cm
 14                  AU                    1.49598E+13                       cm
 15                  yr                    3.15569E+07                        s
 16                 Myr                    3.15569E+13                        s
 17                 Gyr                    3.15569E+16                        s
 18                  kg                     1000.0                            g
 19                Msun                    1.98892E+33                        g
 20                 amu                    1.66054E-24                        g
 21                  eV                     11605.                            K
 22                   C                    2.99792E+09                      esu
 23                LFLY                    3.08568E+24                       cm
 24                TFLY                    2.05759E+17                        s
 25                MFLY                    9.88470E+45                        g
 26            clLength                    3.08568E+24                       cm
 27              clTime                    3.15569E+16                        s
 28              clMass                    1.98892E+48                        g
 29              clTemp                    1.16045E+07                        K
-----------End of Units--------------------
                                                                               
 Known physical constants:
                                                                               
    Constant Name       Constant Value   cm       s        g        K        esu      mol
  1              Newton    6.67408E-08   3.0     -2.0     -1.0      0.0      0.0      0.0    
  2      speed of light    2.99792E+10   1.0     -1.0      0.0      0.0      0.0      0.0    
  3              Planck    6.62607E-27   2.0     -1.0      1.0      0.0      0.0      0.0    
  4     electron charge    4.80320E-10   0.0      0.0      0.0      0.0      1.0      0.0    
  5       electron mass    9.10938E-28   0.0      0.0      1.0      0.0      0.0      0.0    
  6         proton mass    1.67262E-24   0.0      0.0      1.0      0.0      0.0      0.0    
  7      fine-structure    7.29735E-03   0.0      0.0      0.0      0.0      0.0      0.0    
  8            Avogadro    6.02214E+23   0.0      0.0      0.0      0.0      0.0     -1.0    
  9           Boltzmann    1.38065E-16   2.0     -2.0      1.0     -1.0      0.0      0.0    
 10  ideal gas constant    8.31446E+07   2.0     -2.0      1.0     -1.0      0.0     -1.0    
 11                Wien    0.28978       1.0      0.0      0.0      1.0      0.0      0.0    
 12    Stefan-Boltzmann    5.67037E-05   0.0     -3.0      1.0     -4.0      0.0      0.0    
 13  Radiation Constant    7.56572E-15  -1.0     -2.0      1.0     -4.0      0.0      0.0    
 14                  pi     3.1416       0.0      0.0      0.0      0.0      0.0      0.0    
 15                   e     2.7183       0.0      0.0      0.0      0.0      0.0      0.0    
 16               Euler    0.57722       0.0      0.0      0.0      0.0      0.0      0.0    
 ==============================================================================
                                                                               
 Multifluid database: not configured in
                                                                               
 ==============================================================================
 [ 02-28-2025  11:33:09.020 ] [gr_initGeometry] checking BCs for idir: 1
 [ 02-28-2025  11:33:09.021 ] [gr_initGeometry] checking BCs for idir: 2
 [ 02-28-2025  11:33:09.022 ] [gr_initGeometry] checking BCs for idir: 3
 [ 02-28-2025  11:33:10.685 ] [GRID amr_refine_derefine]: initiating refinement
 [ 02-28-2025  11:33:10.687 ] [GRID amr_refine_derefine]: redist. phase.  tot blks requested: 512
 [GRID amr_refine_derefine] min blks 1    max blks 2    tot blks 512
 [GRID amr_refine_derefine] min leaf blks 1    max leaf blks 2    tot leaf blks 512
 [ 02-28-2025  11:33:10.700 ] [GRID amr_refine_derefine]: refinement complete
 [ 02-28-2025  11:33:10.732 ] [GRID gr_expandDomain]: iteration=1, create level=2
 INFO: Grid_fillGuardCells is ignoring masking.
 [ 02-28-2025  11:33:13.113 ] [mpi_amr_comm_setup]: buffer_dim_send=407977, buffer_dim_recv=407977
 [ 02-28-2025  11:33:13.440 ] [GRID amr_refine_derefine]: initiating refinement
 [ 02-28-2025  11:33:13.449 ] [GRID amr_refine_derefine]: redist. phase.  tot blks requested: 576
 [GRID amr_refine_derefine] min blks 1    max blks 2    tot blks 576
 [GRID amr_refine_derefine] min leaf blks 0    max leaf blks 2    tot leaf blks 568
 [ 02-28-2025  11:33:13.516 ] [GRID amr_refine_derefine]: refinement complete
 [ 02-28-2025  11:33:13.529 ] [GRID gr_expandDomain]: iteration=2, create level=3
 [ 02-28-2025  11:33:16.229 ] [GRID amr_refine_derefine]: initiating refinement
 [ 02-28-2025  11:33:16.238 ] [GRID amr_refine_derefine]: redist. phase.  tot blks requested: 640
 [GRID amr_refine_derefine] min blks 1    max blks 2    tot blks 640
 [GRID amr_refine_derefine] min leaf blks 0    max leaf blks 2    tot leaf blks 624
 [ 02-28-2025  11:33:16.303 ] [GRID amr_refine_derefine]: refinement complete
 [ 02-28-2025  11:33:16.315 ] [GRID gr_expandDomain]: iteration=3, create level=4
 [ 02-28-2025  11:33:18.979 ] [GRID amr_refine_derefine]: initiating refinement
 [ 02-28-2025  11:33:18.986 ] [GRID amr_refine_derefine]: redist. phase.  tot blks requested: 704
 [GRID amr_refine_derefine] min blks 1    max blks 2    tot blks 704
 [GRID amr_refine_derefine] min leaf blks 0    max leaf blks 2    tot leaf blks 680
 [ 02-28-2025  11:33:19.055 ] [GRID amr_refine_derefine]: refinement complete
 [ 02-28-2025  11:33:19.067 ] [GRID gr_expandDomain]: iteration=4, create level=5
 [ 02-28-2025  11:33:21.774 ] [GRID amr_refine_derefine]: initiating refinement
 [ 02-28-2025  11:33:21.781 ] [GRID amr_refine_derefine]: redist. phase.  tot blks requested: 768
 [GRID amr_refine_derefine] min blks 1    max blks 2    tot blks 768
 [GRID amr_refine_derefine] min leaf blks 0    max leaf blks 2    tot leaf blks 736
 [ 02-28-2025  11:33:21.849 ] [GRID amr_refine_derefine]: refinement complete
 [ 02-28-2025  11:33:21.861 ] [GRID gr_expandDomain]: iteration=5, create level=6
 [ 02-28-2025  11:33:24.557 ] [GRID amr_refine_derefine]: initiating refinement
 [ 02-28-2025  11:33:24.566 ] [GRID amr_refine_derefine]: redist. phase.  tot blks requested: 3072
 [GRID amr_refine_derefine] min blks 6    max blks 9    tot blks 3072
 [GRID amr_refine_derefine] min leaf blks 4    max leaf blks 7    tot leaf blks 2752
 [ 02-28-2025  11:33:24.663 ] [GRID amr_refine_derefine]: refinement complete
 [ 02-28-2025  11:33:24.675 ] [GRID gr_expandDomain]: iteration=6, create level=6
 [ 02-28-2025  11:33:31.821 ] [mpi_amr_comm_setup]: buffer_dim_send=2842945, buffer_dim_recv=2345545
 [ 02-28-2025  11:33:33.854 ] [GRID gr_expandDomain]: iteration=7, create level=6
 [ 02-28-2025  11:33:43.030 ] [GRID gr_expandDomain]: iteration=8, create level=6
 [ 02-28-2025  11:33:51.847 ] memory: /proc vsize    (MB):     4559.92 (min)       4788.37 (max)       4702.93 (avg)
 [ 02-28-2025  11:33:51.850 ] memory: /proc rss      (MB):     1840.79 (min)       1925.99 (max)       1891.32 (avg)
 [ 02-28-2025  11:33:51.854 ] memory: /proc vsize    (MB):     4559.92 (min)       4788.37 (max)       4702.93 (avg)
 [ 02-28-2025  11:33:51.857 ] memory: /proc rss      (MB):     1840.79 (min)       1925.99 (max)       1891.33 (avg)
 [ 02-28-2025  11:33:51.867 ] memory: /proc vsize    (MB):     4559.92 (min)       4788.37 (max)       4702.93 (avg)
 [ 02-28-2025  11:33:51.871 ] memory: /proc rss      (MB):     1840.79 (min)       1926.20 (max)       1891.33 (avg)
 [ 02-28-2025  11:33:55.656 ] [IO_writeCheckpoint] open: type=checkpoint name=sedov_hdf5_chk_0000
 [ 02-28-2025  11:34:03.772 ] [io_writeData]: wrote    3072          blocks
 [ 02-28-2025  11:34:03.813 ] [IO_writeCheckpoint] close: type=checkpoint name=sedov_hdf5_chk_0000
 [ 02-28-2025  11:34:03.879 ] [IO_writePlotfile] open: type=plotfile name=sedov_hdf5_plt_cnt_0000
 [ 02-28-2025  11:34:04.854 ] [io_writeData]: wrote    3072          blocks
 [ 02-28-2025  11:34:04.864 ] [IO_writePlotfile] close: type=plotfile name=sedov_hdf5_plt_cnt_0000
 [ 02-28-2025  11:34:04.871 ] memory: /proc vsize    (MB):     4559.92 (min)       5004.56 (max)       4713.70 (avg)
 [ 02-28-2025  11:34:04.877 ] memory: /proc rss      (MB):     1847.04 (min)       1932.83 (max)       1900.23 (avg)
 [ 02-28-2025  11:34:04.882 ] [Driver_evolveAll]: Entering evolution loop
 [ 02-28-2025  11:34:04.889 ] step: n=1 t=0.000000E+00 dt=1.000000E-10
 [ 02-28-2025  11:34:07.336 ] step: n=2 t=1.000000E-10 dt=2.000000E-10
 [ 02-28-2025  11:34:11.742 ] step: n=3 t=3.000000E-10 dt=4.000000E-10
 [ 02-28-2025  11:34:14.179 ] step: n=4 t=7.000000E-10 dt=8.000000E-10
 [ 02-28-2025  11:34:18.686 ] step: n=5 t=1.500000E-09 dt=1.600000E-09
 [ 02-28-2025  11:34:21.241 ] step: n=6 t=3.100000E-09 dt=3.200000E-09
 [ 02-28-2025  11:34:25.794 ] step: n=7 t=6.300000E-09 dt=6.400000E-09
 [ 02-28-2025  11:34:28.344 ] step: n=8 t=1.270000E-08 dt=1.280000E-08
 [ 02-28-2025  11:34:32.892 ] step: n=9 t=2.550000E-08 dt=2.560000E-08
 [ 02-28-2025  11:34:35.442 ] step: n=10 t=5.110000E-08 dt=5.120000E-08
 [ 02-28-2025  11:34:44.890 ] [IO_writeCheckpoint] open: type=checkpoint name=sedov_hdf5_chk_0001
 [ 02-28-2025  11:34:52.246 ] [io_writeData]: wrote    3072          blocks
 [ 02-28-2025  11:34:52.253 ] [IO_writeCheckpoint] close: type=checkpoint name=sedov_hdf5_chk_0001
 [ 02-28-2025  11:34:52.258 ] step: n=11 t=1.023000E-07 dt=1.024000E-07
 [ 02-28-2025  11:34:54.817 ] step: n=12 t=2.047000E-07 dt=2.048000E-07
 [ 02-28-2025  11:34:59.426 ] step: n=13 t=4.095000E-07 dt=3.780580E-07
 [ 02-28-2025  11:35:01.982 ] step: n=14 t=7.875580E-07 dt=3.318741E-07
 [ 02-28-2025  11:35:06.588 ] step: n=15 t=1.119432E-06 dt=3.092289E-07
 [ 02-28-2025  11:35:09.152 ] step: n=16 t=1.428661E-06 dt=2.992294E-07
 [ 02-28-2025  11:35:13.743 ] step: n=17 t=1.727890E-06 dt=2.937996E-07
 [ 02-28-2025  11:35:16.297 ] step: n=18 t=2.021690E-06 dt=2.903171E-07
 [ 02-28-2025  11:35:20.904 ] step: n=19 t=2.312007E-06 dt=2.885409E-07
 [ 02-28-2025  11:35:23.458 ] step: n=20 t=2.600548E-06 dt=2.888720E-07
 [ 02-28-2025  11:35:32.009 ] [IO_writeCheckpoint] open: type=checkpoint name=sedov_hdf5_chk_0002
 [ 02-28-2025  11:35:34.066 ] [io_writeData]: wrote    3072          blocks
 [ 02-28-2025  11:35:34.076 ] [IO_writeCheckpoint] close: type=checkpoint name=sedov_hdf5_chk_0002
 [ 02-28-2025  11:35:34.080 ] step: n=21 t=2.889420E-06 dt=2.887293E-07
 [ 02-28-2025  11:35:36.630 ] step: n=22 t=3.178149E-06 dt=2.892131E-07
 [ 02-28-2025  11:35:41.195 ] step: n=23 t=3.467362E-06 dt=2.899648E-07
 [ 02-28-2025  11:35:43.748 ] step: n=24 t=3.757327E-06 dt=2.906042E-07
 [ 02-28-2025  11:35:48.348 ] step: n=25 t=4.047932E-06 dt=2.911052E-07
 [ 02-28-2025  11:35:50.900 ] step: n=26 t=4.339037E-06 dt=2.916035E-07
 [ 02-28-2025  11:35:55.501 ] step: n=27 t=4.630640E-06 dt=2.912533E-07
 [ 02-28-2025  11:35:58.055 ] step: n=28 t=4.921894E-06 dt=2.910087E-07
 [ 02-28-2025  11:36:02.611 ] step: n=29 t=5.212902E-06 dt=2.908141E-07
 [ 02-28-2025  11:36:05.164 ] step: n=30 t=5.503716E-06 dt=2.906984E-07
 [ 02-28-2025  11:36:09.693 ] [GRID amr_refine_derefine]: initiating refinement
 [ 02-28-2025  11:36:09.704 ] [GRID amr_refine_derefine]: redist. phase.  tot blks requested: 3264
 [GRID amr_refine_derefine] min blks 6    max blks 9    tot blks 3264
 [GRID amr_refine_derefine] min leaf blks 4    max leaf blks 7    tot leaf blks 2920
 [ 02-28-2025  11:36:09.835 ] [GRID amr_refine_derefine]: refinement complete
 [ 02-28-2025  11:36:14.241 ] [IO_writeCheckpoint] open: type=checkpoint name=sedov_hdf5_chk_0003
 [ 02-28-2025  11:36:16.324 ] [io_writeData]: wrote    3264          blocks
 [ 02-28-2025  11:36:16.332 ] [IO_writeCheckpoint] close: type=checkpoint name=sedov_hdf5_chk_0003
 [ 02-28-2025  11:36:16.337 ] step: n=31 t=5.794415E-06 dt=2.906135E-07
 [ 02-28-2025  11:36:16.340 ] [mpi_amr_comm_setup]: buffer_dim_send=3014497, buffer_dim_recv=2540365
 [ 02-28-2025  11:36:18.955 ] step: n=32 t=6.085028E-06 dt=2.901953E-07
 [ 02-28-2025  11:36:23.634 ] step: n=33 t=6.375224E-06 dt=2.900594E-07
 [ 02-28-2025  11:36:26.211 ] step: n=34 t=6.665283E-06 dt=2.899658E-07
 [ 02-28-2025  11:36:30.887 ] step: n=35 t=6.955249E-06 dt=2.898708E-07
 [ 02-28-2025  11:36:33.470 ] step: n=36 t=7.245120E-06 dt=2.898402E-07
 [ 02-28-2025  11:36:38.149 ] step: n=37 t=7.534960E-06 dt=2.896849E-07
 [ 02-28-2025  11:36:40.732 ] step: n=38 t=7.824645E-06 dt=2.894037E-07
 [ 02-28-2025  11:36:45.397 ] step: n=39 t=8.114048E-06 dt=2.892750E-07
 [ 02-28-2025  11:36:47.965 ] step: n=40 t=8.403323E-06 dt=2.891725E-07
 [ 02-28-2025  11:36:56.643 ] [IO_writeCheckpoint] open: type=checkpoint name=sedov_hdf5_chk_0004
 [ 02-28-2025  11:36:58.782 ] [io_writeData]: wrote    3264          blocks
 [ 02-28-2025  11:36:58.789 ] [IO_writeCheckpoint] close: type=checkpoint name=sedov_hdf5_chk_0004
 [ 02-28-2025  11:36:58.793 ] step: n=41 t=8.692496E-06 dt=2.890625E-07
 [ 02-28-2025  11:37:01.365 ] step: n=42 t=8.981558E-06 dt=2.889995E-07
 [ 02-28-2025  11:37:06.031 ] step: n=43 t=9.270558E-06 dt=2.887093E-07
 [ 02-28-2025  11:37:08.600 ] step: n=44 t=9.559267E-06 dt=2.884276E-07
 [ 02-28-2025  11:37:13.261 ] step: n=45 t=9.847695E-06 dt=2.882697E-07
 [ 02-28-2025  11:37:15.825 ] step: n=46 t=1.013596E-05 dt=2.881230E-07
 [ 02-28-2025  11:37:20.480 ] step: n=47 t=1.042409E-05 dt=2.879842E-07
 [ 02-28-2025  11:37:23.041 ] step: n=48 t=1.071207E-05 dt=2.878746E-07
 [ 02-28-2025  11:37:27.702 ] step: n=49 t=1.099995E-05 dt=2.875084E-07
 [ 02-28-2025  11:37:30.261 ] step: n=50 t=1.128745E-05 dt=2.872050E-07
 [ 02-28-2025  11:37:39.141 ] [IO_writeCheckpoint] open: type=checkpoint name=sedov_hdf5_chk_0005
 [ 02-28-2025  11:37:41.263 ] [io_writeData]: wrote    3264          blocks
 [ 02-28-2025  11:37:41.271 ] [IO_writeCheckpoint] close: type=checkpoint name=sedov_hdf5_chk_0005
 [ 02-28-2025  11:37:41.275 ] step: n=51 t=1.157466E-05 dt=2.870059E-07
 [ 02-28-2025  11:37:43.835 ] step: n=52 t=1.186167E-05 dt=2.868556E-07
 [ 02-28-2025  11:37:48.499 ] step: n=53 t=1.214852E-05 dt=2.867067E-07
 [ 02-28-2025  11:37:51.061 ] step: n=54 t=1.243523E-05 dt=2.865689E-07
 [ 02-28-2025  11:37:55.717 ] step: n=55 t=1.272180E-05 dt=2.863801E-07
 [ 02-28-2025  11:37:58.276 ] step: n=56 t=1.300818E-05 dt=2.860363E-07
 [ 02-28-2025  11:38:02.896 ] step: n=57 t=1.329421E-05 dt=2.857698E-07
 [ 02-28-2025  11:38:05.457 ] step: n=58 t=1.357998E-05 dt=2.855749E-07
 [ 02-28-2025  11:38:10.120 ] step: n=59 t=1.386556E-05 dt=2.854113E-07
 [ 02-28-2025  11:38:12.685 ] step: n=60 t=1.415097E-05 dt=2.852482E-07
 [ 02-28-2025  11:38:21.452 ] [IO_writeCheckpoint] open: type=checkpoint name=sedov_hdf5_chk_0006
 [ 02-28-2025  11:38:23.661 ] [io_writeData]: wrote    3264          blocks
 [ 02-28-2025  11:38:23.671 ] [IO_writeCheckpoint] close: type=checkpoint name=sedov_hdf5_chk_0006
 [ 02-28-2025  11:38:23.675 ] [Driver_evolveAll]: Exiting evolution loop
 [ 02-28-2025  11:38:23.899 ] [IO_writePlotfile] open: type=plotfile name=sedov_forced_hdf5_plt_cnt_0000
 [ 02-28-2025  11:38:27.309 ] [io_writeData]: wrote    3264          blocks
 [ 02-28-2025  11:38:27.436 ] [IO_writePlotfile] close: type=plotfile name=sedov_forced_hdf5_plt_cnt_0000
 [ 02-28-2025  11:38:27.509 ] memory: /proc vsize    (MB):     4559.74 (min)       5029.67 (max)       4767.79 (avg)
 [ 02-28-2025  11:38:27.560 ] memory: /proc rss      (MB):     1934.32 (min)       2034.93 (max)       1990.49 (avg)
 ==============================================================================
 perf_summary: code performance summary for process            0
                      beginning : 02-28-2025  11:33:09
                         ending : 02-28-2025  11:38:27
   seconds in monitoring period :              318.596
      number of evolution steps :                   60
 ------------------------------------------------------------------------------
 accounting unit                       time sec  num calls   secs avg  time pct
 ------------------------------------------------------------------------------
 initialization                         55.866      1          55.866    17.535
  eos                                    0.097      8           0.012     0.030
  guardcell internal                     3.806      7           0.544     1.195
   amr_guardcell                         3.760      7           0.537     1.180
   eos gc                                0.000      7           0.000     0.000
  writeCheckpoint                       11.932      1          11.932     3.745
   restrictAll                           2.925      1           2.925     0.918
  writePlotfile                          1.046      1           1.046     0.328
 writePlotfile                           3.737      1           3.737     1.173
 evolution                             258.788      1         258.788    81.228
  Hydro                                103.688     60           1.728    32.545
   Head                                 15.865     60           0.264     4.980
    guardcell internal                  15.862     60           0.264     4.979
     amr_guardcell                      15.207     60           0.253     4.773
     eos gc                              0.001     60           0.000     0.000
   compute fluxes                       84.620     60           1.410    26.560
    hy_computeFluxes                    84.619    390           0.217    26.560
     RiemannState                       72.731    390           0.186    22.828
     getFaceFlux                        11.781    390           0.030     3.698
   conserveFluxes                        0.028     60           0.000     0.009
   update solution                       3.151     60           0.053     0.989
    update solution body                 3.150    390           0.008     0.989
     unsplitUpdate                       1.326    390           0.003     0.416
  sourceTerms                            0.000     60           0.000     0.000
  Particles_advance                      0.000     60           0.000     0.000
  Gravity potential                      0.000     60           0.000     0.000
  IO_output                             91.821    120           0.765    28.820
   diagnostics                          48.367    120           0.403    15.181
   checkpointing                        43.333      6           7.222    13.601
    writeCheckpoint                     43.319      6           7.220    13.597
     restrictAll                        18.819      6           3.137     5.907
  Grid_updateRefinement                 62.205     60           1.037    19.525
   eos                                   0.051      1           0.051     0.016
   tree                                 62.154     60           1.036    19.509
    markRefineDerefine                   7.285     30           0.243     2.287
     guardcell internal                  6.017     30           0.201     1.889
      amr_guardcell                      5.668     30           0.189     1.779
      eos gc                             0.001     30           0.000     0.000
    amr_refine_derefine                 54.096     30           1.803    16.980
    updateData                           0.000     30           0.000     0.000
   updateParticleRefinement              0.000      1           0.000     0.000
  Driver_computeDt                       0.733     60           0.012     0.230
 ==============================================================================
 [ 02-28-2025  11:38:27.761 ] [Timers_getSummary]: Not writing timer max/min/avg values because not all processors had same timers
 [ 02-28-2025  11:38:27.881 ] LOGFILE_END: FLASH run complete.
 FLASH log file:  02-28-2025  11:38:38.127    Run number:  1
 ==============================================================================
 Number of MPI tasks:                448
 MPI version:                          3
 MPI subversion:                       1
 Dimensionality:                       3
 Max Number of Blocks/Proc:          200
 Number x zones:                      32
 Number y zones:                      32
 Number z zones:                      32
 Setup stamp:     Fri Nov 1 14:03:57 2024
 Build stamp:     Fri Nov 1 14:04:23 2024
 System info:     Linux corona211 4.18.0-553.22.1.1toss.t4.x86_64 #1 SMP Tue Sep 24 16:50:00 PDT 2
 Version:         Flash-X 1.0 (heads/main-0-g6040ba49-dirty)                                      
 Build directory: /usr/workspace/ather1/Flash-X/sedov
 Setup syntax:    /usr/workspace/ather1/Flash-X/bin/setup.py Sedov -auto -3d -nxb=32 -nyb=32 -nzb=32 +parallelio -objdir=/usr/workspace/ather1/Flash-X/sedov
 f compiler flags: mpif90 -ggdb -c -O2 -fdefault-real-8 -fdefault-double-8 -Wuninitialized -fallow-argument-mismatch -fallow-argument-mismatch -DMAXBLOCKS=200 -DNXB=32 -DNYB=32 -DNZB=32 -DN_DIM=3
 c compiler flags:    mpicc -I/p/lustre2/ather1/hdf5-1.14.4-3/install/include -DH5_USE_18_API -ggdb -c -O2 -Wuninitialized -D_FORTIFY_SOURCE=2 -DMAXBLOCKS=200 -DNXB=32 -DNYB=32 -DNZB=32 -DN_DIM=3
 ==============================================================================
 Comment:  Sedov explosion
 ==============================================================================
 FLASH Units used:
   Driver/DriverMain/Unsplit
   Grid/GridBoundaryConditions
   Grid/GridMain/AMR/Paramesh4/PM4_package/flash_avoid_orrery
   Grid/GridMain/AMR/Paramesh4/PM4_package/headers
   Grid/GridMain/AMR/Paramesh4/PM4_package/source
   Grid/GridMain/AMR/Paramesh4/PM4_package/utilities/multigrid
   Grid/GridMain/AMR/Paramesh4/interpolation/prolong
   Grid/GridMain/AMR/Paramesh4/levelFlux
   Grid/localAPI
   IO/IOMain/hdf5/parallel/PM
   IO/localAPI
   PhysicalConstants/PhysicalConstantsMain
   RuntimeParameters/RuntimeParametersMain
   Simulation/SimulationMain/Sedov
   TimeAdvance/TimeAdvanceMain/StrangSplit
   flashUtilities/contiguousConversion
   flashUtilities/general
   flashUtilities/interpolation/oneDim
   flashUtilities/nameValueLL
   flashUtilities/sorting/quicksort
   flashUtilities/system/memoryUsage/legacy
   monitors/Logfile/LogfileMain
   monitors/Timers/TimersMain/MPINative
   physics/Eos/EosMain/Gamma
   physics/Hydro/HydroMain/unsplit/OnlyHydro
   physics/Hydro/HydroMain/unsplit/levelFlux
   physics/Hydro/localAPI
 ==============================================================================
 RuntimeParameters:
                                                                               
 ==============================================================================
bndpriorityone              =          1
bndprioritythree            =          3
bndprioritytwo              =          2
checkpointfileintervalstep  =         10 [CHANGED]
checkpointfilenumber        =          0
dr_abortpause               =          2
dr_dtminbelowaction         =          1
drift_break_inst            =          0
drift_trunc_mantissa        =          2
drift_verbose_inst          =          0
eos_entrelescalechoice      =          6
eos_loglevel                =        700
fileformatversion           =          9
forcedplotfilenumber        =          0
gr_lrefmaxtimevalue_1       =         -1
gr_lrefmaxtimevalue_10      =         -1
gr_lrefmaxtimevalue_11      =         -1
gr_lrefmaxtimevalue_12      =         -1
gr_lrefmaxtimevalue_13      =         -1
gr_lrefmaxtimevalue_14      =         -1
gr_lrefmaxtimevalue_15      =         -1
gr_lrefmaxtimevalue_16      =         -1
gr_lrefmaxtimevalue_17      =         -1
gr_lrefmaxtimevalue_18      =         -1
gr_lrefmaxtimevalue_19      =         -1
gr_lrefmaxtimevalue_2       =         -1
gr_lrefmaxtimevalue_20      =         -1
gr_lrefmaxtimevalue_3       =         -1
gr_lrefmaxtimevalue_4       =         -1
gr_lrefmaxtimevalue_5       =         -1
gr_lrefmaxtimevalue_6       =         -1
gr_lrefmaxtimevalue_7       =         -1
gr_lrefmaxtimevalue_8       =         -1
gr_lrefmaxtimevalue_9       =         -1
gr_pmrpdivergencefree       =         -1
gr_pmrpifaceoff             =          0
gr_pmrpl2p5d                =          0
gr_pmrpmaxblocks            =         -1
gr_pmrpmflags               =          1
gr_pmrpnboundaries          =          6
gr_pmrpndim                 =          3
gr_pmrpnedgevar1            =         -1
gr_pmrpnfacevar             =         -1
gr_pmrpnfielddivf           =         -1
gr_pmrpnfluxvar             =         -1
gr_pmrpnguard               =         -1
gr_pmrpnguardwork           =         -1
gr_pmrpnvar                 =         -1
gr_pmrpnvarwork             =          1
gr_pmrpnvarcorn             =          0
gr_pmrpnvaredge             =          0
gr_pmrpnxb                  =         -1
gr_pmrpnyb                  =         -1
gr_pmrpnzb                  =         -1
gr_restrictallmethod        =          3
gr_sanitizedatamode         =          1
gr_sanitizeverbosity        =          5
gr_tilesizex                =         32
gr_tilesizey                =         32
gr_tilesizez                =         32
hy_3torder                  =         -1
hydrocomputedtoption        =         -1
iprocs                      =          1
interpol_order              =          2
irenorm                     =          0
jprocs                      =          1
kprocs                      =          1
lrefine_del                 =          0
lrefine_max                 =          6 [CHANGED]
lrefine_min                 =          1
lrefine_min_init            =          1
max_particles_per_blk       =        100
memory_stat_freq            =     100000
meshcopycount               =          1
min_particles_per_blk       =          1
nbegin                      =          1
nblockx                     =          8 [CHANGED]
nblocky                     =          8 [CHANGED]
nblockz                     =          8 [CHANGED]
nend                        =         60 [CHANGED]
nrefs                       =          2
nsteptotalsts               =          5
order                       =          3 [CHANGED]
outputsplitnum              =          1
plotfileintervalstep        =          0
plotfilenumber              =          0
refine_var_count            =          4
rolling_checkpoint          =      10000
sim_centerrefinelevel       =          1
sim_integralslevel          =         -1
sim_nsubzones               =          7
sweeporder                  =        123
transorder                  =          1
wr_integrals_freq           =          1
limitedslopebeta            =                 0.100E+01
cfl                         =                 0.800E+00
checkpointfileintervaltime  =                 0.000E+00 [CHANGED]
checkpointfileintervalz     =                 0.180+309
cvisc                       =                 0.100E+00
derefine_cutoff_1           =                 0.200E+00
derefine_cutoff_2           =                 0.200E+00
derefine_cutoff_3           =                 0.200E+00
derefine_cutoff_4           =                 0.200E+00
dr_dtmincontinue            =                 0.000E+00
dr_tstepslowstartfactor     =                 0.100E+00
dtinit                      =                 0.100E-09
dtmax                       =                 0.100E+06
dtmin                       =                 0.100E-09
eintswitch                  =                 0.100E-03 [CHANGED]
eos_singlespeciesa          =                 0.100E+01
eos_singlespeciesz          =                 0.100E+01
gamma                       =                 0.140E+01 [CHANGED]
gr_btworkchildscaling       =                 0.100E+01
gr_btworkdefaultleaf        =                 0.200E+01
gr_btworkdefaultpar         =                 0.100E+01
gr_btworklbleaf             =                 0.000E+00
gr_btworklbpar              =                 0.000E+00
gr_btworkubleaf             =                 0.100E+07
gr_btworkubpar              =                 0.100E+07
gr_lrefinemaxredlogbase     =                 0.100E+02
gr_lrefinemaxredradiusfact  =                 0.000E+00
gr_lrefinemaxredtref        =                 0.000E+00
gr_lrefinemaxredtimescale   =                 0.100E+01
gr_lrefmaxtime_1            =                -0.100E+01
gr_lrefmaxtime_10           =                -0.100E+01
gr_lrefmaxtime_11           =                -0.100E+01
gr_lrefmaxtime_12           =                -0.100E+01
gr_lrefmaxtime_13           =                -0.100E+01
gr_lrefmaxtime_14           =                -0.100E+01
gr_lrefmaxtime_15           =                -0.100E+01
gr_lrefmaxtime_16           =                -0.100E+01
gr_lrefmaxtime_17           =                -0.100E+01
gr_lrefmaxtime_18           =                -0.100E+01
gr_lrefmaxtime_19           =                -0.100E+01
gr_lrefmaxtime_2            =                -0.100E+01
gr_lrefmaxtime_20           =                -0.100E+01
gr_lrefmaxtime_3            =                -0.100E+01
gr_lrefmaxtime_4            =                -0.100E+01
gr_lrefmaxtime_5            =                -0.100E+01
gr_lrefmaxtime_6            =                -0.100E+01
gr_lrefmaxtime_7            =                -0.100E+01
gr_lrefmaxtime_8            =                -0.100E+01
gr_lrefmaxtime_9            =                -0.100E+01
hy_cflfallbackfactor        =                 0.900E+00
hy_fpresinmomflux           =                 0.100E+01
hybridorderkappa            =                 0.000E+00
nusts                       =                 0.200E+00 [CHANGED]
plotfileintervaltime        =                 0.000E+00 [CHANGED]
plotfileintervalz           =                 0.180+309
radiusgp                    =                 0.200E+01
refine_cutoff_1             =                 0.800E+00
refine_cutoff_2             =                 0.800E+00
refine_cutoff_3             =                 0.800E+00
refine_cutoff_4             =                 0.800E+00
refine_filter_1             =                 0.100E-01
refine_filter_2             =                 0.100E-01
refine_filter_3             =                 0.100E-01
refine_filter_4             =                 0.100E-01
rss_limit                   =                -0.100E+01
sigmagp                     =                 0.300E+01
sim_derefineradius          =                 0.000E+00
sim_earliestlstime          =                 0.000E+00
sim_expenergy               =                 0.100E+01
sim_largestnormradius       =                 0.180+309
sim_latestlstime            =                 0.180+309
sim_minrhoinit              =                 0.100E-19
sim_pambient                =                 0.100E-04
sim_rinit                   =                 0.137E-01 [CHANGED]
sim_rhoambient              =                 0.100E+01
sim_smallestnormradius      =                 0.000E+00
sim_xctr                    =                 0.500E+00
sim_yctr                    =                 0.500E+00
sim_zctr                    =                 0.500E+00
small                       =                 0.100E-09
smalle                      =                 0.100E-09
smallp                      =                 0.100E-09
smallt                      =                 0.100E-09
smallu                      =                 0.100E-09
smallx                      =                 0.100E-09
smlrho                      =                 0.100E-09
tinitial                    =                 0.000E+00
tiny                        =                 0.100E-15
tmax                        =                 0.500E+06 [CHANGED]
tstep_change_factor         =                 0.200E+01
wall_clock_checkpoint       =                 0.432E+05
wall_clock_time_limit       =                 0.605E+06
x_refine_center             =                 0.000E+00
xmax                        =                 0.100E+01
xmin                        =                 0.000E+00
y_refine_center             =                 0.000E+00
ymax                        =                 0.100E+01
ymin                        =                 0.000E+00
zfinal                      =                 0.000E+00
zinitial                    =                -0.100E+01
z_refine_center             =                 0.000E+00
zmax                        =                 0.100E+01
zmin                        =                 0.000E+00
riemannsolver               = Roe                            [CHANGED]
unitsystem                  = none                          
basenm                      = sedov_                         [CHANGED]
entropyfixmethod            = HARTENHYMAN                   
eosmode                     = dens_ie                       
eosmodeinit                 = dens_ie                       
geometry                    = cartesian                     
gr_pmrpoutputdir            = ./                            
grav_boundary_type          = isolated                      
hy_eosmodegc                = see eosMode                   
log_file                    = sedov.log                      [CHANGED]
output_directory            =                               
pc_unitsbase                = CGS                           
plot_grid_var_1             = none                          
plot_grid_var_10            = none                          
plot_grid_var_11            = none                          
plot_grid_var_12            = none                          
plot_grid_var_13            = none                          
plot_grid_var_14            = none                          
plot_grid_var_15            = none                          
plot_grid_var_16            = none                          
plot_grid_var_17            = none                          
plot_grid_var_18            = none                          
plot_grid_var_19            = none                          
plot_grid_var_2             = none                          
plot_grid_var_20            = none                          
plot_grid_var_21            = none                          
plot_grid_var_22            = none                          
plot_grid_var_23            = none                          
plot_grid_var_24            = none                          
plot_grid_var_25            = none                          
plot_grid_var_26            = none                          
plot_grid_var_27            = none                          
plot_grid_var_28            = none                          
plot_grid_var_29            = none                          
plot_grid_var_3             = none                          
plot_grid_var_30            = none                          
plot_grid_var_31            = none                          
plot_grid_var_32            = none                          
plot_grid_var_33            = none                          
plot_grid_var_34            = none                          
plot_grid_var_35            = none                          
plot_grid_var_36            = none                          
plot_grid_var_37            = none                          
plot_grid_var_38            = none                          
plot_grid_var_39            = none                          
plot_grid_var_4             = none                          
plot_grid_var_40            = none                          
plot_grid_var_41            = none                          
plot_grid_var_42            = none                          
plot_grid_var_43            = none                          
plot_grid_var_44            = none                          
plot_grid_var_45            = none                          
plot_grid_var_46            = none                          
plot_grid_var_47            = none                          
plot_grid_var_48            = none                          
plot_grid_var_49            = none                          
plot_grid_var_5             = none                          
plot_grid_var_50            = none                          
plot_grid_var_51            = none                          
plot_grid_var_52            = none                          
plot_grid_var_53            = none                          
plot_grid_var_54            = none                          
plot_grid_var_55            = none                          
plot_grid_var_56            = none                          
plot_grid_var_57            = none                          
plot_grid_var_58            = none                          
plot_grid_var_59            = none                          
plot_grid_var_6             = none                          
plot_grid_var_60            = none                          
plot_grid_var_61            = none                          
plot_grid_var_62            = none                          
plot_grid_var_63            = none                          
plot_grid_var_64            = none                          
plot_grid_var_65            = none                          
plot_grid_var_66            = none                          
plot_grid_var_67            = none                          
plot_grid_var_68            = none                          
plot_grid_var_69            = none                          
plot_grid_var_7             = none                          
plot_grid_var_70            = none                          
plot_grid_var_71            = none                          
plot_grid_var_72            = none                          
plot_grid_var_73            = none                          
plot_grid_var_74            = none                          
plot_grid_var_75            = none                          
plot_grid_var_76            = none                          
plot_grid_var_77            = none                          
plot_grid_var_78            = none                          
plot_grid_var_8             = none                          
plot_grid_var_9             = none                          
plot_var_1                  = dens                           [CHANGED]
plot_var_10                 = none                          
plot_var_11                 = none                          
plot_var_12                 = none                          
plot_var_13                 = none                          
plot_var_14                 = none                          
plot_var_15                 = none                          
plot_var_16                 = none                          
plot_var_17                 = none                          
plot_var_18                 = none                          
plot_var_2                  = pres                           [CHANGED]
plot_var_3                  = temp                           [CHANGED]
plot_var_4                  = none                          
plot_var_5                  = none                          
plot_var_6                  = none                          
plot_var_7                  = none                          
plot_var_8                  = none                          
plot_var_9                  = none                          
prof_file                   = profile.dat                   
refine_var_1                = dens                           [CHANGED]
refine_var_2                = pres                           [CHANGED]
refine_var_3                = none                          
refine_var_4                = none                          
run_comment                 = Sedov explosion                [CHANGED]
run_number                  = 1                             
sim_proffilename            = /dev/null                      [CHANGED]
slopelimiter                = mc                             [CHANGED]
stats_file                  = flashx.dat                    
wenomethod                  = WENO5                         
xl_boundary_type            = outflow                        [CHANGED]
xr_boundary_type            = outflow                        [CHANGED]
yl_boundary_type            = outflow                        [CHANGED]
yr_boundary_type            = outflow                        [CHANGED]
zl_boundary_type            = outflow                        [CHANGED]
zr_boundary_type            = outflow                        [CHANGED]
csvsummaryallprocs          =  F
eosforriemann               =  F
logsummaryallprocs          =  F
addthermalflux              =  T
allowdtstsdominate          =  F
alwayscomputeuservars       =  T
alwaysrestrictcheckpoint    =  T
charlimiting                =  T
chkguardcellsinput          =  F
chkguardcellsoutput         =  F
conserveangmom              =  F
converttoconsvdformeshcalls =  F
converttoconsvdinmeshinterp =  T
corners                     =  F
dr_printtsteploc            =  T
dr_shortenlaststepbeforetmax =  F
drift_tuples                =  F
eachprocwritesownabortlog   =  F
eachprocwritessummary       =  F
earlyblockdistadjustment    =  T
enablemaskedgcfill          =  F
entropy                     =  F
flux_correct                =  T
flux_correct_perlevel       =  F
geometryoverride            =  F
gr_bcenableapplymixedgds    =  T
gr_bndgcfillneedsprimitivevars =  T
gr_btcustomwork             =  F
gr_btexchangework           =  F
gr_btsortbywork             =  T
gr_enabletiling             =  F
gr_lrefinemaxbytime         =  F
gr_lrefinemaxreddobylogr    =  F
gr_lrefinemaxreddobytime    =  F
gr_pmrpadvancealllevels     =  F
gr_pmrpamrerrorchecking     =  F
gr_pmrpcartesianpm          =  F
gr_pmrpconserve             =  F
gr_pmrpconsvfluxdensities   =  T
gr_pmrpconsvfluxes          =  F
gr_pmrpcurvilinear          =  F
gr_pmrpcurvilinearconserve  =  F
gr_pmrpcylindricalpm        =  F
gr_pmrpdiagonals            =  T
gr_pmrpedgevalue            =  T
gr_pmrpedgevalueinteg       =  F
gr_pmrpemptycells           =  F
gr_pmrpforceconsistency     =  T
gr_pmrplsingularline        =  F
gr_pmrpnopermanentguardcells =  F
gr_pmrppolarpm              =  F
gr_pmrppredcorr             =  F
gr_pmrpsphericalpm          =  F
gr_pmrptimingmpi            =  F
gr_pmrptimingmpix           =  F
gr_pmrpvardt                =  F
gr_usetiling                =  F
hy_fallbacklowercfl         =  F
hy_fullspecmsfluxhandling   =  T
hy_usetiling                =  F
ignoreforcedplot            =  F
io_writemscalarintegrals    =  F
plotfilegridquantitydp      =  F
plotfilemetadatadp          =  F
reducegcellfills            =  F
refine_on_particle_count    =  F
restart                     =  F
shockdetect                 =  F
shocklowercfl               =  F
sim_bcsetbdryvar            =  F
sim_forcecenterderefine     =  F
sim_onelevelintegralsonly   =  F
summaryoutputonly           =  F
threadblocklistbuild        =  F
threaddelepblocklist        =  F
threaddelepwithinblock      =  F
threaddriverblocklist       =  F
threaddriverwithinblock     =  F
threadeoswithinblock        =  F
threadhydroblocklist        =  F
threadhydrowithinblock      =  F
threadraytracebuild         =  F
threadwithinblockbuild      =  F
tmr_suppressinparallel      =  F
typematchedxfer             =  T
unbiased_geometry           =  F
updatehydrofluxes           =  T
useburn                     =  F
usecollectivehdf5           =  T
usedeleptonize              =  F
usegravity                  =  F
useheatad                   =  F
useheater                   =  F
usehydro                    =  T
useimbound                  =  F
useincompns                 =  F
useinlet                    =  F
uselegacylabels             =  T
usemultiphase               =  F
useorchestration            =  F
useoutlet                   =  F
useparticles                =  F
useradtrans                 =  F
usests                      =  F
usestsfordiffusion          =  F
usesolidmechanics           =  F
use_3dfullctu               =  T
use_auxeinteqn              =  T
use_avisc                   =  T [CHANGED]
use_cma_advection           =  F
use_cma_flattening          =  F
use_flash_surr_blks_fill    =  T
use_flattening              =  F
use_gravhalfupdate          =  T
use_hybridorder             =  F
use_reduced_orrery          =  T
use_steepening              =  F
use_upwindtvd               =  F
writestatsummary            =  T
                                                                               
 ==============================================================================
                                                                               
 Known units of measurement:
                                                                               
              Unit                          CGS Value                Base Unit
  1                  cm                     1.0000                           cm
  2                   s                     1.0000                            s
  3                   g                     1.0000                            g
  4                   K                     1.0000                            K
  5                 esu                     1.0000                          esu
  6                 mol                     1.0000                          mol
  7                   m                     100.00                           cm
  8                  km                    1.00000E+05                       cm
  9                  pc                    3.08568E+18                       cm
 10                 kpc                    3.08568E+21                       cm
 11                 Mpc                    3.08568E+24                       cm
 12                 Gpc                    3.08568E+27                       cm
 13                Rsun                    6.96000E+10                       cm
 14                  AU                    1.49598E+13                       cm
 15                  yr                    3.15569E+07                        s
 16                 Myr                    3.15569E+13                        s
 17                 Gyr                    3.15569E+16                        s
 18                  kg                     1000.0                            g
 19                Msun                    1.98892E+33                        g
 20                 amu                    1.66054E-24                        g
 21                  eV                     11605.                            K
 22                   C                    2.99792E+09                      esu
 23                LFLY                    3.08568E+24                       cm
 24                TFLY                    2.05759E+17                        s
 25                MFLY                    9.88470E+45                        g
 26            clLength                    3.08568E+24                       cm
 27              clTime                    3.15569E+16                        s
 28              clMass                    1.98892E+48                        g
 29              clTemp                    1.16045E+07                        K
-----------End of Units--------------------
                                                                               
 Known physical constants:
                                                                               
    Constant Name       Constant Value   cm       s        g        K        esu      mol
  1              Newton    6.67408E-08   3.0     -2.0     -1.0      0.0      0.0      0.0    
  2      speed of light    2.99792E+10   1.0     -1.0      0.0      0.0      0.0      0.0    
  3              Planck    6.62607E-27   2.0     -1.0      1.0      0.0      0.0      0.0    
  4     electron charge    4.80320E-10   0.0      0.0      0.0      0.0      1.0      0.0    
  5       electron mass    9.10938E-28   0.0      0.0      1.0      0.0      0.0      0.0    
  6         proton mass    1.67262E-24   0.0      0.0      1.0      0.0      0.0      0.0    
  7      fine-structure    7.29735E-03   0.0      0.0      0.0      0.0      0.0      0.0    
  8            Avogadro    6.02214E+23   0.0      0.0      0.0      0.0      0.0     -1.0    
  9           Boltzmann    1.38065E-16   2.0     -2.0      1.0     -1.0      0.0      0.0    
 10  ideal gas constant    8.31446E+07   2.0     -2.0      1.0     -1.0      0.0     -1.0    
 11                Wien    0.28978       1.0      0.0      0.0      1.0      0.0      0.0    
 12    Stefan-Boltzmann    5.67037E-05   0.0     -3.0      1.0     -4.0      0.0      0.0    
 13  Radiation Constant    7.56572E-15  -1.0     -2.0      1.0     -4.0      0.0      0.0    
 14                  pi     3.1416       0.0      0.0      0.0      0.0      0.0      0.0    
 15                   e     2.7183       0.0      0.0      0.0      0.0      0.0      0.0    
 16               Euler    0.57722       0.0      0.0      0.0      0.0      0.0      0.0    
 ==============================================================================
                                                                               
 Multifluid database: not configured in
                                                                               
 ==============================================================================
 [ 02-28-2025  11:38:38.137 ] [gr_initGeometry] checking BCs for idir: 1
 [ 02-28-2025  11:38:38.138 ] [gr_initGeometry] checking BCs for idir: 2
 [ 02-28-2025  11:38:38.140 ] [gr_initGeometry] checking BCs for idir: 3
 [ 02-28-2025  11:38:39.803 ] [GRID amr_refine_derefine]: initiating refinement
 [ 02-28-2025  11:38:39.804 ] [GRID amr_refine_derefine]: redist. phase.  tot blks requested: 512
 [GRID amr_refine_derefine] min blks 1    max blks 2    tot blks 512
 [GRID amr_refine_derefine] min leaf blks 1    max leaf blks 2    tot leaf blks 512
 [ 02-28-2025  11:38:39.817 ] [GRID amr_refine_derefine]: refinement complete
 [ 02-28-2025  11:38:39.851 ] [GRID gr_expandDomain]: iteration=1, create level=2
 INFO: Grid_fillGuardCells is ignoring masking.
 [ 02-28-2025  11:38:42.234 ] [mpi_amr_comm_setup]: buffer_dim_send=407977, buffer_dim_recv=407977
 [ 02-28-2025  11:38:42.625 ] [GRID amr_refine_derefine]: initiating refinement
 [ 02-28-2025  11:38:42.636 ] [GRID amr_refine_derefine]: redist. phase.  tot blks requested: 576
 [GRID amr_refine_derefine] min blks 1    max blks 2    tot blks 576
 [GRID amr_refine_derefine] min leaf blks 0    max leaf blks 2    tot leaf blks 568
 [ 02-28-2025  11:38:42.704 ] [GRID amr_refine_derefine]: refinement complete
 [ 02-28-2025  11:38:42.715 ] [GRID gr_expandDomain]: iteration=2, create level=3
 [ 02-28-2025  11:38:45.422 ] [GRID amr_refine_derefine]: initiating refinement
 [ 02-28-2025  11:38:45.430 ] [GRID amr_refine_derefine]: redist. phase.  tot blks requested: 640
 [GRID amr_refine_derefine] min blks 1    max blks 2    tot blks 640
 [GRID amr_refine_derefine] min leaf blks 0    max leaf blks 2    tot leaf blks 624
 [ 02-28-2025  11:38:45.494 ] [GRID amr_refine_derefine]: refinement complete
 [ 02-28-2025  11:38:45.505 ] [GRID gr_expandDomain]: iteration=3, create level=4
 [ 02-28-2025  11:38:48.180 ] [GRID amr_refine_derefine]: initiating refinement
 [ 02-28-2025  11:38:48.186 ] [GRID amr_refine_derefine]: redist. phase.  tot blks requested: 704
 [GRID amr_refine_derefine] min blks 1    max blks 2    tot blks 704
 [GRID amr_refine_derefine] min leaf blks 0    max leaf blks 2    tot leaf blks 680
 [ 02-28-2025  11:38:48.257 ] [GRID amr_refine_derefine]: refinement complete
 [ 02-28-2025  11:38:48.269 ] [GRID gr_expandDomain]: iteration=4, create level=5
 [ 02-28-2025  11:38:50.980 ] [GRID amr_refine_derefine]: initiating refinement
 [ 02-28-2025  11:38:50.986 ] [GRID amr_refine_derefine]: redist. phase.  tot blks requested: 768
 [GRID amr_refine_derefine] min blks 1    max blks 2    tot blks 768
 [GRID amr_refine_derefine] min leaf blks 0    max leaf blks 2    tot leaf blks 736
 [ 02-28-2025  11:38:51.052 ] [GRID amr_refine_derefine]: refinement complete
 [ 02-28-2025  11:38:51.065 ] [GRID gr_expandDomain]: iteration=5, create level=6
 [ 02-28-2025  11:38:53.778 ] [GRID amr_refine_derefine]: initiating refinement
 [ 02-28-2025  11:38:53.786 ] [GRID amr_refine_derefine]: redist. phase.  tot blks requested: 3072
 [GRID amr_refine_derefine] min blks 6    max blks 9    tot blks 3072
 [GRID amr_refine_derefine] min leaf blks 4    max leaf blks 7    tot leaf blks 2752
 [ 02-28-2025  11:38:53.881 ] [GRID amr_refine_derefine]: refinement complete
 [ 02-28-2025  11:38:53.893 ] [GRID gr_expandDomain]: iteration=6, create level=6
 [ 02-28-2025  11:39:01.064 ] [mpi_amr_comm_setup]: buffer_dim_send=2842945, buffer_dim_recv=2345545
 [ 02-28-2025  11:39:03.214 ] [GRID gr_expandDomain]: iteration=7, create level=6
 [ 02-28-2025  11:39:12.874 ] [GRID gr_expandDomain]: iteration=8, create level=6
 [ 02-28-2025  11:39:22.226 ] memory: /proc vsize    (MB):     4559.92 (min)       4788.38 (max)       4702.78 (avg)
 [ 02-28-2025  11:39:22.227 ] memory: /proc rss      (MB):     1841.05 (min)       1927.24 (max)       1891.46 (avg)
 [ 02-28-2025  11:39:22.228 ] memory: /proc vsize    (MB):     4559.92 (min)       4788.38 (max)       4702.78 (avg)
 [ 02-28-2025  11:39:22.228 ] memory: /proc rss      (MB):     1841.05 (min)       1927.24 (max)       1891.46 (avg)
 [ 02-28-2025  11:39:22.241 ] memory: /proc vsize    (MB):     4559.92 (min)       4788.38 (max)       4702.78 (avg)
 [ 02-28-2025  11:39:22.241 ] memory: /proc rss      (MB):     1841.05 (min)       1927.24 (max)       1891.47 (avg)
 [ 02-28-2025  11:39:25.611 ] [IO_writeCheckpoint] open: type=checkpoint name=sedov_hdf5_chk_0000
 [ 02-28-2025  11:39:33.666 ] [io_writeData]: wrote    3072          blocks
 [ 02-28-2025  11:39:33.693 ] [IO_writeCheckpoint] close: type=checkpoint name=sedov_hdf5_chk_0000
 [ 02-28-2025  11:39:33.765 ] [IO_writePlotfile] open: type=plotfile name=sedov_hdf5_plt_cnt_0000
 [ 02-28-2025  11:39:34.819 ] [io_writeData]: wrote    3072          blocks
 [ 02-28-2025  11:39:34.828 ] [IO_writePlotfile] close: type=plotfile name=sedov_hdf5_plt_cnt_0000
 [ 02-28-2025  11:39:34.831 ] memory: /proc vsize    (MB):     4559.92 (min)       5004.56 (max)       4713.54 (avg)
 [ 02-28-2025  11:39:34.833 ] memory: /proc rss      (MB):     1847.33 (min)       1933.79 (max)       1900.33 (avg)
 [ 02-28-2025  11:39:34.836 ] [Driver_evolveAll]: Entering evolution loop
 [ 02-28-2025  11:39:34.839 ] step: n=1 t=0.000000E+00 dt=1.000000E-10
 [ 02-28-2025  11:39:37.387 ] step: n=2 t=1.000000E-10 dt=2.000000E-10
 [ 02-28-2025  11:39:41.956 ] step: n=3 t=3.000000E-10 dt=4.000000E-10
 [ 02-28-2025  11:39:44.488 ] step: n=4 t=7.000000E-10 dt=8.000000E-10
 [ 02-28-2025  11:39:49.065 ] step: n=5 t=1.500000E-09 dt=1.600000E-09
 [ 02-28-2025  11:39:51.617 ] step: n=6 t=3.100000E-09 dt=3.200000E-09
 [ 02-28-2025  11:39:56.200 ] step: n=7 t=6.300000E-09 dt=6.400000E-09
 [ 02-28-2025  11:39:58.743 ] step: n=8 t=1.270000E-08 dt=1.280000E-08
 [ 02-28-2025  11:40:03.318 ] step: n=9 t=2.550000E-08 dt=2.560000E-08
 [ 02-28-2025  11:40:05.869 ] step: n=10 t=5.110000E-08 dt=5.120000E-08
 [ 02-28-2025  11:40:14.710 ] [IO_writeCheckpoint] open: type=checkpoint name=sedov_hdf5_chk_0001
 [ 02-28-2025  11:40:21.913 ] [io_writeData]: wrote    3072          blocks
 [ 02-28-2025  11:40:21.918 ] [IO_writeCheckpoint] close: type=checkpoint name=sedov_hdf5_chk_0001
 [ 02-28-2025  11:40:21.922 ] step: n=11 t=1.023000E-07 dt=1.024000E-07
 [ 02-28-2025  11:40:24.469 ] step: n=12 t=2.047000E-07 dt=2.048000E-07
 [ 02-28-2025  11:40:29.031 ] step: n=13 t=4.095000E-07 dt=3.780580E-07
 [ 02-28-2025  11:40:31.583 ] step: n=14 t=7.875580E-07 dt=3.318741E-07
 [ 02-28-2025  11:40:36.170 ] step: n=15 t=1.119432E-06 dt=3.092289E-07
 [ 02-28-2025  11:40:38.729 ] step: n=16 t=1.428661E-06 dt=2.992294E-07
 [ 02-28-2025  11:40:43.320 ] step: n=17 t=1.727890E-06 dt=2.937996E-07
 [ 02-28-2025  11:40:45.870 ] step: n=18 t=2.021690E-06 dt=2.903171E-07
 [ 02-28-2025  11:40:50.456 ] step: n=19 t=2.312007E-06 dt=2.885409E-07
 [ 02-28-2025  11:40:53.009 ] step: n=20 t=2.600548E-06 dt=2.888720E-07
 [ 02-28-2025  11:41:01.546 ] [IO_writeCheckpoint] open: type=checkpoint name=sedov_hdf5_chk_0002
 [ 02-28-2025  11:41:03.501 ] [io_writeData]: wrote    3072          blocks
 [ 02-28-2025  11:41:03.509 ] [IO_writeCheckpoint] close: type=checkpoint name=sedov_hdf5_chk_0002
 [ 02-28-2025  11:41:03.511 ] step: n=21 t=2.889420E-06 dt=2.887293E-07
 [ 02-28-2025  11:41:06.056 ] step: n=22 t=3.178149E-06 dt=2.892131E-07
 [ 02-28-2025  11:41:10.641 ] step: n=23 t=3.467362E-06 dt=2.899648E-07
 [ 02-28-2025  11:41:13.184 ] step: n=24 t=3.757327E-06 dt=2.906042E-07
 [ 02-28-2025  11:41:17.731 ] step: n=25 t=4.047932E-06 dt=2.911052E-07
 [ 02-28-2025  11:41:20.280 ] step: n=26 t=4.339037E-06 dt=2.916035E-07
 [ 02-28-2025  11:41:24.823 ] step: n=27 t=4.630640E-06 dt=2.912533E-07
 [ 02-28-2025  11:41:27.368 ] step: n=28 t=4.921894E-06 dt=2.910087E-07
 [ 02-28-2025  11:41:31.915 ] step: n=29 t=5.212902E-06 dt=2.908141E-07
 [ 02-28-2025  11:41:34.462 ] step: n=30 t=5.503716E-06 dt=2.906984E-07
 [ 02-28-2025  11:41:38.976 ] [GRID amr_refine_derefine]: initiating refinement
 [ 02-28-2025  11:41:38.985 ] [GRID amr_refine_derefine]: redist. phase.  tot blks requested: 3264
 [GRID amr_refine_derefine] min blks 6    max blks 9    tot blks 3264
 [GRID amr_refine_derefine] min leaf blks 4    max leaf blks 7    tot leaf blks 2920
 [ 02-28-2025  11:41:39.102 ] [GRID amr_refine_derefine]: refinement complete
 [ 02-28-2025  11:41:43.617 ] [IO_writeCheckpoint] open: type=checkpoint name=sedov_hdf5_chk_0003
 [ 02-28-2025  11:41:45.695 ] [io_writeData]: wrote    3264          blocks
 [ 02-28-2025  11:41:45.702 ] [IO_writeCheckpoint] close: type=checkpoint name=sedov_hdf5_chk_0003
 [ 02-28-2025  11:41:45.704 ] step: n=31 t=5.794415E-06 dt=2.906135E-07
 [ 02-28-2025  11:41:45.704 ] [mpi_amr_comm_setup]: buffer_dim_send=3014497, buffer_dim_recv=2540365
 [ 02-28-2025  11:41:48.310 ] step: n=32 t=6.085028E-06 dt=2.901953E-07
 [ 02-28-2025  11:41:52.978 ] step: n=33 t=6.375224E-06 dt=2.900594E-07
 [ 02-28-2025  11:41:55.548 ] step: n=34 t=6.665283E-06 dt=2.899658E-07
 [ 02-28-2025  11:42:00.178 ] step: n=35 t=6.955249E-06 dt=2.898708E-07
 [ 02-28-2025  11:42:02.743 ] step: n=36 t=7.245120E-06 dt=2.898402E-07
 [ 02-28-2025  11:42:07.395 ] step: n=37 t=7.534960E-06 dt=2.896849E-07
 [ 02-28-2025  11:42:09.967 ] step: n=38 t=7.824645E-06 dt=2.894037E-07
 [ 02-28-2025  11:42:14.623 ] step: n=39 t=8.114048E-06 dt=2.892750E-07
 [ 02-28-2025  11:42:17.188 ] step: n=40 t=8.403323E-06 dt=2.891725E-07
 [ 02-28-2025  11:42:25.804 ] [IO_writeCheckpoint] open: type=checkpoint name=sedov_hdf5_chk_0004
 [ 02-28-2025  11:42:27.909 ] [io_writeData]: wrote    3264          blocks
 [ 02-28-2025  11:42:27.915 ] [IO_writeCheckpoint] close: type=checkpoint name=sedov_hdf5_chk_0004
 [ 02-28-2025  11:42:27.917 ] step: n=41 t=8.692496E-06 dt=2.890625E-07
 [ 02-28-2025  11:42:30.479 ] step: n=42 t=8.981558E-06 dt=2.889995E-07
 [ 02-28-2025  11:42:35.128 ] step: n=43 t=9.270558E-06 dt=2.887093E-07
 [ 02-28-2025  11:42:37.697 ] step: n=44 t=9.559267E-06 dt=2.884276E-07
 [ 02-28-2025  11:42:42.344 ] step: n=45 t=9.847695E-06 dt=2.882697E-07
 [ 02-28-2025  11:42:44.908 ] step: n=46 t=1.013596E-05 dt=2.881230E-07
 [ 02-28-2025  11:42:49.559 ] step: n=47 t=1.042409E-05 dt=2.879842E-07
 [ 02-28-2025  11:42:52.119 ] step: n=48 t=1.071207E-05 dt=2.878746E-07
 [ 02-28-2025  11:42:56.757 ] step: n=49 t=1.099995E-05 dt=2.875084E-07
 [ 02-28-2025  11:42:59.315 ] step: n=50 t=1.128745E-05 dt=2.872050E-07
 [ 02-28-2025  11:43:07.961 ] [IO_writeCheckpoint] open: type=checkpoint name=sedov_hdf5_chk_0005
 [ 02-28-2025  11:43:10.110 ] [io_writeData]: wrote    3264          blocks
 [ 02-28-2025  11:43:10.130 ] [IO_writeCheckpoint] close: type=checkpoint name=sedov_hdf5_chk_0005
 [ 02-28-2025  11:43:10.132 ] step: n=51 t=1.157466E-05 dt=2.870059E-07
 [ 02-28-2025  11:43:12.690 ] step: n=52 t=1.186167E-05 dt=2.868556E-07
 [ 02-28-2025  11:43:17.345 ] step: n=53 t=1.214852E-05 dt=2.867067E-07
 [ 02-28-2025  11:43:19.907 ] step: n=54 t=1.243523E-05 dt=2.865689E-07
 [ 02-28-2025  11:43:24.555 ] step: n=55 t=1.272180E-05 dt=2.863801E-07
 [ 02-28-2025  11:43:27.114 ] step: n=56 t=1.300818E-05 dt=2.860363E-07
 [ 02-28-2025  11:43:31.771 ] step: n=57 t=1.329421E-05 dt=2.857698E-07
 [ 02-28-2025  11:43:34.331 ] step: n=58 t=1.357998E-05 dt=2.855749E-07
 [ 02-28-2025  11:43:38.947 ] step: n=59 t=1.386556E-05 dt=2.854113E-07
 [ 02-28-2025  11:43:41.508 ] step: n=60 t=1.415097E-05 dt=2.852482E-07
 [ 02-28-2025  11:43:50.101 ] [IO_writeCheckpoint] open: type=checkpoint name=sedov_hdf5_chk_0006
 [ 02-28-2025  11:43:52.190 ] [io_writeData]: wrote    3264          blocks
 [ 02-28-2025  11:43:52.197 ] [IO_writeCheckpoint] close: type=checkpoint name=sedov_hdf5_chk_0006
 [ 02-28-2025  11:43:52.198 ] [Driver_evolveAll]: Exiting evolution loop
 [ 02-28-2025  11:43:52.381 ] [IO_writePlotfile] open: type=plotfile name=sedov_forced_hdf5_plt_cnt_0000
 [ 02-28-2025  11:43:55.828 ] [io_writeData]: wrote    3264          blocks
 [ 02-28-2025  11:43:55.993 ] [IO_writePlotfile] close: type=plotfile name=sedov_forced_hdf5_plt_cnt_0000
 [ 02-28-2025  11:43:56.081 ] memory: /proc vsize    (MB):     4623.74 (min)       5029.37 (max)       4767.60 (avg)
 [ 02-28-2025  11:43:56.138 ] memory: /proc rss      (MB):     1934.54 (min)       2035.06 (max)       1990.56 (avg)
 ==============================================================================
 perf_summary: code performance summary for process            0
                      beginning : 02-28-2025  11:38:38
                         ending : 02-28-2025  11:43:56
   seconds in monitoring period :              318.068
      number of evolution steps :                   60
 ------------------------------------------------------------------------------
 accounting unit                       time sec  num calls   secs avg  time pct
 ------------------------------------------------------------------------------
 initialization                         56.708      1          56.708    17.829
  eos                                    0.100      8           0.013     0.032
  guardcell internal                     3.942      7           0.563     1.239
   amr_guardcell                         3.896      7           0.557     1.225
   eos gc                                0.000      7           0.000     0.000
  writeCheckpoint                       11.435      1          11.435     3.595
   restrictAll                           3.092      1           3.092     0.972
  writePlotfile                          1.132      1           1.132     0.356
 writePlotfile                           3.771      1           3.771     1.186
 evolution                             257.361      1         257.361    80.914
  Hydro                                104.115     60           1.735    32.733
   Head                                 16.084     60           0.268     5.057
    guardcell internal                  16.082     60           0.268     5.056
     amr_guardcell                      15.423     60           0.257     4.849
     eos gc                              0.001     60           0.000     0.000
   compute fluxes                       84.831     60           1.414    26.671
    hy_computeFluxes                    84.830    390           0.218    26.671
     RiemannState                       72.837    390           0.187    22.900
     getFaceFlux                        11.887    390           0.030     3.737
   conserveFluxes                        0.027     60           0.000     0.009
   update solution                       3.146     60           0.052     0.989
    update solution body                 3.145    390           0.008     0.989
     unsplitUpdate                       1.325    390           0.003     0.417
  sourceTerms                            0.000     60           0.000     0.000
  Particles_advance                      0.000     60           0.000     0.000
  Gravity potential                      0.000     60           0.000     0.000
  IO_output                             90.416    120           0.753    28.427
   diagnostics                          48.357    120           0.403    15.203
   checkpointing                        42.007      6           7.001    13.207
    writeCheckpoint                     42.005      6           7.001    13.206
     restrictAll                        18.753      6           3.126     5.896
  Grid_updateRefinement                 62.035     60           1.034    19.504
   eos                                   0.051      1           0.051     0.016
   tree                                 61.984     60           1.033    19.488
    markRefineDerefine                   7.124     30           0.237     2.240
     guardcell internal                  5.889     30           0.196     1.852
      amr_guardcell                      5.536     30           0.185     1.741
      eos gc                             0.001     30           0.000     0.000
    amr_refine_derefine                 54.088     30           1.803    17.005
    updateData                           0.000     30           0.000     0.000
   updateParticleRefinement              0.000      1           0.000     0.000
  Driver_computeDt                       0.731     60           0.012     0.230
 ==============================================================================
 [ 02-28-2025  11:43:56.307 ] [Timers_getSummary]: Not writing timer max/min/avg values because not all processors had same timers
 [ 02-28-2025  11:43:56.356 ] LOGFILE_END: FLASH run complete.
 FLASH log file:  02-28-2025  11:44:03.255    Run number:  1
 ==============================================================================
 Number of MPI tasks:                448
 MPI version:                          3
 MPI subversion:                       1
 Dimensionality:                       3
 Max Number of Blocks/Proc:          200
 Number x zones:                      32
 Number y zones:                      32
 Number z zones:                      32
 Setup stamp:     Fri Nov 1 14:03:57 2024
 Build stamp:     Fri Nov 1 14:04:23 2024
 System info:     Linux corona211 4.18.0-553.22.1.1toss.t4.x86_64 #1 SMP Tue Sep 24 16:50:00 PDT 2
 Version:         Flash-X 1.0 (heads/main-0-g6040ba49-dirty)                                      
 Build directory: /usr/workspace/ather1/Flash-X/sedov
 Setup syntax:    /usr/workspace/ather1/Flash-X/bin/setup.py Sedov -auto -3d -nxb=32 -nyb=32 -nzb=32 +parallelio -objdir=/usr/workspace/ather1/Flash-X/sedov
 f compiler flags: mpif90 -ggdb -c -O2 -fdefault-real-8 -fdefault-double-8 -Wuninitialized -fallow-argument-mismatch -fallow-argument-mismatch -DMAXBLOCKS=200 -DNXB=32 -DNYB=32 -DNZB=32 -DN_DIM=3
 c compiler flags:    mpicc -I/p/lustre2/ather1/hdf5-1.14.4-3/install/include -DH5_USE_18_API -ggdb -c -O2 -Wuninitialized -D_FORTIFY_SOURCE=2 -DMAXBLOCKS=200 -DNXB=32 -DNYB=32 -DNZB=32 -DN_DIM=3
 ==============================================================================
 Comment:  Sedov explosion
 ==============================================================================
 FLASH Units used:
   Driver/DriverMain/Unsplit
   Grid/GridBoundaryConditions
   Grid/GridMain/AMR/Paramesh4/PM4_package/flash_avoid_orrery
   Grid/GridMain/AMR/Paramesh4/PM4_package/headers
   Grid/GridMain/AMR/Paramesh4/PM4_package/source
   Grid/GridMain/AMR/Paramesh4/PM4_package/utilities/multigrid
   Grid/GridMain/AMR/Paramesh4/interpolation/prolong
   Grid/GridMain/AMR/Paramesh4/levelFlux
   Grid/localAPI
   IO/IOMain/hdf5/parallel/PM
   IO/localAPI
   PhysicalConstants/PhysicalConstantsMain
   RuntimeParameters/RuntimeParametersMain
   Simulation/SimulationMain/Sedov
   TimeAdvance/TimeAdvanceMain/StrangSplit
   flashUtilities/contiguousConversion
   flashUtilities/general
   flashUtilities/interpolation/oneDim
   flashUtilities/nameValueLL
   flashUtilities/sorting/quicksort
   flashUtilities/system/memoryUsage/legacy
   monitors/Logfile/LogfileMain
   monitors/Timers/TimersMain/MPINative
   physics/Eos/EosMain/Gamma
   physics/Hydro/HydroMain/unsplit/OnlyHydro
   physics/Hydro/HydroMain/unsplit/levelFlux
   physics/Hydro/localAPI
 ==============================================================================
 RuntimeParameters:
                                                                               
 ==============================================================================
bndpriorityone              =          1
bndprioritythree            =          3
bndprioritytwo              =          2
checkpointfileintervalstep  =         10 [CHANGED]
checkpointfilenumber        =          0
dr_abortpause               =          2
dr_dtminbelowaction         =          1
drift_break_inst            =          0
drift_trunc_mantissa        =          2
drift_verbose_inst          =          0
eos_entrelescalechoice      =          6
eos_loglevel                =        700
fileformatversion           =          9
forcedplotfilenumber        =          0
gr_lrefmaxtimevalue_1       =         -1
gr_lrefmaxtimevalue_10      =         -1
gr_lrefmaxtimevalue_11      =         -1
gr_lrefmaxtimevalue_12      =         -1
gr_lrefmaxtimevalue_13      =         -1
gr_lrefmaxtimevalue_14      =         -1
gr_lrefmaxtimevalue_15      =         -1
gr_lrefmaxtimevalue_16      =         -1
gr_lrefmaxtimevalue_17      =         -1
gr_lrefmaxtimevalue_18      =         -1
gr_lrefmaxtimevalue_19      =         -1
gr_lrefmaxtimevalue_2       =         -1
gr_lrefmaxtimevalue_20      =         -1
gr_lrefmaxtimevalue_3       =         -1
gr_lrefmaxtimevalue_4       =         -1
gr_lrefmaxtimevalue_5       =         -1
gr_lrefmaxtimevalue_6       =         -1
gr_lrefmaxtimevalue_7       =         -1
gr_lrefmaxtimevalue_8       =         -1
gr_lrefmaxtimevalue_9       =         -1
gr_pmrpdivergencefree       =         -1
gr_pmrpifaceoff             =          0
gr_pmrpl2p5d                =          0
gr_pmrpmaxblocks            =         -1
gr_pmrpmflags               =          1
gr_pmrpnboundaries          =          6
gr_pmrpndim                 =          3
gr_pmrpnedgevar1            =         -1
gr_pmrpnfacevar             =         -1
gr_pmrpnfielddivf           =         -1
gr_pmrpnfluxvar             =         -1
gr_pmrpnguard               =         -1
gr_pmrpnguardwork           =         -1
gr_pmrpnvar                 =         -1
gr_pmrpnvarwork             =          1
gr_pmrpnvarcorn             =          0
gr_pmrpnvaredge             =          0
gr_pmrpnxb                  =         -1
gr_pmrpnyb                  =         -1
gr_pmrpnzb                  =         -1
gr_restrictallmethod        =          3
gr_sanitizedatamode         =          1
gr_sanitizeverbosity        =          5
gr_tilesizex                =         32
gr_tilesizey                =         32
gr_tilesizez                =         32
hy_3torder                  =         -1
hydrocomputedtoption        =         -1
iprocs                      =          1
interpol_order              =          2
irenorm                     =          0
jprocs                      =          1
kprocs                      =          1
lrefine_del                 =          0
lrefine_max                 =          6 [CHANGED]
lrefine_min                 =          1
lrefine_min_init            =          1
max_particles_per_blk       =        100
memory_stat_freq            =     100000
meshcopycount               =          1
min_particles_per_blk       =          1
nbegin                      =          1
nblockx                     =          8 [CHANGED]
nblocky                     =          8 [CHANGED]
nblockz                     =          8 [CHANGED]
nend                        =         60 [CHANGED]
nrefs                       =          2
nsteptotalsts               =          5
order                       =          3 [CHANGED]
outputsplitnum              =          1
plotfileintervalstep        =          0
plotfilenumber              =          0
refine_var_count            =          4
rolling_checkpoint          =      10000
sim_centerrefinelevel       =          1
sim_integralslevel          =         -1
sim_nsubzones               =          7
sweeporder                  =        123
transorder                  =          1
wr_integrals_freq           =          1
limitedslopebeta            =                 0.100E+01
cfl                         =                 0.800E+00
checkpointfileintervaltime  =                 0.000E+00 [CHANGED]
checkpointfileintervalz     =                 0.180+309
cvisc                       =                 0.100E+00
derefine_cutoff_1           =                 0.200E+00
derefine_cutoff_2           =                 0.200E+00
derefine_cutoff_3           =                 0.200E+00
derefine_cutoff_4           =                 0.200E+00
dr_dtmincontinue            =                 0.000E+00
dr_tstepslowstartfactor     =                 0.100E+00
dtinit                      =                 0.100E-09
dtmax                       =                 0.100E+06
dtmin                       =                 0.100E-09
eintswitch                  =                 0.100E-03 [CHANGED]
eos_singlespeciesa          =                 0.100E+01
eos_singlespeciesz          =                 0.100E+01
gamma                       =                 0.140E+01 [CHANGED]
gr_btworkchildscaling       =                 0.100E+01
gr_btworkdefaultleaf        =                 0.200E+01
gr_btworkdefaultpar         =                 0.100E+01
gr_btworklbleaf             =                 0.000E+00
gr_btworklbpar              =                 0.000E+00
gr_btworkubleaf             =                 0.100E+07
gr_btworkubpar              =                 0.100E+07
gr_lrefinemaxredlogbase     =                 0.100E+02
gr_lrefinemaxredradiusfact  =                 0.000E+00
gr_lrefinemaxredtref        =                 0.000E+00
gr_lrefinemaxredtimescale   =                 0.100E+01
gr_lrefmaxtime_1            =                -0.100E+01
gr_lrefmaxtime_10           =                -0.100E+01
gr_lrefmaxtime_11           =                -0.100E+01
gr_lrefmaxtime_12           =                -0.100E+01
gr_lrefmaxtime_13           =                -0.100E+01
gr_lrefmaxtime_14           =                -0.100E+01
gr_lrefmaxtime_15           =                -0.100E+01
gr_lrefmaxtime_16           =                -0.100E+01
gr_lrefmaxtime_17           =                -0.100E+01
gr_lrefmaxtime_18           =                -0.100E+01
gr_lrefmaxtime_19           =                -0.100E+01
gr_lrefmaxtime_2            =                -0.100E+01
gr_lrefmaxtime_20           =                -0.100E+01
gr_lrefmaxtime_3            =                -0.100E+01
gr_lrefmaxtime_4            =                -0.100E+01
gr_lrefmaxtime_5            =                -0.100E+01
gr_lrefmaxtime_6            =                -0.100E+01
gr_lrefmaxtime_7            =                -0.100E+01
gr_lrefmaxtime_8            =                -0.100E+01
gr_lrefmaxtime_9            =                -0.100E+01
hy_cflfallbackfactor        =                 0.900E+00
hy_fpresinmomflux           =                 0.100E+01
hybridorderkappa            =                 0.000E+00
nusts                       =                 0.200E+00 [CHANGED]
plotfileintervaltime        =                 0.000E+00 [CHANGED]
plotfileintervalz           =                 0.180+309
radiusgp                    =                 0.200E+01
refine_cutoff_1             =                 0.800E+00
refine_cutoff_2             =                 0.800E+00
refine_cutoff_3             =                 0.800E+00
refine_cutoff_4             =                 0.800E+00
refine_filter_1             =                 0.100E-01
refine_filter_2             =                 0.100E-01
refine_filter_3             =                 0.100E-01
refine_filter_4             =                 0.100E-01
rss_limit                   =                -0.100E+01
sigmagp                     =                 0.300E+01
sim_derefineradius          =                 0.000E+00
sim_earliestlstime          =                 0.000E+00
sim_expenergy               =                 0.100E+01
sim_largestnormradius       =                 0.180+309
sim_latestlstime            =                 0.180+309
sim_minrhoinit              =                 0.100E-19
sim_pambient                =                 0.100E-04
sim_rinit                   =                 0.137E-01 [CHANGED]
sim_rhoambient              =                 0.100E+01
sim_smallestnormradius      =                 0.000E+00
sim_xctr                    =                 0.500E+00
sim_yctr                    =                 0.500E+00
sim_zctr                    =                 0.500E+00
small                       =                 0.100E-09
smalle                      =                 0.100E-09
smallp                      =                 0.100E-09
smallt                      =                 0.100E-09
smallu                      =                 0.100E-09
smallx                      =                 0.100E-09
smlrho                      =                 0.100E-09
tinitial                    =                 0.000E+00
tiny                        =                 0.100E-15
tmax                        =                 0.500E+06 [CHANGED]
tstep_change_factor         =                 0.200E+01
wall_clock_checkpoint       =                 0.432E+05
wall_clock_time_limit       =                 0.605E+06
x_refine_center             =                 0.000E+00
xmax                        =                 0.100E+01
xmin                        =                 0.000E+00
y_refine_center             =                 0.000E+00
ymax                        =                 0.100E+01
ymin                        =                 0.000E+00
zfinal                      =                 0.000E+00
zinitial                    =                -0.100E+01
z_refine_center             =                 0.000E+00
zmax                        =                 0.100E+01
zmin                        =                 0.000E+00
riemannsolver               = Roe                            [CHANGED]
unitsystem                  = none                          
basenm                      = sedov_                         [CHANGED]
entropyfixmethod            = HARTENHYMAN                   
eosmode                     = dens_ie                       
eosmodeinit                 = dens_ie                       
geometry                    = cartesian                     
gr_pmrpoutputdir            = ./                            
grav_boundary_type          = isolated                      
hy_eosmodegc                = see eosMode                   
log_file                    = sedov.log                      [CHANGED]
output_directory            =                               
pc_unitsbase                = CGS                           
plot_grid_var_1             = none                          
plot_grid_var_10            = none                          
plot_grid_var_11            = none                          
plot_grid_var_12            = none                          
plot_grid_var_13            = none                          
plot_grid_var_14            = none                          
plot_grid_var_15            = none                          
plot_grid_var_16            = none                          
plot_grid_var_17            = none                          
plot_grid_var_18            = none                          
plot_grid_var_19            = none                          
plot_grid_var_2             = none                          
plot_grid_var_20            = none                          
plot_grid_var_21            = none                          
plot_grid_var_22            = none                          
plot_grid_var_23            = none                          
plot_grid_var_24            = none                          
plot_grid_var_25            = none                          
plot_grid_var_26            = none                          
plot_grid_var_27            = none                          
plot_grid_var_28            = none                          
plot_grid_var_29            = none                          
plot_grid_var_3             = none                          
plot_grid_var_30            = none                          
plot_grid_var_31            = none                          
plot_grid_var_32            = none                          
plot_grid_var_33            = none                          
plot_grid_var_34            = none                          
plot_grid_var_35            = none                          
plot_grid_var_36            = none                          
plot_grid_var_37            = none                          
plot_grid_var_38            = none                          
plot_grid_var_39            = none                          
plot_grid_var_4             = none                          
plot_grid_var_40            = none                          
plot_grid_var_41            = none                          
plot_grid_var_42            = none                          
plot_grid_var_43            = none                          
plot_grid_var_44            = none                          
plot_grid_var_45            = none                          
plot_grid_var_46            = none                          
plot_grid_var_47            = none                          
plot_grid_var_48            = none                          
plot_grid_var_49            = none                          
plot_grid_var_5             = none                          
plot_grid_var_50            = none                          
plot_grid_var_51            = none                          
plot_grid_var_52            = none                          
plot_grid_var_53            = none                          
plot_grid_var_54            = none                          
plot_grid_var_55            = none                          
plot_grid_var_56            = none                          
plot_grid_var_57            = none                          
plot_grid_var_58            = none                          
plot_grid_var_59            = none                          
plot_grid_var_6             = none                          
plot_grid_var_60            = none                          
plot_grid_var_61            = none                          
plot_grid_var_62            = none                          
plot_grid_var_63            = none                          
plot_grid_var_64            = none                          
plot_grid_var_65            = none                          
plot_grid_var_66            = none                          
plot_grid_var_67            = none                          
plot_grid_var_68            = none                          
plot_grid_var_69            = none                          
plot_grid_var_7             = none                          
plot_grid_var_70            = none                          
plot_grid_var_71            = none                          
plot_grid_var_72            = none                          
plot_grid_var_73            = none                          
plot_grid_var_74            = none                          
plot_grid_var_75            = none                          
plot_grid_var_76            = none                          
plot_grid_var_77            = none                          
plot_grid_var_78            = none                          
plot_grid_var_8             = none                          
plot_grid_var_9             = none                          
plot_var_1                  = dens                           [CHANGED]
plot_var_10                 = none                          
plot_var_11                 = none                          
plot_var_12                 = none                          
plot_var_13                 = none                          
plot_var_14                 = none                          
plot_var_15                 = none                          
plot_var_16                 = none                          
plot_var_17                 = none                          
plot_var_18                 = none                          
plot_var_2                  = pres                           [CHANGED]
plot_var_3                  = temp                           [CHANGED]
plot_var_4                  = none                          
plot_var_5                  = none                          
plot_var_6                  = none                          
plot_var_7                  = none                          
plot_var_8                  = none                          
plot_var_9                  = none                          
prof_file                   = profile.dat                   
refine_var_1                = dens                           [CHANGED]
refine_var_2                = pres                           [CHANGED]
refine_var_3                = none                          
refine_var_4                = none                          
run_comment                 = Sedov explosion                [CHANGED]
run_number                  = 1                             
sim_proffilename            = /dev/null                      [CHANGED]
slopelimiter                = mc                             [CHANGED]
stats_file                  = flashx.dat                    
wenomethod                  = WENO5                         
xl_boundary_type            = outflow                        [CHANGED]
xr_boundary_type            = outflow                        [CHANGED]
yl_boundary_type            = outflow                        [CHANGED]
yr_boundary_type            = outflow                        [CHANGED]
zl_boundary_type            = outflow                        [CHANGED]
zr_boundary_type            = outflow                        [CHANGED]
csvsummaryallprocs          =  F
eosforriemann               =  F
logsummaryallprocs          =  F
addthermalflux              =  T
allowdtstsdominate          =  F
alwayscomputeuservars       =  T
alwaysrestrictcheckpoint    =  T
charlimiting                =  T
chkguardcellsinput          =  F
chkguardcellsoutput         =  F
conserveangmom              =  F
converttoconsvdformeshcalls =  F
converttoconsvdinmeshinterp =  T
corners                     =  F
dr_printtsteploc            =  T
dr_shortenlaststepbeforetmax =  F
drift_tuples                =  F
eachprocwritesownabortlog   =  F
eachprocwritessummary       =  F
earlyblockdistadjustment    =  T
enablemaskedgcfill          =  F
entropy                     =  F
flux_correct                =  T
flux_correct_perlevel       =  F
geometryoverride            =  F
gr_bcenableapplymixedgds    =  T
gr_bndgcfillneedsprimitivevars =  T
gr_btcustomwork             =  F
gr_btexchangework           =  F
gr_btsortbywork             =  T
gr_enabletiling             =  F
gr_lrefinemaxbytime         =  F
gr_lrefinemaxreddobylogr    =  F
gr_lrefinemaxreddobytime    =  F
gr_pmrpadvancealllevels     =  F
gr_pmrpamrerrorchecking     =  F
gr_pmrpcartesianpm          =  F
gr_pmrpconserve             =  F
gr_pmrpconsvfluxdensities   =  T
gr_pmrpconsvfluxes          =  F
gr_pmrpcurvilinear          =  F
gr_pmrpcurvilinearconserve  =  F
gr_pmrpcylindricalpm        =  F
gr_pmrpdiagonals            =  T
gr_pmrpedgevalue            =  T
gr_pmrpedgevalueinteg       =  F
gr_pmrpemptycells           =  F
gr_pmrpforceconsistency     =  T
gr_pmrplsingularline        =  F
gr_pmrpnopermanentguardcells =  F
gr_pmrppolarpm              =  F
gr_pmrppredcorr             =  F
gr_pmrpsphericalpm          =  F
gr_pmrptimingmpi            =  F
gr_pmrptimingmpix           =  F
gr_pmrpvardt                =  F
gr_usetiling                =  F
hy_fallbacklowercfl         =  F
hy_fullspecmsfluxhandling   =  T
hy_usetiling                =  F
ignoreforcedplot            =  F
io_writemscalarintegrals    =  F
plotfilegridquantitydp      =  F
plotfilemetadatadp          =  F
reducegcellfills            =  F
refine_on_particle_count    =  F
restart                     =  F
shockdetect                 =  F
shocklowercfl               =  F
sim_bcsetbdryvar            =  F
sim_forcecenterderefine     =  F
sim_onelevelintegralsonly   =  F
summaryoutputonly           =  F
threadblocklistbuild        =  F
threaddelepblocklist        =  F
threaddelepwithinblock      =  F
threaddriverblocklist       =  F
threaddriverwithinblock     =  F
threadeoswithinblock        =  F
threadhydroblocklist        =  F
threadhydrowithinblock      =  F
threadraytracebuild         =  F
threadwithinblockbuild      =  F
tmr_suppressinparallel      =  F
typematchedxfer             =  T
unbiased_geometry           =  F
updatehydrofluxes           =  T
useburn                     =  F
usecollectivehdf5           =  T
usedeleptonize              =  F
usegravity                  =  F
useheatad                   =  F
useheater                   =  F
usehydro                    =  T
useimbound                  =  F
useincompns                 =  F
useinlet                    =  F
uselegacylabels             =  T
usemultiphase               =  F
useorchestration            =  F
useoutlet                   =  F
useparticles                =  F
useradtrans                 =  F
usests                      =  F
usestsfordiffusion          =  F
usesolidmechanics           =  F
use_3dfullctu               =  T
use_auxeinteqn              =  T
use_avisc                   =  T [CHANGED]
use_cma_advection           =  F
use_cma_flattening          =  F
use_flash_surr_blks_fill    =  T
use_flattening              =  F
use_gravhalfupdate          =  T
use_hybridorder             =  F
use_reduced_orrery          =  T
use_steepening              =  F
use_upwindtvd               =  F
writestatsummary            =  T
                                                                               
 ==============================================================================
                                                                               
 Known units of measurement:
                                                                               
              Unit                          CGS Value                Base Unit
  1                  cm                     1.0000                           cm
  2                   s                     1.0000                            s
  3                   g                     1.0000                            g
  4                   K                     1.0000                            K
  5                 esu                     1.0000                          esu
  6                 mol                     1.0000                          mol
  7                   m                     100.00                           cm
  8                  km                    1.00000E+05                       cm
  9                  pc                    3.08568E+18                       cm
 10                 kpc                    3.08568E+21                       cm
 11                 Mpc                    3.08568E+24                       cm
 12                 Gpc                    3.08568E+27                       cm
 13                Rsun                    6.96000E+10                       cm
 14                  AU                    1.49598E+13                       cm
 15                  yr                    3.15569E+07                        s
 16                 Myr                    3.15569E+13                        s
 17                 Gyr                    3.15569E+16                        s
 18                  kg                     1000.0                            g
 19                Msun                    1.98892E+33                        g
 20                 amu                    1.66054E-24                        g
 21                  eV                     11605.                            K
 22                   C                    2.99792E+09                      esu
 23                LFLY                    3.08568E+24                       cm
 24                TFLY                    2.05759E+17                        s
 25                MFLY                    9.88470E+45                        g
 26            clLength                    3.08568E+24                       cm
 27              clTime                    3.15569E+16                        s
 28              clMass                    1.98892E+48                        g
 29              clTemp                    1.16045E+07                        K
-----------End of Units--------------------
                                                                               
 Known physical constants:
                                                                               
    Constant Name       Constant Value   cm       s        g        K        esu      mol
  1              Newton    6.67408E-08   3.0     -2.0     -1.0      0.0      0.0      0.0    
  2      speed of light    2.99792E+10   1.0     -1.0      0.0      0.0      0.0      0.0    
  3              Planck    6.62607E-27   2.0     -1.0      1.0      0.0      0.0      0.0    
  4     electron charge    4.80320E-10   0.0      0.0      0.0      0.0      1.0      0.0    
  5       electron mass    9.10938E-28   0.0      0.0      1.0      0.0      0.0      0.0    
  6         proton mass    1.67262E-24   0.0      0.0      1.0      0.0      0.0      0.0    
  7      fine-structure    7.29735E-03   0.0      0.0      0.0      0.0      0.0      0.0    
  8            Avogadro    6.02214E+23   0.0      0.0      0.0      0.0      0.0     -1.0    
  9           Boltzmann    1.38065E-16   2.0     -2.0      1.0     -1.0      0.0      0.0    
 10  ideal gas constant    8.31446E+07   2.0     -2.0      1.0     -1.0      0.0     -1.0    
 11                Wien    0.28978       1.0      0.0      0.0      1.0      0.0      0.0    
 12    Stefan-Boltzmann    5.67037E-05   0.0     -3.0      1.0     -4.0      0.0      0.0    
 13  Radiation Constant    7.56572E-15  -1.0     -2.0      1.0     -4.0      0.0      0.0    
 14                  pi     3.1416       0.0      0.0      0.0      0.0      0.0      0.0    
 15                   e     2.7183       0.0      0.0      0.0      0.0      0.0      0.0    
 16               Euler    0.57722       0.0      0.0      0.0      0.0      0.0      0.0    
 ==============================================================================
                                                                               
 Multifluid database: not configured in
                                                                               
 ==============================================================================
 [ 02-28-2025  11:44:03.257 ] [gr_initGeometry] checking BCs for idir: 1
 [ 02-28-2025  11:44:03.257 ] [gr_initGeometry] checking BCs for idir: 2
 [ 02-28-2025  11:44:03.257 ] [gr_initGeometry] checking BCs for idir: 3
 [ 02-28-2025  11:44:04.915 ] [GRID amr_refine_derefine]: initiating refinement
 [ 02-28-2025  11:44:04.915 ] [GRID amr_refine_derefine]: redist. phase.  tot blks requested: 512
 [GRID amr_refine_derefine] min blks 1    max blks 2    tot blks 512
 [GRID amr_refine_derefine] min leaf blks 1    max leaf blks 2    tot leaf blks 512
 [ 02-28-2025  11:44:04.923 ] [GRID amr_refine_derefine]: refinement complete
 [ 02-28-2025  11:44:04.952 ] [GRID gr_expandDomain]: iteration=1, create level=2
 INFO: Grid_fillGuardCells is ignoring masking.
 [ 02-28-2025  11:44:07.332 ] [mpi_amr_comm_setup]: buffer_dim_send=407977, buffer_dim_recv=407977
 [ 02-28-2025  11:44:08.158 ] [GRID amr_refine_derefine]: initiating refinement
 [ 02-28-2025  11:44:08.165 ] [GRID amr_refine_derefine]: redist. phase.  tot blks requested: 576
 [GRID amr_refine_derefine] min blks 1    max blks 2    tot blks 576
 [GRID amr_refine_derefine] min leaf blks 0    max leaf blks 2    tot leaf blks 568
 [ 02-28-2025  11:44:08.229 ] [GRID amr_refine_derefine]: refinement complete
 [ 02-28-2025  11:44:08.237 ] [GRID gr_expandDomain]: iteration=2, create level=3
 [ 02-28-2025  11:44:10.944 ] [GRID amr_refine_derefine]: initiating refinement
 [ 02-28-2025  11:44:10.951 ] [GRID amr_refine_derefine]: redist. phase.  tot blks requested: 640
 [GRID amr_refine_derefine] min blks 1    max blks 2    tot blks 640
 [GRID amr_refine_derefine] min leaf blks 0    max leaf blks 2    tot leaf blks 624
 [ 02-28-2025  11:44:11.012 ] [GRID amr_refine_derefine]: refinement complete
 [ 02-28-2025  11:44:11.019 ] [GRID gr_expandDomain]: iteration=3, create level=4
 [ 02-28-2025  11:44:13.692 ] [GRID amr_refine_derefine]: initiating refinement
 [ 02-28-2025  11:44:13.696 ] [GRID amr_refine_derefine]: redist. phase.  tot blks requested: 704
 [GRID amr_refine_derefine] min blks 1    max blks 2    tot blks 704
 [GRID amr_refine_derefine] min leaf blks 0    max leaf blks 2    tot leaf blks 680
 [ 02-28-2025  11:44:13.764 ] [GRID amr_refine_derefine]: refinement complete
 [ 02-28-2025  11:44:13.771 ] [GRID gr_expandDomain]: iteration=4, create level=5
 [ 02-28-2025  11:44:16.489 ] [GRID amr_refine_derefine]: initiating refinement
 [ 02-28-2025  11:44:16.494 ] [GRID amr_refine_derefine]: redist. phase.  tot blks requested: 768
 [GRID amr_refine_derefine] min blks 1    max blks 2    tot blks 768
 [GRID amr_refine_derefine] min leaf blks 0    max leaf blks 2    tot leaf blks 736
 [ 02-28-2025  11:44:16.558 ] [GRID amr_refine_derefine]: refinement complete
 [ 02-28-2025  11:44:16.566 ] [GRID gr_expandDomain]: iteration=5, create level=6
 [ 02-28-2025  11:44:19.285 ] [GRID amr_refine_derefine]: initiating refinement
 [ 02-28-2025  11:44:19.290 ] [GRID amr_refine_derefine]: redist. phase.  tot blks requested: 3072
 [GRID amr_refine_derefine] min blks 6    max blks 9    tot blks 3072
 [GRID amr_refine_derefine] min leaf blks 4    max leaf blks 7    tot leaf blks 2752
 [ 02-28-2025  11:44:19.383 ] [GRID amr_refine_derefine]: refinement complete
 [ 02-28-2025  11:44:19.389 ] [GRID gr_expandDomain]: iteration=6, create level=6
 [ 02-28-2025  11:44:26.958 ] [mpi_amr_comm_setup]: buffer_dim_send=2842945, buffer_dim_recv=2345545
 [ 02-28-2025  11:44:29.125 ] [GRID gr_expandDomain]: iteration=7, create level=6
 [ 02-28-2025  11:44:38.982 ] [GRID gr_expandDomain]: iteration=8, create level=6
 [ 02-28-2025  11:44:48.344 ] memory: /proc vsize    (MB):     4559.93 (min)       4788.38 (max)       4702.36 (avg)
 [ 02-28-2025  11:44:48.344 ] memory: /proc rss      (MB):     1841.07 (min)       1927.57 (max)       1891.48 (avg)
 [ 02-28-2025  11:44:48.345 ] memory: /proc vsize    (MB):     4559.93 (min)       4788.38 (max)       4702.36 (avg)
 [ 02-28-2025  11:44:48.345 ] memory: /proc rss      (MB):     1841.07 (min)       1927.57 (max)       1891.48 (avg)
 [ 02-28-2025  11:44:48.359 ] memory: /proc vsize    (MB):     4559.93 (min)       4788.38 (max)       4702.36 (avg)
 [ 02-28-2025  11:44:48.359 ] memory: /proc rss      (MB):     1841.07 (min)       1927.57 (max)       1891.49 (avg)
 [ 02-28-2025  11:44:51.674 ] [IO_writeCheckpoint] open: type=checkpoint name=sedov_hdf5_chk_0000
 [ 02-28-2025  11:44:59.783 ] [io_writeData]: wrote    3072          blocks
 [ 02-28-2025  11:44:59.811 ] [IO_writeCheckpoint] close: type=checkpoint name=sedov_hdf5_chk_0000
 [ 02-28-2025  11:44:59.884 ] [IO_writePlotfile] open: type=plotfile name=sedov_hdf5_plt_cnt_0000
 [ 02-28-2025  11:45:00.858 ] [io_writeData]: wrote    3072          blocks
 [ 02-28-2025  11:45:00.867 ] [IO_writePlotfile] close: type=plotfile name=sedov_hdf5_plt_cnt_0000
 [ 02-28-2025  11:45:00.870 ] memory: /proc vsize    (MB):     4559.93 (min)       5004.56 (max)       4713.13 (avg)
 [ 02-28-2025  11:45:00.872 ] memory: /proc rss      (MB):     1847.22 (min)       1934.83 (max)       1900.35 (avg)
 [ 02-28-2025  11:45:00.876 ] [Driver_evolveAll]: Entering evolution loop
 [ 02-28-2025  11:45:00.879 ] step: n=1 t=0.000000E+00 dt=1.000000E-10
 [ 02-28-2025  11:45:03.432 ] step: n=2 t=1.000000E-10 dt=2.000000E-10
 [ 02-28-2025  11:45:07.988 ] step: n=3 t=3.000000E-10 dt=4.000000E-10
 [ 02-28-2025  11:45:10.530 ] step: n=4 t=7.000000E-10 dt=8.000000E-10
 [ 02-28-2025  11:45:15.132 ] step: n=5 t=1.500000E-09 dt=1.600000E-09
 [ 02-28-2025  11:45:17.685 ] step: n=6 t=3.100000E-09 dt=3.200000E-09
 [ 02-28-2025  11:45:22.278 ] step: n=7 t=6.300000E-09 dt=6.400000E-09
 [ 02-28-2025  11:45:24.833 ] step: n=8 t=1.270000E-08 dt=1.280000E-08
 [ 02-28-2025  11:45:29.424 ] step: n=9 t=2.550000E-08 dt=2.560000E-08
 [ 02-28-2025  11:45:31.974 ] step: n=10 t=5.110000E-08 dt=5.120000E-08
 [ 02-28-2025  11:45:40.539 ] [IO_writeCheckpoint] open: type=checkpoint name=sedov_hdf5_chk_0001
 [ 02-28-2025  11:45:47.613 ] [io_writeData]: wrote    3072          blocks
 [ 02-28-2025  11:45:47.617 ] [IO_writeCheckpoint] close: type=checkpoint name=sedov_hdf5_chk_0001
 [ 02-28-2025  11:45:47.619 ] step: n=11 t=1.023000E-07 dt=1.024000E-07
 [ 02-28-2025  11:45:50.173 ] step: n=12 t=2.047000E-07 dt=2.048000E-07
 [ 02-28-2025  11:45:54.773 ] step: n=13 t=4.095000E-07 dt=3.780580E-07
 [ 02-28-2025  11:45:57.324 ] step: n=14 t=7.875580E-07 dt=3.318741E-07
 [ 02-28-2025  11:46:01.918 ] step: n=15 t=1.119432E-06 dt=3.092289E-07
 [ 02-28-2025  11:46:04.473 ] step: n=16 t=1.428661E-06 dt=2.992294E-07
 [ 02-28-2025  11:46:09.068 ] step: n=17 t=1.727890E-06 dt=2.937996E-07
 [ 02-28-2025  11:46:11.619 ] step: n=18 t=2.021690E-06 dt=2.903171E-07
 [ 02-28-2025  11:46:16.176 ] step: n=19 t=2.312007E-06 dt=2.885409E-07
 [ 02-28-2025  11:46:18.732 ] step: n=20 t=2.600548E-06 dt=2.888720E-07
 [ 02-28-2025  11:46:27.255 ] [IO_writeCheckpoint] open: type=checkpoint name=sedov_hdf5_chk_0002
 [ 02-28-2025  11:46:29.270 ] [io_writeData]: wrote    3072          blocks
 [ 02-28-2025  11:46:29.279 ] [IO_writeCheckpoint] close: type=checkpoint name=sedov_hdf5_chk_0002
 [ 02-28-2025  11:46:29.281 ] step: n=21 t=2.889420E-06 dt=2.887293E-07
 [ 02-28-2025  11:46:31.836 ] step: n=22 t=3.178149E-06 dt=2.892131E-07
 [ 02-28-2025  11:46:36.441 ] step: n=23 t=3.467362E-06 dt=2.899648E-07
 [ 02-28-2025  11:46:38.991 ] step: n=24 t=3.757327E-06 dt=2.906042E-07
 [ 02-28-2025  11:46:43.583 ] step: n=25 t=4.047932E-06 dt=2.911052E-07
 [ 02-28-2025  11:46:46.134 ] step: n=26 t=4.339037E-06 dt=2.916035E-07
 [ 02-28-2025  11:46:50.725 ] step: n=27 t=4.630640E-06 dt=2.912533E-07
 [ 02-28-2025  11:46:53.274 ] step: n=28 t=4.921894E-06 dt=2.910087E-07
 [ 02-28-2025  11:46:57.866 ] step: n=29 t=5.212902E-06 dt=2.908141E-07
 [ 02-28-2025  11:47:00.419 ] step: n=30 t=5.503716E-06 dt=2.906984E-07
 [ 02-28-2025  11:47:04.981 ] [GRID amr_refine_derefine]: initiating refinement
 [ 02-28-2025  11:47:04.989 ] [GRID amr_refine_derefine]: redist. phase.  tot blks requested: 3264
 [GRID amr_refine_derefine] min blks 6    max blks 9    tot blks 3264
 [GRID amr_refine_derefine] min leaf blks 4    max leaf blks 7    tot leaf blks 2920
 [ 02-28-2025  11:47:05.109 ] [GRID amr_refine_derefine]: refinement complete
 [ 02-28-2025  11:47:09.253 ] [IO_writeCheckpoint] open: type=checkpoint name=sedov_hdf5_chk_0003
 [ 02-28-2025  11:47:11.367 ] [io_writeData]: wrote    3264          blocks
 [ 02-28-2025  11:47:11.374 ] [IO_writeCheckpoint] close: type=checkpoint name=sedov_hdf5_chk_0003
 [ 02-28-2025  11:47:11.376 ] step: n=31 t=5.794415E-06 dt=2.906135E-07
 [ 02-28-2025  11:47:11.376 ] [mpi_amr_comm_setup]: buffer_dim_send=3014497, buffer_dim_recv=2540365
 [ 02-28-2025  11:47:13.983 ] step: n=32 t=6.085028E-06 dt=2.901953E-07
 [ 02-28-2025  11:47:18.661 ] step: n=33 t=6.375224E-06 dt=2.900594E-07
 [ 02-28-2025  11:47:21.238 ] step: n=34 t=6.665283E-06 dt=2.899658E-07
 [ 02-28-2025  11:47:25.913 ] step: n=35 t=6.955249E-06 dt=2.898708E-07
 [ 02-28-2025  11:47:28.492 ] step: n=36 t=7.245120E-06 dt=2.898402E-07
 [ 02-28-2025  11:47:33.159 ] step: n=37 t=7.534960E-06 dt=2.896849E-07
 [ 02-28-2025  11:47:35.738 ] step: n=38 t=7.824645E-06 dt=2.894037E-07
 [ 02-28-2025  11:47:40.396 ] step: n=39 t=8.114048E-06 dt=2.892750E-07
 [ 02-28-2025  11:47:42.966 ] step: n=40 t=8.403323E-06 dt=2.891725E-07
 [ 02-28-2025  11:47:51.510 ] [IO_writeCheckpoint] open: type=checkpoint name=sedov_hdf5_chk_0004
 [ 02-28-2025  11:47:53.548 ] [io_writeData]: wrote    3264          blocks
 [ 02-28-2025  11:47:53.554 ] [IO_writeCheckpoint] close: type=checkpoint name=sedov_hdf5_chk_0004
 [ 02-28-2025  11:47:53.556 ] step: n=41 t=8.692496E-06 dt=2.890625E-07
 [ 02-28-2025  11:47:56.114 ] step: n=42 t=8.981558E-06 dt=2.889995E-07
 [ 02-28-2025  11:48:00.761 ] step: n=43 t=9.270558E-06 dt=2.887093E-07
 [ 02-28-2025  11:48:03.323 ] step: n=44 t=9.559267E-06 dt=2.884276E-07
 [ 02-28-2025  11:48:07.969 ] step: n=45 t=9.847695E-06 dt=2.882697E-07
 [ 02-28-2025  11:48:10.529 ] step: n=46 t=1.013596E-05 dt=2.881230E-07
 [ 02-28-2025  11:48:15.180 ] step: n=47 t=1.042409E-05 dt=2.879842E-07
 [ 02-28-2025  11:48:17.740 ] step: n=48 t=1.071207E-05 dt=2.878746E-07
 [ 02-28-2025  11:48:22.383 ] step: n=49 t=1.099995E-05 dt=2.875084E-07
 [ 02-28-2025  11:48:24.938 ] step: n=50 t=1.128745E-05 dt=2.872050E-07
 [ 02-28-2025  11:48:33.532 ] [IO_writeCheckpoint] open: type=checkpoint name=sedov_hdf5_chk_0005
 [ 02-28-2025  11:48:35.607 ] [io_writeData]: wrote    3264          blocks
 [ 02-28-2025  11:48:35.613 ] [IO_writeCheckpoint] close: type=checkpoint name=sedov_hdf5_chk_0005
 [ 02-28-2025  11:48:35.615 ] step: n=51 t=1.157466E-05 dt=2.870059E-07
 [ 02-28-2025  11:48:38.174 ] step: n=52 t=1.186167E-05 dt=2.868556E-07
 [ 02-28-2025  11:48:42.826 ] step: n=53 t=1.214852E-05 dt=2.867067E-07
 [ 02-28-2025  11:48:45.404 ] step: n=54 t=1.243523E-05 dt=2.865689E-07
 [ 02-28-2025  11:48:50.046 ] step: n=55 t=1.272180E-05 dt=2.863801E-07
 [ 02-28-2025  11:48:52.609 ] step: n=56 t=1.300818E-05 dt=2.860363E-07
 [ 02-28-2025  11:48:57.210 ] step: n=57 t=1.329421E-05 dt=2.857698E-07
 [ 02-28-2025  11:48:59.772 ] step: n=58 t=1.357998E-05 dt=2.855749E-07
 [ 02-28-2025  11:49:04.377 ] step: n=59 t=1.386556E-05 dt=2.854113E-07
 [ 02-28-2025  11:49:06.932 ] step: n=60 t=1.415097E-05 dt=2.852482E-07
 [ 02-28-2025  11:49:15.433 ] [IO_writeCheckpoint] open: type=checkpoint name=sedov_hdf5_chk_0006
 [ 02-28-2025  11:49:17.479 ] [io_writeData]: wrote    3264          blocks
 [ 02-28-2025  11:49:17.486 ] [IO_writeCheckpoint] close: type=checkpoint name=sedov_hdf5_chk_0006
 [ 02-28-2025  11:49:17.487 ] [Driver_evolveAll]: Exiting evolution loop
 [ 02-28-2025  11:49:17.651 ] [IO_writePlotfile] open: type=plotfile name=sedov_forced_hdf5_plt_cnt_0000
 [ 02-28-2025  11:49:22.418 ] [io_writeData]: wrote    3264          blocks
 [ 02-28-2025  11:49:22.602 ] [IO_writePlotfile] close: type=plotfile name=sedov_forced_hdf5_plt_cnt_0000
 [ 02-28-2025  11:49:22.720 ] memory: /proc vsize    (MB):     4559.74 (min)       5029.51 (max)       4767.72 (avg)
 [ 02-28-2025  11:49:22.800 ] memory: /proc rss      (MB):     1934.59 (min)       2035.08 (max)       1990.66 (avg)
 ==============================================================================
 perf_summary: code performance summary for process            0
                      beginning : 02-28-2025  11:44:03
                         ending : 02-28-2025  11:49:22
   seconds in monitoring period :              319.624
      number of evolution steps :                   60
 ------------------------------------------------------------------------------
 accounting unit                       time sec  num calls   secs avg  time pct
 ------------------------------------------------------------------------------
 initialization                         57.620      1          57.620    18.027
  eos                                    0.101      8           0.013     0.032
  guardcell internal                     4.040      7           0.577     1.264
   amr_guardcell                         3.996      7           0.571     1.250
   eos gc                                0.000      7           0.000     0.000
  writeCheckpoint                       11.435      1          11.435     3.578
   restrictAll                           3.033      1           3.033     0.949
  writePlotfile                          1.054      1           1.054     0.330
 writePlotfile                           5.081      1           5.081     1.590
 evolution                             256.610      1         256.610    80.285
  Hydro                                104.051     60           1.734    32.554
   Head                                 16.028     60           0.267     5.015
    guardcell internal                  16.026     60           0.267     5.014
     amr_guardcell                      15.375     60           0.256     4.810
     eos gc                              0.001     60           0.000     0.000
   compute fluxes                       84.829     60           1.414    26.540
    hy_computeFluxes                    84.828    390           0.218    26.540
     RiemannState                       72.877    390           0.187    22.801
     getFaceFlux                        11.847    390           0.030     3.707
   conserveFluxes                        0.027     60           0.000     0.009
   update solution                       3.141     60           0.052     0.983
    update solution body                 3.140    390           0.008     0.982
     unsplitUpdate                       1.323    390           0.003     0.414
  sourceTerms                            0.000     60           0.000     0.000
  Particles_advance                      0.000     60           0.000     0.000
  Gravity potential                      0.000     60           0.000     0.000
  IO_output                             89.585    120           0.747    28.028
   diagnostics                          48.620    120           0.405    15.212
   checkpointing                        40.918      6           6.820    12.802
    writeCheckpoint                     40.917      6           6.819    12.802
     restrictAll                        18.779      6           3.130     5.875
  Grid_updateRefinement                 62.190     60           1.037    19.457
   eos                                   0.051      1           0.051     0.016
   tree                                 62.139     60           1.036    19.441
    markRefineDerefine                   7.137     30           0.238     2.233
     guardcell internal                  5.905     30           0.197     1.847
      amr_guardcell                      5.557     30           0.185     1.739
      eos gc                             0.001     30           0.000     0.000
    amr_refine_derefine                 54.228     30           1.808    16.966
    updateData                           0.000     30           0.000     0.000
   updateParticleRefinement              0.000      1           0.000     0.000
  Driver_computeDt                       0.731     60           0.012     0.229
 ==============================================================================
 [ 02-28-2025  11:49:23.036 ] [Timers_getSummary]: Not writing timer max/min/avg values because not all processors had same timers
 [ 02-28-2025  11:49:23.100 ] LOGFILE_END: FLASH run complete.
 FLASH log file:  02-28-2025  11:49:28.956    Run number:  1
 ==============================================================================
 Number of MPI tasks:                448
 MPI version:                          3
 MPI subversion:                       1
 Dimensionality:                       3
 Max Number of Blocks/Proc:          200
 Number x zones:                      32
 Number y zones:                      32
 Number z zones:                      32
 Setup stamp:     Fri Nov 1 14:03:57 2024
 Build stamp:     Fri Nov 1 14:04:23 2024
 System info:     Linux corona211 4.18.0-553.22.1.1toss.t4.x86_64 #1 SMP Tue Sep 24 16:50:00 PDT 2
 Version:         Flash-X 1.0 (heads/main-0-g6040ba49-dirty)                                      
 Build directory: /usr/workspace/ather1/Flash-X/sedov
 Setup syntax:    /usr/workspace/ather1/Flash-X/bin/setup.py Sedov -auto -3d -nxb=32 -nyb=32 -nzb=32 +parallelio -objdir=/usr/workspace/ather1/Flash-X/sedov
 f compiler flags: mpif90 -ggdb -c -O2 -fdefault-real-8 -fdefault-double-8 -Wuninitialized -fallow-argument-mismatch -fallow-argument-mismatch -DMAXBLOCKS=200 -DNXB=32 -DNYB=32 -DNZB=32 -DN_DIM=3
 c compiler flags:    mpicc -I/p/lustre2/ather1/hdf5-1.14.4-3/install/include -DH5_USE_18_API -ggdb -c -O2 -Wuninitialized -D_FORTIFY_SOURCE=2 -DMAXBLOCKS=200 -DNXB=32 -DNYB=32 -DNZB=32 -DN_DIM=3
 ==============================================================================
 Comment:  Sedov explosion
 ==============================================================================
 FLASH Units used:
   Driver/DriverMain/Unsplit
   Grid/GridBoundaryConditions
   Grid/GridMain/AMR/Paramesh4/PM4_package/flash_avoid_orrery
   Grid/GridMain/AMR/Paramesh4/PM4_package/headers
   Grid/GridMain/AMR/Paramesh4/PM4_package/source
   Grid/GridMain/AMR/Paramesh4/PM4_package/utilities/multigrid
   Grid/GridMain/AMR/Paramesh4/interpolation/prolong
   Grid/GridMain/AMR/Paramesh4/levelFlux
   Grid/localAPI
   IO/IOMain/hdf5/parallel/PM
   IO/localAPI
   PhysicalConstants/PhysicalConstantsMain
   RuntimeParameters/RuntimeParametersMain
   Simulation/SimulationMain/Sedov
   TimeAdvance/TimeAdvanceMain/StrangSplit
   flashUtilities/contiguousConversion
   flashUtilities/general
   flashUtilities/interpolation/oneDim
   flashUtilities/nameValueLL
   flashUtilities/sorting/quicksort
   flashUtilities/system/memoryUsage/legacy
   monitors/Logfile/LogfileMain
   monitors/Timers/TimersMain/MPINative
   physics/Eos/EosMain/Gamma
   physics/Hydro/HydroMain/unsplit/OnlyHydro
   physics/Hydro/HydroMain/unsplit/levelFlux
   physics/Hydro/localAPI
 ==============================================================================
 RuntimeParameters:
                                                                               
 ==============================================================================
bndpriorityone              =          1
bndprioritythree            =          3
bndprioritytwo              =          2
checkpointfileintervalstep  =         10 [CHANGED]
checkpointfilenumber        =          0
dr_abortpause               =          2
dr_dtminbelowaction         =          1
drift_break_inst            =          0
drift_trunc_mantissa        =          2
drift_verbose_inst          =          0
eos_entrelescalechoice      =          6
eos_loglevel                =        700
fileformatversion           =          9
forcedplotfilenumber        =          0
gr_lrefmaxtimevalue_1       =         -1
gr_lrefmaxtimevalue_10      =         -1
gr_lrefmaxtimevalue_11      =         -1
gr_lrefmaxtimevalue_12      =         -1
gr_lrefmaxtimevalue_13      =         -1
gr_lrefmaxtimevalue_14      =         -1
gr_lrefmaxtimevalue_15      =         -1
gr_lrefmaxtimevalue_16      =         -1
gr_lrefmaxtimevalue_17      =         -1
gr_lrefmaxtimevalue_18      =         -1
gr_lrefmaxtimevalue_19      =         -1
gr_lrefmaxtimevalue_2       =         -1
gr_lrefmaxtimevalue_20      =         -1
gr_lrefmaxtimevalue_3       =         -1
gr_lrefmaxtimevalue_4       =         -1
gr_lrefmaxtimevalue_5       =         -1
gr_lrefmaxtimevalue_6       =         -1
gr_lrefmaxtimevalue_7       =         -1
gr_lrefmaxtimevalue_8       =         -1
gr_lrefmaxtimevalue_9       =         -1
gr_pmrpdivergencefree       =         -1
gr_pmrpifaceoff             =          0
gr_pmrpl2p5d                =          0
gr_pmrpmaxblocks            =         -1
gr_pmrpmflags               =          1
gr_pmrpnboundaries          =          6
gr_pmrpndim                 =          3
gr_pmrpnedgevar1            =         -1
gr_pmrpnfacevar             =         -1
gr_pmrpnfielddivf           =         -1
gr_pmrpnfluxvar             =         -1
gr_pmrpnguard               =         -1
gr_pmrpnguardwork           =         -1
gr_pmrpnvar                 =         -1
gr_pmrpnvarwork             =          1
gr_pmrpnvarcorn             =          0
gr_pmrpnvaredge             =          0
gr_pmrpnxb                  =         -1
gr_pmrpnyb                  =         -1
gr_pmrpnzb                  =         -1
gr_restrictallmethod        =          3
gr_sanitizedatamode         =          1
gr_sanitizeverbosity        =          5
gr_tilesizex                =         32
gr_tilesizey                =         32
gr_tilesizez                =         32
hy_3torder                  =         -1
hydrocomputedtoption        =         -1
iprocs                      =          1
interpol_order              =          2
irenorm                     =          0
jprocs                      =          1
kprocs                      =          1
lrefine_del                 =          0
lrefine_max                 =          6 [CHANGED]
lrefine_min                 =          1
lrefine_min_init            =          1
max_particles_per_blk       =        100
memory_stat_freq            =     100000
meshcopycount               =          1
min_particles_per_blk       =          1
nbegin                      =          1
nblockx                     =          8 [CHANGED]
nblocky                     =          8 [CHANGED]
nblockz                     =          8 [CHANGED]
nend                        =         60 [CHANGED]
nrefs                       =          2
nsteptotalsts               =          5
order                       =          3 [CHANGED]
outputsplitnum              =          1
plotfileintervalstep        =          0
plotfilenumber              =          0
refine_var_count            =          4
rolling_checkpoint          =      10000
sim_centerrefinelevel       =          1
sim_integralslevel          =         -1
sim_nsubzones               =          7
sweeporder                  =        123
transorder                  =          1
wr_integrals_freq           =          1
limitedslopebeta            =                 0.100E+01
cfl                         =                 0.800E+00
checkpointfileintervaltime  =                 0.000E+00 [CHANGED]
checkpointfileintervalz     =                 0.180+309
cvisc                       =                 0.100E+00
derefine_cutoff_1           =                 0.200E+00
derefine_cutoff_2           =                 0.200E+00
derefine_cutoff_3           =                 0.200E+00
derefine_cutoff_4           =                 0.200E+00
dr_dtmincontinue            =                 0.000E+00
dr_tstepslowstartfactor     =                 0.100E+00
dtinit                      =                 0.100E-09
dtmax                       =                 0.100E+06
dtmin                       =                 0.100E-09
eintswitch                  =                 0.100E-03 [CHANGED]
eos_singlespeciesa          =                 0.100E+01
eos_singlespeciesz          =                 0.100E+01
gamma                       =                 0.140E+01 [CHANGED]
gr_btworkchildscaling       =                 0.100E+01
gr_btworkdefaultleaf        =                 0.200E+01
gr_btworkdefaultpar         =                 0.100E+01
gr_btworklbleaf             =                 0.000E+00
gr_btworklbpar              =                 0.000E+00
gr_btworkubleaf             =                 0.100E+07
gr_btworkubpar              =                 0.100E+07
gr_lrefinemaxredlogbase     =                 0.100E+02
gr_lrefinemaxredradiusfact  =                 0.000E+00
gr_lrefinemaxredtref        =                 0.000E+00
gr_lrefinemaxredtimescale   =                 0.100E+01
gr_lrefmaxtime_1            =                -0.100E+01
gr_lrefmaxtime_10           =                -0.100E+01
gr_lrefmaxtime_11           =                -0.100E+01
gr_lrefmaxtime_12           =                -0.100E+01
gr_lrefmaxtime_13           =                -0.100E+01
gr_lrefmaxtime_14           =                -0.100E+01
gr_lrefmaxtime_15           =                -0.100E+01
gr_lrefmaxtime_16           =                -0.100E+01
gr_lrefmaxtime_17           =                -0.100E+01
gr_lrefmaxtime_18           =                -0.100E+01
gr_lrefmaxtime_19           =                -0.100E+01
gr_lrefmaxtime_2            =                -0.100E+01
gr_lrefmaxtime_20           =                -0.100E+01
gr_lrefmaxtime_3            =                -0.100E+01
gr_lrefmaxtime_4            =                -0.100E+01
gr_lrefmaxtime_5            =                -0.100E+01
gr_lrefmaxtime_6            =                -0.100E+01
gr_lrefmaxtime_7            =                -0.100E+01
gr_lrefmaxtime_8            =                -0.100E+01
gr_lrefmaxtime_9            =                -0.100E+01
hy_cflfallbackfactor        =                 0.900E+00
hy_fpresinmomflux           =                 0.100E+01
hybridorderkappa            =                 0.000E+00
nusts                       =                 0.200E+00 [CHANGED]
plotfileintervaltime        =                 0.000E+00 [CHANGED]
plotfileintervalz           =                 0.180+309
radiusgp                    =                 0.200E+01
refine_cutoff_1             =                 0.800E+00
refine_cutoff_2             =                 0.800E+00
refine_cutoff_3             =                 0.800E+00
refine_cutoff_4             =                 0.800E+00
refine_filter_1             =                 0.100E-01
refine_filter_2             =                 0.100E-01
refine_filter_3             =                 0.100E-01
refine_filter_4             =                 0.100E-01
rss_limit                   =                -0.100E+01
sigmagp                     =                 0.300E+01
sim_derefineradius          =                 0.000E+00
sim_earliestlstime          =                 0.000E+00
sim_expenergy               =                 0.100E+01
sim_largestnormradius       =                 0.180+309
sim_latestlstime            =                 0.180+309
sim_minrhoinit              =                 0.100E-19
sim_pambient                =                 0.100E-04
sim_rinit                   =                 0.137E-01 [CHANGED]
sim_rhoambient              =                 0.100E+01
sim_smallestnormradius      =                 0.000E+00
sim_xctr                    =                 0.500E+00
sim_yctr                    =                 0.500E+00
sim_zctr                    =                 0.500E+00
small                       =                 0.100E-09
smalle                      =                 0.100E-09
smallp                      =                 0.100E-09
smallt                      =                 0.100E-09
smallu                      =                 0.100E-09
smallx                      =                 0.100E-09
smlrho                      =                 0.100E-09
tinitial                    =                 0.000E+00
tiny                        =                 0.100E-15
tmax                        =                 0.500E+06 [CHANGED]
tstep_change_factor         =                 0.200E+01
wall_clock_checkpoint       =                 0.432E+05
wall_clock_time_limit       =                 0.605E+06
x_refine_center             =                 0.000E+00
xmax                        =                 0.100E+01
xmin                        =                 0.000E+00
y_refine_center             =                 0.000E+00
ymax                        =                 0.100E+01
ymin                        =                 0.000E+00
zfinal                      =                 0.000E+00
zinitial                    =                -0.100E+01
z_refine_center             =                 0.000E+00
zmax                        =                 0.100E+01
zmin                        =                 0.000E+00
riemannsolver               = Roe                            [CHANGED]
unitsystem                  = none                          
basenm                      = sedov_                         [CHANGED]
entropyfixmethod            = HARTENHYMAN                   
eosmode                     = dens_ie                       
eosmodeinit                 = dens_ie                       
geometry                    = cartesian                     
gr_pmrpoutputdir            = ./                            
grav_boundary_type          = isolated                      
hy_eosmodegc                = see eosMode                   
log_file                    = sedov.log                      [CHANGED]
output_directory            =                               
pc_unitsbase                = CGS                           
plot_grid_var_1             = none                          
plot_grid_var_10            = none                          
plot_grid_var_11            = none                          
plot_grid_var_12            = none                          
plot_grid_var_13            = none                          
plot_grid_var_14            = none                          
plot_grid_var_15            = none                          
plot_grid_var_16            = none                          
plot_grid_var_17            = none                          
plot_grid_var_18            = none                          
plot_grid_var_19            = none                          
plot_grid_var_2             = none                          
plot_grid_var_20            = none                          
plot_grid_var_21            = none                          
plot_grid_var_22            = none                          
plot_grid_var_23            = none                          
plot_grid_var_24            = none                          
plot_grid_var_25            = none                          
plot_grid_var_26            = none                          
plot_grid_var_27            = none                          
plot_grid_var_28            = none                          
plot_grid_var_29            = none                          
plot_grid_var_3             = none                          
plot_grid_var_30            = none                          
plot_grid_var_31            = none                          
plot_grid_var_32            = none                          
plot_grid_var_33            = none                          
plot_grid_var_34            = none                          
plot_grid_var_35            = none                          
plot_grid_var_36            = none                          
plot_grid_var_37            = none                          
plot_grid_var_38            = none                          
plot_grid_var_39            = none                          
plot_grid_var_4             = none                          
plot_grid_var_40            = none                          
plot_grid_var_41            = none                          
plot_grid_var_42            = none                          
plot_grid_var_43            = none                          
plot_grid_var_44            = none                          
plot_grid_var_45            = none                          
plot_grid_var_46            = none                          
plot_grid_var_47            = none                          
plot_grid_var_48            = none                          
plot_grid_var_49            = none                          
plot_grid_var_5             = none                          
plot_grid_var_50            = none                          
plot_grid_var_51            = none                          
plot_grid_var_52            = none                          
plot_grid_var_53            = none                          
plot_grid_var_54            = none                          
plot_grid_var_55            = none                          
plot_grid_var_56            = none                          
plot_grid_var_57            = none                          
plot_grid_var_58            = none                          
plot_grid_var_59            = none                          
plot_grid_var_6             = none                          
plot_grid_var_60            = none                          
plot_grid_var_61            = none                          
plot_grid_var_62            = none                          
plot_grid_var_63            = none                          
plot_grid_var_64            = none                          
plot_grid_var_65            = none                          
plot_grid_var_66            = none                          
plot_grid_var_67            = none                          
plot_grid_var_68            = none                          
plot_grid_var_69            = none                          
plot_grid_var_7             = none                          
plot_grid_var_70            = none                          
plot_grid_var_71            = none                          
plot_grid_var_72            = none                          
plot_grid_var_73            = none                          
plot_grid_var_74            = none                          
plot_grid_var_75            = none                          
plot_grid_var_76            = none                          
plot_grid_var_77            = none                          
plot_grid_var_78            = none                          
plot_grid_var_8             = none                          
plot_grid_var_9             = none                          
plot_var_1                  = dens                           [CHANGED]
plot_var_10                 = none                          
plot_var_11                 = none                          
plot_var_12                 = none                          
plot_var_13                 = none                          
plot_var_14                 = none                          
plot_var_15                 = none                          
plot_var_16                 = none                          
plot_var_17                 = none                          
plot_var_18                 = none                          
plot_var_2                  = pres                           [CHANGED]
plot_var_3                  = temp                           [CHANGED]
plot_var_4                  = none                          
plot_var_5                  = none                          
plot_var_6                  = none                          
plot_var_7                  = none                          
plot_var_8                  = none                          
plot_var_9                  = none                          
prof_file                   = profile.dat                   
refine_var_1                = dens                           [CHANGED]
refine_var_2                = pres                           [CHANGED]
refine_var_3                = none                          
refine_var_4                = none                          
run_comment                 = Sedov explosion                [CHANGED]
run_number                  = 1                             
sim_proffilename            = /dev/null                      [CHANGED]
slopelimiter                = mc                             [CHANGED]
stats_file                  = flashx.dat                    
wenomethod                  = WENO5                         
xl_boundary_type            = outflow                        [CHANGED]
xr_boundary_type            = outflow                        [CHANGED]
yl_boundary_type            = outflow                        [CHANGED]
yr_boundary_type            = outflow                        [CHANGED]
zl_boundary_type            = outflow                        [CHANGED]
zr_boundary_type            = outflow                        [CHANGED]
csvsummaryallprocs          =  F
eosforriemann               =  F
logsummaryallprocs          =  F
addthermalflux              =  T
allowdtstsdominate          =  F
alwayscomputeuservars       =  T
alwaysrestrictcheckpoint    =  T
charlimiting                =  T
chkguardcellsinput          =  F
chkguardcellsoutput         =  F
conserveangmom              =  F
converttoconsvdformeshcalls =  F
converttoconsvdinmeshinterp =  T
corners                     =  F
dr_printtsteploc            =  T
dr_shortenlaststepbeforetmax =  F
drift_tuples                =  F
eachprocwritesownabortlog   =  F
eachprocwritessummary       =  F
earlyblockdistadjustment    =  T
enablemaskedgcfill          =  F
entropy                     =  F
flux_correct                =  T
flux_correct_perlevel       =  F
geometryoverride            =  F
gr_bcenableapplymixedgds    =  T
gr_bndgcfillneedsprimitivevars =  T
gr_btcustomwork             =  F
gr_btexchangework           =  F
gr_btsortbywork             =  T
gr_enabletiling             =  F
gr_lrefinemaxbytime         =  F
gr_lrefinemaxreddobylogr    =  F
gr_lrefinemaxreddobytime    =  F
gr_pmrpadvancealllevels     =  F
gr_pmrpamrerrorchecking     =  F
gr_pmrpcartesianpm          =  F
gr_pmrpconserve             =  F
gr_pmrpconsvfluxdensities   =  T
gr_pmrpconsvfluxes          =  F
gr_pmrpcurvilinear          =  F
gr_pmrpcurvilinearconserve  =  F
gr_pmrpcylindricalpm        =  F
gr_pmrpdiagonals            =  T
gr_pmrpedgevalue            =  T
gr_pmrpedgevalueinteg       =  F
gr_pmrpemptycells           =  F
gr_pmrpforceconsistency     =  T
gr_pmrplsingularline        =  F
gr_pmrpnopermanentguardcells =  F
gr_pmrppolarpm              =  F
gr_pmrppredcorr             =  F
gr_pmrpsphericalpm          =  F
gr_pmrptimingmpi            =  F
gr_pmrptimingmpix           =  F
gr_pmrpvardt                =  F
gr_usetiling                =  F
hy_fallbacklowercfl         =  F
hy_fullspecmsfluxhandling   =  T
hy_usetiling                =  F
ignoreforcedplot            =  F
io_writemscalarintegrals    =  F
plotfilegridquantitydp      =  F
plotfilemetadatadp          =  F
reducegcellfills            =  F
refine_on_particle_count    =  F
restart                     =  F
shockdetect                 =  F
shocklowercfl               =  F
sim_bcsetbdryvar            =  F
sim_forcecenterderefine     =  F
sim_onelevelintegralsonly   =  F
summaryoutputonly           =  F
threadblocklistbuild        =  F
threaddelepblocklist        =  F
threaddelepwithinblock      =  F
threaddriverblocklist       =  F
threaddriverwithinblock     =  F
threadeoswithinblock        =  F
threadhydroblocklist        =  F
threadhydrowithinblock      =  F
threadraytracebuild         =  F
threadwithinblockbuild      =  F
tmr_suppressinparallel      =  F
typematchedxfer             =  T
unbiased_geometry           =  F
updatehydrofluxes           =  T
useburn                     =  F
usecollectivehdf5           =  T
usedeleptonize              =  F
usegravity                  =  F
useheatad                   =  F
useheater                   =  F
usehydro                    =  T
useimbound                  =  F
useincompns                 =  F
useinlet                    =  F
uselegacylabels             =  T
usemultiphase               =  F
useorchestration            =  F
useoutlet                   =  F
useparticles                =  F
useradtrans                 =  F
usests                      =  F
usestsfordiffusion          =  F
usesolidmechanics           =  F
use_3dfullctu               =  T
use_auxeinteqn              =  T
use_avisc                   =  T [CHANGED]
use_cma_advection           =  F
use_cma_flattening          =  F
use_flash_surr_blks_fill    =  T
use_flattening              =  F
use_gravhalfupdate          =  T
use_hybridorder             =  F
use_reduced_orrery          =  T
use_steepening              =  F
use_upwindtvd               =  F
writestatsummary            =  T
                                                                               
 ==============================================================================
                                                                               
 Known units of measurement:
                                                                               
              Unit                          CGS Value                Base Unit
  1                  cm                     1.0000                           cm
  2                   s                     1.0000                            s
  3                   g                     1.0000                            g
  4                   K                     1.0000                            K
  5                 esu                     1.0000                          esu
  6                 mol                     1.0000                          mol
  7                   m                     100.00                           cm
  8                  km                    1.00000E+05                       cm
  9                  pc                    3.08568E+18                       cm
 10                 kpc                    3.08568E+21                       cm
 11                 Mpc                    3.08568E+24                       cm
 12                 Gpc                    3.08568E+27                       cm
 13                Rsun                    6.96000E+10                       cm
 14                  AU                    1.49598E+13                       cm
 15                  yr                    3.15569E+07                        s
 16                 Myr                    3.15569E+13                        s
 17                 Gyr                    3.15569E+16                        s
 18                  kg                     1000.0                            g
 19                Msun                    1.98892E+33                        g
 20                 amu                    1.66054E-24                        g
 21                  eV                     11605.                            K
 22                   C                    2.99792E+09                      esu
 23                LFLY                    3.08568E+24                       cm
 24                TFLY                    2.05759E+17                        s
 25                MFLY                    9.88470E+45                        g
 26            clLength                    3.08568E+24                       cm
 27              clTime                    3.15569E+16                        s
 28              clMass                    1.98892E+48                        g
 29              clTemp                    1.16045E+07                        K
-----------End of Units--------------------
                                                                               
 Known physical constants:
                                                                               
    Constant Name       Constant Value   cm       s        g        K        esu      mol
  1              Newton    6.67408E-08   3.0     -2.0     -1.0      0.0      0.0      0.0    
  2      speed of light    2.99792E+10   1.0     -1.0      0.0      0.0      0.0      0.0    
  3              Planck    6.62607E-27   2.0     -1.0      1.0      0.0      0.0      0.0    
  4     electron charge    4.80320E-10   0.0      0.0      0.0      0.0      1.0      0.0    
  5       electron mass    9.10938E-28   0.0      0.0      1.0      0.0      0.0      0.0    
  6         proton mass    1.67262E-24   0.0      0.0      1.0      0.0      0.0      0.0    
  7      fine-structure    7.29735E-03   0.0      0.0      0.0      0.0      0.0      0.0    
  8            Avogadro    6.02214E+23   0.0      0.0      0.0      0.0      0.0     -1.0    
  9           Boltzmann    1.38065E-16   2.0     -2.0      1.0     -1.0      0.0      0.0    
 10  ideal gas constant    8.31446E+07   2.0     -2.0      1.0     -1.0      0.0     -1.0    
 11                Wien    0.28978       1.0      0.0      0.0      1.0      0.0      0.0    
 12    Stefan-Boltzmann    5.67037E-05   0.0     -3.0      1.0     -4.0      0.0      0.0    
 13  Radiation Constant    7.56572E-15  -1.0     -2.0      1.0     -4.0      0.0      0.0    
 14                  pi     3.1416       0.0      0.0      0.0      0.0      0.0      0.0    
 15                   e     2.7183       0.0      0.0      0.0      0.0      0.0      0.0    
 16               Euler    0.57722       0.0      0.0      0.0      0.0      0.0      0.0    
 ==============================================================================
                                                                               
 Multifluid database: not configured in
                                                                               
 ==============================================================================
 [ 02-28-2025  11:49:28.958 ] [gr_initGeometry] checking BCs for idir: 1
 [ 02-28-2025  11:49:28.958 ] [gr_initGeometry] checking BCs for idir: 2
 [ 02-28-2025  11:49:28.958 ] [gr_initGeometry] checking BCs for idir: 3
 [ 02-28-2025  11:49:30.630 ] [GRID amr_refine_derefine]: initiating refinement
 [ 02-28-2025  11:49:30.630 ] [GRID amr_refine_derefine]: redist. phase.  tot blks requested: 512
 [GRID amr_refine_derefine] min blks 1    max blks 2    tot blks 512
 [GRID amr_refine_derefine] min leaf blks 1    max leaf blks 2    tot leaf blks 512
 [ 02-28-2025  11:49:30.638 ] [GRID amr_refine_derefine]: refinement complete
 [ 02-28-2025  11:49:30.666 ] [GRID gr_expandDomain]: iteration=1, create level=2
 INFO: Grid_fillGuardCells is ignoring masking.
 [ 02-28-2025  11:49:33.048 ] [mpi_amr_comm_setup]: buffer_dim_send=407977, buffer_dim_recv=407977
 [ 02-28-2025  11:49:33.926 ] [GRID amr_refine_derefine]: initiating refinement
 [ 02-28-2025  11:49:33.933 ] [GRID amr_refine_derefine]: redist. phase.  tot blks requested: 576
 [GRID amr_refine_derefine] min blks 1    max blks 2    tot blks 576
 [GRID amr_refine_derefine] min leaf blks 0    max leaf blks 2    tot leaf blks 568
 [ 02-28-2025  11:49:33.995 ] [GRID amr_refine_derefine]: refinement complete
 [ 02-28-2025  11:49:34.001 ] [GRID gr_expandDomain]: iteration=2, create level=3
 [ 02-28-2025  11:49:36.708 ] [GRID amr_refine_derefine]: initiating refinement
 [ 02-28-2025  11:49:36.714 ] [GRID amr_refine_derefine]: redist. phase.  tot blks requested: 640
 [GRID amr_refine_derefine] min blks 1    max blks 2    tot blks 640
 [GRID amr_refine_derefine] min leaf blks 0    max leaf blks 2    tot leaf blks 624
 [ 02-28-2025  11:49:36.775 ] [GRID amr_refine_derefine]: refinement complete
 [ 02-28-2025  11:49:36.781 ] [GRID gr_expandDomain]: iteration=3, create level=4
 [ 02-28-2025  11:49:39.460 ] [GRID amr_refine_derefine]: initiating refinement
 [ 02-28-2025  11:49:39.466 ] [GRID amr_refine_derefine]: redist. phase.  tot blks requested: 704
 [GRID amr_refine_derefine] min blks 1    max blks 2    tot blks 704
 [GRID amr_refine_derefine] min leaf blks 0    max leaf blks 2    tot leaf blks 680
 [ 02-28-2025  11:49:39.532 ] [GRID amr_refine_derefine]: refinement complete
 [ 02-28-2025  11:49:39.540 ] [GRID gr_expandDomain]: iteration=4, create level=5
 [ 02-28-2025  11:49:42.255 ] [GRID amr_refine_derefine]: initiating refinement
 [ 02-28-2025  11:49:42.259 ] [GRID amr_refine_derefine]: redist. phase.  tot blks requested: 768
 [GRID amr_refine_derefine] min blks 1    max blks 2    tot blks 768
 [GRID amr_refine_derefine] min leaf blks 0    max leaf blks 2    tot leaf blks 736
 [ 02-28-2025  11:49:42.324 ] [GRID amr_refine_derefine]: refinement complete
 [ 02-28-2025  11:49:42.331 ] [GRID gr_expandDomain]: iteration=5, create level=6
 [ 02-28-2025  11:49:45.240 ] [GRID amr_refine_derefine]: initiating refinement
 [ 02-28-2025  11:49:45.245 ] [GRID amr_refine_derefine]: redist. phase.  tot blks requested: 3072
 [GRID amr_refine_derefine] min blks 6    max blks 9    tot blks 3072
 [GRID amr_refine_derefine] min leaf blks 4    max leaf blks 7    tot leaf blks 2752
 [ 02-28-2025  11:49:45.340 ] [GRID amr_refine_derefine]: refinement complete
 [ 02-28-2025  11:49:45.347 ] [GRID gr_expandDomain]: iteration=6, create level=6
 [ 02-28-2025  11:49:53.022 ] [mpi_amr_comm_setup]: buffer_dim_send=2842945, buffer_dim_recv=2345545
 [ 02-28-2025  11:49:55.195 ] [GRID gr_expandDomain]: iteration=7, create level=6
 [ 02-28-2025  11:50:05.046 ] [GRID gr_expandDomain]: iteration=8, create level=6
 [ 02-28-2025  11:50:14.404 ] memory: /proc vsize    (MB):     4559.92 (min)       4788.37 (max)       4702.20 (avg)
 [ 02-28-2025  11:50:14.404 ] memory: /proc rss      (MB):     1840.97 (min)       1927.52 (max)       1891.44 (avg)
 [ 02-28-2025  11:50:14.405 ] memory: /proc vsize    (MB):     4559.92 (min)       4788.37 (max)       4702.20 (avg)
 [ 02-28-2025  11:50:14.405 ] memory: /proc rss      (MB):     1840.97 (min)       1927.52 (max)       1891.45 (avg)
 [ 02-28-2025  11:50:14.418 ] memory: /proc vsize    (MB):     4559.92 (min)       4788.37 (max)       4702.20 (avg)
 [ 02-28-2025  11:50:14.418 ] memory: /proc rss      (MB):     1840.97 (min)       1927.52 (max)       1891.45 (avg)
 [ 02-28-2025  11:50:17.679 ] [IO_writeCheckpoint] open: type=checkpoint name=sedov_hdf5_chk_0000
 [ 02-28-2025  11:50:25.607 ] [io_writeData]: wrote    3072          blocks
 [ 02-28-2025  11:50:25.635 ] [IO_writeCheckpoint] close: type=checkpoint name=sedov_hdf5_chk_0000
 [ 02-28-2025  11:50:25.706 ] [IO_writePlotfile] open: type=plotfile name=sedov_hdf5_plt_cnt_0000
 [ 02-28-2025  11:50:26.643 ] [io_writeData]: wrote    3072          blocks
 [ 02-28-2025  11:50:26.651 ] [IO_writePlotfile] close: type=plotfile name=sedov_hdf5_plt_cnt_0000
 [ 02-28-2025  11:50:26.654 ] memory: /proc vsize    (MB):     4559.92 (min)       5004.56 (max)       4712.98 (avg)
 [ 02-28-2025  11:50:26.656 ] memory: /proc rss      (MB):     1847.29 (min)       1934.64 (max)       1900.32 (avg)
 [ 02-28-2025  11:50:26.659 ] [Driver_evolveAll]: Entering evolution loop
 [ 02-28-2025  11:50:26.662 ] step: n=1 t=0.000000E+00 dt=1.000000E-10
 [ 02-28-2025  11:50:29.209 ] step: n=2 t=1.000000E-10 dt=2.000000E-10
 [ 02-28-2025  11:50:33.790 ] step: n=3 t=3.000000E-10 dt=4.000000E-10
 [ 02-28-2025  11:50:36.337 ] step: n=4 t=7.000000E-10 dt=8.000000E-10
 [ 02-28-2025  11:50:40.885 ] step: n=5 t=1.500000E-09 dt=1.600000E-09
 [ 02-28-2025  11:50:43.438 ] step: n=6 t=3.100000E-09 dt=3.200000E-09
 [ 02-28-2025  11:50:47.986 ] step: n=7 t=6.300000E-09 dt=6.400000E-09
 [ 02-28-2025  11:50:50.536 ] step: n=8 t=1.270000E-08 dt=1.280000E-08
 [ 02-28-2025  11:50:55.134 ] step: n=9 t=2.550000E-08 dt=2.560000E-08
 [ 02-28-2025  11:50:57.690 ] step: n=10 t=5.110000E-08 dt=5.120000E-08
 [ 02-28-2025  11:51:06.539 ] [IO_writeCheckpoint] open: type=checkpoint name=sedov_hdf5_chk_0001
 [ 02-28-2025  11:51:13.951 ] [io_writeData]: wrote    3072          blocks
 [ 02-28-2025  11:51:13.956 ] [IO_writeCheckpoint] close: type=checkpoint name=sedov_hdf5_chk_0001
 [ 02-28-2025  11:51:13.958 ] step: n=11 t=1.023000E-07 dt=1.024000E-07
 [ 02-28-2025  11:51:16.510 ] step: n=12 t=2.047000E-07 dt=2.048000E-07
 [ 02-28-2025  11:51:21.062 ] step: n=13 t=4.095000E-07 dt=3.780580E-07
 [ 02-28-2025  11:51:23.615 ] step: n=14 t=7.875580E-07 dt=3.318741E-07
 [ 02-28-2025  11:51:28.169 ] step: n=15 t=1.119432E-06 dt=3.092289E-07
 [ 02-28-2025  11:51:30.723 ] step: n=16 t=1.428661E-06 dt=2.992294E-07
 [ 02-28-2025  11:51:35.271 ] step: n=17 t=1.727890E-06 dt=2.937996E-07
 [ 02-28-2025  11:51:37.828 ] step: n=18 t=2.021690E-06 dt=2.903171E-07
 [ 02-28-2025  11:51:42.416 ] step: n=19 t=2.312007E-06 dt=2.885409E-07
 [ 02-28-2025  11:51:44.967 ] step: n=20 t=2.600548E-06 dt=2.888720E-07
 [ 02-28-2025  11:51:53.469 ] [IO_writeCheckpoint] open: type=checkpoint name=sedov_hdf5_chk_0002
 [ 02-28-2025  11:51:55.491 ] [io_writeData]: wrote    3072          blocks
 [ 02-28-2025  11:51:55.498 ] [IO_writeCheckpoint] close: type=checkpoint name=sedov_hdf5_chk_0002
 [ 02-28-2025  11:51:55.499 ] step: n=21 t=2.889420E-06 dt=2.887293E-07
 [ 02-28-2025  11:51:58.046 ] step: n=22 t=3.178149E-06 dt=2.892131E-07
 [ 02-28-2025  11:52:02.635 ] step: n=23 t=3.467362E-06 dt=2.899648E-07
 [ 02-28-2025  11:52:05.184 ] step: n=24 t=3.757327E-06 dt=2.906042E-07
 [ 02-28-2025  11:52:09.733 ] step: n=25 t=4.047932E-06 dt=2.911052E-07
 [ 02-28-2025  11:52:12.282 ] step: n=26 t=4.339037E-06 dt=2.916035E-07
 [ 02-28-2025  11:52:16.868 ] step: n=27 t=4.630640E-06 dt=2.912533E-07
 [ 02-28-2025  11:52:19.416 ] step: n=28 t=4.921894E-06 dt=2.910087E-07
 [ 02-28-2025  11:52:24.005 ] step: n=29 t=5.212902E-06 dt=2.908141E-07
 [ 02-28-2025  11:52:26.554 ] step: n=30 t=5.503716E-06 dt=2.906984E-07
 [ 02-28-2025  11:52:31.116 ] [GRID amr_refine_derefine]: initiating refinement
 [ 02-28-2025  11:52:31.123 ] [GRID amr_refine_derefine]: redist. phase.  tot blks requested: 3264
 [GRID amr_refine_derefine] min blks 6    max blks 9    tot blks 3264
 [GRID amr_refine_derefine] min leaf blks 4    max leaf blks 7    tot leaf blks 2920
 [ 02-28-2025  11:52:31.241 ] [GRID amr_refine_derefine]: refinement complete
 [ 02-28-2025  11:52:35.650 ] [IO_writeCheckpoint] open: type=checkpoint name=sedov_hdf5_chk_0003
 [ 02-28-2025  11:52:37.816 ] [io_writeData]: wrote    3264          blocks
 [ 02-28-2025  11:52:37.824 ] [IO_writeCheckpoint] close: type=checkpoint name=sedov_hdf5_chk_0003
 [ 02-28-2025  11:52:37.826 ] step: n=31 t=5.794415E-06 dt=2.906135E-07
 [ 02-28-2025  11:52:37.826 ] [mpi_amr_comm_setup]: buffer_dim_send=3014497, buffer_dim_recv=2540365
 [ 02-28-2025  11:52:40.434 ] step: n=32 t=6.085028E-06 dt=2.901953E-07
 [ 02-28-2025  11:52:45.104 ] step: n=33 t=6.375224E-06 dt=2.900594E-07
 [ 02-28-2025  11:52:47.685 ] step: n=34 t=6.665283E-06 dt=2.899658E-07
 [ 02-28-2025  11:52:52.340 ] step: n=35 t=6.955249E-06 dt=2.898708E-07
 [ 02-28-2025  11:52:54.908 ] step: n=36 t=7.245120E-06 dt=2.898402E-07
 [ 02-28-2025  11:52:59.561 ] step: n=37 t=7.534960E-06 dt=2.896849E-07
 [ 02-28-2025  11:53:02.133 ] step: n=38 t=7.824645E-06 dt=2.894037E-07
 [ 02-28-2025  11:53:06.791 ] step: n=39 t=8.114048E-06 dt=2.892750E-07
 [ 02-28-2025  11:53:09.362 ] step: n=40 t=8.403323E-06 dt=2.891725E-07
 [ 02-28-2025  11:53:17.996 ] [IO_writeCheckpoint] open: type=checkpoint name=sedov_hdf5_chk_0004
 [ 02-28-2025  11:53:20.124 ] [io_writeData]: wrote    3264          blocks
 [ 02-28-2025  11:53:20.130 ] [IO_writeCheckpoint] close: type=checkpoint name=sedov_hdf5_chk_0004
 [ 02-28-2025  11:53:20.131 ] step: n=41 t=8.692496E-06 dt=2.890625E-07
 [ 02-28-2025  11:53:22.700 ] step: n=42 t=8.981558E-06 dt=2.889995E-07
 [ 02-28-2025  11:53:27.363 ] step: n=43 t=9.270558E-06 dt=2.887093E-07
 [ 02-28-2025  11:53:29.929 ] step: n=44 t=9.559267E-06 dt=2.884276E-07
 [ 02-28-2025  11:53:34.571 ] step: n=45 t=9.847695E-06 dt=2.882697E-07
 [ 02-28-2025  11:53:37.135 ] step: n=46 t=1.013596E-05 dt=2.881230E-07
 [ 02-28-2025  11:53:41.788 ] step: n=47 t=1.042409E-05 dt=2.879842E-07
 [ 02-28-2025  11:53:44.346 ] step: n=48 t=1.071207E-05 dt=2.878746E-07
 [ 02-28-2025  11:53:49.007 ] step: n=49 t=1.099995E-05 dt=2.875084E-07
 [ 02-28-2025  11:53:51.574 ] step: n=50 t=1.128745E-05 dt=2.872050E-07
 [ 02-28-2025  11:54:00.522 ] [IO_writeCheckpoint] open: type=checkpoint name=sedov_hdf5_chk_0005
 [ 02-28-2025  11:54:02.587 ] [io_writeData]: wrote    3264          blocks
 [ 02-28-2025  11:54:02.593 ] [IO_writeCheckpoint] close: type=checkpoint name=sedov_hdf5_chk_0005
 [ 02-28-2025  11:54:02.595 ] step: n=51 t=1.157466E-05 dt=2.870059E-07
 [ 02-28-2025  11:54:05.156 ] step: n=52 t=1.186167E-05 dt=2.868556E-07
 [ 02-28-2025  11:54:09.874 ] step: n=53 t=1.214852E-05 dt=2.867067E-07
 [ 02-28-2025  11:54:12.437 ] step: n=54 t=1.243523E-05 dt=2.865689E-07
 [ 02-28-2025  11:54:17.089 ] step: n=55 t=1.272180E-05 dt=2.863801E-07
 [ 02-28-2025  11:54:19.643 ] step: n=56 t=1.300818E-05 dt=2.860363E-07
 [ 02-28-2025  11:54:24.256 ] step: n=57 t=1.329421E-05 dt=2.857698E-07
 [ 02-28-2025  11:54:26.811 ] step: n=58 t=1.357998E-05 dt=2.855749E-07
 [ 02-28-2025  11:54:31.445 ] step: n=59 t=1.386556E-05 dt=2.854113E-07
 [ 02-28-2025  11:54:34.003 ] step: n=60 t=1.415097E-05 dt=2.852482E-07
 [ 02-28-2025  11:54:42.600 ] [IO_writeCheckpoint] open: type=checkpoint name=sedov_hdf5_chk_0006
 [ 02-28-2025  11:54:44.667 ] [io_writeData]: wrote    3264          blocks
 [ 02-28-2025  11:54:44.674 ] [IO_writeCheckpoint] close: type=checkpoint name=sedov_hdf5_chk_0006
 [ 02-28-2025  11:54:44.676 ] [Driver_evolveAll]: Exiting evolution loop
 [ 02-28-2025  11:54:44.816 ] [IO_writePlotfile] open: type=plotfile name=sedov_forced_hdf5_plt_cnt_0000
 [ 02-28-2025  11:54:48.101 ] [io_writeData]: wrote    3264          blocks
 [ 02-28-2025  11:54:48.259 ] [IO_writePlotfile] close: type=plotfile name=sedov_forced_hdf5_plt_cnt_0000
 [ 02-28-2025  11:54:48.328 ] memory: /proc vsize    (MB):     4563.50 (min)       5029.48 (max)       4767.69 (avg)
 [ 02-28-2025  11:54:48.380 ] memory: /proc rss      (MB):     1934.66 (min)       2034.99 (max)       1990.62 (avg)
 ==============================================================================
 perf_summary: code performance summary for process            0
                      beginning : 02-28-2025  11:49:28
                         ending : 02-28-2025  11:54:48
   seconds in monitoring period :              319.476
      number of evolution steps :                   60
 ------------------------------------------------------------------------------
 accounting unit                       time sec  num calls   secs avg  time pct
 ------------------------------------------------------------------------------
 initialization                         57.702      1          57.702    18.062
  eos                                    0.102      8           0.013     0.032
  guardcell internal                     4.051      7           0.579     1.268
   amr_guardcell                         4.007      7           0.572     1.254
   eos gc                                0.000      7           0.000     0.000
  writeCheckpoint                       11.201      1          11.201     3.506
   restrictAll                           3.038      1           3.038     0.951
  writePlotfile                          1.013      1           1.013     0.317
 writePlotfile                           3.561      1           3.561     1.115
 evolution                             258.014      1         258.014    80.762
  Hydro                                103.983     60           1.733    32.548
   Head                                 16.160     60           0.269     5.058
    guardcell internal                  16.157     60           0.269     5.057
     amr_guardcell                      15.507     60           0.258     4.854
     eos gc                              0.001     60           0.000     0.000
   compute fluxes                       84.627     60           1.410    26.489
    hy_computeFluxes                    84.626    390           0.217    26.489
     RiemannState                       72.709    390           0.186    22.759
     getFaceFlux                        11.811    390           0.030     3.697
   conserveFluxes                        0.027     60           0.000     0.009
   update solution                       3.145     60           0.052     0.984
    update solution body                 3.144    390           0.008     0.984
     unsplitUpdate                       1.324    390           0.003     0.415
  sourceTerms                            0.000     60           0.000     0.000
  Particles_advance                      0.000     60           0.000     0.000
  Gravity potential                      0.000     60           0.000     0.000
  IO_output                             91.185    120           0.760    28.542
   diagnostics                          48.677    120           0.406    15.237
   checkpointing                        42.461      6           7.077    13.291
    writeCheckpoint                     42.460      6           7.077    13.290
     restrictAll                        18.736      6           3.123     5.865
  Grid_updateRefinement                 62.062     60           1.034    19.426
   eos                                   0.051      1           0.051     0.016
   tree                                 62.010     60           1.034    19.410
    markRefineDerefine                   7.191     30           0.240     2.251
     guardcell internal                  5.946     30           0.198     1.861
      amr_guardcell                      5.596     30           0.187     1.752
      eos gc                             0.001     30           0.000     0.000
    amr_refine_derefine                 54.048     30           1.802    16.918
    updateData                           0.000     30           0.000     0.000
   updateParticleRefinement              0.000      1           0.000     0.000
  Driver_computeDt                       0.731     60           0.012     0.229
 ==============================================================================
 [ 02-28-2025  11:54:48.534 ] [Timers_getSummary]: Not writing timer max/min/avg values because not all processors had same timers
 [ 02-28-2025  11:54:48.580 ] LOGFILE_END: FLASH run complete.
 FLASH log file:  02-28-2025  11:54:56.294    Run number:  1
 ==============================================================================
 Number of MPI tasks:                448
 MPI version:                          3
 MPI subversion:                       1
 Dimensionality:                       3
 Max Number of Blocks/Proc:          200
 Number x zones:                      32
 Number y zones:                      32
 Number z zones:                      32
 Setup stamp:     Fri Nov 1 14:03:57 2024
 Build stamp:     Fri Nov 1 14:04:23 2024
 System info:     Linux corona211 4.18.0-553.22.1.1toss.t4.x86_64 #1 SMP Tue Sep 24 16:50:00 PDT 2
 Version:         Flash-X 1.0 (heads/main-0-g6040ba49-dirty)                                      
 Build directory: /usr/workspace/ather1/Flash-X/sedov
 Setup syntax:    /usr/workspace/ather1/Flash-X/bin/setup.py Sedov -auto -3d -nxb=32 -nyb=32 -nzb=32 +parallelio -objdir=/usr/workspace/ather1/Flash-X/sedov
 f compiler flags: mpif90 -ggdb -c -O2 -fdefault-real-8 -fdefault-double-8 -Wuninitialized -fallow-argument-mismatch -fallow-argument-mismatch -DMAXBLOCKS=200 -DNXB=32 -DNYB=32 -DNZB=32 -DN_DIM=3
 c compiler flags:    mpicc -I/p/lustre2/ather1/hdf5-1.14.4-3/install/include -DH5_USE_18_API -ggdb -c -O2 -Wuninitialized -D_FORTIFY_SOURCE=2 -DMAXBLOCKS=200 -DNXB=32 -DNYB=32 -DNZB=32 -DN_DIM=3
 ==============================================================================
 Comment:  Sedov explosion
 ==============================================================================
 FLASH Units used:
   Driver/DriverMain/Unsplit
   Grid/GridBoundaryConditions
   Grid/GridMain/AMR/Paramesh4/PM4_package/flash_avoid_orrery
   Grid/GridMain/AMR/Paramesh4/PM4_package/headers
   Grid/GridMain/AMR/Paramesh4/PM4_package/source
   Grid/GridMain/AMR/Paramesh4/PM4_package/utilities/multigrid
   Grid/GridMain/AMR/Paramesh4/interpolation/prolong
   Grid/GridMain/AMR/Paramesh4/levelFlux
   Grid/localAPI
   IO/IOMain/hdf5/parallel/PM
   IO/localAPI
   PhysicalConstants/PhysicalConstantsMain
   RuntimeParameters/RuntimeParametersMain
   Simulation/SimulationMain/Sedov
   TimeAdvance/TimeAdvanceMain/StrangSplit
   flashUtilities/contiguousConversion
   flashUtilities/general
   flashUtilities/interpolation/oneDim
   flashUtilities/nameValueLL
   flashUtilities/sorting/quicksort
   flashUtilities/system/memoryUsage/legacy
   monitors/Logfile/LogfileMain
   monitors/Timers/TimersMain/MPINative
   physics/Eos/EosMain/Gamma
   physics/Hydro/HydroMain/unsplit/OnlyHydro
   physics/Hydro/HydroMain/unsplit/levelFlux
   physics/Hydro/localAPI
 ==============================================================================
 RuntimeParameters:
                                                                               
 ==============================================================================
bndpriorityone              =          1
bndprioritythree            =          3
bndprioritytwo              =          2
checkpointfileintervalstep  =         10 [CHANGED]
checkpointfilenumber        =          0
dr_abortpause               =          2
dr_dtminbelowaction         =          1
drift_break_inst            =          0
drift_trunc_mantissa        =          2
drift_verbose_inst          =          0
eos_entrelescalechoice      =          6
eos_loglevel                =        700
fileformatversion           =          9
forcedplotfilenumber        =          0
gr_lrefmaxtimevalue_1       =         -1
gr_lrefmaxtimevalue_10      =         -1
gr_lrefmaxtimevalue_11      =         -1
gr_lrefmaxtimevalue_12      =         -1
gr_lrefmaxtimevalue_13      =         -1
gr_lrefmaxtimevalue_14      =         -1
gr_lrefmaxtimevalue_15      =         -1
gr_lrefmaxtimevalue_16      =         -1
gr_lrefmaxtimevalue_17      =         -1
gr_lrefmaxtimevalue_18      =         -1
gr_lrefmaxtimevalue_19      =         -1
gr_lrefmaxtimevalue_2       =         -1
gr_lrefmaxtimevalue_20      =         -1
gr_lrefmaxtimevalue_3       =         -1
gr_lrefmaxtimevalue_4       =         -1
gr_lrefmaxtimevalue_5       =         -1
gr_lrefmaxtimevalue_6       =         -1
gr_lrefmaxtimevalue_7       =         -1
gr_lrefmaxtimevalue_8       =         -1
gr_lrefmaxtimevalue_9       =         -1
gr_pmrpdivergencefree       =         -1
gr_pmrpifaceoff             =          0
gr_pmrpl2p5d                =          0
gr_pmrpmaxblocks            =         -1
gr_pmrpmflags               =          1
gr_pmrpnboundaries          =          6
gr_pmrpndim                 =          3
gr_pmrpnedgevar1            =         -1
gr_pmrpnfacevar             =         -1
gr_pmrpnfielddivf           =         -1
gr_pmrpnfluxvar             =         -1
gr_pmrpnguard               =         -1
gr_pmrpnguardwork           =         -1
gr_pmrpnvar                 =         -1
gr_pmrpnvarwork             =          1
gr_pmrpnvarcorn             =          0
gr_pmrpnvaredge             =          0
gr_pmrpnxb                  =         -1
gr_pmrpnyb                  =         -1
gr_pmrpnzb                  =         -1
gr_restrictallmethod        =          3
gr_sanitizedatamode         =          1
gr_sanitizeverbosity        =          5
gr_tilesizex                =         32
gr_tilesizey                =         32
gr_tilesizez                =         32
hy_3torder                  =         -1
hydrocomputedtoption        =         -1
iprocs                      =          1
interpol_order              =          2
irenorm                     =          0
jprocs                      =          1
kprocs                      =          1
lrefine_del                 =          0
lrefine_max                 =          6 [CHANGED]
lrefine_min                 =          1
lrefine_min_init            =          1
max_particles_per_blk       =        100
memory_stat_freq            =     100000
meshcopycount               =          1
min_particles_per_blk       =          1
nbegin                      =          1
nblockx                     =          8 [CHANGED]
nblocky                     =          8 [CHANGED]
nblockz                     =          8 [CHANGED]
nend                        =         60 [CHANGED]
nrefs                       =          2
nsteptotalsts               =          5
order                       =          3 [CHANGED]
outputsplitnum              =          1
plotfileintervalstep        =          0
plotfilenumber              =          0
refine_var_count            =          4
rolling_checkpoint          =      10000
sim_centerrefinelevel       =          1
sim_integralslevel          =         -1
sim_nsubzones               =          7
sweeporder                  =        123
transorder                  =          1
wr_integrals_freq           =          1
limitedslopebeta            =                 0.100E+01
cfl                         =                 0.800E+00
checkpointfileintervaltime  =                 0.000E+00 [CHANGED]
checkpointfileintervalz     =                 0.180+309
cvisc                       =                 0.100E+00
derefine_cutoff_1           =                 0.200E+00
derefine_cutoff_2           =                 0.200E+00
derefine_cutoff_3           =                 0.200E+00
derefine_cutoff_4           =                 0.200E+00
dr_dtmincontinue            =                 0.000E+00
dr_tstepslowstartfactor     =                 0.100E+00
dtinit                      =                 0.100E-09
dtmax                       =                 0.100E+06
dtmin                       =                 0.100E-09
eintswitch                  =                 0.100E-03 [CHANGED]
eos_singlespeciesa          =                 0.100E+01
eos_singlespeciesz          =                 0.100E+01
gamma                       =                 0.140E+01 [CHANGED]
gr_btworkchildscaling       =                 0.100E+01
gr_btworkdefaultleaf        =                 0.200E+01
gr_btworkdefaultpar         =                 0.100E+01
gr_btworklbleaf             =                 0.000E+00
gr_btworklbpar              =                 0.000E+00
gr_btworkubleaf             =                 0.100E+07
gr_btworkubpar              =                 0.100E+07
gr_lrefinemaxredlogbase     =                 0.100E+02
gr_lrefinemaxredradiusfact  =                 0.000E+00
gr_lrefinemaxredtref        =                 0.000E+00
gr_lrefinemaxredtimescale   =                 0.100E+01
gr_lrefmaxtime_1            =                -0.100E+01
gr_lrefmaxtime_10           =                -0.100E+01
gr_lrefmaxtime_11           =                -0.100E+01
gr_lrefmaxtime_12           =                -0.100E+01
gr_lrefmaxtime_13           =                -0.100E+01
gr_lrefmaxtime_14           =                -0.100E+01
gr_lrefmaxtime_15           =                -0.100E+01
gr_lrefmaxtime_16           =                -0.100E+01
gr_lrefmaxtime_17           =                -0.100E+01
gr_lrefmaxtime_18           =                -0.100E+01
gr_lrefmaxtime_19           =                -0.100E+01
gr_lrefmaxtime_2            =                -0.100E+01
gr_lrefmaxtime_20           =                -0.100E+01
gr_lrefmaxtime_3            =                -0.100E+01
gr_lrefmaxtime_4            =                -0.100E+01
gr_lrefmaxtime_5            =                -0.100E+01
gr_lrefmaxtime_6            =                -0.100E+01
gr_lrefmaxtime_7            =                -0.100E+01
gr_lrefmaxtime_8            =                -0.100E+01
gr_lrefmaxtime_9            =                -0.100E+01
hy_cflfallbackfactor        =                 0.900E+00
hy_fpresinmomflux           =                 0.100E+01
hybridorderkappa            =                 0.000E+00
nusts                       =                 0.200E+00 [CHANGED]
plotfileintervaltime        =                 0.000E+00 [CHANGED]
plotfileintervalz           =                 0.180+309
radiusgp                    =                 0.200E+01
refine_cutoff_1             =                 0.800E+00
refine_cutoff_2             =                 0.800E+00
refine_cutoff_3             =                 0.800E+00
refine_cutoff_4             =                 0.800E+00
refine_filter_1             =                 0.100E-01
refine_filter_2             =                 0.100E-01
refine_filter_3             =                 0.100E-01
refine_filter_4             =                 0.100E-01
rss_limit                   =                -0.100E+01
sigmagp                     =                 0.300E+01
sim_derefineradius          =                 0.000E+00
sim_earliestlstime          =                 0.000E+00
sim_expenergy               =                 0.100E+01
sim_largestnormradius       =                 0.180+309
sim_latestlstime            =                 0.180+309
sim_minrhoinit              =                 0.100E-19
sim_pambient                =                 0.100E-04
sim_rinit                   =                 0.137E-01 [CHANGED]
sim_rhoambient              =                 0.100E+01
sim_smallestnormradius      =                 0.000E+00
sim_xctr                    =                 0.500E+00
sim_yctr                    =                 0.500E+00
sim_zctr                    =                 0.500E+00
small                       =                 0.100E-09
smalle                      =                 0.100E-09
smallp                      =                 0.100E-09
smallt                      =                 0.100E-09
smallu                      =                 0.100E-09
smallx                      =                 0.100E-09
smlrho                      =                 0.100E-09
tinitial                    =                 0.000E+00
tiny                        =                 0.100E-15
tmax                        =                 0.500E+06 [CHANGED]
tstep_change_factor         =                 0.200E+01
wall_clock_checkpoint       =                 0.432E+05
wall_clock_time_limit       =                 0.605E+06
x_refine_center             =                 0.000E+00
xmax                        =                 0.100E+01
xmin                        =                 0.000E+00
y_refine_center             =                 0.000E+00
ymax                        =                 0.100E+01
ymin                        =                 0.000E+00
zfinal                      =                 0.000E+00
zinitial                    =                -0.100E+01
z_refine_center             =                 0.000E+00
zmax                        =                 0.100E+01
zmin                        =                 0.000E+00
riemannsolver               = Roe                            [CHANGED]
unitsystem                  = none                          
basenm                      = sedov_                         [CHANGED]
entropyfixmethod            = HARTENHYMAN                   
eosmode                     = dens_ie                       
eosmodeinit                 = dens_ie                       
geometry                    = cartesian                     
gr_pmrpoutputdir            = ./                            
grav_boundary_type          = isolated                      
hy_eosmodegc                = see eosMode                   
log_file                    = sedov.log                      [CHANGED]
output_directory            =                               
pc_unitsbase                = CGS                           
plot_grid_var_1             = none                          
plot_grid_var_10            = none                          
plot_grid_var_11            = none                          
plot_grid_var_12            = none                          
plot_grid_var_13            = none                          
plot_grid_var_14            = none                          
plot_grid_var_15            = none                          
plot_grid_var_16            = none                          
plot_grid_var_17            = none                          
plot_grid_var_18            = none                          
plot_grid_var_19            = none                          
plot_grid_var_2             = none                          
plot_grid_var_20            = none                          
plot_grid_var_21            = none                          
plot_grid_var_22            = none                          
plot_grid_var_23            = none                          
plot_grid_var_24            = none                          
plot_grid_var_25            = none                          
plot_grid_var_26            = none                          
plot_grid_var_27            = none                          
plot_grid_var_28            = none                          
plot_grid_var_29            = none                          
plot_grid_var_3             = none                          
plot_grid_var_30            = none                          
plot_grid_var_31            = none                          
plot_grid_var_32            = none                          
plot_grid_var_33            = none                          
plot_grid_var_34            = none                          
plot_grid_var_35            = none                          
plot_grid_var_36            = none                          
plot_grid_var_37            = none                          
plot_grid_var_38            = none                          
plot_grid_var_39            = none                          
plot_grid_var_4             = none                          
plot_grid_var_40            = none                          
plot_grid_var_41            = none                          
plot_grid_var_42            = none                          
plot_grid_var_43            = none                          
plot_grid_var_44            = none                          
plot_grid_var_45            = none                          
plot_grid_var_46            = none                          
plot_grid_var_47            = none                          
plot_grid_var_48            = none                          
plot_grid_var_49            = none                          
plot_grid_var_5             = none                          
plot_grid_var_50            = none                          
plot_grid_var_51            = none                          
plot_grid_var_52            = none                          
plot_grid_var_53            = none                          
plot_grid_var_54            = none                          
plot_grid_var_55            = none                          
plot_grid_var_56            = none                          
plot_grid_var_57            = none                          
plot_grid_var_58            = none                          
plot_grid_var_59            = none                          
plot_grid_var_6             = none                          
plot_grid_var_60            = none                          
plot_grid_var_61            = none                          
plot_grid_var_62            = none                          
plot_grid_var_63            = none                          
plot_grid_var_64            = none                          
plot_grid_var_65            = none                          
plot_grid_var_66            = none                          
plot_grid_var_67            = none                          
plot_grid_var_68            = none                          
plot_grid_var_69            = none                          
plot_grid_var_7             = none                          
plot_grid_var_70            = none                          
plot_grid_var_71            = none                          
plot_grid_var_72            = none                          
plot_grid_var_73            = none                          
plot_grid_var_74            = none                          
plot_grid_var_75            = none                          
plot_grid_var_76            = none                          
plot_grid_var_77            = none                          
plot_grid_var_78            = none                          
plot_grid_var_8             = none                          
plot_grid_var_9             = none                          
plot_var_1                  = dens                           [CHANGED]
plot_var_10                 = none                          
plot_var_11                 = none                          
plot_var_12                 = none                          
plot_var_13                 = none                          
plot_var_14                 = none                          
plot_var_15                 = none                          
plot_var_16                 = none                          
plot_var_17                 = none                          
plot_var_18                 = none                          
plot_var_2                  = pres                           [CHANGED]
plot_var_3                  = temp                           [CHANGED]
plot_var_4                  = none                          
plot_var_5                  = none                          
plot_var_6                  = none                          
plot_var_7                  = none                          
plot_var_8                  = none                          
plot_var_9                  = none                          
prof_file                   = profile.dat                   
refine_var_1                = dens                           [CHANGED]
refine_var_2                = pres                           [CHANGED]
refine_var_3                = none                          
refine_var_4                = none                          
run_comment                 = Sedov explosion                [CHANGED]
run_number                  = 1                             
sim_proffilename            = /dev/null                      [CHANGED]
slopelimiter                = mc                             [CHANGED]
stats_file                  = flashx.dat                    
wenomethod                  = WENO5                         
xl_boundary_type            = outflow                        [CHANGED]
xr_boundary_type            = outflow                        [CHANGED]
yl_boundary_type            = outflow                        [CHANGED]
yr_boundary_type            = outflow                        [CHANGED]
zl_boundary_type            = outflow                        [CHANGED]
zr_boundary_type            = outflow                        [CHANGED]
csvsummaryallprocs          =  F
eosforriemann               =  F
logsummaryallprocs          =  F
addthermalflux              =  T
allowdtstsdominate          =  F
alwayscomputeuservars       =  T
alwaysrestrictcheckpoint    =  T
charlimiting                =  T
chkguardcellsinput          =  F
chkguardcellsoutput         =  F
conserveangmom              =  F
converttoconsvdformeshcalls =  F
converttoconsvdinmeshinterp =  T
corners                     =  F
dr_printtsteploc            =  T
dr_shortenlaststepbeforetmax =  F
drift_tuples                =  F
eachprocwritesownabortlog   =  F
eachprocwritessummary       =  F
earlyblockdistadjustment    =  T
enablemaskedgcfill          =  F
entropy                     =  F
flux_correct                =  T
flux_correct_perlevel       =  F
geometryoverride            =  F
gr_bcenableapplymixedgds    =  T
gr_bndgcfillneedsprimitivevars =  T
gr_btcustomwork             =  F
gr_btexchangework           =  F
gr_btsortbywork             =  T
gr_enabletiling             =  F
gr_lrefinemaxbytime         =  F
gr_lrefinemaxreddobylogr    =  F
gr_lrefinemaxreddobytime    =  F
gr_pmrpadvancealllevels     =  F
gr_pmrpamrerrorchecking     =  F
gr_pmrpcartesianpm          =  F
gr_pmrpconserve             =  F
gr_pmrpconsvfluxdensities   =  T
gr_pmrpconsvfluxes          =  F
gr_pmrpcurvilinear          =  F
gr_pmrpcurvilinearconserve  =  F
gr_pmrpcylindricalpm        =  F
gr_pmrpdiagonals            =  T
gr_pmrpedgevalue            =  T
gr_pmrpedgevalueinteg       =  F
gr_pmrpemptycells           =  F
gr_pmrpforceconsistency     =  T
gr_pmrplsingularline        =  F
gr_pmrpnopermanentguardcells =  F
gr_pmrppolarpm              =  F
gr_pmrppredcorr             =  F
gr_pmrpsphericalpm          =  F
gr_pmrptimingmpi            =  F
gr_pmrptimingmpix           =  F
gr_pmrpvardt                =  F
gr_usetiling                =  F
hy_fallbacklowercfl         =  F
hy_fullspecmsfluxhandling   =  T
hy_usetiling                =  F
ignoreforcedplot            =  F
io_writemscalarintegrals    =  F
plotfilegridquantitydp      =  F
plotfilemetadatadp          =  F
reducegcellfills            =  F
refine_on_particle_count    =  F
restart                     =  F
shockdetect                 =  F
shocklowercfl               =  F
sim_bcsetbdryvar            =  F
sim_forcecenterderefine     =  F
sim_onelevelintegralsonly   =  F
summaryoutputonly           =  F
threadblocklistbuild        =  F
threaddelepblocklist        =  F
threaddelepwithinblock      =  F
threaddriverblocklist       =  F
threaddriverwithinblock     =  F
threadeoswithinblock        =  F
threadhydroblocklist        =  F
threadhydrowithinblock      =  F
threadraytracebuild         =  F
threadwithinblockbuild      =  F
tmr_suppressinparallel      =  F
typematchedxfer             =  T
unbiased_geometry           =  F
updatehydrofluxes           =  T
useburn                     =  F
usecollectivehdf5           =  T
usedeleptonize              =  F
usegravity                  =  F
useheatad                   =  F
useheater                   =  F
usehydro                    =  T
useimbound                  =  F
useincompns                 =  F
useinlet                    =  F
uselegacylabels             =  T
usemultiphase               =  F
useorchestration            =  F
useoutlet                   =  F
useparticles                =  F
useradtrans                 =  F
usests                      =  F
usestsfordiffusion          =  F
usesolidmechanics           =  F
use_3dfullctu               =  T
use_auxeinteqn              =  T
use_avisc                   =  T [CHANGED]
use_cma_advection           =  F
use_cma_flattening          =  F
use_flash_surr_blks_fill    =  T
use_flattening              =  F
use_gravhalfupdate          =  T
use_hybridorder             =  F
use_reduced_orrery          =  T
use_steepening              =  F
use_upwindtvd               =  F
writestatsummary            =  T
                                                                               
 ==============================================================================
                                                                               
 Known units of measurement:
                                                                               
              Unit                          CGS Value                Base Unit
  1                  cm                     1.0000                           cm
  2                   s                     1.0000                            s
  3                   g                     1.0000                            g
  4                   K                     1.0000                            K
  5                 esu                     1.0000                          esu
  6                 mol                     1.0000                          mol
  7                   m                     100.00                           cm
  8                  km                    1.00000E+05                       cm
  9                  pc                    3.08568E+18                       cm
 10                 kpc                    3.08568E+21                       cm
 11                 Mpc                    3.08568E+24                       cm
 12                 Gpc                    3.08568E+27                       cm
 13                Rsun                    6.96000E+10                       cm
 14                  AU                    1.49598E+13                       cm
 15                  yr                    3.15569E+07                        s
 16                 Myr                    3.15569E+13                        s
 17                 Gyr                    3.15569E+16                        s
 18                  kg                     1000.0                            g
 19                Msun                    1.98892E+33                        g
 20                 amu                    1.66054E-24                        g
 21                  eV                     11605.                            K
 22                   C                    2.99792E+09                      esu
 23                LFLY                    3.08568E+24                       cm
 24                TFLY                    2.05759E+17                        s
 25                MFLY                    9.88470E+45                        g
 26            clLength                    3.08568E+24                       cm
 27              clTime                    3.15569E+16                        s
 28              clMass                    1.98892E+48                        g
 29              clTemp                    1.16045E+07                        K
-----------End of Units--------------------
                                                                               
 Known physical constants:
                                                                               
    Constant Name       Constant Value   cm       s        g        K        esu      mol
  1              Newton    6.67408E-08   3.0     -2.0     -1.0      0.0      0.0      0.0    
  2      speed of light    2.99792E+10   1.0     -1.0      0.0      0.0      0.0      0.0    
  3              Planck    6.62607E-27   2.0     -1.0      1.0      0.0      0.0      0.0    
  4     electron charge    4.80320E-10   0.0      0.0      0.0      0.0      1.0      0.0    
  5       electron mass    9.10938E-28   0.0      0.0      1.0      0.0      0.0      0.0    
  6         proton mass    1.67262E-24   0.0      0.0      1.0      0.0      0.0      0.0    
  7      fine-structure    7.29735E-03   0.0      0.0      0.0      0.0      0.0      0.0    
  8            Avogadro    6.02214E+23   0.0      0.0      0.0      0.0      0.0     -1.0    
  9           Boltzmann    1.38065E-16   2.0     -2.0      1.0     -1.0      0.0      0.0    
 10  ideal gas constant    8.31446E+07   2.0     -2.0      1.0     -1.0      0.0     -1.0    
 11                Wien    0.28978       1.0      0.0      0.0      1.0      0.0      0.0    
 12    Stefan-Boltzmann    5.67037E-05   0.0     -3.0      1.0     -4.0      0.0      0.0    
 13  Radiation Constant    7.56572E-15  -1.0     -2.0      1.0     -4.0      0.0      0.0    
 14                  pi     3.1416       0.0      0.0      0.0      0.0      0.0      0.0    
 15                   e     2.7183       0.0      0.0      0.0      0.0      0.0      0.0    
 16               Euler    0.57722       0.0      0.0      0.0      0.0      0.0      0.0    
 ==============================================================================
                                                                               
 Multifluid database: not configured in
                                                                               
 ==============================================================================
 [ 02-28-2025  11:54:56.296 ] [gr_initGeometry] checking BCs for idir: 1
 [ 02-28-2025  11:54:56.296 ] [gr_initGeometry] checking BCs for idir: 2
 [ 02-28-2025  11:54:56.296 ] [gr_initGeometry] checking BCs for idir: 3
 [ 02-28-2025  11:54:58.298 ] [GRID amr_refine_derefine]: initiating refinement
 [ 02-28-2025  11:54:58.298 ] [GRID amr_refine_derefine]: redist. phase.  tot blks requested: 512
 [GRID amr_refine_derefine] min blks 1    max blks 2    tot blks 512
 [GRID amr_refine_derefine] min leaf blks 1    max leaf blks 2    tot leaf blks 512
 [ 02-28-2025  11:54:58.307 ] [GRID amr_refine_derefine]: refinement complete
 [ 02-28-2025  11:54:58.336 ] [GRID gr_expandDomain]: iteration=1, create level=2
 INFO: Grid_fillGuardCells is ignoring masking.
 [ 02-28-2025  11:55:00.722 ] [mpi_amr_comm_setup]: buffer_dim_send=407977, buffer_dim_recv=407977
 [ 02-28-2025  11:55:01.043 ] [GRID amr_refine_derefine]: initiating refinement
 [ 02-28-2025  11:55:01.051 ] [GRID amr_refine_derefine]: redist. phase.  tot blks requested: 576
 [GRID amr_refine_derefine] min blks 1    max blks 2    tot blks 576
 [GRID amr_refine_derefine] min leaf blks 0    max leaf blks 2    tot leaf blks 568
 [ 02-28-2025  11:55:01.110 ] [GRID amr_refine_derefine]: refinement complete
 [ 02-28-2025  11:55:01.116 ] [GRID gr_expandDomain]: iteration=2, create level=3
 [ 02-28-2025  11:55:04.250 ] [GRID amr_refine_derefine]: initiating refinement
 [ 02-28-2025  11:55:04.256 ] [GRID amr_refine_derefine]: redist. phase.  tot blks requested: 640
 [GRID amr_refine_derefine] min blks 1    max blks 2    tot blks 640
 [GRID amr_refine_derefine] min leaf blks 0    max leaf blks 2    tot leaf blks 624
 [ 02-28-2025  11:55:04.315 ] [GRID amr_refine_derefine]: refinement complete
 [ 02-28-2025  11:55:04.321 ] [GRID gr_expandDomain]: iteration=3, create level=4
 [ 02-28-2025  11:55:06.997 ] [GRID amr_refine_derefine]: initiating refinement
 [ 02-28-2025  11:55:07.001 ] [GRID amr_refine_derefine]: redist. phase.  tot blks requested: 704
 [GRID amr_refine_derefine] min blks 1    max blks 2    tot blks 704
 [GRID amr_refine_derefine] min leaf blks 0    max leaf blks 2    tot leaf blks 680
 [ 02-28-2025  11:55:07.063 ] [GRID amr_refine_derefine]: refinement complete
 [ 02-28-2025  11:55:07.070 ] [GRID gr_expandDomain]: iteration=4, create level=5
 [ 02-28-2025  11:55:09.786 ] [GRID amr_refine_derefine]: initiating refinement
 [ 02-28-2025  11:55:09.790 ] [GRID amr_refine_derefine]: redist. phase.  tot blks requested: 768
 [GRID amr_refine_derefine] min blks 1    max blks 2    tot blks 768
 [GRID amr_refine_derefine] min leaf blks 0    max leaf blks 2    tot leaf blks 736
 [ 02-28-2025  11:55:09.851 ] [GRID amr_refine_derefine]: refinement complete
 [ 02-28-2025  11:55:09.858 ] [GRID gr_expandDomain]: iteration=5, create level=6
 [ 02-28-2025  11:55:12.564 ] [GRID amr_refine_derefine]: initiating refinement
 [ 02-28-2025  11:55:12.569 ] [GRID amr_refine_derefine]: redist. phase.  tot blks requested: 3072
 [GRID amr_refine_derefine] min blks 6    max blks 9    tot blks 3072
 [GRID amr_refine_derefine] min leaf blks 4    max leaf blks 7    tot leaf blks 2752
 [ 02-28-2025  11:55:12.659 ] [GRID amr_refine_derefine]: refinement complete
 [ 02-28-2025  11:55:12.665 ] [GRID gr_expandDomain]: iteration=6, create level=6
 [ 02-28-2025  11:55:20.060 ] [mpi_amr_comm_setup]: buffer_dim_send=2842945, buffer_dim_recv=2345545
 [ 02-28-2025  11:55:22.212 ] [GRID gr_expandDomain]: iteration=7, create level=6
 [ 02-28-2025  11:55:32.060 ] [GRID gr_expandDomain]: iteration=8, create level=6
 [ 02-28-2025  11:55:41.416 ] memory: /proc vsize    (MB):     4559.92 (min)       4789.87 (max)       4702.79 (avg)
 [ 02-28-2025  11:55:41.416 ] memory: /proc rss      (MB):     1841.02 (min)       1927.27 (max)       1891.47 (avg)
 [ 02-28-2025  11:55:41.417 ] memory: /proc vsize    (MB):     4559.92 (min)       4789.87 (max)       4702.79 (avg)
 [ 02-28-2025  11:55:41.417 ] memory: /proc rss      (MB):     1841.02 (min)       1927.27 (max)       1891.48 (avg)
 [ 02-28-2025  11:55:41.431 ] memory: /proc vsize    (MB):     4559.92 (min)       4789.87 (max)       4702.79 (avg)
 [ 02-28-2025  11:55:41.431 ] memory: /proc rss      (MB):     1841.02 (min)       1927.27 (max)       1891.48 (avg)
 [ 02-28-2025  11:55:44.708 ] [IO_writeCheckpoint] open: type=checkpoint name=sedov_hdf5_chk_0000
 [ 02-28-2025  11:55:52.565 ] [io_writeData]: wrote    3072          blocks
 [ 02-28-2025  11:55:52.621 ] [IO_writeCheckpoint] close: type=checkpoint name=sedov_hdf5_chk_0000
 [ 02-28-2025  11:55:52.699 ] [IO_writePlotfile] open: type=plotfile name=sedov_hdf5_plt_cnt_0000
 [ 02-28-2025  11:55:53.737 ] [io_writeData]: wrote    3072          blocks
 [ 02-28-2025  11:55:53.747 ] [IO_writePlotfile] close: type=plotfile name=sedov_hdf5_plt_cnt_0000
 [ 02-28-2025  11:55:53.750 ] memory: /proc vsize    (MB):     4559.92 (min)       5004.56 (max)       4713.54 (avg)
 [ 02-28-2025  11:55:53.753 ] memory: /proc rss      (MB):     1847.24 (min)       1933.84 (max)       1900.35 (avg)
 [ 02-28-2025  11:55:53.756 ] [Driver_evolveAll]: Entering evolution loop
 [ 02-28-2025  11:55:53.759 ] step: n=1 t=0.000000E+00 dt=1.000000E-10
 [ 02-28-2025  11:55:56.311 ] step: n=2 t=1.000000E-10 dt=2.000000E-10
 [ 02-28-2025  11:56:00.873 ] step: n=3 t=3.000000E-10 dt=4.000000E-10
 [ 02-28-2025  11:56:03.419 ] step: n=4 t=7.000000E-10 dt=8.000000E-10
 [ 02-28-2025  11:56:07.992 ] step: n=5 t=1.500000E-09 dt=1.600000E-09
 [ 02-28-2025  11:56:10.550 ] step: n=6 t=3.100000E-09 dt=3.200000E-09
 [ 02-28-2025  11:56:15.141 ] step: n=7 t=6.300000E-09 dt=6.400000E-09
 [ 02-28-2025  11:56:17.697 ] step: n=8 t=1.270000E-08 dt=1.280000E-08
 [ 02-28-2025  11:56:22.297 ] step: n=9 t=2.550000E-08 dt=2.560000E-08
 [ 02-28-2025  11:56:24.852 ] step: n=10 t=5.110000E-08 dt=5.120000E-08
 [ 02-28-2025  11:56:33.650 ] [IO_writeCheckpoint] open: type=checkpoint name=sedov_hdf5_chk_0001
 [ 02-28-2025  11:56:40.916 ] [io_writeData]: wrote    3072          blocks
 [ 02-28-2025  11:56:40.921 ] [IO_writeCheckpoint] close: type=checkpoint name=sedov_hdf5_chk_0001
 [ 02-28-2025  11:56:40.923 ] step: n=11 t=1.023000E-07 dt=1.024000E-07
 [ 02-28-2025  11:56:43.486 ] step: n=12 t=2.047000E-07 dt=2.048000E-07
 [ 02-28-2025  11:56:48.057 ] step: n=13 t=4.095000E-07 dt=3.780580E-07
 [ 02-28-2025  11:56:50.613 ] step: n=14 t=7.875580E-07 dt=3.318741E-07
 [ 02-28-2025  11:56:55.181 ] step: n=15 t=1.119432E-06 dt=3.092289E-07
 [ 02-28-2025  11:56:57.738 ] step: n=16 t=1.428661E-06 dt=2.992294E-07
 [ 02-28-2025  11:57:02.341 ] step: n=17 t=1.727890E-06 dt=2.937996E-07
 [ 02-28-2025  11:57:04.897 ] step: n=18 t=2.021690E-06 dt=2.903171E-07
 [ 02-28-2025  11:57:09.496 ] step: n=19 t=2.312007E-06 dt=2.885409E-07
 [ 02-28-2025  11:57:12.058 ] step: n=20 t=2.600548E-06 dt=2.888720E-07
 [ 02-28-2025  11:57:20.652 ] [IO_writeCheckpoint] open: type=checkpoint name=sedov_hdf5_chk_0002
 [ 02-28-2025  11:57:22.644 ] [io_writeData]: wrote    3072          blocks
 [ 02-28-2025  11:57:22.652 ] [IO_writeCheckpoint] close: type=checkpoint name=sedov_hdf5_chk_0002
 [ 02-28-2025  11:57:22.653 ] step: n=21 t=2.889420E-06 dt=2.887293E-07
 [ 02-28-2025  11:57:25.205 ] step: n=22 t=3.178149E-06 dt=2.892131E-07
 [ 02-28-2025  11:57:29.797 ] step: n=23 t=3.467362E-06 dt=2.899648E-07
 [ 02-28-2025  11:57:32.351 ] step: n=24 t=3.757327E-06 dt=2.906042E-07
 [ 02-28-2025  11:57:36.948 ] step: n=25 t=4.047932E-06 dt=2.911052E-07
 [ 02-28-2025  11:57:39.501 ] step: n=26 t=4.339037E-06 dt=2.916035E-07
 [ 02-28-2025  11:57:44.103 ] step: n=27 t=4.630640E-06 dt=2.912533E-07
 [ 02-28-2025  11:57:46.653 ] step: n=28 t=4.921894E-06 dt=2.910087E-07
 [ 02-28-2025  11:57:51.250 ] step: n=29 t=5.212902E-06 dt=2.908141E-07
 [ 02-28-2025  11:57:53.802 ] step: n=30 t=5.503716E-06 dt=2.906984E-07
 [ 02-28-2025  11:57:58.365 ] [GRID amr_refine_derefine]: initiating refinement
 [ 02-28-2025  11:57:58.373 ] [GRID amr_refine_derefine]: redist. phase.  tot blks requested: 3264
 [GRID amr_refine_derefine] min blks 6    max blks 9    tot blks 3264
 [GRID amr_refine_derefine] min leaf blks 4    max leaf blks 7    tot leaf blks 2920
 [ 02-28-2025  11:57:58.491 ] [GRID amr_refine_derefine]: refinement complete
 [ 02-28-2025  11:58:02.943 ] [IO_writeCheckpoint] open: type=checkpoint name=sedov_hdf5_chk_0003
 [ 02-28-2025  11:58:05.022 ] [io_writeData]: wrote    3264          blocks
 [ 02-28-2025  11:58:05.030 ] [IO_writeCheckpoint] close: type=checkpoint name=sedov_hdf5_chk_0003
 [ 02-28-2025  11:58:05.033 ] step: n=31 t=5.794415E-06 dt=2.906135E-07
 [ 02-28-2025  11:58:05.033 ] [mpi_amr_comm_setup]: buffer_dim_send=3014497, buffer_dim_recv=2540365
 [ 02-28-2025  11:58:07.635 ] step: n=32 t=6.085028E-06 dt=2.901953E-07
 [ 02-28-2025  11:58:12.322 ] step: n=33 t=6.375224E-06 dt=2.900594E-07
 [ 02-28-2025  11:58:14.912 ] step: n=34 t=6.665283E-06 dt=2.899658E-07
 [ 02-28-2025  11:58:19.592 ] step: n=35 t=6.955249E-06 dt=2.898708E-07
 [ 02-28-2025  11:58:22.181 ] step: n=36 t=7.245120E-06 dt=2.898402E-07
 [ 02-28-2025  11:58:26.864 ] step: n=37 t=7.534960E-06 dt=2.896849E-07
 [ 02-28-2025  11:58:29.440 ] step: n=38 t=7.824645E-06 dt=2.894037E-07
 [ 02-28-2025  11:58:34.116 ] step: n=39 t=8.114048E-06 dt=2.892750E-07
 [ 02-28-2025  11:58:36.687 ] step: n=40 t=8.403323E-06 dt=2.891725E-07
 [ 02-28-2025  11:58:45.254 ] [IO_writeCheckpoint] open: type=checkpoint name=sedov_hdf5_chk_0004
 [ 02-28-2025  11:58:47.397 ] [io_writeData]: wrote    3264          blocks
 [ 02-28-2025  11:58:47.403 ] [IO_writeCheckpoint] close: type=checkpoint name=sedov_hdf5_chk_0004
 [ 02-28-2025  11:58:47.405 ] step: n=41 t=8.692496E-06 dt=2.890625E-07
 [ 02-28-2025  11:58:49.978 ] step: n=42 t=8.981558E-06 dt=2.889995E-07
 [ 02-28-2025  11:58:54.654 ] step: n=43 t=9.270558E-06 dt=2.887093E-07
 [ 02-28-2025  11:58:57.221 ] step: n=44 t=9.559267E-06 dt=2.884276E-07
 [ 02-28-2025  11:59:01.883 ] step: n=45 t=9.847695E-06 dt=2.882697E-07
 [ 02-28-2025  11:59:04.457 ] step: n=46 t=1.013596E-05 dt=2.881230E-07
 [ 02-28-2025  11:59:09.124 ] step: n=47 t=1.042409E-05 dt=2.879842E-07
 [ 02-28-2025  11:59:11.690 ] step: n=48 t=1.071207E-05 dt=2.878746E-07
 [ 02-28-2025  11:59:16.361 ] step: n=49 t=1.099995E-05 dt=2.875084E-07
 [ 02-28-2025  11:59:18.933 ] step: n=50 t=1.128745E-05 dt=2.872050E-07
 [ 02-28-2025  11:59:27.596 ] [IO_writeCheckpoint] open: type=checkpoint name=sedov_hdf5_chk_0005
 [ 02-28-2025  11:59:29.663 ] [io_writeData]: wrote    3264          blocks
 [ 02-28-2025  11:59:29.670 ] [IO_writeCheckpoint] close: type=checkpoint name=sedov_hdf5_chk_0005
 [ 02-28-2025  11:59:29.671 ] step: n=51 t=1.157466E-05 dt=2.870059E-07
 [ 02-28-2025  11:59:32.243 ] step: n=52 t=1.186167E-05 dt=2.868556E-07
 [ 02-28-2025  11:59:36.862 ] step: n=53 t=1.214852E-05 dt=2.867067E-07
 [ 02-28-2025  11:59:39.436 ] step: n=54 t=1.243523E-05 dt=2.865689E-07
 [ 02-28-2025  11:59:44.093 ] step: n=55 t=1.272180E-05 dt=2.863801E-07
 [ 02-28-2025  11:59:46.662 ] step: n=56 t=1.300818E-05 dt=2.860363E-07
 [ 02-28-2025  11:59:51.329 ] step: n=57 t=1.329421E-05 dt=2.857698E-07
 [ 02-28-2025  11:59:53.899 ] step: n=58 t=1.357998E-05 dt=2.855749E-07
 [ 02-28-2025  11:59:58.571 ] step: n=59 t=1.386556E-05 dt=2.854113E-07
 [ 02-28-2025  12:00:01.137 ] step: n=60 t=1.415097E-05 dt=2.852482E-07
 [ 02-28-2025  12:00:09.773 ] [IO_writeCheckpoint] open: type=checkpoint name=sedov_hdf5_chk_0006
 [ 02-28-2025  12:00:11.883 ] [io_writeData]: wrote    3264          blocks
 [ 02-28-2025  12:00:11.890 ] [IO_writeCheckpoint] close: type=checkpoint name=sedov_hdf5_chk_0006
 [ 02-28-2025  12:00:11.891 ] [Driver_evolveAll]: Exiting evolution loop
 [ 02-28-2025  12:00:12.092 ] [IO_writePlotfile] open: type=plotfile name=sedov_forced_hdf5_plt_cnt_0000
 [ 02-28-2025  12:00:15.855 ] [io_writeData]: wrote    3264          blocks
 [ 02-28-2025  12:00:15.998 ] [IO_writePlotfile] close: type=plotfile name=sedov_forced_hdf5_plt_cnt_0000
 [ 02-28-2025  12:00:16.071 ] memory: /proc vsize    (MB):     4559.74 (min)       5030.19 (max)       4767.36 (avg)
 [ 02-28-2025  12:00:16.125 ] memory: /proc rss      (MB):     1934.51 (min)       2035.13 (max)       1990.61 (avg)
 ==============================================================================
 perf_summary: code performance summary for process            0
                      beginning : 02-28-2025  11:54:56
                         ending : 02-28-2025  12:00:16
   seconds in monitoring period :              319.885
      number of evolution steps :                   60
 ------------------------------------------------------------------------------
 accounting unit                       time sec  num calls   secs avg  time pct
 ------------------------------------------------------------------------------
 initialization                         57.460      1          57.460    17.963
  eos                                    0.102      8           0.013     0.032
  guardcell internal                     4.044      7           0.578     1.264
   amr_guardcell                         3.998      7           0.571     1.250
   eos gc                                0.000      7           0.000     0.000
  writeCheckpoint                       11.175      1          11.175     3.493
   restrictAll                           3.029      1           3.029     0.947
  writePlotfile                          1.124      1           1.124     0.351
 writePlotfile                           4.085      1           4.085     1.277
 evolution                             258.134      1         258.134    80.696
  Hydro                                103.990     60           1.733    32.509
   Head                                 16.080     60           0.268     5.027
    guardcell internal                  16.078     60           0.268     5.026
     amr_guardcell                      15.424     60           0.257     4.822
     eos gc                              0.001     60           0.000     0.000
   compute fluxes                       84.721     60           1.412    26.485
    hy_computeFluxes                    84.720    390           0.217    26.484
     RiemannState                       72.726    390           0.186    22.735
     getFaceFlux                        11.891    390           0.030     3.717
   conserveFluxes                        0.027     60           0.000     0.009
   update solution                       3.138     60           0.052     0.981
    update solution body                 3.138    390           0.008     0.981
     unsplitUpdate                       1.324    390           0.003     0.414
  sourceTerms                            0.000     60           0.000     0.000
  Particles_advance                      0.000     60           0.000     0.000
  Gravity potential                      0.000     60           0.000     0.000
  IO_output                             90.979    120           0.758    28.441
   diagnostics                          49.000    120           0.408    15.318
   checkpointing                        41.931      6           6.989    13.108
    writeCheckpoint                     41.930      6           6.988    13.108
     restrictAll                        18.768      6           3.128     5.867
  Grid_updateRefinement                 62.381     60           1.040    19.501
   eos                                   0.051      1           0.051     0.016
   tree                                 62.330     60           1.039    19.485
    markRefineDerefine                   7.155     30           0.238     2.237
     guardcell internal                  5.917     30           0.197     1.850
      amr_guardcell                      5.561     30           0.185     1.739
      eos gc                             0.001     30           0.000     0.000
    amr_refine_derefine                 54.406     30           1.814    17.008
    updateData                           0.000     30           0.000     0.000
   updateParticleRefinement              0.000      1           0.000     0.000
  Driver_computeDt                       0.731     60           0.012     0.229
 ==============================================================================
 [ 02-28-2025  12:00:16.285 ] [Timers_getSummary]: Not writing timer max/min/avg values because not all processors had same timers
 [ 02-28-2025  12:00:16.331 ] LOGFILE_END: FLASH run complete.
 FLASH log file:  02-28-2025  12:00:22.475    Run number:  1
 ==============================================================================
 Number of MPI tasks:                448
 MPI version:                          3
 MPI subversion:                       1
 Dimensionality:                       3
 Max Number of Blocks/Proc:          200
 Number x zones:                      32
 Number y zones:                      32
 Number z zones:                      32
 Setup stamp:     Fri Nov 1 14:03:57 2024
 Build stamp:     Fri Nov 1 14:04:23 2024
 System info:     Linux corona211 4.18.0-553.22.1.1toss.t4.x86_64 #1 SMP Tue Sep 24 16:50:00 PDT 2
 Version:         Flash-X 1.0 (heads/main-0-g6040ba49-dirty)                                      
 Build directory: /usr/workspace/ather1/Flash-X/sedov
 Setup syntax:    /usr/workspace/ather1/Flash-X/bin/setup.py Sedov -auto -3d -nxb=32 -nyb=32 -nzb=32 +parallelio -objdir=/usr/workspace/ather1/Flash-X/sedov
 f compiler flags: mpif90 -ggdb -c -O2 -fdefault-real-8 -fdefault-double-8 -Wuninitialized -fallow-argument-mismatch -fallow-argument-mismatch -DMAXBLOCKS=200 -DNXB=32 -DNYB=32 -DNZB=32 -DN_DIM=3
 c compiler flags:    mpicc -I/p/lustre2/ather1/hdf5-1.14.4-3/install/include -DH5_USE_18_API -ggdb -c -O2 -Wuninitialized -D_FORTIFY_SOURCE=2 -DMAXBLOCKS=200 -DNXB=32 -DNYB=32 -DNZB=32 -DN_DIM=3
 ==============================================================================
 Comment:  Sedov explosion
 ==============================================================================
 FLASH Units used:
   Driver/DriverMain/Unsplit
   Grid/GridBoundaryConditions
   Grid/GridMain/AMR/Paramesh4/PM4_package/flash_avoid_orrery
   Grid/GridMain/AMR/Paramesh4/PM4_package/headers
   Grid/GridMain/AMR/Paramesh4/PM4_package/source
   Grid/GridMain/AMR/Paramesh4/PM4_package/utilities/multigrid
   Grid/GridMain/AMR/Paramesh4/interpolation/prolong
   Grid/GridMain/AMR/Paramesh4/levelFlux
   Grid/localAPI
   IO/IOMain/hdf5/parallel/PM
   IO/localAPI
   PhysicalConstants/PhysicalConstantsMain
   RuntimeParameters/RuntimeParametersMain
   Simulation/SimulationMain/Sedov
   TimeAdvance/TimeAdvanceMain/StrangSplit
   flashUtilities/contiguousConversion
   flashUtilities/general
   flashUtilities/interpolation/oneDim
   flashUtilities/nameValueLL
   flashUtilities/sorting/quicksort
   flashUtilities/system/memoryUsage/legacy
   monitors/Logfile/LogfileMain
   monitors/Timers/TimersMain/MPINative
   physics/Eos/EosMain/Gamma
   physics/Hydro/HydroMain/unsplit/OnlyHydro
   physics/Hydro/HydroMain/unsplit/levelFlux
   physics/Hydro/localAPI
 ==============================================================================
 RuntimeParameters:
                                                                               
 ==============================================================================
bndpriorityone              =          1
bndprioritythree            =          3
bndprioritytwo              =          2
checkpointfileintervalstep  =         10 [CHANGED]
checkpointfilenumber        =          0
dr_abortpause               =          2
dr_dtminbelowaction         =          1
drift_break_inst            =          0
drift_trunc_mantissa        =          2
drift_verbose_inst          =          0
eos_entrelescalechoice      =          6
eos_loglevel                =        700
fileformatversion           =          9
forcedplotfilenumber        =          0
gr_lrefmaxtimevalue_1       =         -1
gr_lrefmaxtimevalue_10      =         -1
gr_lrefmaxtimevalue_11      =         -1
gr_lrefmaxtimevalue_12      =         -1
gr_lrefmaxtimevalue_13      =         -1
gr_lrefmaxtimevalue_14      =         -1
gr_lrefmaxtimevalue_15      =         -1
gr_lrefmaxtimevalue_16      =         -1
gr_lrefmaxtimevalue_17      =         -1
gr_lrefmaxtimevalue_18      =         -1
gr_lrefmaxtimevalue_19      =         -1
gr_lrefmaxtimevalue_2       =         -1
gr_lrefmaxtimevalue_20      =         -1
gr_lrefmaxtimevalue_3       =         -1
gr_lrefmaxtimevalue_4       =         -1
gr_lrefmaxtimevalue_5       =         -1
gr_lrefmaxtimevalue_6       =         -1
gr_lrefmaxtimevalue_7       =         -1
gr_lrefmaxtimevalue_8       =         -1
gr_lrefmaxtimevalue_9       =         -1
gr_pmrpdivergencefree       =         -1
gr_pmrpifaceoff             =          0
gr_pmrpl2p5d                =          0
gr_pmrpmaxblocks            =         -1
gr_pmrpmflags               =          1
gr_pmrpnboundaries          =          6
gr_pmrpndim                 =          3
gr_pmrpnedgevar1            =         -1
gr_pmrpnfacevar             =         -1
gr_pmrpnfielddivf           =         -1
gr_pmrpnfluxvar             =         -1
gr_pmrpnguard               =         -1
gr_pmrpnguardwork           =         -1
gr_pmrpnvar                 =         -1
gr_pmrpnvarwork             =          1
gr_pmrpnvarcorn             =          0
gr_pmrpnvaredge             =          0
gr_pmrpnxb                  =         -1
gr_pmrpnyb                  =         -1
gr_pmrpnzb                  =         -1
gr_restrictallmethod        =          3
gr_sanitizedatamode         =          1
gr_sanitizeverbosity        =          5
gr_tilesizex                =         32
gr_tilesizey                =         32
gr_tilesizez                =         32
hy_3torder                  =         -1
hydrocomputedtoption        =         -1
iprocs                      =          1
interpol_order              =          2
irenorm                     =          0
jprocs                      =          1
kprocs                      =          1
lrefine_del                 =          0
lrefine_max                 =          6 [CHANGED]
lrefine_min                 =          1
lrefine_min_init            =          1
max_particles_per_blk       =        100
memory_stat_freq            =     100000
meshcopycount               =          1
min_particles_per_blk       =          1
nbegin                      =          1
nblockx                     =          8 [CHANGED]
nblocky                     =          8 [CHANGED]
nblockz                     =          8 [CHANGED]
nend                        =         60 [CHANGED]
nrefs                       =          2
nsteptotalsts               =          5
order                       =          3 [CHANGED]
outputsplitnum              =          1
plotfileintervalstep        =          0
plotfilenumber              =          0
refine_var_count            =          4
rolling_checkpoint          =      10000
sim_centerrefinelevel       =          1
sim_integralslevel          =         -1
sim_nsubzones               =          7
sweeporder                  =        123
transorder                  =          1
wr_integrals_freq           =          1
limitedslopebeta            =                 0.100E+01
cfl                         =                 0.800E+00
checkpointfileintervaltime  =                 0.000E+00 [CHANGED]
checkpointfileintervalz     =                 0.180+309
cvisc                       =                 0.100E+00
derefine_cutoff_1           =                 0.200E+00
derefine_cutoff_2           =                 0.200E+00
derefine_cutoff_3           =                 0.200E+00
derefine_cutoff_4           =                 0.200E+00
dr_dtmincontinue            =                 0.000E+00
dr_tstepslowstartfactor     =                 0.100E+00
dtinit                      =                 0.100E-09
dtmax                       =                 0.100E+06
dtmin                       =                 0.100E-09
eintswitch                  =                 0.100E-03 [CHANGED]
eos_singlespeciesa          =                 0.100E+01
eos_singlespeciesz          =                 0.100E+01
gamma                       =                 0.140E+01 [CHANGED]
gr_btworkchildscaling       =                 0.100E+01
gr_btworkdefaultleaf        =                 0.200E+01
gr_btworkdefaultpar         =                 0.100E+01
gr_btworklbleaf             =                 0.000E+00
gr_btworklbpar              =                 0.000E+00
gr_btworkubleaf             =                 0.100E+07
gr_btworkubpar              =                 0.100E+07
gr_lrefinemaxredlogbase     =                 0.100E+02
gr_lrefinemaxredradiusfact  =                 0.000E+00
gr_lrefinemaxredtref        =                 0.000E+00
gr_lrefinemaxredtimescale   =                 0.100E+01
gr_lrefmaxtime_1            =                -0.100E+01
gr_lrefmaxtime_10           =                -0.100E+01
gr_lrefmaxtime_11           =                -0.100E+01
gr_lrefmaxtime_12           =                -0.100E+01
gr_lrefmaxtime_13           =                -0.100E+01
gr_lrefmaxtime_14           =                -0.100E+01
gr_lrefmaxtime_15           =                -0.100E+01
gr_lrefmaxtime_16           =                -0.100E+01
gr_lrefmaxtime_17           =                -0.100E+01
gr_lrefmaxtime_18           =                -0.100E+01
gr_lrefmaxtime_19           =                -0.100E+01
gr_lrefmaxtime_2            =                -0.100E+01
gr_lrefmaxtime_20           =                -0.100E+01
gr_lrefmaxtime_3            =                -0.100E+01
gr_lrefmaxtime_4            =                -0.100E+01
gr_lrefmaxtime_5            =                -0.100E+01
gr_lrefmaxtime_6            =                -0.100E+01
gr_lrefmaxtime_7            =                -0.100E+01
gr_lrefmaxtime_8            =                -0.100E+01
gr_lrefmaxtime_9            =                -0.100E+01
hy_cflfallbackfactor        =                 0.900E+00
hy_fpresinmomflux           =                 0.100E+01
hybridorderkappa            =                 0.000E+00
nusts                       =                 0.200E+00 [CHANGED]
plotfileintervaltime        =                 0.000E+00 [CHANGED]
plotfileintervalz           =                 0.180+309
radiusgp                    =                 0.200E+01
refine_cutoff_1             =                 0.800E+00
refine_cutoff_2             =                 0.800E+00
refine_cutoff_3             =                 0.800E+00
refine_cutoff_4             =                 0.800E+00
refine_filter_1             =                 0.100E-01
refine_filter_2             =                 0.100E-01
refine_filter_3             =                 0.100E-01
refine_filter_4             =                 0.100E-01
rss_limit                   =                -0.100E+01
sigmagp                     =                 0.300E+01
sim_derefineradius          =                 0.000E+00
sim_earliestlstime          =                 0.000E+00
sim_expenergy               =                 0.100E+01
sim_largestnormradius       =                 0.180+309
sim_latestlstime            =                 0.180+309
sim_minrhoinit              =                 0.100E-19
sim_pambient                =                 0.100E-04
sim_rinit                   =                 0.137E-01 [CHANGED]
sim_rhoambient              =                 0.100E+01
sim_smallestnormradius      =                 0.000E+00
sim_xctr                    =                 0.500E+00
sim_yctr                    =                 0.500E+00
sim_zctr                    =                 0.500E+00
small                       =                 0.100E-09
smalle                      =                 0.100E-09
smallp                      =                 0.100E-09
smallt                      =                 0.100E-09
smallu                      =                 0.100E-09
smallx                      =                 0.100E-09
smlrho                      =                 0.100E-09
tinitial                    =                 0.000E+00
tiny                        =                 0.100E-15
tmax                        =                 0.500E+06 [CHANGED]
tstep_change_factor         =                 0.200E+01
wall_clock_checkpoint       =                 0.432E+05
wall_clock_time_limit       =                 0.605E+06
x_refine_center             =                 0.000E+00
xmax                        =                 0.100E+01
xmin                        =                 0.000E+00
y_refine_center             =                 0.000E+00
ymax                        =                 0.100E+01
ymin                        =                 0.000E+00
zfinal                      =                 0.000E+00
zinitial                    =                -0.100E+01
z_refine_center             =                 0.000E+00
zmax                        =                 0.100E+01
zmin                        =                 0.000E+00
riemannsolver               = Roe                            [CHANGED]
unitsystem                  = none                          
basenm                      = sedov_                         [CHANGED]
entropyfixmethod            = HARTENHYMAN                   
eosmode                     = dens_ie                       
eosmodeinit                 = dens_ie                       
geometry                    = cartesian                     
gr_pmrpoutputdir            = ./                            
grav_boundary_type          = isolated                      
hy_eosmodegc                = see eosMode                   
log_file                    = sedov.log                      [CHANGED]
output_directory            =                               
pc_unitsbase                = CGS                           
plot_grid_var_1             = none                          
plot_grid_var_10            = none                          
plot_grid_var_11            = none                          
plot_grid_var_12            = none                          
plot_grid_var_13            = none                          
plot_grid_var_14            = none                          
plot_grid_var_15            = none                          
plot_grid_var_16            = none                          
plot_grid_var_17            = none                          
plot_grid_var_18            = none                          
plot_grid_var_19            = none                          
plot_grid_var_2             = none                          
plot_grid_var_20            = none                          
plot_grid_var_21            = none                          
plot_grid_var_22            = none                          
plot_grid_var_23            = none                          
plot_grid_var_24            = none                          
plot_grid_var_25            = none                          
plot_grid_var_26            = none                          
plot_grid_var_27            = none                          
plot_grid_var_28            = none                          
plot_grid_var_29            = none                          
plot_grid_var_3             = none                          
plot_grid_var_30            = none                          
plot_grid_var_31            = none                          
plot_grid_var_32            = none                          
plot_grid_var_33            = none                          
plot_grid_var_34            = none                          
plot_grid_var_35            = none                          
plot_grid_var_36            = none                          
plot_grid_var_37            = none                          
plot_grid_var_38            = none                          
plot_grid_var_39            = none                          
plot_grid_var_4             = none                          
plot_grid_var_40            = none                          
plot_grid_var_41            = none                          
plot_grid_var_42            = none                          
plot_grid_var_43            = none                          
plot_grid_var_44            = none                          
plot_grid_var_45            = none                          
plot_grid_var_46            = none                          
plot_grid_var_47            = none                          
plot_grid_var_48            = none                          
plot_grid_var_49            = none                          
plot_grid_var_5             = none                          
plot_grid_var_50            = none                          
plot_grid_var_51            = none                          
plot_grid_var_52            = none                          
plot_grid_var_53            = none                          
plot_grid_var_54            = none                          
plot_grid_var_55            = none                          
plot_grid_var_56            = none                          
plot_grid_var_57            = none                          
plot_grid_var_58            = none                          
plot_grid_var_59            = none                          
plot_grid_var_6             = none                          
plot_grid_var_60            = none                          
plot_grid_var_61            = none                          
plot_grid_var_62            = none                          
plot_grid_var_63            = none                          
plot_grid_var_64            = none                          
plot_grid_var_65            = none                          
plot_grid_var_66            = none                          
plot_grid_var_67            = none                          
plot_grid_var_68            = none                          
plot_grid_var_69            = none                          
plot_grid_var_7             = none                          
plot_grid_var_70            = none                          
plot_grid_var_71            = none                          
plot_grid_var_72            = none                          
plot_grid_var_73            = none                          
plot_grid_var_74            = none                          
plot_grid_var_75            = none                          
plot_grid_var_76            = none                          
plot_grid_var_77            = none                          
plot_grid_var_78            = none                          
plot_grid_var_8             = none                          
plot_grid_var_9             = none                          
plot_var_1                  = dens                           [CHANGED]
plot_var_10                 = none                          
plot_var_11                 = none                          
plot_var_12                 = none                          
plot_var_13                 = none                          
plot_var_14                 = none                          
plot_var_15                 = none                          
plot_var_16                 = none                          
plot_var_17                 = none                          
plot_var_18                 = none                          
plot_var_2                  = pres                           [CHANGED]
plot_var_3                  = temp                           [CHANGED]
plot_var_4                  = none                          
plot_var_5                  = none                          
plot_var_6                  = none                          
plot_var_7                  = none                          
plot_var_8                  = none                          
plot_var_9                  = none                          
prof_file                   = profile.dat                   
refine_var_1                = dens                           [CHANGED]
refine_var_2                = pres                           [CHANGED]
refine_var_3                = none                          
refine_var_4                = none                          
run_comment                 = Sedov explosion                [CHANGED]
run_number                  = 1                             
sim_proffilename            = /dev/null                      [CHANGED]
slopelimiter                = mc                             [CHANGED]
stats_file                  = flashx.dat                    
wenomethod                  = WENO5                         
xl_boundary_type            = outflow                        [CHANGED]
xr_boundary_type            = outflow                        [CHANGED]
yl_boundary_type            = outflow                        [CHANGED]
yr_boundary_type            = outflow                        [CHANGED]
zl_boundary_type            = outflow                        [CHANGED]
zr_boundary_type            = outflow                        [CHANGED]
csvsummaryallprocs          =  F
eosforriemann               =  F
logsummaryallprocs          =  F
addthermalflux              =  T
allowdtstsdominate          =  F
alwayscomputeuservars       =  T
alwaysrestrictcheckpoint    =  T
charlimiting                =  T
chkguardcellsinput          =  F
chkguardcellsoutput         =  F
conserveangmom              =  F
converttoconsvdformeshcalls =  F
converttoconsvdinmeshinterp =  T
corners                     =  F
dr_printtsteploc            =  T
dr_shortenlaststepbeforetmax =  F
drift_tuples                =  F
eachprocwritesownabortlog   =  F
eachprocwritessummary       =  F
earlyblockdistadjustment    =  T
enablemaskedgcfill          =  F
entropy                     =  F
flux_correct                =  T
flux_correct_perlevel       =  F
geometryoverride            =  F
gr_bcenableapplymixedgds    =  T
gr_bndgcfillneedsprimitivevars =  T
gr_btcustomwork             =  F
gr_btexchangework           =  F
gr_btsortbywork             =  T
gr_enabletiling             =  F
gr_lrefinemaxbytime         =  F
gr_lrefinemaxreddobylogr    =  F
gr_lrefinemaxreddobytime    =  F
gr_pmrpadvancealllevels     =  F
gr_pmrpamrerrorchecking     =  F
gr_pmrpcartesianpm          =  F
gr_pmrpconserve             =  F
gr_pmrpconsvfluxdensities   =  T
gr_pmrpconsvfluxes          =  F
gr_pmrpcurvilinear          =  F
gr_pmrpcurvilinearconserve  =  F
gr_pmrpcylindricalpm        =  F
gr_pmrpdiagonals            =  T
gr_pmrpedgevalue            =  T
gr_pmrpedgevalueinteg       =  F
gr_pmrpemptycells           =  F
gr_pmrpforceconsistency     =  T
gr_pmrplsingularline        =  F
gr_pmrpnopermanentguardcells =  F
gr_pmrppolarpm              =  F
gr_pmrppredcorr             =  F
gr_pmrpsphericalpm          =  F
gr_pmrptimingmpi            =  F
gr_pmrptimingmpix           =  F
gr_pmrpvardt                =  F
gr_usetiling                =  F
hy_fallbacklowercfl         =  F
hy_fullspecmsfluxhandling   =  T
hy_usetiling                =  F
ignoreforcedplot            =  F
io_writemscalarintegrals    =  F
plotfilegridquantitydp      =  F
plotfilemetadatadp          =  F
reducegcellfills            =  F
refine_on_particle_count    =  F
restart                     =  F
shockdetect                 =  F
shocklowercfl               =  F
sim_bcsetbdryvar            =  F
sim_forcecenterderefine     =  F
sim_onelevelintegralsonly   =  F
summaryoutputonly           =  F
threadblocklistbuild        =  F
threaddelepblocklist        =  F
threaddelepwithinblock      =  F
threaddriverblocklist       =  F
threaddriverwithinblock     =  F
threadeoswithinblock        =  F
threadhydroblocklist        =  F
threadhydrowithinblock      =  F
threadraytracebuild         =  F
threadwithinblockbuild      =  F
tmr_suppressinparallel      =  F
typematchedxfer             =  T
unbiased_geometry           =  F
updatehydrofluxes           =  T
useburn                     =  F
usecollectivehdf5           =  T
usedeleptonize              =  F
usegravity                  =  F
useheatad                   =  F
useheater                   =  F
usehydro                    =  T
useimbound                  =  F
useincompns                 =  F
useinlet                    =  F
uselegacylabels             =  T
usemultiphase               =  F
useorchestration            =  F
useoutlet                   =  F
useparticles                =  F
useradtrans                 =  F
usests                      =  F
usestsfordiffusion          =  F
usesolidmechanics           =  F
use_3dfullctu               =  T
use_auxeinteqn              =  T
use_avisc                   =  T [CHANGED]
use_cma_advection           =  F
use_cma_flattening          =  F
use_flash_surr_blks_fill    =  T
use_flattening              =  F
use_gravhalfupdate          =  T
use_hybridorder             =  F
use_reduced_orrery          =  T
use_steepening              =  F
use_upwindtvd               =  F
writestatsummary            =  T
                                                                               
 ==============================================================================
                                                                               
 Known units of measurement:
                                                                               
              Unit                          CGS Value                Base Unit
  1                  cm                     1.0000                           cm
  2                   s                     1.0000                            s
  3                   g                     1.0000                            g
  4                   K                     1.0000                            K
  5                 esu                     1.0000                          esu
  6                 mol                     1.0000                          mol
  7                   m                     100.00                           cm
  8                  km                    1.00000E+05                       cm
  9                  pc                    3.08568E+18                       cm
 10                 kpc                    3.08568E+21                       cm
 11                 Mpc                    3.08568E+24                       cm
 12                 Gpc                    3.08568E+27                       cm
 13                Rsun                    6.96000E+10                       cm
 14                  AU                    1.49598E+13                       cm
 15                  yr                    3.15569E+07                        s
 16                 Myr                    3.15569E+13                        s
 17                 Gyr                    3.15569E+16                        s
 18                  kg                     1000.0                            g
 19                Msun                    1.98892E+33                        g
 20                 amu                    1.66054E-24                        g
 21                  eV                     11605.                            K
 22                   C                    2.99792E+09                      esu
 23                LFLY                    3.08568E+24                       cm
 24                TFLY                    2.05759E+17                        s
 25                MFLY                    9.88470E+45                        g
 26            clLength                    3.08568E+24                       cm
 27              clTime                    3.15569E+16                        s
 28              clMass                    1.98892E+48                        g
 29              clTemp                    1.16045E+07                        K
-----------End of Units--------------------
                                                                               
 Known physical constants:
                                                                               
    Constant Name       Constant Value   cm       s        g        K        esu      mol
  1              Newton    6.67408E-08   3.0     -2.0     -1.0      0.0      0.0      0.0    
  2      speed of light    2.99792E+10   1.0     -1.0      0.0      0.0      0.0      0.0    
  3              Planck    6.62607E-27   2.0     -1.0      1.0      0.0      0.0      0.0    
  4     electron charge    4.80320E-10   0.0      0.0      0.0      0.0      1.0      0.0    
  5       electron mass    9.10938E-28   0.0      0.0      1.0      0.0      0.0      0.0    
  6         proton mass    1.67262E-24   0.0      0.0      1.0      0.0      0.0      0.0    
  7      fine-structure    7.29735E-03   0.0      0.0      0.0      0.0      0.0      0.0    
  8            Avogadro    6.02214E+23   0.0      0.0      0.0      0.0      0.0     -1.0    
  9           Boltzmann    1.38065E-16   2.0     -2.0      1.0     -1.0      0.0      0.0    
 10  ideal gas constant    8.31446E+07   2.0     -2.0      1.0     -1.0      0.0     -1.0    
 11                Wien    0.28978       1.0      0.0      0.0      1.0      0.0      0.0    
 12    Stefan-Boltzmann    5.67037E-05   0.0     -3.0      1.0     -4.0      0.0      0.0    
 13  Radiation Constant    7.56572E-15  -1.0     -2.0      1.0     -4.0      0.0      0.0    
 14                  pi     3.1416       0.0      0.0      0.0      0.0      0.0      0.0    
 15                   e     2.7183       0.0      0.0      0.0      0.0      0.0      0.0    
 16               Euler    0.57722       0.0      0.0      0.0      0.0      0.0      0.0    
 ==============================================================================
                                                                               
 Multifluid database: not configured in
                                                                               
 ==============================================================================
 [ 02-28-2025  12:00:22.477 ] [gr_initGeometry] checking BCs for idir: 1
 [ 02-28-2025  12:00:22.477 ] [gr_initGeometry] checking BCs for idir: 2
 [ 02-28-2025  12:00:22.477 ] [gr_initGeometry] checking BCs for idir: 3
 [ 02-28-2025  12:00:24.391 ] [GRID amr_refine_derefine]: initiating refinement
 [ 02-28-2025  12:00:24.391 ] [GRID amr_refine_derefine]: redist. phase.  tot blks requested: 512
 [GRID amr_refine_derefine] min blks 1    max blks 2    tot blks 512
 [GRID amr_refine_derefine] min leaf blks 1    max leaf blks 2    tot leaf blks 512
 [ 02-28-2025  12:00:24.400 ] [GRID amr_refine_derefine]: refinement complete
 [ 02-28-2025  12:00:24.427 ] [GRID gr_expandDomain]: iteration=1, create level=2
 INFO: Grid_fillGuardCells is ignoring masking.
 [ 02-28-2025  12:00:26.804 ] [mpi_amr_comm_setup]: buffer_dim_send=407977, buffer_dim_recv=407977
 [ 02-28-2025  12:00:27.132 ] [GRID amr_refine_derefine]: initiating refinement
 [ 02-28-2025  12:00:27.140 ] [GRID amr_refine_derefine]: redist. phase.  tot blks requested: 576
 [GRID amr_refine_derefine] min blks 1    max blks 2    tot blks 576
 [GRID amr_refine_derefine] min leaf blks 0    max leaf blks 2    tot leaf blks 568
 [ 02-28-2025  12:00:27.199 ] [GRID amr_refine_derefine]: refinement complete
 [ 02-28-2025  12:00:27.204 ] [GRID gr_expandDomain]: iteration=2, create level=3
 [ 02-28-2025  12:00:30.300 ] [GRID amr_refine_derefine]: initiating refinement
 [ 02-28-2025  12:00:30.307 ] [GRID amr_refine_derefine]: redist. phase.  tot blks requested: 640
 [GRID amr_refine_derefine] min blks 1    max blks 2    tot blks 640
 [GRID amr_refine_derefine] min leaf blks 0    max leaf blks 2    tot leaf blks 624
 [ 02-28-2025  12:00:30.369 ] [GRID amr_refine_derefine]: refinement complete
 [ 02-28-2025  12:00:30.377 ] [GRID gr_expandDomain]: iteration=3, create level=4
 [ 02-28-2025  12:00:33.058 ] [GRID amr_refine_derefine]: initiating refinement
 [ 02-28-2025  12:00:33.063 ] [GRID amr_refine_derefine]: redist. phase.  tot blks requested: 704
 [GRID amr_refine_derefine] min blks 1    max blks 2    tot blks 704
 [GRID amr_refine_derefine] min leaf blks 0    max leaf blks 2    tot leaf blks 680
 [ 02-28-2025  12:00:33.125 ] [GRID amr_refine_derefine]: refinement complete
 [ 02-28-2025  12:00:33.132 ] [GRID gr_expandDomain]: iteration=4, create level=5
 [ 02-28-2025  12:00:35.844 ] [GRID amr_refine_derefine]: initiating refinement
 [ 02-28-2025  12:00:35.848 ] [GRID amr_refine_derefine]: redist. phase.  tot blks requested: 768
 [GRID amr_refine_derefine] min blks 1    max blks 2    tot blks 768
 [GRID amr_refine_derefine] min leaf blks 0    max leaf blks 2    tot leaf blks 736
 [ 02-28-2025  12:00:35.912 ] [GRID amr_refine_derefine]: refinement complete
 [ 02-28-2025  12:00:35.920 ] [GRID gr_expandDomain]: iteration=5, create level=6
 [ 02-28-2025  12:00:38.774 ] [GRID amr_refine_derefine]: initiating refinement
 [ 02-28-2025  12:00:38.780 ] [GRID amr_refine_derefine]: redist. phase.  tot blks requested: 3072
 [GRID amr_refine_derefine] min blks 6    max blks 9    tot blks 3072
 [GRID amr_refine_derefine] min leaf blks 4    max leaf blks 7    tot leaf blks 2752
 [ 02-28-2025  12:00:38.875 ] [GRID amr_refine_derefine]: refinement complete
 [ 02-28-2025  12:00:38.881 ] [GRID gr_expandDomain]: iteration=6, create level=6
 [ 02-28-2025  12:00:46.537 ] [mpi_amr_comm_setup]: buffer_dim_send=2842945, buffer_dim_recv=2345545
 [ 02-28-2025  12:00:48.718 ] [GRID gr_expandDomain]: iteration=7, create level=6
 [ 02-28-2025  12:00:58.575 ] [GRID gr_expandDomain]: iteration=8, create level=6
 [ 02-28-2025  12:01:07.940 ] memory: /proc vsize    (MB):     4559.92 (min)       4789.87 (max)       4703.22 (avg)
 [ 02-28-2025  12:01:07.940 ] memory: /proc rss      (MB):     1839.44 (min)       1927.50 (max)       1891.38 (avg)
 [ 02-28-2025  12:01:07.942 ] memory: /proc vsize    (MB):     4559.92 (min)       4789.87 (max)       4703.22 (avg)
 [ 02-28-2025  12:01:07.942 ] memory: /proc rss      (MB):     1839.44 (min)       1927.50 (max)       1891.39 (avg)
 [ 02-28-2025  12:01:07.955 ] memory: /proc vsize    (MB):     4559.92 (min)       4789.87 (max)       4703.22 (avg)
 [ 02-28-2025  12:01:07.955 ] memory: /proc rss      (MB):     1839.44 (min)       1927.50 (max)       1891.39 (avg)
 [ 02-28-2025  12:01:11.246 ] [IO_writeCheckpoint] open: type=checkpoint name=sedov_hdf5_chk_0000
 [ 02-28-2025  12:01:18.484 ] [io_writeData]: wrote    3072          blocks
 [ 02-28-2025  12:01:18.495 ] [IO_writeCheckpoint] close: type=checkpoint name=sedov_hdf5_chk_0000
 [ 02-28-2025  12:01:18.559 ] [IO_writePlotfile] open: type=plotfile name=sedov_hdf5_plt_cnt_0000
 [ 02-28-2025  12:01:19.309 ] [io_writeData]: wrote    3072          blocks
 [ 02-28-2025  12:01:19.316 ] [IO_writePlotfile] close: type=plotfile name=sedov_hdf5_plt_cnt_0000
 [ 02-28-2025  12:01:19.318 ] memory: /proc vsize    (MB):     4559.92 (min)       5004.56 (max)       4713.92 (avg)
 [ 02-28-2025  12:01:19.318 ] memory: /proc rss      (MB):     1847.05 (min)       1934.51 (max)       1900.27 (avg)
 [ 02-28-2025  12:01:19.318 ] [Driver_evolveAll]: Entering evolution loop
 [ 02-28-2025  12:01:19.318 ] step: n=1 t=0.000000E+00 dt=1.000000E-10
 [ 02-28-2025  12:01:21.877 ] step: n=2 t=1.000000E-10 dt=2.000000E-10
 [ 02-28-2025  12:01:26.418 ] step: n=3 t=3.000000E-10 dt=4.000000E-10
 [ 02-28-2025  12:01:28.957 ] step: n=4 t=7.000000E-10 dt=8.000000E-10
 [ 02-28-2025  12:01:33.545 ] step: n=5 t=1.500000E-09 dt=1.600000E-09
 [ 02-28-2025  12:01:36.103 ] step: n=6 t=3.100000E-09 dt=3.200000E-09
 [ 02-28-2025  12:01:40.681 ] step: n=7 t=6.300000E-09 dt=6.400000E-09
 [ 02-28-2025  12:01:43.235 ] step: n=8 t=1.270000E-08 dt=1.280000E-08
 [ 02-28-2025  12:01:47.784 ] step: n=9 t=2.550000E-08 dt=2.560000E-08
 [ 02-28-2025  12:01:50.331 ] step: n=10 t=5.110000E-08 dt=5.120000E-08
 [ 02-28-2025  12:01:58.135 ] [IO_writeCheckpoint] open: type=checkpoint name=sedov_hdf5_chk_0001
 [ 02-28-2025  12:02:05.428 ] [io_writeData]: wrote    3072          blocks
 [ 02-28-2025  12:02:05.433 ] [IO_writeCheckpoint] close: type=checkpoint name=sedov_hdf5_chk_0001
 [ 02-28-2025  12:02:05.434 ] step: n=11 t=1.023000E-07 dt=1.024000E-07
 [ 02-28-2025  12:02:07.988 ] step: n=12 t=2.047000E-07 dt=2.048000E-07
 [ 02-28-2025  12:02:12.546 ] step: n=13 t=4.095000E-07 dt=3.780580E-07
 [ 02-28-2025  12:02:15.097 ] step: n=14 t=7.875580E-07 dt=3.318741E-07
 [ 02-28-2025  12:02:19.656 ] step: n=15 t=1.119432E-06 dt=3.092289E-07
 [ 02-28-2025  12:02:22.216 ] step: n=16 t=1.428661E-06 dt=2.992294E-07
 [ 02-28-2025  12:02:26.810 ] step: n=17 t=1.727890E-06 dt=2.937996E-07
 [ 02-28-2025  12:02:29.362 ] step: n=18 t=2.021690E-06 dt=2.903171E-07
 [ 02-28-2025  12:02:33.950 ] step: n=19 t=2.312007E-06 dt=2.885409E-07
 [ 02-28-2025  12:02:36.503 ] step: n=20 t=2.600548E-06 dt=2.888720E-07
 [ 02-28-2025  12:02:44.290 ] [IO_writeCheckpoint] open: type=checkpoint name=sedov_hdf5_chk_0002
 [ 02-28-2025  12:02:51.729 ] [io_writeData]: wrote    3072          blocks
 [ 02-28-2025  12:02:51.733 ] [IO_writeCheckpoint] close: type=checkpoint name=sedov_hdf5_chk_0002
 [ 02-28-2025  12:02:51.735 ] step: n=21 t=2.889420E-06 dt=2.887293E-07
 [ 02-28-2025  12:02:54.290 ] step: n=22 t=3.178149E-06 dt=2.892131E-07
 [ 02-28-2025  12:02:58.880 ] step: n=23 t=3.467362E-06 dt=2.899648E-07
 [ 02-28-2025  12:03:01.430 ] step: n=24 t=3.757327E-06 dt=2.906042E-07
 [ 02-28-2025  12:03:06.020 ] step: n=25 t=4.047932E-06 dt=2.911052E-07
 [ 02-28-2025  12:03:08.576 ] step: n=26 t=4.339037E-06 dt=2.916035E-07
 [ 02-28-2025  12:03:13.131 ] step: n=27 t=4.630640E-06 dt=2.912533E-07
 [ 02-28-2025  12:03:15.685 ] step: n=28 t=4.921894E-06 dt=2.910087E-07
 [ 02-28-2025  12:03:20.279 ] step: n=29 t=5.212902E-06 dt=2.908141E-07
 [ 02-28-2025  12:03:22.827 ] step: n=30 t=5.503716E-06 dt=2.906984E-07
 [ 02-28-2025  12:03:27.387 ] [GRID amr_refine_derefine]: initiating refinement
 [ 02-28-2025  12:03:27.394 ] [GRID amr_refine_derefine]: redist. phase.  tot blks requested: 3264
 [GRID amr_refine_derefine] min blks 6    max blks 9    tot blks 3264
 [GRID amr_refine_derefine] min leaf blks 4    max leaf blks 7    tot leaf blks 2920
 [ 02-28-2025  12:03:27.512 ] [GRID amr_refine_derefine]: refinement complete
 [ 02-28-2025  12:03:30.900 ] [IO_writeCheckpoint] open: type=checkpoint name=sedov_hdf5_chk_0003
 [ 02-28-2025  12:03:38.775 ] [io_writeData]: wrote    3264          blocks
 [ 02-28-2025  12:03:38.780 ] [IO_writeCheckpoint] close: type=checkpoint name=sedov_hdf5_chk_0003
 [ 02-28-2025  12:03:38.781 ] step: n=31 t=5.794415E-06 dt=2.906135E-07
 [ 02-28-2025  12:03:38.782 ] [mpi_amr_comm_setup]: buffer_dim_send=3014497, buffer_dim_recv=2540365
 [ 02-28-2025  12:03:41.391 ] step: n=32 t=6.085028E-06 dt=2.901953E-07
 [ 02-28-2025  12:03:46.006 ] step: n=33 t=6.375224E-06 dt=2.900594E-07
 [ 02-28-2025  12:03:48.580 ] step: n=34 t=6.665283E-06 dt=2.899658E-07
 [ 02-28-2025  12:03:53.232 ] step: n=35 t=6.955249E-06 dt=2.898708E-07
 [ 02-28-2025  12:03:55.803 ] step: n=36 t=7.245120E-06 dt=2.898402E-07
 [ 02-28-2025  12:04:00.449 ] step: n=37 t=7.534960E-06 dt=2.896849E-07
 [ 02-28-2025  12:04:03.028 ] step: n=38 t=7.824645E-06 dt=2.894037E-07
 [ 02-28-2025  12:04:07.678 ] step: n=39 t=8.114048E-06 dt=2.892750E-07
 [ 02-28-2025  12:04:10.256 ] step: n=40 t=8.403323E-06 dt=2.891725E-07
 [ 02-28-2025  12:04:18.134 ] [IO_writeCheckpoint] open: type=checkpoint name=sedov_hdf5_chk_0004
 [ 02-28-2025  12:04:25.892 ] [io_writeData]: wrote    3264          blocks
 [ 02-28-2025  12:04:25.899 ] [IO_writeCheckpoint] close: type=checkpoint name=sedov_hdf5_chk_0004
 [ 02-28-2025  12:04:25.900 ] step: n=41 t=8.692496E-06 dt=2.890625E-07
 [ 02-28-2025  12:04:28.477 ] step: n=42 t=8.981558E-06 dt=2.889995E-07
 [ 02-28-2025  12:04:33.164 ] step: n=43 t=9.270558E-06 dt=2.887093E-07
 [ 02-28-2025  12:04:35.745 ] step: n=44 t=9.559267E-06 dt=2.884276E-07
 [ 02-28-2025  12:04:40.405 ] step: n=45 t=9.847695E-06 dt=2.882697E-07
 [ 02-28-2025  12:04:42.989 ] step: n=46 t=1.013596E-05 dt=2.881230E-07
 [ 02-28-2025  12:04:47.648 ] step: n=47 t=1.042409E-05 dt=2.879842E-07
 [ 02-28-2025  12:04:50.233 ] step: n=48 t=1.071207E-05 dt=2.878746E-07
 [ 02-28-2025  12:04:54.890 ] step: n=49 t=1.099995E-05 dt=2.875084E-07
 [ 02-28-2025  12:04:57.471 ] step: n=50 t=1.128745E-05 dt=2.872050E-07
 [ 02-28-2025  12:05:05.355 ] [IO_writeCheckpoint] open: type=checkpoint name=sedov_hdf5_chk_0005
 [ 02-28-2025  12:05:13.274 ] [io_writeData]: wrote    3264          blocks
 [ 02-28-2025  12:05:13.279 ] [IO_writeCheckpoint] close: type=checkpoint name=sedov_hdf5_chk_0005
 [ 02-28-2025  12:05:13.281 ] step: n=51 t=1.157466E-05 dt=2.870059E-07
 [ 02-28-2025  12:05:15.855 ] step: n=52 t=1.186167E-05 dt=2.868556E-07
 [ 02-28-2025  12:05:20.509 ] step: n=53 t=1.214852E-05 dt=2.867067E-07
 [ 02-28-2025  12:05:23.128 ] step: n=54 t=1.243523E-05 dt=2.865689E-07
 [ 02-28-2025  12:05:27.968 ] step: n=55 t=1.272180E-05 dt=2.863801E-07
 [ 02-28-2025  12:05:30.544 ] step: n=56 t=1.300818E-05 dt=2.860363E-07
 [ 02-28-2025  12:05:35.207 ] step: n=57 t=1.329421E-05 dt=2.857698E-07
 [ 02-28-2025  12:05:37.786 ] step: n=58 t=1.357998E-05 dt=2.855749E-07
 [ 02-28-2025  12:05:42.418 ] step: n=59 t=1.386556E-05 dt=2.854113E-07
 [ 02-28-2025  12:05:45.003 ] step: n=60 t=1.415097E-05 dt=2.852482E-07
 [ 02-28-2025  12:05:52.908 ] [IO_writeCheckpoint] open: type=checkpoint name=sedov_hdf5_chk_0006
 [ 02-28-2025  12:06:00.608 ] [io_writeData]: wrote    3264          blocks
 [ 02-28-2025  12:06:00.614 ] [IO_writeCheckpoint] close: type=checkpoint name=sedov_hdf5_chk_0006
 [ 02-28-2025  12:06:00.616 ] [Driver_evolveAll]: Exiting evolution loop
 [ 02-28-2025  12:06:00.681 ] [IO_writePlotfile] open: type=plotfile name=sedov_forced_hdf5_plt_cnt_0000
 [ 02-28-2025  12:06:01.564 ] [io_writeData]: wrote    3264          blocks
 [ 02-28-2025  12:06:01.572 ] [IO_writePlotfile] close: type=plotfile name=sedov_forced_hdf5_plt_cnt_0000
 [ 02-28-2025  12:06:01.573 ] memory: /proc vsize    (MB):     4563.50 (min)       5028.80 (max)       4751.97 (avg)
 [ 02-28-2025  12:06:01.573 ] memory: /proc rss      (MB):     1934.60 (min)       2034.34 (max)       1989.43 (avg)
 ==============================================================================
 perf_summary: code performance summary for process            0
                      beginning : 02-28-2025  12:00:22
                         ending : 02-28-2025  12:06:01
   seconds in monitoring period :              339.098
      number of evolution steps :                   60
 ------------------------------------------------------------------------------
 accounting unit                       time sec  num calls   secs avg  time pct
 ------------------------------------------------------------------------------
 initialization                         56.843      1          56.843    16.763
  eos                                    0.102      8           0.013     0.030
  guardcell internal                     4.035      7           0.576     1.190
   amr_guardcell                         3.991      7           0.570     1.177
   eos gc                                0.000      7           0.000     0.000
  writeCheckpoint                       10.524      1          10.524     3.104
   restrictAll                           3.040      1           3.040     0.896
  writePlotfile                          0.821      1           0.821     0.242
 writePlotfile                           0.956      1           0.956     0.282
 evolution                             281.298      1         281.298    82.955
  Hydro                                104.052     60           1.734    30.685
   Head                                 16.190     60           0.270     4.774
    guardcell internal                  16.188     60           0.270     4.774
     amr_guardcell                      15.535     60           0.259     4.581
     eos gc                              0.001     60           0.000     0.000
   compute fluxes                       84.666     60           1.411    24.968
    hy_computeFluxes                    84.665    390           0.217    24.968
     RiemannState                       72.596    390           0.186    21.408
     getFaceFlux                        11.963    390           0.031     3.528
   conserveFluxes                        0.027     60           0.000     0.008
   update solution                       3.144     60           0.052     0.927
    update solution body                 3.143    390           0.008     0.927
     unsplitUpdate                       1.324    390           0.003     0.390
  sourceTerms                            0.000     60           0.000     0.000
  Particles_advance                      0.000     60           0.000     0.000
  Gravity potential                      0.000     60           0.000     0.000
  IO_output                            114.480    120           0.954    33.760
   diagnostics                          49.204    120           0.410    14.510
   checkpointing                        65.248      6          10.875    19.241
    writeCheckpoint                     65.246      6          10.874    19.241
     restrictAll                        18.830      6           3.138     5.553
  Grid_updateRefinement                 62.012     60           1.034    18.287
   eos                                   0.052      1           0.052     0.015
   tree                                 61.961     60           1.033    18.272
    markRefineDerefine                   7.256     30           0.242     2.140
     guardcell internal                  6.000     30           0.200     1.769
      amr_guardcell                      5.651     30           0.188     1.667
      eos gc                             0.001     30           0.000     0.000
    amr_refine_derefine                 53.931     30           1.798    15.904
    updateData                           0.000     30           0.000     0.000
   updateParticleRefinement              0.000      1           0.000     0.000
  Driver_computeDt                       0.735     60           0.012     0.217
 ==============================================================================
 [ 02-28-2025  12:06:01.574 ] [Timers_getSummary]: Not writing timer max/min/avg values because not all processors had same timers
 [ 02-28-2025  12:06:01.574 ] LOGFILE_END: FLASH run complete.
 FLASH log file:  02-28-2025  12:06:10.232    Run number:  1
 ==============================================================================
 Number of MPI tasks:                448
 MPI version:                          3
 MPI subversion:                       1
 Dimensionality:                       3
 Max Number of Blocks/Proc:          200
 Number x zones:                      32
 Number y zones:                      32
 Number z zones:                      32
 Setup stamp:     Fri Nov 1 14:03:57 2024
 Build stamp:     Fri Nov 1 14:04:23 2024
 System info:     Linux corona211 4.18.0-553.22.1.1toss.t4.x86_64 #1 SMP Tue Sep 24 16:50:00 PDT 2
 Version:         Flash-X 1.0 (heads/main-0-g6040ba49-dirty)                                      
 Build directory: /usr/workspace/ather1/Flash-X/sedov
 Setup syntax:    /usr/workspace/ather1/Flash-X/bin/setup.py Sedov -auto -3d -nxb=32 -nyb=32 -nzb=32 +parallelio -objdir=/usr/workspace/ather1/Flash-X/sedov
 f compiler flags: mpif90 -ggdb -c -O2 -fdefault-real-8 -fdefault-double-8 -Wuninitialized -fallow-argument-mismatch -fallow-argument-mismatch -DMAXBLOCKS=200 -DNXB=32 -DNYB=32 -DNZB=32 -DN_DIM=3
 c compiler flags:    mpicc -I/p/lustre2/ather1/hdf5-1.14.4-3/install/include -DH5_USE_18_API -ggdb -c -O2 -Wuninitialized -D_FORTIFY_SOURCE=2 -DMAXBLOCKS=200 -DNXB=32 -DNYB=32 -DNZB=32 -DN_DIM=3
 ==============================================================================
 Comment:  Sedov explosion
 ==============================================================================
 FLASH Units used:
   Driver/DriverMain/Unsplit
   Grid/GridBoundaryConditions
   Grid/GridMain/AMR/Paramesh4/PM4_package/flash_avoid_orrery
   Grid/GridMain/AMR/Paramesh4/PM4_package/headers
   Grid/GridMain/AMR/Paramesh4/PM4_package/source
   Grid/GridMain/AMR/Paramesh4/PM4_package/utilities/multigrid
   Grid/GridMain/AMR/Paramesh4/interpolation/prolong
   Grid/GridMain/AMR/Paramesh4/levelFlux
   Grid/localAPI
   IO/IOMain/hdf5/parallel/PM
   IO/localAPI
   PhysicalConstants/PhysicalConstantsMain
   RuntimeParameters/RuntimeParametersMain
   Simulation/SimulationMain/Sedov
   TimeAdvance/TimeAdvanceMain/StrangSplit
   flashUtilities/contiguousConversion
   flashUtilities/general
   flashUtilities/interpolation/oneDim
   flashUtilities/nameValueLL
   flashUtilities/sorting/quicksort
   flashUtilities/system/memoryUsage/legacy
   monitors/Logfile/LogfileMain
   monitors/Timers/TimersMain/MPINative
   physics/Eos/EosMain/Gamma
   physics/Hydro/HydroMain/unsplit/OnlyHydro
   physics/Hydro/HydroMain/unsplit/levelFlux
   physics/Hydro/localAPI
 ==============================================================================
 RuntimeParameters:
                                                                               
 ==============================================================================
bndpriorityone              =          1
bndprioritythree            =          3
bndprioritytwo              =          2
checkpointfileintervalstep  =         10 [CHANGED]
checkpointfilenumber        =          0
dr_abortpause               =          2
dr_dtminbelowaction         =          1
drift_break_inst            =          0
drift_trunc_mantissa        =          2
drift_verbose_inst          =          0
eos_entrelescalechoice      =          6
eos_loglevel                =        700
fileformatversion           =          9
forcedplotfilenumber        =          0
gr_lrefmaxtimevalue_1       =         -1
gr_lrefmaxtimevalue_10      =         -1
gr_lrefmaxtimevalue_11      =         -1
gr_lrefmaxtimevalue_12      =         -1
gr_lrefmaxtimevalue_13      =         -1
gr_lrefmaxtimevalue_14      =         -1
gr_lrefmaxtimevalue_15      =         -1
gr_lrefmaxtimevalue_16      =         -1
gr_lrefmaxtimevalue_17      =         -1
gr_lrefmaxtimevalue_18      =         -1
gr_lrefmaxtimevalue_19      =         -1
gr_lrefmaxtimevalue_2       =         -1
gr_lrefmaxtimevalue_20      =         -1
gr_lrefmaxtimevalue_3       =         -1
gr_lrefmaxtimevalue_4       =         -1
gr_lrefmaxtimevalue_5       =         -1
gr_lrefmaxtimevalue_6       =         -1
gr_lrefmaxtimevalue_7       =         -1
gr_lrefmaxtimevalue_8       =         -1
gr_lrefmaxtimevalue_9       =         -1
gr_pmrpdivergencefree       =         -1
gr_pmrpifaceoff             =          0
gr_pmrpl2p5d                =          0
gr_pmrpmaxblocks            =         -1
gr_pmrpmflags               =          1
gr_pmrpnboundaries          =          6
gr_pmrpndim                 =          3
gr_pmrpnedgevar1            =         -1
gr_pmrpnfacevar             =         -1
gr_pmrpnfielddivf           =         -1
gr_pmrpnfluxvar             =         -1
gr_pmrpnguard               =         -1
gr_pmrpnguardwork           =         -1
gr_pmrpnvar                 =         -1
gr_pmrpnvarwork             =          1
gr_pmrpnvarcorn             =          0
gr_pmrpnvaredge             =          0
gr_pmrpnxb                  =         -1
gr_pmrpnyb                  =         -1
gr_pmrpnzb                  =         -1
gr_restrictallmethod        =          3
gr_sanitizedatamode         =          1
gr_sanitizeverbosity        =          5
gr_tilesizex                =         32
gr_tilesizey                =         32
gr_tilesizez                =         32
hy_3torder                  =         -1
hydrocomputedtoption        =         -1
iprocs                      =          1
interpol_order              =          2
irenorm                     =          0
jprocs                      =          1
kprocs                      =          1
lrefine_del                 =          0
lrefine_max                 =          6 [CHANGED]
lrefine_min                 =          1
lrefine_min_init            =          1
max_particles_per_blk       =        100
memory_stat_freq            =     100000
meshcopycount               =          1
min_particles_per_blk       =          1
nbegin                      =          1
nblockx                     =          8 [CHANGED]
nblocky                     =          8 [CHANGED]
nblockz                     =          8 [CHANGED]
nend                        =         60 [CHANGED]
nrefs                       =          2
nsteptotalsts               =          5
order                       =          3 [CHANGED]
outputsplitnum              =          1
plotfileintervalstep        =          0
plotfilenumber              =          0
refine_var_count            =          4
rolling_checkpoint          =      10000
sim_centerrefinelevel       =          1
sim_integralslevel          =         -1
sim_nsubzones               =          7
sweeporder                  =        123
transorder                  =          1
wr_integrals_freq           =          1
limitedslopebeta            =                 0.100E+01
cfl                         =                 0.800E+00
checkpointfileintervaltime  =                 0.000E+00 [CHANGED]
checkpointfileintervalz     =                 0.180+309
cvisc                       =                 0.100E+00
derefine_cutoff_1           =                 0.200E+00
derefine_cutoff_2           =                 0.200E+00
derefine_cutoff_3           =                 0.200E+00
derefine_cutoff_4           =                 0.200E+00
dr_dtmincontinue            =                 0.000E+00
dr_tstepslowstartfactor     =                 0.100E+00
dtinit                      =                 0.100E-09
dtmax                       =                 0.100E+06
dtmin                       =                 0.100E-09
eintswitch                  =                 0.100E-03 [CHANGED]
eos_singlespeciesa          =                 0.100E+01
eos_singlespeciesz          =                 0.100E+01
gamma                       =                 0.140E+01 [CHANGED]
gr_btworkchildscaling       =                 0.100E+01
gr_btworkdefaultleaf        =                 0.200E+01
gr_btworkdefaultpar         =                 0.100E+01
gr_btworklbleaf             =                 0.000E+00
gr_btworklbpar              =                 0.000E+00
gr_btworkubleaf             =                 0.100E+07
gr_btworkubpar              =                 0.100E+07
gr_lrefinemaxredlogbase     =                 0.100E+02
gr_lrefinemaxredradiusfact  =                 0.000E+00
gr_lrefinemaxredtref        =                 0.000E+00
gr_lrefinemaxredtimescale   =                 0.100E+01
gr_lrefmaxtime_1            =                -0.100E+01
gr_lrefmaxtime_10           =                -0.100E+01
gr_lrefmaxtime_11           =                -0.100E+01
gr_lrefmaxtime_12           =                -0.100E+01
gr_lrefmaxtime_13           =                -0.100E+01
gr_lrefmaxtime_14           =                -0.100E+01
gr_lrefmaxtime_15           =                -0.100E+01
gr_lrefmaxtime_16           =                -0.100E+01
gr_lrefmaxtime_17           =                -0.100E+01
gr_lrefmaxtime_18           =                -0.100E+01
gr_lrefmaxtime_19           =                -0.100E+01
gr_lrefmaxtime_2            =                -0.100E+01
gr_lrefmaxtime_20           =                -0.100E+01
gr_lrefmaxtime_3            =                -0.100E+01
gr_lrefmaxtime_4            =                -0.100E+01
gr_lrefmaxtime_5            =                -0.100E+01
gr_lrefmaxtime_6            =                -0.100E+01
gr_lrefmaxtime_7            =                -0.100E+01
gr_lrefmaxtime_8            =                -0.100E+01
gr_lrefmaxtime_9            =                -0.100E+01
hy_cflfallbackfactor        =                 0.900E+00
hy_fpresinmomflux           =                 0.100E+01
hybridorderkappa            =                 0.000E+00
nusts                       =                 0.200E+00 [CHANGED]
plotfileintervaltime        =                 0.000E+00 [CHANGED]
plotfileintervalz           =                 0.180+309
radiusgp                    =                 0.200E+01
refine_cutoff_1             =                 0.800E+00
refine_cutoff_2             =                 0.800E+00
refine_cutoff_3             =                 0.800E+00
refine_cutoff_4             =                 0.800E+00
refine_filter_1             =                 0.100E-01
refine_filter_2             =                 0.100E-01
refine_filter_3             =                 0.100E-01
refine_filter_4             =                 0.100E-01
rss_limit                   =                -0.100E+01
sigmagp                     =                 0.300E+01
sim_derefineradius          =                 0.000E+00
sim_earliestlstime          =                 0.000E+00
sim_expenergy               =                 0.100E+01
sim_largestnormradius       =                 0.180+309
sim_latestlstime            =                 0.180+309
sim_minrhoinit              =                 0.100E-19
sim_pambient                =                 0.100E-04
sim_rinit                   =                 0.137E-01 [CHANGED]
sim_rhoambient              =                 0.100E+01
sim_smallestnormradius      =                 0.000E+00
sim_xctr                    =                 0.500E+00
sim_yctr                    =                 0.500E+00
sim_zctr                    =                 0.500E+00
small                       =                 0.100E-09
smalle                      =                 0.100E-09
smallp                      =                 0.100E-09
smallt                      =                 0.100E-09
smallu                      =                 0.100E-09
smallx                      =                 0.100E-09
smlrho                      =                 0.100E-09
tinitial                    =                 0.000E+00
tiny                        =                 0.100E-15
tmax                        =                 0.500E+06 [CHANGED]
tstep_change_factor         =                 0.200E+01
wall_clock_checkpoint       =                 0.432E+05
wall_clock_time_limit       =                 0.605E+06
x_refine_center             =                 0.000E+00
xmax                        =                 0.100E+01
xmin                        =                 0.000E+00
y_refine_center             =                 0.000E+00
ymax                        =                 0.100E+01
ymin                        =                 0.000E+00
zfinal                      =                 0.000E+00
zinitial                    =                -0.100E+01
z_refine_center             =                 0.000E+00
zmax                        =                 0.100E+01
zmin                        =                 0.000E+00
riemannsolver               = Roe                            [CHANGED]
unitsystem                  = none                          
basenm                      = sedov_                         [CHANGED]
entropyfixmethod            = HARTENHYMAN                   
eosmode                     = dens_ie                       
eosmodeinit                 = dens_ie                       
geometry                    = cartesian                     
gr_pmrpoutputdir            = ./                            
grav_boundary_type          = isolated                      
hy_eosmodegc                = see eosMode                   
log_file                    = sedov.log                      [CHANGED]
output_directory            =                               
pc_unitsbase                = CGS                           
plot_grid_var_1             = none                          
plot_grid_var_10            = none                          
plot_grid_var_11            = none                          
plot_grid_var_12            = none                          
plot_grid_var_13            = none                          
plot_grid_var_14            = none                          
plot_grid_var_15            = none                          
plot_grid_var_16            = none                          
plot_grid_var_17            = none                          
plot_grid_var_18            = none                          
plot_grid_var_19            = none                          
plot_grid_var_2             = none                          
plot_grid_var_20            = none                          
plot_grid_var_21            = none                          
plot_grid_var_22            = none                          
plot_grid_var_23            = none                          
plot_grid_var_24            = none                          
plot_grid_var_25            = none                          
plot_grid_var_26            = none                          
plot_grid_var_27            = none                          
plot_grid_var_28            = none                          
plot_grid_var_29            = none                          
plot_grid_var_3             = none                          
plot_grid_var_30            = none                          
plot_grid_var_31            = none                          
plot_grid_var_32            = none                          
plot_grid_var_33            = none                          
plot_grid_var_34            = none                          
plot_grid_var_35            = none                          
plot_grid_var_36            = none                          
plot_grid_var_37            = none                          
plot_grid_var_38            = none                          
plot_grid_var_39            = none                          
plot_grid_var_4             = none                          
plot_grid_var_40            = none                          
plot_grid_var_41            = none                          
plot_grid_var_42            = none                          
plot_grid_var_43            = none                          
plot_grid_var_44            = none                          
plot_grid_var_45            = none                          
plot_grid_var_46            = none                          
plot_grid_var_47            = none                          
plot_grid_var_48            = none                          
plot_grid_var_49            = none                          
plot_grid_var_5             = none                          
plot_grid_var_50            = none                          
plot_grid_var_51            = none                          
plot_grid_var_52            = none                          
plot_grid_var_53            = none                          
plot_grid_var_54            = none                          
plot_grid_var_55            = none                          
plot_grid_var_56            = none                          
plot_grid_var_57            = none                          
plot_grid_var_58            = none                          
plot_grid_var_59            = none                          
plot_grid_var_6             = none                          
plot_grid_var_60            = none                          
plot_grid_var_61            = none                          
plot_grid_var_62            = none                          
plot_grid_var_63            = none                          
plot_grid_var_64            = none                          
plot_grid_var_65            = none                          
plot_grid_var_66            = none                          
plot_grid_var_67            = none                          
plot_grid_var_68            = none                          
plot_grid_var_69            = none                          
plot_grid_var_7             = none                          
plot_grid_var_70            = none                          
plot_grid_var_71            = none                          
plot_grid_var_72            = none                          
plot_grid_var_73            = none                          
plot_grid_var_74            = none                          
plot_grid_var_75            = none                          
plot_grid_var_76            = none                          
plot_grid_var_77            = none                          
plot_grid_var_78            = none                          
plot_grid_var_8             = none                          
plot_grid_var_9             = none                          
plot_var_1                  = dens                           [CHANGED]
plot_var_10                 = none                          
plot_var_11                 = none                          
plot_var_12                 = none                          
plot_var_13                 = none                          
plot_var_14                 = none                          
plot_var_15                 = none                          
plot_var_16                 = none                          
plot_var_17                 = none                          
plot_var_18                 = none                          
plot_var_2                  = pres                           [CHANGED]
plot_var_3                  = temp                           [CHANGED]
plot_var_4                  = none                          
plot_var_5                  = none                          
plot_var_6                  = none                          
plot_var_7                  = none                          
plot_var_8                  = none                          
plot_var_9                  = none                          
prof_file                   = profile.dat                   
refine_var_1                = dens                           [CHANGED]
refine_var_2                = pres                           [CHANGED]
refine_var_3                = none                          
refine_var_4                = none                          
run_comment                 = Sedov explosion                [CHANGED]
run_number                  = 1                             
sim_proffilename            = /dev/null                      [CHANGED]
slopelimiter                = mc                             [CHANGED]
stats_file                  = flashx.dat                    
wenomethod                  = WENO5                         
xl_boundary_type            = outflow                        [CHANGED]
xr_boundary_type            = outflow                        [CHANGED]
yl_boundary_type            = outflow                        [CHANGED]
yr_boundary_type            = outflow                        [CHANGED]
zl_boundary_type            = outflow                        [CHANGED]
zr_boundary_type            = outflow                        [CHANGED]
csvsummaryallprocs          =  F
eosforriemann               =  F
logsummaryallprocs          =  F
addthermalflux              =  T
allowdtstsdominate          =  F
alwayscomputeuservars       =  T
alwaysrestrictcheckpoint    =  T
charlimiting                =  T
chkguardcellsinput          =  F
chkguardcellsoutput         =  F
conserveangmom              =  F
converttoconsvdformeshcalls =  F
converttoconsvdinmeshinterp =  T
corners                     =  F
dr_printtsteploc            =  T
dr_shortenlaststepbeforetmax =  F
drift_tuples                =  F
eachprocwritesownabortlog   =  F
eachprocwritessummary       =  F
earlyblockdistadjustment    =  T
enablemaskedgcfill          =  F
entropy                     =  F
flux_correct                =  T
flux_correct_perlevel       =  F
geometryoverride            =  F
gr_bcenableapplymixedgds    =  T
gr_bndgcfillneedsprimitivevars =  T
gr_btcustomwork             =  F
gr_btexchangework           =  F
gr_btsortbywork             =  T
gr_enabletiling             =  F
gr_lrefinemaxbytime         =  F
gr_lrefinemaxreddobylogr    =  F
gr_lrefinemaxreddobytime    =  F
gr_pmrpadvancealllevels     =  F
gr_pmrpamrerrorchecking     =  F
gr_pmrpcartesianpm          =  F
gr_pmrpconserve             =  F
gr_pmrpconsvfluxdensities   =  T
gr_pmrpconsvfluxes          =  F
gr_pmrpcurvilinear          =  F
gr_pmrpcurvilinearconserve  =  F
gr_pmrpcylindricalpm        =  F
gr_pmrpdiagonals            =  T
gr_pmrpedgevalue            =  T
gr_pmrpedgevalueinteg       =  F
gr_pmrpemptycells           =  F
gr_pmrpforceconsistency     =  T
gr_pmrplsingularline        =  F
gr_pmrpnopermanentguardcells =  F
gr_pmrppolarpm              =  F
gr_pmrppredcorr             =  F
gr_pmrpsphericalpm          =  F
gr_pmrptimingmpi            =  F
gr_pmrptimingmpix           =  F
gr_pmrpvardt                =  F
gr_usetiling                =  F
hy_fallbacklowercfl         =  F
hy_fullspecmsfluxhandling   =  T
hy_usetiling                =  F
ignoreforcedplot            =  F
io_writemscalarintegrals    =  F
plotfilegridquantitydp      =  F
plotfilemetadatadp          =  F
reducegcellfills            =  F
refine_on_particle_count    =  F
restart                     =  F
shockdetect                 =  F
shocklowercfl               =  F
sim_bcsetbdryvar            =  F
sim_forcecenterderefine     =  F
sim_onelevelintegralsonly   =  F
summaryoutputonly           =  F
threadblocklistbuild        =  F
threaddelepblocklist        =  F
threaddelepwithinblock      =  F
threaddriverblocklist       =  F
threaddriverwithinblock     =  F
threadeoswithinblock        =  F
threadhydroblocklist        =  F
threadhydrowithinblock      =  F
threadraytracebuild         =  F
threadwithinblockbuild      =  F
tmr_suppressinparallel      =  F
typematchedxfer             =  T
unbiased_geometry           =  F
updatehydrofluxes           =  T
useburn                     =  F
usecollectivehdf5           =  T
usedeleptonize              =  F
usegravity                  =  F
useheatad                   =  F
useheater                   =  F
usehydro                    =  T
useimbound                  =  F
useincompns                 =  F
useinlet                    =  F
uselegacylabels             =  T
usemultiphase               =  F
useorchestration            =  F
useoutlet                   =  F
useparticles                =  F
useradtrans                 =  F
usests                      =  F
usestsfordiffusion          =  F
usesolidmechanics           =  F
use_3dfullctu               =  T
use_auxeinteqn              =  T
use_avisc                   =  T [CHANGED]
use_cma_advection           =  F
use_cma_flattening          =  F
use_flash_surr_blks_fill    =  T
use_flattening              =  F
use_gravhalfupdate          =  T
use_hybridorder             =  F
use_reduced_orrery          =  T
use_steepening              =  F
use_upwindtvd               =  F
writestatsummary            =  T
                                                                               
 ==============================================================================
                                                                               
 Known units of measurement:
                                                                               
              Unit                          CGS Value                Base Unit
  1                  cm                     1.0000                           cm
  2                   s                     1.0000                            s
  3                   g                     1.0000                            g
  4                   K                     1.0000                            K
  5                 esu                     1.0000                          esu
  6                 mol                     1.0000                          mol
  7                   m                     100.00                           cm
  8                  km                    1.00000E+05                       cm
  9                  pc                    3.08568E+18                       cm
 10                 kpc                    3.08568E+21                       cm
 11                 Mpc                    3.08568E+24                       cm
 12                 Gpc                    3.08568E+27                       cm
 13                Rsun                    6.96000E+10                       cm
 14                  AU                    1.49598E+13                       cm
 15                  yr                    3.15569E+07                        s
 16                 Myr                    3.15569E+13                        s
 17                 Gyr                    3.15569E+16                        s
 18                  kg                     1000.0                            g
 19                Msun                    1.98892E+33                        g
 20                 amu                    1.66054E-24                        g
 21                  eV                     11605.                            K
 22                   C                    2.99792E+09                      esu
 23                LFLY                    3.08568E+24                       cm
 24                TFLY                    2.05759E+17                        s
 25                MFLY                    9.88470E+45                        g
 26            clLength                    3.08568E+24                       cm
 27              clTime                    3.15569E+16                        s
 28              clMass                    1.98892E+48                        g
 29              clTemp                    1.16045E+07                        K
-----------End of Units--------------------
                                                                               
 Known physical constants:
                                                                               
    Constant Name       Constant Value   cm       s        g        K        esu      mol
  1              Newton    6.67408E-08   3.0     -2.0     -1.0      0.0      0.0      0.0    
  2      speed of light    2.99792E+10   1.0     -1.0      0.0      0.0      0.0      0.0    
  3              Planck    6.62607E-27   2.0     -1.0      1.0      0.0      0.0      0.0    
  4     electron charge    4.80320E-10   0.0      0.0      0.0      0.0      1.0      0.0    
  5       electron mass    9.10938E-28   0.0      0.0      1.0      0.0      0.0      0.0    
  6         proton mass    1.67262E-24   0.0      0.0      1.0      0.0      0.0      0.0    
  7      fine-structure    7.29735E-03   0.0      0.0      0.0      0.0      0.0      0.0    
  8            Avogadro    6.02214E+23   0.0      0.0      0.0      0.0      0.0     -1.0    
  9           Boltzmann    1.38065E-16   2.0     -2.0      1.0     -1.0      0.0      0.0    
 10  ideal gas constant    8.31446E+07   2.0     -2.0      1.0     -1.0      0.0     -1.0    
 11                Wien    0.28978       1.0      0.0      0.0      1.0      0.0      0.0    
 12    Stefan-Boltzmann    5.67037E-05   0.0     -3.0      1.0     -4.0      0.0      0.0    
 13  Radiation Constant    7.56572E-15  -1.0     -2.0      1.0     -4.0      0.0      0.0    
 14                  pi     3.1416       0.0      0.0      0.0      0.0      0.0      0.0    
 15                   e     2.7183       0.0      0.0      0.0      0.0      0.0      0.0    
 16               Euler    0.57722       0.0      0.0      0.0      0.0      0.0      0.0    
 ==============================================================================
                                                                               
 Multifluid database: not configured in
                                                                               
 ==============================================================================
 [ 02-28-2025  12:06:10.234 ] [gr_initGeometry] checking BCs for idir: 1
 [ 02-28-2025  12:06:10.234 ] [gr_initGeometry] checking BCs for idir: 2
 [ 02-28-2025  12:06:10.234 ] [gr_initGeometry] checking BCs for idir: 3
 [ 02-28-2025  12:06:11.894 ] [GRID amr_refine_derefine]: initiating refinement
 [ 02-28-2025  12:06:11.894 ] [GRID amr_refine_derefine]: redist. phase.  tot blks requested: 512
 [GRID amr_refine_derefine] min blks 1    max blks 2    tot blks 512
 [GRID amr_refine_derefine] min leaf blks 1    max leaf blks 2    tot leaf blks 512
 [ 02-28-2025  12:06:11.902 ] [GRID amr_refine_derefine]: refinement complete
 [ 02-28-2025  12:06:11.931 ] [GRID gr_expandDomain]: iteration=1, create level=2
 INFO: Grid_fillGuardCells is ignoring masking.
 [ 02-28-2025  12:06:14.317 ] [mpi_amr_comm_setup]: buffer_dim_send=407977, buffer_dim_recv=407977
 [ 02-28-2025  12:06:14.646 ] [GRID amr_refine_derefine]: initiating refinement
 [ 02-28-2025  12:06:14.654 ] [GRID amr_refine_derefine]: redist. phase.  tot blks requested: 576
 [GRID amr_refine_derefine] min blks 1    max blks 2    tot blks 576
 [GRID amr_refine_derefine] min leaf blks 0    max leaf blks 2    tot leaf blks 568
 [ 02-28-2025  12:06:14.716 ] [GRID amr_refine_derefine]: refinement complete
 [ 02-28-2025  12:06:14.722 ] [GRID gr_expandDomain]: iteration=2, create level=3
 [ 02-28-2025  12:06:17.430 ] [GRID amr_refine_derefine]: initiating refinement
 [ 02-28-2025  12:06:17.436 ] [GRID amr_refine_derefine]: redist. phase.  tot blks requested: 640
 [GRID amr_refine_derefine] min blks 1    max blks 2    tot blks 640
 [GRID amr_refine_derefine] min leaf blks 0    max leaf blks 2    tot leaf blks 624
 [ 02-28-2025  12:06:17.499 ] [GRID amr_refine_derefine]: refinement complete
 [ 02-28-2025  12:06:17.505 ] [GRID gr_expandDomain]: iteration=3, create level=4
 [ 02-28-2025  12:06:20.174 ] [GRID amr_refine_derefine]: initiating refinement
 [ 02-28-2025  12:06:20.178 ] [GRID amr_refine_derefine]: redist. phase.  tot blks requested: 704
 [GRID amr_refine_derefine] min blks 1    max blks 2    tot blks 704
 [GRID amr_refine_derefine] min leaf blks 0    max leaf blks 2    tot leaf blks 680
 [ 02-28-2025  12:06:20.241 ] [GRID amr_refine_derefine]: refinement complete
 [ 02-28-2025  12:06:20.248 ] [GRID gr_expandDomain]: iteration=4, create level=5
 [ 02-28-2025  12:06:22.963 ] [GRID amr_refine_derefine]: initiating refinement
 [ 02-28-2025  12:06:22.969 ] [GRID amr_refine_derefine]: redist. phase.  tot blks requested: 768
 [GRID amr_refine_derefine] min blks 1    max blks 2    tot blks 768
 [GRID amr_refine_derefine] min leaf blks 0    max leaf blks 2    tot leaf blks 736
 [ 02-28-2025  12:06:23.042 ] [GRID amr_refine_derefine]: refinement complete
 [ 02-28-2025  12:06:23.050 ] [GRID gr_expandDomain]: iteration=5, create level=6
 [ 02-28-2025  12:06:25.754 ] [GRID amr_refine_derefine]: initiating refinement
 [ 02-28-2025  12:06:25.760 ] [GRID amr_refine_derefine]: redist. phase.  tot blks requested: 3072
 [GRID amr_refine_derefine] min blks 6    max blks 9    tot blks 3072
 [GRID amr_refine_derefine] min leaf blks 4    max leaf blks 7    tot leaf blks 2752
 [ 02-28-2025  12:06:25.851 ] [GRID amr_refine_derefine]: refinement complete
 [ 02-28-2025  12:06:25.857 ] [GRID gr_expandDomain]: iteration=6, create level=6
 [ 02-28-2025  12:06:33.104 ] [mpi_amr_comm_setup]: buffer_dim_send=2842945, buffer_dim_recv=2345545
 [ 02-28-2025  12:06:35.344 ] [GRID gr_expandDomain]: iteration=7, create level=6
 [ 02-28-2025  12:06:45.198 ] [GRID gr_expandDomain]: iteration=8, create level=6
 [ 02-28-2025  12:06:54.560 ] memory: /proc vsize    (MB):     4559.92 (min)       4789.87 (max)       4702.77 (avg)
 [ 02-28-2025  12:06:54.561 ] memory: /proc rss      (MB):     1839.70 (min)       1927.28 (max)       1891.45 (avg)
 [ 02-28-2025  12:06:54.562 ] memory: /proc vsize    (MB):     4559.92 (min)       4789.87 (max)       4702.77 (avg)
 [ 02-28-2025  12:06:54.562 ] memory: /proc rss      (MB):     1839.70 (min)       1927.28 (max)       1891.46 (avg)
 [ 02-28-2025  12:06:54.575 ] memory: /proc vsize    (MB):     4559.92 (min)       4789.87 (max)       4702.77 (avg)
 [ 02-28-2025  12:06:54.575 ] memory: /proc rss      (MB):     1839.70 (min)       1927.28 (max)       1891.46 (avg)
 [ 02-28-2025  12:06:57.886 ] [IO_writeCheckpoint] open: type=checkpoint name=sedov_hdf5_chk_0000
 [ 02-28-2025  12:07:05.126 ] [io_writeData]: wrote    3072          blocks
 [ 02-28-2025  12:07:05.136 ] [IO_writeCheckpoint] close: type=checkpoint name=sedov_hdf5_chk_0000
 [ 02-28-2025  12:07:05.225 ] [IO_writePlotfile] open: type=plotfile name=sedov_hdf5_plt_cnt_0000
 [ 02-28-2025  12:07:05.952 ] [io_writeData]: wrote    3072          blocks
 [ 02-28-2025  12:07:05.959 ] [IO_writePlotfile] close: type=plotfile name=sedov_hdf5_plt_cnt_0000
 [ 02-28-2025  12:07:05.960 ] memory: /proc vsize    (MB):     4559.92 (min)       5004.56 (max)       4713.49 (avg)
 [ 02-28-2025  12:07:05.960 ] memory: /proc rss      (MB):     1847.11 (min)       1934.32 (max)       1900.29 (avg)
 [ 02-28-2025  12:07:05.960 ] [Driver_evolveAll]: Entering evolution loop
 [ 02-28-2025  12:07:05.961 ] step: n=1 t=0.000000E+00 dt=1.000000E-10
 [ 02-28-2025  12:07:08.523 ] step: n=2 t=1.000000E-10 dt=2.000000E-10
 [ 02-28-2025  12:07:13.090 ] step: n=3 t=3.000000E-10 dt=4.000000E-10
 [ 02-28-2025  12:07:15.628 ] step: n=4 t=7.000000E-10 dt=8.000000E-10
 [ 02-28-2025  12:07:20.223 ] step: n=5 t=1.500000E-09 dt=1.600000E-09
 [ 02-28-2025  12:07:22.775 ] step: n=6 t=3.100000E-09 dt=3.200000E-09
 [ 02-28-2025  12:07:27.362 ] step: n=7 t=6.300000E-09 dt=6.400000E-09
 [ 02-28-2025  12:07:29.914 ] step: n=8 t=1.270000E-08 dt=1.280000E-08
 [ 02-28-2025  12:07:34.506 ] step: n=9 t=2.550000E-08 dt=2.560000E-08
 [ 02-28-2025  12:07:37.055 ] step: n=10 t=5.110000E-08 dt=5.120000E-08
 [ 02-28-2025  12:07:44.874 ] [IO_writeCheckpoint] open: type=checkpoint name=sedov_hdf5_chk_0001
 [ 02-28-2025  12:07:52.137 ] [io_writeData]: wrote    3072          blocks
 [ 02-28-2025  12:07:52.142 ] [IO_writeCheckpoint] close: type=checkpoint name=sedov_hdf5_chk_0001
 [ 02-28-2025  12:07:52.144 ] step: n=11 t=1.023000E-07 dt=1.024000E-07
 [ 02-28-2025  12:07:54.697 ] step: n=12 t=2.047000E-07 dt=2.048000E-07
 [ 02-28-2025  12:07:59.289 ] step: n=13 t=4.095000E-07 dt=3.780580E-07
 [ 02-28-2025  12:08:01.841 ] step: n=14 t=7.875580E-07 dt=3.318741E-07
 [ 02-28-2025  12:08:06.403 ] step: n=15 t=1.119432E-06 dt=3.092289E-07
 [ 02-28-2025  12:08:08.958 ] step: n=16 t=1.428661E-06 dt=2.992294E-07
 [ 02-28-2025  12:08:13.546 ] step: n=17 t=1.727890E-06 dt=2.937996E-07
 [ 02-28-2025  12:08:16.094 ] step: n=18 t=2.021690E-06 dt=2.903171E-07
 [ 02-28-2025  12:08:20.644 ] step: n=19 t=2.312007E-06 dt=2.885409E-07
 [ 02-28-2025  12:08:23.195 ] step: n=20 t=2.600548E-06 dt=2.888720E-07
 [ 02-28-2025  12:08:31.016 ] [IO_writeCheckpoint] open: type=checkpoint name=sedov_hdf5_chk_0002
 [ 02-28-2025  12:08:38.250 ] [io_writeData]: wrote    3072          blocks
 [ 02-28-2025  12:08:38.255 ] [IO_writeCheckpoint] close: type=checkpoint name=sedov_hdf5_chk_0002
 [ 02-28-2025  12:08:38.257 ] step: n=21 t=2.889420E-06 dt=2.887293E-07
 [ 02-28-2025  12:08:40.807 ] step: n=22 t=3.178149E-06 dt=2.892131E-07
 [ 02-28-2025  12:08:45.358 ] step: n=23 t=3.467362E-06 dt=2.899648E-07
 [ 02-28-2025  12:08:47.910 ] step: n=24 t=3.757327E-06 dt=2.906042E-07
 [ 02-28-2025  12:08:52.500 ] step: n=25 t=4.047932E-06 dt=2.911052E-07
 [ 02-28-2025  12:08:55.048 ] step: n=26 t=4.339037E-06 dt=2.916035E-07
 [ 02-28-2025  12:08:59.645 ] step: n=27 t=4.630640E-06 dt=2.912533E-07
 [ 02-28-2025  12:09:02.204 ] step: n=28 t=4.921894E-06 dt=2.910087E-07
 [ 02-28-2025  12:09:06.797 ] step: n=29 t=5.212902E-06 dt=2.908141E-07
 [ 02-28-2025  12:09:09.347 ] step: n=30 t=5.503716E-06 dt=2.906984E-07
 [ 02-28-2025  12:09:13.922 ] [GRID amr_refine_derefine]: initiating refinement
 [ 02-28-2025  12:09:13.928 ] [GRID amr_refine_derefine]: redist. phase.  tot blks requested: 3264
 [GRID amr_refine_derefine] min blks 6    max blks 9    tot blks 3264
 [GRID amr_refine_derefine] min leaf blks 4    max leaf blks 7    tot leaf blks 2920
 [ 02-28-2025  12:09:14.045 ] [GRID amr_refine_derefine]: refinement complete
 [ 02-28-2025  12:09:17.442 ] [IO_writeCheckpoint] open: type=checkpoint name=sedov_hdf5_chk_0003
 [ 02-28-2025  12:09:25.163 ] [io_writeData]: wrote    3264          blocks
 [ 02-28-2025  12:09:25.169 ] [IO_writeCheckpoint] close: type=checkpoint name=sedov_hdf5_chk_0003
 [ 02-28-2025  12:09:25.171 ] step: n=31 t=5.794415E-06 dt=2.906135E-07
 [ 02-28-2025  12:09:25.171 ] [mpi_amr_comm_setup]: buffer_dim_send=3014497, buffer_dim_recv=2540365
 [ 02-28-2025  12:09:27.781 ] step: n=32 t=6.085028E-06 dt=2.901953E-07
 [ 02-28-2025  12:09:32.423 ] step: n=33 t=6.375224E-06 dt=2.900594E-07
 [ 02-28-2025  12:09:35.004 ] step: n=34 t=6.665283E-06 dt=2.899658E-07
 [ 02-28-2025  12:09:39.686 ] step: n=35 t=6.955249E-06 dt=2.898708E-07
 [ 02-28-2025  12:09:42.266 ] step: n=36 t=7.245120E-06 dt=2.898402E-07
 [ 02-28-2025  12:09:46.932 ] step: n=37 t=7.534960E-06 dt=2.896849E-07
 [ 02-28-2025  12:09:49.508 ] step: n=38 t=7.824645E-06 dt=2.894037E-07
 [ 02-28-2025  12:09:54.171 ] step: n=39 t=8.114048E-06 dt=2.892750E-07
 [ 02-28-2025  12:09:56.742 ] step: n=40 t=8.403323E-06 dt=2.891725E-07
 [ 02-28-2025  12:10:04.660 ] [IO_writeCheckpoint] open: type=checkpoint name=sedov_hdf5_chk_0004
 [ 02-28-2025  12:10:12.546 ] [io_writeData]: wrote    3264          blocks
 [ 02-28-2025  12:10:12.553 ] [IO_writeCheckpoint] close: type=checkpoint name=sedov_hdf5_chk_0004
 [ 02-28-2025  12:10:12.555 ] step: n=41 t=8.692496E-06 dt=2.890625E-07
 [ 02-28-2025  12:10:15.126 ] step: n=42 t=8.981558E-06 dt=2.889995E-07
 [ 02-28-2025  12:10:19.783 ] step: n=43 t=9.270558E-06 dt=2.887093E-07
 [ 02-28-2025  12:10:22.352 ] step: n=44 t=9.559267E-06 dt=2.884276E-07
 [ 02-28-2025  12:10:27.005 ] step: n=45 t=9.847695E-06 dt=2.882697E-07
 [ 02-28-2025  12:10:29.572 ] step: n=46 t=1.013596E-05 dt=2.881230E-07
 [ 02-28-2025  12:10:34.231 ] step: n=47 t=1.042409E-05 dt=2.879842E-07
 [ 02-28-2025  12:10:36.798 ] step: n=48 t=1.071207E-05 dt=2.878746E-07
 [ 02-28-2025  12:10:41.450 ] step: n=49 t=1.099995E-05 dt=2.875084E-07
 [ 02-28-2025  12:10:44.018 ] step: n=50 t=1.128745E-05 dt=2.872050E-07
 [ 02-28-2025  12:10:51.921 ] [IO_writeCheckpoint] open: type=checkpoint name=sedov_hdf5_chk_0005
 [ 02-28-2025  12:10:59.825 ] [io_writeData]: wrote    3264          blocks
 [ 02-28-2025  12:10:59.830 ] [IO_writeCheckpoint] close: type=checkpoint name=sedov_hdf5_chk_0005
 [ 02-28-2025  12:10:59.832 ] step: n=51 t=1.157466E-05 dt=2.870059E-07
 [ 02-28-2025  12:11:02.400 ] step: n=52 t=1.186167E-05 dt=2.868556E-07
 [ 02-28-2025  12:11:07.057 ] step: n=53 t=1.214852E-05 dt=2.867067E-07
 [ 02-28-2025  12:11:09.622 ] step: n=54 t=1.243523E-05 dt=2.865689E-07
 [ 02-28-2025  12:11:14.275 ] step: n=55 t=1.272180E-05 dt=2.863801E-07
 [ 02-28-2025  12:11:16.840 ] step: n=56 t=1.300818E-05 dt=2.860363E-07
 [ 02-28-2025  12:11:21.492 ] step: n=57 t=1.329421E-05 dt=2.857698E-07
 [ 02-28-2025  12:11:24.059 ] step: n=58 t=1.357998E-05 dt=2.855749E-07
 [ 02-28-2025  12:11:28.701 ] step: n=59 t=1.386556E-05 dt=2.854113E-07
 [ 02-28-2025  12:11:31.264 ] step: n=60 t=1.415097E-05 dt=2.852482E-07
 [ 02-28-2025  12:11:39.119 ] [IO_writeCheckpoint] open: type=checkpoint name=sedov_hdf5_chk_0006
 [ 02-28-2025  12:11:47.095 ] [io_writeData]: wrote    3264          blocks
 [ 02-28-2025  12:11:47.101 ] [IO_writeCheckpoint] close: type=checkpoint name=sedov_hdf5_chk_0006
 [ 02-28-2025  12:11:47.102 ] [Driver_evolveAll]: Exiting evolution loop
 [ 02-28-2025  12:11:47.152 ] [IO_writePlotfile] open: type=plotfile name=sedov_forced_hdf5_plt_cnt_0000
 [ 02-28-2025  12:11:48.079 ] [io_writeData]: wrote    3264          blocks
 [ 02-28-2025  12:11:48.087 ] [IO_writePlotfile] close: type=plotfile name=sedov_forced_hdf5_plt_cnt_0000
 [ 02-28-2025  12:11:48.088 ] memory: /proc vsize    (MB):     4563.50 (min)       5028.79 (max)       4751.03 (avg)
 [ 02-28-2025  12:11:48.089 ] memory: /proc rss      (MB):     1934.41 (min)       2034.12 (max)       1988.83 (avg)
 ==============================================================================
 perf_summary: code performance summary for process            0
                      beginning : 02-28-2025  12:06:10
                         ending : 02-28-2025  12:11:48
   seconds in monitoring period :              337.856
      number of evolution steps :                   60
 ------------------------------------------------------------------------------
 accounting unit                       time sec  num calls   secs avg  time pct
 ------------------------------------------------------------------------------
 initialization                         55.728      1          55.728    16.495
  eos                                    0.102      8           0.013     0.030
  guardcell internal                     4.063      7           0.580     1.203
   amr_guardcell                         4.017      7           0.574     1.189
   eos gc                                0.000      7           0.000     0.000
  writeCheckpoint                       10.546      1          10.546     3.121
   restrictAll                           3.086      1           3.086     0.913
  writePlotfile                          0.821      1           0.821     0.243
 writePlotfile                           0.984      1           0.984     0.291
 evolution                             281.142      1         281.142    83.213
  Hydro                                104.238     60           1.737    30.853
   Head                                 16.209     60           0.270     4.797
    guardcell internal                  16.206     60           0.270     4.797
     amr_guardcell                      15.548     60           0.259     4.602
     eos gc                              0.001     60           0.000     0.000
   compute fluxes                       84.819     60           1.414    25.105
    hy_computeFluxes                    84.817    390           0.217    25.105
     RiemannState                       72.712    390           0.186    21.521
     getFaceFlux                        11.996    390           0.031     3.550
   conserveFluxes                        0.028     60           0.000     0.008
   update solution                       3.158     60           0.053     0.935
    update solution body                 3.157    390           0.008     0.935
     unsplitUpdate                       1.323    390           0.003     0.392
  sourceTerms                            0.000     60           0.000     0.000
  Particles_advance                      0.000     60           0.000     0.000
  Gravity potential                      0.000     60           0.000     0.000
  IO_output                            113.922    120           0.949    33.719
   diagnostics                          48.604    120           0.405    14.386
   checkpointing                        65.287      6          10.881    19.324
    writeCheckpoint                     65.286      6          10.881    19.324
     restrictAll                        18.851      6           3.142     5.579
  Grid_updateRefinement                 62.223     60           1.037    18.417
   eos                                   0.052      1           0.052     0.015
   tree                                 62.172     60           1.036    18.402
    markRefineDerefine                   7.127     30           0.238     2.110
     guardcell internal                  5.887     30           0.196     1.743
      amr_guardcell                      5.525     30           0.184     1.635
      eos gc                             0.001     30           0.000     0.000
    amr_refine_derefine                 54.278     30           1.809    16.065
    updateData                           0.000     30           0.000     0.000
   updateParticleRefinement              0.000      1           0.000     0.000
  Driver_computeDt                       0.739     60           0.012     0.219
 ==============================================================================
 [ 02-28-2025  12:11:48.090 ] [Timers_getSummary]: Not writing timer max/min/avg values because not all processors had same timers
 [ 02-28-2025  12:11:48.090 ] LOGFILE_END: FLASH run complete.
 FLASH log file:  02-28-2025  12:12:00.469    Run number:  1
 ==============================================================================
 Number of MPI tasks:                448
 MPI version:                          3
 MPI subversion:                       1
 Dimensionality:                       3
 Max Number of Blocks/Proc:          200
 Number x zones:                      32
 Number y zones:                      32
 Number z zones:                      32
 Setup stamp:     Fri Nov 1 14:03:57 2024
 Build stamp:     Fri Nov 1 14:04:23 2024
 System info:     Linux corona211 4.18.0-553.22.1.1toss.t4.x86_64 #1 SMP Tue Sep 24 16:50:00 PDT 2
 Version:         Flash-X 1.0 (heads/main-0-g6040ba49-dirty)                                      
 Build directory: /usr/workspace/ather1/Flash-X/sedov
 Setup syntax:    /usr/workspace/ather1/Flash-X/bin/setup.py Sedov -auto -3d -nxb=32 -nyb=32 -nzb=32 +parallelio -objdir=/usr/workspace/ather1/Flash-X/sedov
 f compiler flags: mpif90 -ggdb -c -O2 -fdefault-real-8 -fdefault-double-8 -Wuninitialized -fallow-argument-mismatch -fallow-argument-mismatch -DMAXBLOCKS=200 -DNXB=32 -DNYB=32 -DNZB=32 -DN_DIM=3
 c compiler flags:    mpicc -I/p/lustre2/ather1/hdf5-1.14.4-3/install/include -DH5_USE_18_API -ggdb -c -O2 -Wuninitialized -D_FORTIFY_SOURCE=2 -DMAXBLOCKS=200 -DNXB=32 -DNYB=32 -DNZB=32 -DN_DIM=3
 ==============================================================================
 Comment:  Sedov explosion
 ==============================================================================
 FLASH Units used:
   Driver/DriverMain/Unsplit
   Grid/GridBoundaryConditions
   Grid/GridMain/AMR/Paramesh4/PM4_package/flash_avoid_orrery
   Grid/GridMain/AMR/Paramesh4/PM4_package/headers
   Grid/GridMain/AMR/Paramesh4/PM4_package/source
   Grid/GridMain/AMR/Paramesh4/PM4_package/utilities/multigrid
   Grid/GridMain/AMR/Paramesh4/interpolation/prolong
   Grid/GridMain/AMR/Paramesh4/levelFlux
   Grid/localAPI
   IO/IOMain/hdf5/parallel/PM
   IO/localAPI
   PhysicalConstants/PhysicalConstantsMain
   RuntimeParameters/RuntimeParametersMain
   Simulation/SimulationMain/Sedov
   TimeAdvance/TimeAdvanceMain/StrangSplit
   flashUtilities/contiguousConversion
   flashUtilities/general
   flashUtilities/interpolation/oneDim
   flashUtilities/nameValueLL
   flashUtilities/sorting/quicksort
   flashUtilities/system/memoryUsage/legacy
   monitors/Logfile/LogfileMain
   monitors/Timers/TimersMain/MPINative
   physics/Eos/EosMain/Gamma
   physics/Hydro/HydroMain/unsplit/OnlyHydro
   physics/Hydro/HydroMain/unsplit/levelFlux
   physics/Hydro/localAPI
 ==============================================================================
 RuntimeParameters:
                                                                               
 ==============================================================================
bndpriorityone              =          1
bndprioritythree            =          3
bndprioritytwo              =          2
checkpointfileintervalstep  =         10 [CHANGED]
checkpointfilenumber        =          0
dr_abortpause               =          2
dr_dtminbelowaction         =          1
drift_break_inst            =          0
drift_trunc_mantissa        =          2
drift_verbose_inst          =          0
eos_entrelescalechoice      =          6
eos_loglevel                =        700
fileformatversion           =          9
forcedplotfilenumber        =          0
gr_lrefmaxtimevalue_1       =         -1
gr_lrefmaxtimevalue_10      =         -1
gr_lrefmaxtimevalue_11      =         -1
gr_lrefmaxtimevalue_12      =         -1
gr_lrefmaxtimevalue_13      =         -1
gr_lrefmaxtimevalue_14      =         -1
gr_lrefmaxtimevalue_15      =         -1
gr_lrefmaxtimevalue_16      =         -1
gr_lrefmaxtimevalue_17      =         -1
gr_lrefmaxtimevalue_18      =         -1
gr_lrefmaxtimevalue_19      =         -1
gr_lrefmaxtimevalue_2       =         -1
gr_lrefmaxtimevalue_20      =         -1
gr_lrefmaxtimevalue_3       =         -1
gr_lrefmaxtimevalue_4       =         -1
gr_lrefmaxtimevalue_5       =         -1
gr_lrefmaxtimevalue_6       =         -1
gr_lrefmaxtimevalue_7       =         -1
gr_lrefmaxtimevalue_8       =         -1
gr_lrefmaxtimevalue_9       =         -1
gr_pmrpdivergencefree       =         -1
gr_pmrpifaceoff             =          0
gr_pmrpl2p5d                =          0
gr_pmrpmaxblocks            =         -1
gr_pmrpmflags               =          1
gr_pmrpnboundaries          =          6
gr_pmrpndim                 =          3
gr_pmrpnedgevar1            =         -1
gr_pmrpnfacevar             =         -1
gr_pmrpnfielddivf           =         -1
gr_pmrpnfluxvar             =         -1
gr_pmrpnguard               =         -1
gr_pmrpnguardwork           =         -1
gr_pmrpnvar                 =         -1
gr_pmrpnvarwork             =          1
gr_pmrpnvarcorn             =          0
gr_pmrpnvaredge             =          0
gr_pmrpnxb                  =         -1
gr_pmrpnyb                  =         -1
gr_pmrpnzb                  =         -1
gr_restrictallmethod        =          3
gr_sanitizedatamode         =          1
gr_sanitizeverbosity        =          5
gr_tilesizex                =         32
gr_tilesizey                =         32
gr_tilesizez                =         32
hy_3torder                  =         -1
hydrocomputedtoption        =         -1
iprocs                      =          1
interpol_order              =          2
irenorm                     =          0
jprocs                      =          1
kprocs                      =          1
lrefine_del                 =          0
lrefine_max                 =          6 [CHANGED]
lrefine_min                 =          1
lrefine_min_init            =          1
max_particles_per_blk       =        100
memory_stat_freq            =     100000
meshcopycount               =          1
min_particles_per_blk       =          1
nbegin                      =          1
nblockx                     =          8 [CHANGED]
nblocky                     =          8 [CHANGED]
nblockz                     =          8 [CHANGED]
nend                        =         60 [CHANGED]
nrefs                       =          2
nsteptotalsts               =          5
order                       =          3 [CHANGED]
outputsplitnum              =          1
plotfileintervalstep        =          0
plotfilenumber              =          0
refine_var_count            =          4
rolling_checkpoint          =      10000
sim_centerrefinelevel       =          1
sim_integralslevel          =         -1
sim_nsubzones               =          7
sweeporder                  =        123
transorder                  =          1
wr_integrals_freq           =          1
limitedslopebeta            =                 0.100E+01
cfl                         =                 0.800E+00
checkpointfileintervaltime  =                 0.000E+00 [CHANGED]
checkpointfileintervalz     =                 0.180+309
cvisc                       =                 0.100E+00
derefine_cutoff_1           =                 0.200E+00
derefine_cutoff_2           =                 0.200E+00
derefine_cutoff_3           =                 0.200E+00
derefine_cutoff_4           =                 0.200E+00
dr_dtmincontinue            =                 0.000E+00
dr_tstepslowstartfactor     =                 0.100E+00
dtinit                      =                 0.100E-09
dtmax                       =                 0.100E+06
dtmin                       =                 0.100E-09
eintswitch                  =                 0.100E-03 [CHANGED]
eos_singlespeciesa          =                 0.100E+01
eos_singlespeciesz          =                 0.100E+01
gamma                       =                 0.140E+01 [CHANGED]
gr_btworkchildscaling       =                 0.100E+01
gr_btworkdefaultleaf        =                 0.200E+01
gr_btworkdefaultpar         =                 0.100E+01
gr_btworklbleaf             =                 0.000E+00
gr_btworklbpar              =                 0.000E+00
gr_btworkubleaf             =                 0.100E+07
gr_btworkubpar              =                 0.100E+07
gr_lrefinemaxredlogbase     =                 0.100E+02
gr_lrefinemaxredradiusfact  =                 0.000E+00
gr_lrefinemaxredtref        =                 0.000E+00
gr_lrefinemaxredtimescale   =                 0.100E+01
gr_lrefmaxtime_1            =                -0.100E+01
gr_lrefmaxtime_10           =                -0.100E+01
gr_lrefmaxtime_11           =                -0.100E+01
gr_lrefmaxtime_12           =                -0.100E+01
gr_lrefmaxtime_13           =                -0.100E+01
gr_lrefmaxtime_14           =                -0.100E+01
gr_lrefmaxtime_15           =                -0.100E+01
gr_lrefmaxtime_16           =                -0.100E+01
gr_lrefmaxtime_17           =                -0.100E+01
gr_lrefmaxtime_18           =                -0.100E+01
gr_lrefmaxtime_19           =                -0.100E+01
gr_lrefmaxtime_2            =                -0.100E+01
gr_lrefmaxtime_20           =                -0.100E+01
gr_lrefmaxtime_3            =                -0.100E+01
gr_lrefmaxtime_4            =                -0.100E+01
gr_lrefmaxtime_5            =                -0.100E+01
gr_lrefmaxtime_6            =                -0.100E+01
gr_lrefmaxtime_7            =                -0.100E+01
gr_lrefmaxtime_8            =                -0.100E+01
gr_lrefmaxtime_9            =                -0.100E+01
hy_cflfallbackfactor        =                 0.900E+00
hy_fpresinmomflux           =                 0.100E+01
hybridorderkappa            =                 0.000E+00
nusts                       =                 0.200E+00 [CHANGED]
plotfileintervaltime        =                 0.000E+00 [CHANGED]
plotfileintervalz           =                 0.180+309
radiusgp                    =                 0.200E+01
refine_cutoff_1             =                 0.800E+00
refine_cutoff_2             =                 0.800E+00
refine_cutoff_3             =                 0.800E+00
refine_cutoff_4             =                 0.800E+00
refine_filter_1             =                 0.100E-01
refine_filter_2             =                 0.100E-01
refine_filter_3             =                 0.100E-01
refine_filter_4             =                 0.100E-01
rss_limit                   =                -0.100E+01
sigmagp                     =                 0.300E+01
sim_derefineradius          =                 0.000E+00
sim_earliestlstime          =                 0.000E+00
sim_expenergy               =                 0.100E+01
sim_largestnormradius       =                 0.180+309
sim_latestlstime            =                 0.180+309
sim_minrhoinit              =                 0.100E-19
sim_pambient                =                 0.100E-04
sim_rinit                   =                 0.137E-01 [CHANGED]
sim_rhoambient              =                 0.100E+01
sim_smallestnormradius      =                 0.000E+00
sim_xctr                    =                 0.500E+00
sim_yctr                    =                 0.500E+00
sim_zctr                    =                 0.500E+00
small                       =                 0.100E-09
smalle                      =                 0.100E-09
smallp                      =                 0.100E-09
smallt                      =                 0.100E-09
smallu                      =                 0.100E-09
smallx                      =                 0.100E-09
smlrho                      =                 0.100E-09
tinitial                    =                 0.000E+00
tiny                        =                 0.100E-15
tmax                        =                 0.500E+06 [CHANGED]
tstep_change_factor         =                 0.200E+01
wall_clock_checkpoint       =                 0.432E+05
wall_clock_time_limit       =                 0.605E+06
x_refine_center             =                 0.000E+00
xmax                        =                 0.100E+01
xmin                        =                 0.000E+00
y_refine_center             =                 0.000E+00
ymax                        =                 0.100E+01
ymin                        =                 0.000E+00
zfinal                      =                 0.000E+00
zinitial                    =                -0.100E+01
z_refine_center             =                 0.000E+00
zmax                        =                 0.100E+01
zmin                        =                 0.000E+00
riemannsolver               = Roe                            [CHANGED]
unitsystem                  = none                          
basenm                      = sedov_                         [CHANGED]
entropyfixmethod            = HARTENHYMAN                   
eosmode                     = dens_ie                       
eosmodeinit                 = dens_ie                       
geometry                    = cartesian                     
gr_pmrpoutputdir            = ./                            
grav_boundary_type          = isolated                      
hy_eosmodegc                = see eosMode                   
log_file                    = sedov.log                      [CHANGED]
output_directory            =                               
pc_unitsbase                = CGS                           
plot_grid_var_1             = none                          
plot_grid_var_10            = none                          
plot_grid_var_11            = none                          
plot_grid_var_12            = none                          
plot_grid_var_13            = none                          
plot_grid_var_14            = none                          
plot_grid_var_15            = none                          
plot_grid_var_16            = none                          
plot_grid_var_17            = none                          
plot_grid_var_18            = none                          
plot_grid_var_19            = none                          
plot_grid_var_2             = none                          
plot_grid_var_20            = none                          
plot_grid_var_21            = none                          
plot_grid_var_22            = none                          
plot_grid_var_23            = none                          
plot_grid_var_24            = none                          
plot_grid_var_25            = none                          
plot_grid_var_26            = none                          
plot_grid_var_27            = none                          
plot_grid_var_28            = none                          
plot_grid_var_29            = none                          
plot_grid_var_3             = none                          
plot_grid_var_30            = none                          
plot_grid_var_31            = none                          
plot_grid_var_32            = none                          
plot_grid_var_33            = none                          
plot_grid_var_34            = none                          
plot_grid_var_35            = none                          
plot_grid_var_36            = none                          
plot_grid_var_37            = none                          
plot_grid_var_38            = none                          
plot_grid_var_39            = none                          
plot_grid_var_4             = none                          
plot_grid_var_40            = none                          
plot_grid_var_41            = none                          
plot_grid_var_42            = none                          
plot_grid_var_43            = none                          
plot_grid_var_44            = none                          
plot_grid_var_45            = none                          
plot_grid_var_46            = none                          
plot_grid_var_47            = none                          
plot_grid_var_48            = none                          
plot_grid_var_49            = none                          
plot_grid_var_5             = none                          
plot_grid_var_50            = none                          
plot_grid_var_51            = none                          
plot_grid_var_52            = none                          
plot_grid_var_53            = none                          
plot_grid_var_54            = none                          
plot_grid_var_55            = none                          
plot_grid_var_56            = none                          
plot_grid_var_57            = none                          
plot_grid_var_58            = none                          
plot_grid_var_59            = none                          
plot_grid_var_6             = none                          
plot_grid_var_60            = none                          
plot_grid_var_61            = none                          
plot_grid_var_62            = none                          
plot_grid_var_63            = none                          
plot_grid_var_64            = none                          
plot_grid_var_65            = none                          
plot_grid_var_66            = none                          
plot_grid_var_67            = none                          
plot_grid_var_68            = none                          
plot_grid_var_69            = none                          
plot_grid_var_7             = none                          
plot_grid_var_70            = none                          
plot_grid_var_71            = none                          
plot_grid_var_72            = none                          
plot_grid_var_73            = none                          
plot_grid_var_74            = none                          
plot_grid_var_75            = none                          
plot_grid_var_76            = none                          
plot_grid_var_77            = none                          
plot_grid_var_78            = none                          
plot_grid_var_8             = none                          
plot_grid_var_9             = none                          
plot_var_1                  = dens                           [CHANGED]
plot_var_10                 = none                          
plot_var_11                 = none                          
plot_var_12                 = none                          
plot_var_13                 = none                          
plot_var_14                 = none                          
plot_var_15                 = none                          
plot_var_16                 = none                          
plot_var_17                 = none                          
plot_var_18                 = none                          
plot_var_2                  = pres                           [CHANGED]
plot_var_3                  = temp                           [CHANGED]
plot_var_4                  = none                          
plot_var_5                  = none                          
plot_var_6                  = none                          
plot_var_7                  = none                          
plot_var_8                  = none                          
plot_var_9                  = none                          
prof_file                   = profile.dat                   
refine_var_1                = dens                           [CHANGED]
refine_var_2                = pres                           [CHANGED]
refine_var_3                = none                          
refine_var_4                = none                          
run_comment                 = Sedov explosion                [CHANGED]
run_number                  = 1                             
sim_proffilename            = /dev/null                      [CHANGED]
slopelimiter                = mc                             [CHANGED]
stats_file                  = flashx.dat                    
wenomethod                  = WENO5                         
xl_boundary_type            = outflow                        [CHANGED]
xr_boundary_type            = outflow                        [CHANGED]
yl_boundary_type            = outflow                        [CHANGED]
yr_boundary_type            = outflow                        [CHANGED]
zl_boundary_type            = outflow                        [CHANGED]
zr_boundary_type            = outflow                        [CHANGED]
csvsummaryallprocs          =  F
eosforriemann               =  F
logsummaryallprocs          =  F
addthermalflux              =  T
allowdtstsdominate          =  F
alwayscomputeuservars       =  T
alwaysrestrictcheckpoint    =  T
charlimiting                =  T
chkguardcellsinput          =  F
chkguardcellsoutput         =  F
conserveangmom              =  F
converttoconsvdformeshcalls =  F
converttoconsvdinmeshinterp =  T
corners                     =  F
dr_printtsteploc            =  T
dr_shortenlaststepbeforetmax =  F
drift_tuples                =  F
eachprocwritesownabortlog   =  F
eachprocwritessummary       =  F
earlyblockdistadjustment    =  T
enablemaskedgcfill          =  F
entropy                     =  F
flux_correct                =  T
flux_correct_perlevel       =  F
geometryoverride            =  F
gr_bcenableapplymixedgds    =  T
gr_bndgcfillneedsprimitivevars =  T
gr_btcustomwork             =  F
gr_btexchangework           =  F
gr_btsortbywork             =  T
gr_enabletiling             =  F
gr_lrefinemaxbytime         =  F
gr_lrefinemaxreddobylogr    =  F
gr_lrefinemaxreddobytime    =  F
gr_pmrpadvancealllevels     =  F
gr_pmrpamrerrorchecking     =  F
gr_pmrpcartesianpm          =  F
gr_pmrpconserve             =  F
gr_pmrpconsvfluxdensities   =  T
gr_pmrpconsvfluxes          =  F
gr_pmrpcurvilinear          =  F
gr_pmrpcurvilinearconserve  =  F
gr_pmrpcylindricalpm        =  F
gr_pmrpdiagonals            =  T
gr_pmrpedgevalue            =  T
gr_pmrpedgevalueinteg       =  F
gr_pmrpemptycells           =  F
gr_pmrpforceconsistency     =  T
gr_pmrplsingularline        =  F
gr_pmrpnopermanentguardcells =  F
gr_pmrppolarpm              =  F
gr_pmrppredcorr             =  F
gr_pmrpsphericalpm          =  F
gr_pmrptimingmpi            =  F
gr_pmrptimingmpix           =  F
gr_pmrpvardt                =  F
gr_usetiling                =  F
hy_fallbacklowercfl         =  F
hy_fullspecmsfluxhandling   =  T
hy_usetiling                =  F
ignoreforcedplot            =  F
io_writemscalarintegrals    =  F
plotfilegridquantitydp      =  F
plotfilemetadatadp          =  F
reducegcellfills            =  F
refine_on_particle_count    =  F
restart                     =  F
shockdetect                 =  F
shocklowercfl               =  F
sim_bcsetbdryvar            =  F
sim_forcecenterderefine     =  F
sim_onelevelintegralsonly   =  F
summaryoutputonly           =  F
threadblocklistbuild        =  F
threaddelepblocklist        =  F
threaddelepwithinblock      =  F
threaddriverblocklist       =  F
threaddriverwithinblock     =  F
threadeoswithinblock        =  F
threadhydroblocklist        =  F
threadhydrowithinblock      =  F
threadraytracebuild         =  F
threadwithinblockbuild      =  F
tmr_suppressinparallel      =  F
typematchedxfer             =  T
unbiased_geometry           =  F
updatehydrofluxes           =  T
useburn                     =  F
usecollectivehdf5           =  T
usedeleptonize              =  F
usegravity                  =  F
useheatad                   =  F
useheater                   =  F
usehydro                    =  T
useimbound                  =  F
useincompns                 =  F
useinlet                    =  F
uselegacylabels             =  T
usemultiphase               =  F
useorchestration            =  F
useoutlet                   =  F
useparticles                =  F
useradtrans                 =  F
usests                      =  F
usestsfordiffusion          =  F
usesolidmechanics           =  F
use_3dfullctu               =  T
use_auxeinteqn              =  T
use_avisc                   =  T [CHANGED]
use_cma_advection           =  F
use_cma_flattening          =  F
use_flash_surr_blks_fill    =  T
use_flattening              =  F
use_gravhalfupdate          =  T
use_hybridorder             =  F
use_reduced_orrery          =  T
use_steepening              =  F
use_upwindtvd               =  F
writestatsummary            =  T
                                                                               
 ==============================================================================
                                                                               
 Known units of measurement:
                                                                               
              Unit                          CGS Value                Base Unit
  1                  cm                     1.0000                           cm
  2                   s                     1.0000                            s
  3                   g                     1.0000                            g
  4                   K                     1.0000                            K
  5                 esu                     1.0000                          esu
  6                 mol                     1.0000                          mol
  7                   m                     100.00                           cm
  8                  km                    1.00000E+05                       cm
  9                  pc                    3.08568E+18                       cm
 10                 kpc                    3.08568E+21                       cm
 11                 Mpc                    3.08568E+24                       cm
 12                 Gpc                    3.08568E+27                       cm
 13                Rsun                    6.96000E+10                       cm
 14                  AU                    1.49598E+13                       cm
 15                  yr                    3.15569E+07                        s
 16                 Myr                    3.15569E+13                        s
 17                 Gyr                    3.15569E+16                        s
 18                  kg                     1000.0                            g
 19                Msun                    1.98892E+33                        g
 20                 amu                    1.66054E-24                        g
 21                  eV                     11605.                            K
 22                   C                    2.99792E+09                      esu
 23                LFLY                    3.08568E+24                       cm
 24                TFLY                    2.05759E+17                        s
 25                MFLY                    9.88470E+45                        g
 26            clLength                    3.08568E+24                       cm
 27              clTime                    3.15569E+16                        s
 28              clMass                    1.98892E+48                        g
 29              clTemp                    1.16045E+07                        K
-----------End of Units--------------------
                                                                               
 Known physical constants:
                                                                               
    Constant Name       Constant Value   cm       s        g        K        esu      mol
  1              Newton    6.67408E-08   3.0     -2.0     -1.0      0.0      0.0      0.0    
  2      speed of light    2.99792E+10   1.0     -1.0      0.0      0.0      0.0      0.0    
  3              Planck    6.62607E-27   2.0     -1.0      1.0      0.0      0.0      0.0    
  4     electron charge    4.80320E-10   0.0      0.0      0.0      0.0      1.0      0.0    
  5       electron mass    9.10938E-28   0.0      0.0      1.0      0.0      0.0      0.0    
  6         proton mass    1.67262E-24   0.0      0.0      1.0      0.0      0.0      0.0    
  7      fine-structure    7.29735E-03   0.0      0.0      0.0      0.0      0.0      0.0    
  8            Avogadro    6.02214E+23   0.0      0.0      0.0      0.0      0.0     -1.0    
  9           Boltzmann    1.38065E-16   2.0     -2.0      1.0     -1.0      0.0      0.0    
 10  ideal gas constant    8.31446E+07   2.0     -2.0      1.0     -1.0      0.0     -1.0    
 11                Wien    0.28978       1.0      0.0      0.0      1.0      0.0      0.0    
 12    Stefan-Boltzmann    5.67037E-05   0.0     -3.0      1.0     -4.0      0.0      0.0    
 13  Radiation Constant    7.56572E-15  -1.0     -2.0      1.0     -4.0      0.0      0.0    
 14                  pi     3.1416       0.0      0.0      0.0      0.0      0.0      0.0    
 15                   e     2.7183       0.0      0.0      0.0      0.0      0.0      0.0    
 16               Euler    0.57722       0.0      0.0      0.0      0.0      0.0      0.0    
 ==============================================================================
                                                                               
 Multifluid database: not configured in
                                                                               
 ==============================================================================
 [ 02-28-2025  12:12:00.470 ] [gr_initGeometry] checking BCs for idir: 1
 [ 02-28-2025  12:12:00.471 ] [gr_initGeometry] checking BCs for idir: 2
 [ 02-28-2025  12:12:00.471 ] [gr_initGeometry] checking BCs for idir: 3
 [ 02-28-2025  12:12:02.142 ] [GRID amr_refine_derefine]: initiating refinement
 [ 02-28-2025  12:12:02.143 ] [GRID amr_refine_derefine]: redist. phase.  tot blks requested: 512
 [GRID amr_refine_derefine] min blks 1    max blks 2    tot blks 512
 [GRID amr_refine_derefine] min leaf blks 1    max leaf blks 2    tot leaf blks 512
 [ 02-28-2025  12:12:02.151 ] [GRID amr_refine_derefine]: refinement complete
 [ 02-28-2025  12:12:02.183 ] [GRID gr_expandDomain]: iteration=1, create level=2
 INFO: Grid_fillGuardCells is ignoring masking.
 [ 02-28-2025  12:12:04.562 ] [mpi_amr_comm_setup]: buffer_dim_send=407977, buffer_dim_recv=407977
 [ 02-28-2025  12:12:04.890 ] [GRID amr_refine_derefine]: initiating refinement
 [ 02-28-2025  12:12:04.899 ] [GRID amr_refine_derefine]: redist. phase.  tot blks requested: 576
 [GRID amr_refine_derefine] min blks 1    max blks 2    tot blks 576
 [GRID amr_refine_derefine] min leaf blks 0    max leaf blks 2    tot leaf blks 568
 [ 02-28-2025  12:12:04.958 ] [GRID amr_refine_derefine]: refinement complete
 [ 02-28-2025  12:12:04.964 ] [GRID gr_expandDomain]: iteration=2, create level=3
 [ 02-28-2025  12:12:07.673 ] [GRID amr_refine_derefine]: initiating refinement
 [ 02-28-2025  12:12:07.679 ] [GRID amr_refine_derefine]: redist. phase.  tot blks requested: 640
 [GRID amr_refine_derefine] min blks 1    max blks 2    tot blks 640
 [GRID amr_refine_derefine] min leaf blks 0    max leaf blks 2    tot leaf blks 624
 [ 02-28-2025  12:12:07.739 ] [GRID amr_refine_derefine]: refinement complete
 [ 02-28-2025  12:12:07.746 ] [GRID gr_expandDomain]: iteration=3, create level=4
 [ 02-28-2025  12:12:10.419 ] [GRID amr_refine_derefine]: initiating refinement
 [ 02-28-2025  12:12:10.423 ] [GRID amr_refine_derefine]: redist. phase.  tot blks requested: 704
 [GRID amr_refine_derefine] min blks 1    max blks 2    tot blks 704
 [GRID amr_refine_derefine] min leaf blks 0    max leaf blks 2    tot leaf blks 680
 [ 02-28-2025  12:12:10.485 ] [GRID amr_refine_derefine]: refinement complete
 [ 02-28-2025  12:12:10.491 ] [GRID gr_expandDomain]: iteration=4, create level=5
 [ 02-28-2025  12:12:13.199 ] [GRID amr_refine_derefine]: initiating refinement
 [ 02-28-2025  12:12:13.203 ] [GRID amr_refine_derefine]: redist. phase.  tot blks requested: 768
 [GRID amr_refine_derefine] min blks 1    max blks 2    tot blks 768
 [GRID amr_refine_derefine] min leaf blks 0    max leaf blks 2    tot leaf blks 736
 [ 02-28-2025  12:12:13.261 ] [GRID amr_refine_derefine]: refinement complete
 [ 02-28-2025  12:12:13.269 ] [GRID gr_expandDomain]: iteration=5, create level=6
 [ 02-28-2025  12:12:15.984 ] [GRID amr_refine_derefine]: initiating refinement
 [ 02-28-2025  12:12:15.989 ] [GRID amr_refine_derefine]: redist. phase.  tot blks requested: 3072
 [GRID amr_refine_derefine] min blks 6    max blks 9    tot blks 3072
 [GRID amr_refine_derefine] min leaf blks 4    max leaf blks 7    tot leaf blks 2752
 [ 02-28-2025  12:12:16.081 ] [GRID amr_refine_derefine]: refinement complete
 [ 02-28-2025  12:12:16.087 ] [GRID gr_expandDomain]: iteration=6, create level=6
 [ 02-28-2025  12:12:23.350 ] [mpi_amr_comm_setup]: buffer_dim_send=2842945, buffer_dim_recv=2345545
 [ 02-28-2025  12:12:25.289 ] [GRID gr_expandDomain]: iteration=7, create level=6
 [ 02-28-2025  12:12:34.810 ] [GRID gr_expandDomain]: iteration=8, create level=6
 [ 02-28-2025  12:12:44.163 ] memory: /proc vsize    (MB):     4559.92 (min)       4789.87 (max)       4703.10 (avg)
 [ 02-28-2025  12:12:44.163 ] memory: /proc rss      (MB):     1840.97 (min)       1927.26 (max)       1891.48 (avg)
 [ 02-28-2025  12:12:44.164 ] memory: /proc vsize    (MB):     4559.92 (min)       4789.87 (max)       4703.10 (avg)
 [ 02-28-2025  12:12:44.164 ] memory: /proc rss      (MB):     1840.97 (min)       1927.26 (max)       1891.48 (avg)
 [ 02-28-2025  12:12:44.177 ] memory: /proc vsize    (MB):     4559.92 (min)       4789.87 (max)       4703.10 (avg)
 [ 02-28-2025  12:12:44.177 ] memory: /proc rss      (MB):     1840.97 (min)       1927.26 (max)       1891.49 (avg)
 [ 02-28-2025  12:12:47.498 ] [IO_writeCheckpoint] open: type=checkpoint name=sedov_hdf5_chk_0000
 [ 02-28-2025  12:12:54.803 ] [io_writeData]: wrote    3072          blocks
 [ 02-28-2025  12:12:54.815 ] [IO_writeCheckpoint] close: type=checkpoint name=sedov_hdf5_chk_0000
 [ 02-28-2025  12:12:54.882 ] [IO_writePlotfile] open: type=plotfile name=sedov_hdf5_plt_cnt_0000
 [ 02-28-2025  12:12:55.655 ] [io_writeData]: wrote    3072          blocks
 [ 02-28-2025  12:12:55.661 ] [IO_writePlotfile] close: type=plotfile name=sedov_hdf5_plt_cnt_0000
 [ 02-28-2025  12:12:55.663 ] memory: /proc vsize    (MB):     4559.92 (min)       5004.56 (max)       4713.77 (avg)
 [ 02-28-2025  12:12:55.663 ] memory: /proc rss      (MB):     1847.21 (min)       1934.30 (max)       1900.31 (avg)
 [ 02-28-2025  12:12:55.663 ] [Driver_evolveAll]: Entering evolution loop
 [ 02-28-2025  12:12:55.663 ] step: n=1 t=0.000000E+00 dt=1.000000E-10
 [ 02-28-2025  12:12:58.219 ] step: n=2 t=1.000000E-10 dt=2.000000E-10
 [ 02-28-2025  12:13:02.804 ] step: n=3 t=3.000000E-10 dt=4.000000E-10
 [ 02-28-2025  12:13:05.341 ] step: n=4 t=7.000000E-10 dt=8.000000E-10
 [ 02-28-2025  12:13:09.926 ] step: n=5 t=1.500000E-09 dt=1.600000E-09
 [ 02-28-2025  12:13:12.477 ] step: n=6 t=3.100000E-09 dt=3.200000E-09
 [ 02-28-2025  12:13:17.064 ] step: n=7 t=6.300000E-09 dt=6.400000E-09
 [ 02-28-2025  12:13:19.612 ] step: n=8 t=1.270000E-08 dt=1.280000E-08
 [ 02-28-2025  12:13:24.186 ] step: n=9 t=2.550000E-08 dt=2.560000E-08
 [ 02-28-2025  12:13:26.734 ] step: n=10 t=5.110000E-08 dt=5.120000E-08
 [ 02-28-2025  12:13:34.529 ] [IO_writeCheckpoint] open: type=checkpoint name=sedov_hdf5_chk_0001
 [ 02-28-2025  12:13:41.927 ] [io_writeData]: wrote    3072          blocks
 [ 02-28-2025  12:13:41.932 ] [IO_writeCheckpoint] close: type=checkpoint name=sedov_hdf5_chk_0001
 [ 02-28-2025  12:13:41.934 ] step: n=11 t=1.023000E-07 dt=1.024000E-07
 [ 02-28-2025  12:13:44.487 ] step: n=12 t=2.047000E-07 dt=2.048000E-07
 [ 02-28-2025  12:13:49.094 ] step: n=13 t=4.095000E-07 dt=3.780580E-07
 [ 02-28-2025  12:13:51.650 ] step: n=14 t=7.875580E-07 dt=3.318741E-07
 [ 02-28-2025  12:13:56.213 ] step: n=15 t=1.119432E-06 dt=3.092289E-07
 [ 02-28-2025  12:13:58.772 ] step: n=16 t=1.428661E-06 dt=2.992294E-07
 [ 02-28-2025  12:14:03.375 ] step: n=17 t=1.727890E-06 dt=2.937996E-07
 [ 02-28-2025  12:14:05.933 ] step: n=18 t=2.021690E-06 dt=2.903171E-07
 [ 02-28-2025  12:14:10.540 ] step: n=19 t=2.312007E-06 dt=2.885409E-07
 [ 02-28-2025  12:14:13.094 ] step: n=20 t=2.600548E-06 dt=2.888720E-07
 [ 02-28-2025  12:14:20.923 ] [IO_writeCheckpoint] open: type=checkpoint name=sedov_hdf5_chk_0002
 [ 02-28-2025  12:14:28.382 ] [io_writeData]: wrote    3072          blocks
 [ 02-28-2025  12:14:28.387 ] [IO_writeCheckpoint] close: type=checkpoint name=sedov_hdf5_chk_0002
 [ 02-28-2025  12:14:28.388 ] step: n=21 t=2.889420E-06 dt=2.887293E-07
 [ 02-28-2025  12:14:30.938 ] step: n=22 t=3.178149E-06 dt=2.892131E-07
 [ 02-28-2025  12:14:35.493 ] step: n=23 t=3.467362E-06 dt=2.899648E-07
 [ 02-28-2025  12:14:38.046 ] step: n=24 t=3.757327E-06 dt=2.906042E-07
 [ 02-28-2025  12:14:42.649 ] step: n=25 t=4.047932E-06 dt=2.911052E-07
 [ 02-28-2025  12:14:45.200 ] step: n=26 t=4.339037E-06 dt=2.916035E-07
 [ 02-28-2025  12:14:49.798 ] step: n=27 t=4.630640E-06 dt=2.912533E-07
 [ 02-28-2025  12:14:52.355 ] step: n=28 t=4.921894E-06 dt=2.910087E-07
 [ 02-28-2025  12:14:56.963 ] step: n=29 t=5.212902E-06 dt=2.908141E-07
 [ 02-28-2025  12:14:59.519 ] step: n=30 t=5.503716E-06 dt=2.906984E-07
 [ 02-28-2025  12:15:04.092 ] [GRID amr_refine_derefine]: initiating refinement
 [ 02-28-2025  12:15:04.098 ] [GRID amr_refine_derefine]: redist. phase.  tot blks requested: 3264
 [GRID amr_refine_derefine] min blks 6    max blks 9    tot blks 3264
 [GRID amr_refine_derefine] min leaf blks 4    max leaf blks 7    tot leaf blks 2920
 [ 02-28-2025  12:15:04.216 ] [GRID amr_refine_derefine]: refinement complete
 [ 02-28-2025  12:15:07.624 ] [IO_writeCheckpoint] open: type=checkpoint name=sedov_hdf5_chk_0003
 [ 02-28-2025  12:15:15.414 ] [io_writeData]: wrote    3264          blocks
 [ 02-28-2025  12:15:15.421 ] [IO_writeCheckpoint] close: type=checkpoint name=sedov_hdf5_chk_0003
 [ 02-28-2025  12:15:15.423 ] step: n=31 t=5.794415E-06 dt=2.906135E-07
 [ 02-28-2025  12:15:15.423 ] [mpi_amr_comm_setup]: buffer_dim_send=3014497, buffer_dim_recv=2540365
 [ 02-28-2025  12:15:18.031 ] step: n=32 t=6.085028E-06 dt=2.901953E-07
 [ 02-28-2025  12:15:22.680 ] step: n=33 t=6.375224E-06 dt=2.900594E-07
 [ 02-28-2025  12:15:25.262 ] step: n=34 t=6.665283E-06 dt=2.899658E-07
 [ 02-28-2025  12:15:29.943 ] step: n=35 t=6.955249E-06 dt=2.898708E-07
 [ 02-28-2025  12:15:32.532 ] step: n=36 t=7.245120E-06 dt=2.898402E-07
 [ 02-28-2025  12:15:37.205 ] step: n=37 t=7.534960E-06 dt=2.896849E-07
 [ 02-28-2025  12:15:39.794 ] step: n=38 t=7.824645E-06 dt=2.894037E-07
 [ 02-28-2025  12:15:44.472 ] step: n=39 t=8.114048E-06 dt=2.892750E-07
 [ 02-28-2025  12:15:47.055 ] step: n=40 t=8.403323E-06 dt=2.891725E-07
 [ 02-28-2025  12:15:54.933 ] [IO_writeCheckpoint] open: type=checkpoint name=sedov_hdf5_chk_0004
 [ 02-28-2025  12:16:02.887 ] [io_writeData]: wrote    3264          blocks
 [ 02-28-2025  12:16:02.893 ] [IO_writeCheckpoint] close: type=checkpoint name=sedov_hdf5_chk_0004
 [ 02-28-2025  12:16:02.896 ] step: n=41 t=8.692496E-06 dt=2.890625E-07
 [ 02-28-2025  12:16:05.483 ] step: n=42 t=8.981558E-06 dt=2.889995E-07
 [ 02-28-2025  12:16:10.154 ] step: n=43 t=9.270558E-06 dt=2.887093E-07
 [ 02-28-2025  12:16:12.738 ] step: n=44 t=9.559267E-06 dt=2.884276E-07
 [ 02-28-2025  12:16:17.405 ] step: n=45 t=9.847695E-06 dt=2.882697E-07
 [ 02-28-2025  12:16:19.988 ] step: n=46 t=1.013596E-05 dt=2.881230E-07
 [ 02-28-2025  12:16:24.667 ] step: n=47 t=1.042409E-05 dt=2.879842E-07
 [ 02-28-2025  12:16:27.251 ] step: n=48 t=1.071207E-05 dt=2.878746E-07
 [ 02-28-2025  12:16:31.926 ] step: n=49 t=1.099995E-05 dt=2.875084E-07
 [ 02-28-2025  12:16:34.510 ] step: n=50 t=1.128745E-05 dt=2.872050E-07
 [ 02-28-2025  12:16:42.408 ] [IO_writeCheckpoint] open: type=checkpoint name=sedov_hdf5_chk_0005
 [ 02-28-2025  12:16:50.282 ] [io_writeData]: wrote    3264          blocks
 [ 02-28-2025  12:16:50.287 ] [IO_writeCheckpoint] close: type=checkpoint name=sedov_hdf5_chk_0005
 [ 02-28-2025  12:16:50.290 ] step: n=51 t=1.157466E-05 dt=2.870059E-07
 [ 02-28-2025  12:16:52.874 ] step: n=52 t=1.186167E-05 dt=2.868556E-07
 [ 02-28-2025  12:16:57.544 ] step: n=53 t=1.214852E-05 dt=2.867067E-07
 [ 02-28-2025  12:17:00.124 ] step: n=54 t=1.243523E-05 dt=2.865689E-07
 [ 02-28-2025  12:17:04.803 ] step: n=55 t=1.272180E-05 dt=2.863801E-07
 [ 02-28-2025  12:17:07.388 ] step: n=56 t=1.300818E-05 dt=2.860363E-07
 [ 02-28-2025  12:17:12.057 ] step: n=57 t=1.329421E-05 dt=2.857698E-07
 [ 02-28-2025  12:17:14.639 ] step: n=58 t=1.357998E-05 dt=2.855749E-07
 [ 02-28-2025  12:17:19.311 ] step: n=59 t=1.386556E-05 dt=2.854113E-07
 [ 02-28-2025  12:17:21.892 ] step: n=60 t=1.415097E-05 dt=2.852482E-07
 [ 02-28-2025  12:17:29.756 ] [IO_writeCheckpoint] open: type=checkpoint name=sedov_hdf5_chk_0006
 [ 02-28-2025  12:17:37.645 ] [io_writeData]: wrote    3264          blocks
 [ 02-28-2025  12:17:37.651 ] [IO_writeCheckpoint] close: type=checkpoint name=sedov_hdf5_chk_0006
 [ 02-28-2025  12:17:37.654 ] [Driver_evolveAll]: Exiting evolution loop
 [ 02-28-2025  12:17:37.723 ] [IO_writePlotfile] open: type=plotfile name=sedov_forced_hdf5_plt_cnt_0000
 [ 02-28-2025  12:17:38.646 ] [io_writeData]: wrote    3264          blocks
 [ 02-28-2025  12:17:38.681 ] [IO_writePlotfile] close: type=plotfile name=sedov_forced_hdf5_plt_cnt_0000
 [ 02-28-2025  12:17:38.681 ] memory: /proc vsize    (MB):     4563.50 (min)       5028.54 (max)       4751.83 (avg)
 [ 02-28-2025  12:17:38.681 ] memory: /proc rss      (MB):     1934.72 (min)       2035.21 (max)       1989.22 (avg)
 ==============================================================================
 perf_summary: code performance summary for process            0
                      beginning : 02-28-2025  12:12:00
                         ending : 02-28-2025  12:17:38
   seconds in monitoring period :              338.213
      number of evolution steps :                   60
 ------------------------------------------------------------------------------
 accounting unit                       time sec  num calls   secs avg  time pct
 ------------------------------------------------------------------------------
 initialization                         55.194      1          55.194    16.319
  eos                                    0.101      8           0.013     0.030
  guardcell internal                     3.939      7           0.563     1.165
   amr_guardcell                         3.895      7           0.556     1.152
   eos gc                                0.000      7           0.000     0.000
  writeCheckpoint                       10.621      1          10.621     3.140
   restrictAll                           3.045      1           3.045     0.900
  writePlotfile                          0.846      1           0.846     0.250
 writePlotfile                           1.027      1           1.027     0.304
 evolution                             281.991      1         281.991    83.377
  Hydro                                103.887     60           1.731    30.717
   Head                                 16.240     60           0.271     4.802
    guardcell internal                  16.238     60           0.271     4.801
     amr_guardcell                      15.581     60           0.260     4.607
     eos gc                              0.001     60           0.000     0.000
   compute fluxes                       84.436     60           1.407    24.965
    hy_computeFluxes                    84.435    390           0.216    24.965
     RiemannState                       72.455    390           0.186    21.423
     getFaceFlux                        11.870    390           0.030     3.510
   conserveFluxes                        0.028     60           0.000     0.008
   update solution                       3.158     60           0.053     0.934
    update solution body                 3.157    390           0.008     0.933
     unsplitUpdate                       1.325    390           0.003     0.392
  sourceTerms                            0.000     60           0.000     0.000
  Particles_advance                      0.000     60           0.000     0.000
  Gravity potential                      0.000     60           0.000     0.000
  IO_output                            115.004    120           0.958    34.004
   diagnostics                          49.395    120           0.412    14.605
   checkpointing                        65.575      6          10.929    19.389
    writeCheckpoint                     65.573      6          10.929    19.388
     restrictAll                        18.768      6           3.128     5.549
  Grid_updateRefinement                 62.338     60           1.039    18.432
   eos                                   0.051      1           0.051     0.015
   tree                                 62.286     60           1.038    18.416
    markRefineDerefine                   7.227     30           0.241     2.137
     guardcell internal                  5.970     30           0.199     1.765
      amr_guardcell                      5.618     30           0.187     1.661
      eos gc                             0.001     30           0.000     0.000
    amr_refine_derefine                 54.294     30           1.810    16.053
    updateData                           0.000     30           0.000     0.000
   updateParticleRefinement              0.000      1           0.000     0.000
  Driver_computeDt                       0.738     60           0.012     0.218
 ==============================================================================
 [ 02-28-2025  12:17:38.682 ] [Timers_getSummary]: Not writing timer max/min/avg values because not all processors had same timers
 [ 02-28-2025  12:17:38.682 ] LOGFILE_END: FLASH run complete.
 FLASH log file:  02-28-2025  12:17:44.195    Run number:  1
 ==============================================================================
 Number of MPI tasks:                448
 MPI version:                          3
 MPI subversion:                       1
 Dimensionality:                       3
 Max Number of Blocks/Proc:          200
 Number x zones:                      32
 Number y zones:                      32
 Number z zones:                      32
 Setup stamp:     Fri Nov 1 14:03:57 2024
 Build stamp:     Fri Nov 1 14:04:23 2024
 System info:     Linux corona211 4.18.0-553.22.1.1toss.t4.x86_64 #1 SMP Tue Sep 24 16:50:00 PDT 2
 Version:         Flash-X 1.0 (heads/main-0-g6040ba49-dirty)                                      
 Build directory: /usr/workspace/ather1/Flash-X/sedov
 Setup syntax:    /usr/workspace/ather1/Flash-X/bin/setup.py Sedov -auto -3d -nxb=32 -nyb=32 -nzb=32 +parallelio -objdir=/usr/workspace/ather1/Flash-X/sedov
 f compiler flags: mpif90 -ggdb -c -O2 -fdefault-real-8 -fdefault-double-8 -Wuninitialized -fallow-argument-mismatch -fallow-argument-mismatch -DMAXBLOCKS=200 -DNXB=32 -DNYB=32 -DNZB=32 -DN_DIM=3
 c compiler flags:    mpicc -I/p/lustre2/ather1/hdf5-1.14.4-3/install/include -DH5_USE_18_API -ggdb -c -O2 -Wuninitialized -D_FORTIFY_SOURCE=2 -DMAXBLOCKS=200 -DNXB=32 -DNYB=32 -DNZB=32 -DN_DIM=3
 ==============================================================================
 Comment:  Sedov explosion
 ==============================================================================
 FLASH Units used:
   Driver/DriverMain/Unsplit
   Grid/GridBoundaryConditions
   Grid/GridMain/AMR/Paramesh4/PM4_package/flash_avoid_orrery
   Grid/GridMain/AMR/Paramesh4/PM4_package/headers
   Grid/GridMain/AMR/Paramesh4/PM4_package/source
   Grid/GridMain/AMR/Paramesh4/PM4_package/utilities/multigrid
   Grid/GridMain/AMR/Paramesh4/interpolation/prolong
   Grid/GridMain/AMR/Paramesh4/levelFlux
   Grid/localAPI
   IO/IOMain/hdf5/parallel/PM
   IO/localAPI
   PhysicalConstants/PhysicalConstantsMain
   RuntimeParameters/RuntimeParametersMain
   Simulation/SimulationMain/Sedov
   TimeAdvance/TimeAdvanceMain/StrangSplit
   flashUtilities/contiguousConversion
   flashUtilities/general
   flashUtilities/interpolation/oneDim
   flashUtilities/nameValueLL
   flashUtilities/sorting/quicksort
   flashUtilities/system/memoryUsage/legacy
   monitors/Logfile/LogfileMain
   monitors/Timers/TimersMain/MPINative
   physics/Eos/EosMain/Gamma
   physics/Hydro/HydroMain/unsplit/OnlyHydro
   physics/Hydro/HydroMain/unsplit/levelFlux
   physics/Hydro/localAPI
 ==============================================================================
 RuntimeParameters:
                                                                               
 ==============================================================================
bndpriorityone              =          1
bndprioritythree            =          3
bndprioritytwo              =          2
checkpointfileintervalstep  =         10 [CHANGED]
checkpointfilenumber        =          0
dr_abortpause               =          2
dr_dtminbelowaction         =          1
drift_break_inst            =          0
drift_trunc_mantissa        =          2
drift_verbose_inst          =          0
eos_entrelescalechoice      =          6
eos_loglevel                =        700
fileformatversion           =          9
forcedplotfilenumber        =          0
gr_lrefmaxtimevalue_1       =         -1
gr_lrefmaxtimevalue_10      =         -1
gr_lrefmaxtimevalue_11      =         -1
gr_lrefmaxtimevalue_12      =         -1
gr_lrefmaxtimevalue_13      =         -1
gr_lrefmaxtimevalue_14      =         -1
gr_lrefmaxtimevalue_15      =         -1
gr_lrefmaxtimevalue_16      =         -1
gr_lrefmaxtimevalue_17      =         -1
gr_lrefmaxtimevalue_18      =         -1
gr_lrefmaxtimevalue_19      =         -1
gr_lrefmaxtimevalue_2       =         -1
gr_lrefmaxtimevalue_20      =         -1
gr_lrefmaxtimevalue_3       =         -1
gr_lrefmaxtimevalue_4       =         -1
gr_lrefmaxtimevalue_5       =         -1
gr_lrefmaxtimevalue_6       =         -1
gr_lrefmaxtimevalue_7       =         -1
gr_lrefmaxtimevalue_8       =         -1
gr_lrefmaxtimevalue_9       =         -1
gr_pmrpdivergencefree       =         -1
gr_pmrpifaceoff             =          0
gr_pmrpl2p5d                =          0
gr_pmrpmaxblocks            =         -1
gr_pmrpmflags               =          1
gr_pmrpnboundaries          =          6
gr_pmrpndim                 =          3
gr_pmrpnedgevar1            =         -1
gr_pmrpnfacevar             =         -1
gr_pmrpnfielddivf           =         -1
gr_pmrpnfluxvar             =         -1
gr_pmrpnguard               =         -1
gr_pmrpnguardwork           =         -1
gr_pmrpnvar                 =         -1
gr_pmrpnvarwork             =          1
gr_pmrpnvarcorn             =          0
gr_pmrpnvaredge             =          0
gr_pmrpnxb                  =         -1
gr_pmrpnyb                  =         -1
gr_pmrpnzb                  =         -1
gr_restrictallmethod        =          3
gr_sanitizedatamode         =          1
gr_sanitizeverbosity        =          5
gr_tilesizex                =         32
gr_tilesizey                =         32
gr_tilesizez                =         32
hy_3torder                  =         -1
hydrocomputedtoption        =         -1
iprocs                      =          1
interpol_order              =          2
irenorm                     =          0
jprocs                      =          1
kprocs                      =          1
lrefine_del                 =          0
lrefine_max                 =          6 [CHANGED]
lrefine_min                 =          1
lrefine_min_init            =          1
max_particles_per_blk       =        100
memory_stat_freq            =     100000
meshcopycount               =          1
min_particles_per_blk       =          1
nbegin                      =          1
nblockx                     =          8 [CHANGED]
nblocky                     =          8 [CHANGED]
nblockz                     =          8 [CHANGED]
nend                        =         60 [CHANGED]
nrefs                       =          2
nsteptotalsts               =          5
order                       =          3 [CHANGED]
outputsplitnum              =          1
plotfileintervalstep        =          0
plotfilenumber              =          0
refine_var_count            =          4
rolling_checkpoint          =      10000
sim_centerrefinelevel       =          1
sim_integralslevel          =         -1
sim_nsubzones               =          7
sweeporder                  =        123
transorder                  =          1
wr_integrals_freq           =          1
limitedslopebeta            =                 0.100E+01
cfl                         =                 0.800E+00
checkpointfileintervaltime  =                 0.000E+00 [CHANGED]
checkpointfileintervalz     =                 0.180+309
cvisc                       =                 0.100E+00
derefine_cutoff_1           =                 0.200E+00
derefine_cutoff_2           =                 0.200E+00
derefine_cutoff_3           =                 0.200E+00
derefine_cutoff_4           =                 0.200E+00
dr_dtmincontinue            =                 0.000E+00
dr_tstepslowstartfactor     =                 0.100E+00
dtinit                      =                 0.100E-09
dtmax                       =                 0.100E+06
dtmin                       =                 0.100E-09
eintswitch                  =                 0.100E-03 [CHANGED]
eos_singlespeciesa          =                 0.100E+01
eos_singlespeciesz          =                 0.100E+01
gamma                       =                 0.140E+01 [CHANGED]
gr_btworkchildscaling       =                 0.100E+01
gr_btworkdefaultleaf        =                 0.200E+01
gr_btworkdefaultpar         =                 0.100E+01
gr_btworklbleaf             =                 0.000E+00
gr_btworklbpar              =                 0.000E+00
gr_btworkubleaf             =                 0.100E+07
gr_btworkubpar              =                 0.100E+07
gr_lrefinemaxredlogbase     =                 0.100E+02
gr_lrefinemaxredradiusfact  =                 0.000E+00
gr_lrefinemaxredtref        =                 0.000E+00
gr_lrefinemaxredtimescale   =                 0.100E+01
gr_lrefmaxtime_1            =                -0.100E+01
gr_lrefmaxtime_10           =                -0.100E+01
gr_lrefmaxtime_11           =                -0.100E+01
gr_lrefmaxtime_12           =                -0.100E+01
gr_lrefmaxtime_13           =                -0.100E+01
gr_lrefmaxtime_14           =                -0.100E+01
gr_lrefmaxtime_15           =                -0.100E+01
gr_lrefmaxtime_16           =                -0.100E+01
gr_lrefmaxtime_17           =                -0.100E+01
gr_lrefmaxtime_18           =                -0.100E+01
gr_lrefmaxtime_19           =                -0.100E+01
gr_lrefmaxtime_2            =                -0.100E+01
gr_lrefmaxtime_20           =                -0.100E+01
gr_lrefmaxtime_3            =                -0.100E+01
gr_lrefmaxtime_4            =                -0.100E+01
gr_lrefmaxtime_5            =                -0.100E+01
gr_lrefmaxtime_6            =                -0.100E+01
gr_lrefmaxtime_7            =                -0.100E+01
gr_lrefmaxtime_8            =                -0.100E+01
gr_lrefmaxtime_9            =                -0.100E+01
hy_cflfallbackfactor        =                 0.900E+00
hy_fpresinmomflux           =                 0.100E+01
hybridorderkappa            =                 0.000E+00
nusts                       =                 0.200E+00 [CHANGED]
plotfileintervaltime        =                 0.000E+00 [CHANGED]
plotfileintervalz           =                 0.180+309
radiusgp                    =                 0.200E+01
refine_cutoff_1             =                 0.800E+00
refine_cutoff_2             =                 0.800E+00
refine_cutoff_3             =                 0.800E+00
refine_cutoff_4             =                 0.800E+00
refine_filter_1             =                 0.100E-01
refine_filter_2             =                 0.100E-01
refine_filter_3             =                 0.100E-01
refine_filter_4             =                 0.100E-01
rss_limit                   =                -0.100E+01
sigmagp                     =                 0.300E+01
sim_derefineradius          =                 0.000E+00
sim_earliestlstime          =                 0.000E+00
sim_expenergy               =                 0.100E+01
sim_largestnormradius       =                 0.180+309
sim_latestlstime            =                 0.180+309
sim_minrhoinit              =                 0.100E-19
sim_pambient                =                 0.100E-04
sim_rinit                   =                 0.137E-01 [CHANGED]
sim_rhoambient              =                 0.100E+01
sim_smallestnormradius      =                 0.000E+00
sim_xctr                    =                 0.500E+00
sim_yctr                    =                 0.500E+00
sim_zctr                    =                 0.500E+00
small                       =                 0.100E-09
smalle                      =                 0.100E-09
smallp                      =                 0.100E-09
smallt                      =                 0.100E-09
smallu                      =                 0.100E-09
smallx                      =                 0.100E-09
smlrho                      =                 0.100E-09
tinitial                    =                 0.000E+00
tiny                        =                 0.100E-15
tmax                        =                 0.500E+06 [CHANGED]
tstep_change_factor         =                 0.200E+01
wall_clock_checkpoint       =                 0.432E+05
wall_clock_time_limit       =                 0.605E+06
x_refine_center             =                 0.000E+00
xmax                        =                 0.100E+01
xmin                        =                 0.000E+00
y_refine_center             =                 0.000E+00
ymax                        =                 0.100E+01
ymin                        =                 0.000E+00
zfinal                      =                 0.000E+00
zinitial                    =                -0.100E+01
z_refine_center             =                 0.000E+00
zmax                        =                 0.100E+01
zmin                        =                 0.000E+00
riemannsolver               = Roe                            [CHANGED]
unitsystem                  = none                          
basenm                      = sedov_                         [CHANGED]
entropyfixmethod            = HARTENHYMAN                   
eosmode                     = dens_ie                       
eosmodeinit                 = dens_ie                       
geometry                    = cartesian                     
gr_pmrpoutputdir            = ./                            
grav_boundary_type          = isolated                      
hy_eosmodegc                = see eosMode                   
log_file                    = sedov.log                      [CHANGED]
output_directory            =                               
pc_unitsbase                = CGS                           
plot_grid_var_1             = none                          
plot_grid_var_10            = none                          
plot_grid_var_11            = none                          
plot_grid_var_12            = none                          
plot_grid_var_13            = none                          
plot_grid_var_14            = none                          
plot_grid_var_15            = none                          
plot_grid_var_16            = none                          
plot_grid_var_17            = none                          
plot_grid_var_18            = none                          
plot_grid_var_19            = none                          
plot_grid_var_2             = none                          
plot_grid_var_20            = none                          
plot_grid_var_21            = none                          
plot_grid_var_22            = none                          
plot_grid_var_23            = none                          
plot_grid_var_24            = none                          
plot_grid_var_25            = none                          
plot_grid_var_26            = none                          
plot_grid_var_27            = none                          
plot_grid_var_28            = none                          
plot_grid_var_29            = none                          
plot_grid_var_3             = none                          
plot_grid_var_30            = none                          
plot_grid_var_31            = none                          
plot_grid_var_32            = none                          
plot_grid_var_33            = none                          
plot_grid_var_34            = none                          
plot_grid_var_35            = none                          
plot_grid_var_36            = none                          
plot_grid_var_37            = none                          
plot_grid_var_38            = none                          
plot_grid_var_39            = none                          
plot_grid_var_4             = none                          
plot_grid_var_40            = none                          
plot_grid_var_41            = none                          
plot_grid_var_42            = none                          
plot_grid_var_43            = none                          
plot_grid_var_44            = none                          
plot_grid_var_45            = none                          
plot_grid_var_46            = none                          
plot_grid_var_47            = none                          
plot_grid_var_48            = none                          
plot_grid_var_49            = none                          
plot_grid_var_5             = none                          
plot_grid_var_50            = none                          
plot_grid_var_51            = none                          
plot_grid_var_52            = none                          
plot_grid_var_53            = none                          
plot_grid_var_54            = none                          
plot_grid_var_55            = none                          
plot_grid_var_56            = none                          
plot_grid_var_57            = none                          
plot_grid_var_58            = none                          
plot_grid_var_59            = none                          
plot_grid_var_6             = none                          
plot_grid_var_60            = none                          
plot_grid_var_61            = none                          
plot_grid_var_62            = none                          
plot_grid_var_63            = none                          
plot_grid_var_64            = none                          
plot_grid_var_65            = none                          
plot_grid_var_66            = none                          
plot_grid_var_67            = none                          
plot_grid_var_68            = none                          
plot_grid_var_69            = none                          
plot_grid_var_7             = none                          
plot_grid_var_70            = none                          
plot_grid_var_71            = none                          
plot_grid_var_72            = none                          
plot_grid_var_73            = none                          
plot_grid_var_74            = none                          
plot_grid_var_75            = none                          
plot_grid_var_76            = none                          
plot_grid_var_77            = none                          
plot_grid_var_78            = none                          
plot_grid_var_8             = none                          
plot_grid_var_9             = none                          
plot_var_1                  = dens                           [CHANGED]
plot_var_10                 = none                          
plot_var_11                 = none                          
plot_var_12                 = none                          
plot_var_13                 = none                          
plot_var_14                 = none                          
plot_var_15                 = none                          
plot_var_16                 = none                          
plot_var_17                 = none                          
plot_var_18                 = none                          
plot_var_2                  = pres                           [CHANGED]
plot_var_3                  = temp                           [CHANGED]
plot_var_4                  = none                          
plot_var_5                  = none                          
plot_var_6                  = none                          
plot_var_7                  = none                          
plot_var_8                  = none                          
plot_var_9                  = none                          
prof_file                   = profile.dat                   
refine_var_1                = dens                           [CHANGED]
refine_var_2                = pres                           [CHANGED]
refine_var_3                = none                          
refine_var_4                = none                          
run_comment                 = Sedov explosion                [CHANGED]
run_number                  = 1                             
sim_proffilename            = /dev/null                      [CHANGED]
slopelimiter                = mc                             [CHANGED]
stats_file                  = flashx.dat                    
wenomethod                  = WENO5                         
xl_boundary_type            = outflow                        [CHANGED]
xr_boundary_type            = outflow                        [CHANGED]
yl_boundary_type            = outflow                        [CHANGED]
yr_boundary_type            = outflow                        [CHANGED]
zl_boundary_type            = outflow                        [CHANGED]
zr_boundary_type            = outflow                        [CHANGED]
csvsummaryallprocs          =  F
eosforriemann               =  F
logsummaryallprocs          =  F
addthermalflux              =  T
allowdtstsdominate          =  F
alwayscomputeuservars       =  T
alwaysrestrictcheckpoint    =  T
charlimiting                =  T
chkguardcellsinput          =  F
chkguardcellsoutput         =  F
conserveangmom              =  F
converttoconsvdformeshcalls =  F
converttoconsvdinmeshinterp =  T
corners                     =  F
dr_printtsteploc            =  T
dr_shortenlaststepbeforetmax =  F
drift_tuples                =  F
eachprocwritesownabortlog   =  F
eachprocwritessummary       =  F
earlyblockdistadjustment    =  T
enablemaskedgcfill          =  F
entropy                     =  F
flux_correct                =  T
flux_correct_perlevel       =  F
geometryoverride            =  F
gr_bcenableapplymixedgds    =  T
gr_bndgcfillneedsprimitivevars =  T
gr_btcustomwork             =  F
gr_btexchangework           =  F
gr_btsortbywork             =  T
gr_enabletiling             =  F
gr_lrefinemaxbytime         =  F
gr_lrefinemaxreddobylogr    =  F
gr_lrefinemaxreddobytime    =  F
gr_pmrpadvancealllevels     =  F
gr_pmrpamrerrorchecking     =  F
gr_pmrpcartesianpm          =  F
gr_pmrpconserve             =  F
gr_pmrpconsvfluxdensities   =  T
gr_pmrpconsvfluxes          =  F
gr_pmrpcurvilinear          =  F
gr_pmrpcurvilinearconserve  =  F
gr_pmrpcylindricalpm        =  F
gr_pmrpdiagonals            =  T
gr_pmrpedgevalue            =  T
gr_pmrpedgevalueinteg       =  F
gr_pmrpemptycells           =  F
gr_pmrpforceconsistency     =  T
gr_pmrplsingularline        =  F
gr_pmrpnopermanentguardcells =  F
gr_pmrppolarpm              =  F
gr_pmrppredcorr             =  F
gr_pmrpsphericalpm          =  F
gr_pmrptimingmpi            =  F
gr_pmrptimingmpix           =  F
gr_pmrpvardt                =  F
gr_usetiling                =  F
hy_fallbacklowercfl         =  F
hy_fullspecmsfluxhandling   =  T
hy_usetiling                =  F
ignoreforcedplot            =  F
io_writemscalarintegrals    =  F
plotfilegridquantitydp      =  F
plotfilemetadatadp          =  F
reducegcellfills            =  F
refine_on_particle_count    =  F
restart                     =  F
shockdetect                 =  F
shocklowercfl               =  F
sim_bcsetbdryvar            =  F
sim_forcecenterderefine     =  F
sim_onelevelintegralsonly   =  F
summaryoutputonly           =  F
threadblocklistbuild        =  F
threaddelepblocklist        =  F
threaddelepwithinblock      =  F
threaddriverblocklist       =  F
threaddriverwithinblock     =  F
threadeoswithinblock        =  F
threadhydroblocklist        =  F
threadhydrowithinblock      =  F
threadraytracebuild         =  F
threadwithinblockbuild      =  F
tmr_suppressinparallel      =  F
typematchedxfer             =  T
unbiased_geometry           =  F
updatehydrofluxes           =  T
useburn                     =  F
usecollectivehdf5           =  T
usedeleptonize              =  F
usegravity                  =  F
useheatad                   =  F
useheater                   =  F
usehydro                    =  T
useimbound                  =  F
useincompns                 =  F
useinlet                    =  F
uselegacylabels             =  T
usemultiphase               =  F
useorchestration            =  F
useoutlet                   =  F
useparticles                =  F
useradtrans                 =  F
usests                      =  F
usestsfordiffusion          =  F
usesolidmechanics           =  F
use_3dfullctu               =  T
use_auxeinteqn              =  T
use_avisc                   =  T [CHANGED]
use_cma_advection           =  F
use_cma_flattening          =  F
use_flash_surr_blks_fill    =  T
use_flattening              =  F
use_gravhalfupdate          =  T
use_hybridorder             =  F
use_reduced_orrery          =  T
use_steepening              =  F
use_upwindtvd               =  F
writestatsummary            =  T
                                                                               
 ==============================================================================
                                                                               
 Known units of measurement:
                                                                               
              Unit                          CGS Value                Base Unit
  1                  cm                     1.0000                           cm
  2                   s                     1.0000                            s
  3                   g                     1.0000                            g
  4                   K                     1.0000                            K
  5                 esu                     1.0000                          esu
  6                 mol                     1.0000                          mol
  7                   m                     100.00                           cm
  8                  km                    1.00000E+05                       cm
  9                  pc                    3.08568E+18                       cm
 10                 kpc                    3.08568E+21                       cm
 11                 Mpc                    3.08568E+24                       cm
 12                 Gpc                    3.08568E+27                       cm
 13                Rsun                    6.96000E+10                       cm
 14                  AU                    1.49598E+13                       cm
 15                  yr                    3.15569E+07                        s
 16                 Myr                    3.15569E+13                        s
 17                 Gyr                    3.15569E+16                        s
 18                  kg                     1000.0                            g
 19                Msun                    1.98892E+33                        g
 20                 amu                    1.66054E-24                        g
 21                  eV                     11605.                            K
 22                   C                    2.99792E+09                      esu
 23                LFLY                    3.08568E+24                       cm
 24                TFLY                    2.05759E+17                        s
 25                MFLY                    9.88470E+45                        g
 26            clLength                    3.08568E+24                       cm
 27              clTime                    3.15569E+16                        s
 28              clMass                    1.98892E+48                        g
 29              clTemp                    1.16045E+07                        K
-----------End of Units--------------------
                                                                               
 Known physical constants:
                                                                               
    Constant Name       Constant Value   cm       s        g        K        esu      mol
  1              Newton    6.67408E-08   3.0     -2.0     -1.0      0.0      0.0      0.0    
  2      speed of light    2.99792E+10   1.0     -1.0      0.0      0.0      0.0      0.0    
  3              Planck    6.62607E-27   2.0     -1.0      1.0      0.0      0.0      0.0    
  4     electron charge    4.80320E-10   0.0      0.0      0.0      0.0      1.0      0.0    
  5       electron mass    9.10938E-28   0.0      0.0      1.0      0.0      0.0      0.0    
  6         proton mass    1.67262E-24   0.0      0.0      1.0      0.0      0.0      0.0    
  7      fine-structure    7.29735E-03   0.0      0.0      0.0      0.0      0.0      0.0    
  8            Avogadro    6.02214E+23   0.0      0.0      0.0      0.0      0.0     -1.0    
  9           Boltzmann    1.38065E-16   2.0     -2.0      1.0     -1.0      0.0      0.0    
 10  ideal gas constant    8.31446E+07   2.0     -2.0      1.0     -1.0      0.0     -1.0    
 11                Wien    0.28978       1.0      0.0      0.0      1.0      0.0      0.0    
 12    Stefan-Boltzmann    5.67037E-05   0.0     -3.0      1.0     -4.0      0.0      0.0    
 13  Radiation Constant    7.56572E-15  -1.0     -2.0      1.0     -4.0      0.0      0.0    
 14                  pi     3.1416       0.0      0.0      0.0      0.0      0.0      0.0    
 15                   e     2.7183       0.0      0.0      0.0      0.0      0.0      0.0    
 16               Euler    0.57722       0.0      0.0      0.0      0.0      0.0      0.0    
 ==============================================================================
                                                                               
 Multifluid database: not configured in
                                                                               
 ==============================================================================
 [ 02-28-2025  12:17:44.197 ] [gr_initGeometry] checking BCs for idir: 1
 [ 02-28-2025  12:17:44.197 ] [gr_initGeometry] checking BCs for idir: 2
 [ 02-28-2025  12:17:44.197 ] [gr_initGeometry] checking BCs for idir: 3
 [ 02-28-2025  12:17:45.890 ] [GRID amr_refine_derefine]: initiating refinement
 [ 02-28-2025  12:17:45.891 ] [GRID amr_refine_derefine]: redist. phase.  tot blks requested: 512
 [GRID amr_refine_derefine] min blks 1    max blks 2    tot blks 512
 [GRID amr_refine_derefine] min leaf blks 1    max leaf blks 2    tot leaf blks 512
 [ 02-28-2025  12:17:45.899 ] [GRID amr_refine_derefine]: refinement complete
 [ 02-28-2025  12:17:45.927 ] [GRID gr_expandDomain]: iteration=1, create level=2
 INFO: Grid_fillGuardCells is ignoring masking.
 [ 02-28-2025  12:17:48.311 ] [mpi_amr_comm_setup]: buffer_dim_send=407977, buffer_dim_recv=407977
 [ 02-28-2025  12:17:48.636 ] [GRID amr_refine_derefine]: initiating refinement
 [ 02-28-2025  12:17:48.644 ] [GRID amr_refine_derefine]: redist. phase.  tot blks requested: 576
 [GRID amr_refine_derefine] min blks 1    max blks 2    tot blks 576
 [GRID amr_refine_derefine] min leaf blks 0    max leaf blks 2    tot leaf blks 568
 [ 02-28-2025  12:17:48.705 ] [GRID amr_refine_derefine]: refinement complete
 [ 02-28-2025  12:17:48.712 ] [GRID gr_expandDomain]: iteration=2, create level=3
 [ 02-28-2025  12:17:51.440 ] [GRID amr_refine_derefine]: initiating refinement
 [ 02-28-2025  12:17:51.446 ] [GRID amr_refine_derefine]: redist. phase.  tot blks requested: 640
 [GRID amr_refine_derefine] min blks 1    max blks 2    tot blks 640
 [GRID amr_refine_derefine] min leaf blks 0    max leaf blks 2    tot leaf blks 624
 [ 02-28-2025  12:17:51.505 ] [GRID amr_refine_derefine]: refinement complete
 [ 02-28-2025  12:17:51.511 ] [GRID gr_expandDomain]: iteration=3, create level=4
 [ 02-28-2025  12:17:54.190 ] [GRID amr_refine_derefine]: initiating refinement
 [ 02-28-2025  12:17:54.194 ] [GRID amr_refine_derefine]: redist. phase.  tot blks requested: 704
 [GRID amr_refine_derefine] min blks 1    max blks 2    tot blks 704
 [GRID amr_refine_derefine] min leaf blks 0    max leaf blks 2    tot leaf blks 680
 [ 02-28-2025  12:17:54.256 ] [GRID amr_refine_derefine]: refinement complete
 [ 02-28-2025  12:17:54.262 ] [GRID gr_expandDomain]: iteration=4, create level=5
 [ 02-28-2025  12:17:57.031 ] [GRID amr_refine_derefine]: initiating refinement
 [ 02-28-2025  12:17:57.035 ] [GRID amr_refine_derefine]: redist. phase.  tot blks requested: 768
 [GRID amr_refine_derefine] min blks 1    max blks 2    tot blks 768
 [GRID amr_refine_derefine] min leaf blks 0    max leaf blks 2    tot leaf blks 736
 [ 02-28-2025  12:17:57.096 ] [GRID amr_refine_derefine]: refinement complete
 [ 02-28-2025  12:17:57.104 ] [GRID gr_expandDomain]: iteration=5, create level=6
 [ 02-28-2025  12:17:59.901 ] [GRID amr_refine_derefine]: initiating refinement
 [ 02-28-2025  12:17:59.907 ] [GRID amr_refine_derefine]: redist. phase.  tot blks requested: 3072
 [GRID amr_refine_derefine] min blks 6    max blks 9    tot blks 3072
 [GRID amr_refine_derefine] min leaf blks 4    max leaf blks 7    tot leaf blks 2752
 [ 02-28-2025  12:18:00.003 ] [GRID amr_refine_derefine]: refinement complete
 [ 02-28-2025  12:18:00.010 ] [GRID gr_expandDomain]: iteration=6, create level=6
 [ 02-28-2025  12:18:07.650 ] [mpi_amr_comm_setup]: buffer_dim_send=2842945, buffer_dim_recv=2345545
 [ 02-28-2025  12:18:09.871 ] [GRID gr_expandDomain]: iteration=7, create level=6
 [ 02-28-2025  12:18:19.726 ] [GRID gr_expandDomain]: iteration=8, create level=6
 [ 02-28-2025  12:18:29.077 ] memory: /proc vsize    (MB):     4559.92 (min)       4788.38 (max)       4702.93 (avg)
 [ 02-28-2025  12:18:29.077 ] memory: /proc rss      (MB):     1840.97 (min)       1926.08 (max)       1891.47 (avg)
 [ 02-28-2025  12:18:29.078 ] memory: /proc vsize    (MB):     4559.92 (min)       4788.38 (max)       4702.93 (avg)
 [ 02-28-2025  12:18:29.078 ] memory: /proc rss      (MB):     1840.97 (min)       1926.08 (max)       1891.47 (avg)
 [ 02-28-2025  12:18:29.091 ] memory: /proc vsize    (MB):     4559.92 (min)       4788.38 (max)       4702.93 (avg)
 [ 02-28-2025  12:18:29.092 ] memory: /proc rss      (MB):     1840.97 (min)       1926.34 (max)       1891.48 (avg)
 [ 02-28-2025  12:18:32.425 ] [IO_writeCheckpoint] open: type=checkpoint name=sedov_hdf5_chk_0000
 [ 02-28-2025  12:18:39.854 ] [io_writeData]: wrote    3072          blocks
 [ 02-28-2025  12:18:39.865 ] [IO_writeCheckpoint] close: type=checkpoint name=sedov_hdf5_chk_0000
 [ 02-28-2025  12:18:39.922 ] [IO_writePlotfile] open: type=plotfile name=sedov_hdf5_plt_cnt_0000
 [ 02-28-2025  12:18:40.729 ] [io_writeData]: wrote    3072          blocks
 [ 02-28-2025  12:18:40.736 ] [IO_writePlotfile] close: type=plotfile name=sedov_hdf5_plt_cnt_0000
 [ 02-28-2025  12:18:40.737 ] memory: /proc vsize    (MB):     4559.92 (min)       5004.56 (max)       4713.61 (avg)
 [ 02-28-2025  12:18:40.737 ] memory: /proc rss      (MB):     1847.15 (min)       1933.22 (max)       1900.31 (avg)
 [ 02-28-2025  12:18:40.737 ] [Driver_evolveAll]: Entering evolution loop
 [ 02-28-2025  12:18:40.737 ] step: n=1 t=0.000000E+00 dt=1.000000E-10
 [ 02-28-2025  12:18:43.299 ] step: n=2 t=1.000000E-10 dt=2.000000E-10
 [ 02-28-2025  12:18:47.893 ] step: n=3 t=3.000000E-10 dt=4.000000E-10
 [ 02-28-2025  12:18:50.433 ] step: n=4 t=7.000000E-10 dt=8.000000E-10
 [ 02-28-2025  12:18:54.989 ] step: n=5 t=1.500000E-09 dt=1.600000E-09
 [ 02-28-2025  12:18:57.541 ] step: n=6 t=3.100000E-09 dt=3.200000E-09
 [ 02-28-2025  12:19:02.134 ] step: n=7 t=6.300000E-09 dt=6.400000E-09
 [ 02-28-2025  12:19:04.687 ] step: n=8 t=1.270000E-08 dt=1.280000E-08
 [ 02-28-2025  12:19:09.285 ] step: n=9 t=2.550000E-08 dt=2.560000E-08
 [ 02-28-2025  12:19:11.838 ] step: n=10 t=5.110000E-08 dt=5.120000E-08
 [ 02-28-2025  12:19:19.630 ] [IO_writeCheckpoint] open: type=checkpoint name=sedov_hdf5_chk_0001
 [ 02-28-2025  12:19:27.036 ] [io_writeData]: wrote    3072          blocks
 [ 02-28-2025  12:19:27.041 ] [IO_writeCheckpoint] close: type=checkpoint name=sedov_hdf5_chk_0001
 [ 02-28-2025  12:19:27.044 ] step: n=11 t=1.023000E-07 dt=1.024000E-07
 [ 02-28-2025  12:19:29.601 ] step: n=12 t=2.047000E-07 dt=2.048000E-07
 [ 02-28-2025  12:19:34.199 ] step: n=13 t=4.095000E-07 dt=3.780580E-07
 [ 02-28-2025  12:19:36.752 ] step: n=14 t=7.875580E-07 dt=3.318741E-07
 [ 02-28-2025  12:19:41.319 ] step: n=15 t=1.119432E-06 dt=3.092289E-07
 [ 02-28-2025  12:19:43.876 ] step: n=16 t=1.428661E-06 dt=2.992294E-07
 [ 02-28-2025  12:19:48.440 ] step: n=17 t=1.727890E-06 dt=2.937996E-07
 [ 02-28-2025  12:19:50.991 ] step: n=18 t=2.021690E-06 dt=2.903171E-07
 [ 02-28-2025  12:19:55.555 ] step: n=19 t=2.312007E-06 dt=2.885409E-07
 [ 02-28-2025  12:19:58.109 ] step: n=20 t=2.600548E-06 dt=2.888720E-07
 [ 02-28-2025  12:20:05.938 ] [IO_writeCheckpoint] open: type=checkpoint name=sedov_hdf5_chk_0002
 [ 02-28-2025  12:20:13.446 ] [io_writeData]: wrote    3072          blocks
 [ 02-28-2025  12:20:13.451 ] [IO_writeCheckpoint] close: type=checkpoint name=sedov_hdf5_chk_0002
 [ 02-28-2025  12:20:13.453 ] step: n=21 t=2.889420E-06 dt=2.887293E-07
 [ 02-28-2025  12:20:16.008 ] step: n=22 t=3.178149E-06 dt=2.892131E-07
 [ 02-28-2025  12:20:20.598 ] step: n=23 t=3.467362E-06 dt=2.899648E-07
 [ 02-28-2025  12:20:23.153 ] step: n=24 t=3.757327E-06 dt=2.906042E-07
 [ 02-28-2025  12:20:27.755 ] step: n=25 t=4.047932E-06 dt=2.911052E-07
 [ 02-28-2025  12:20:30.305 ] step: n=26 t=4.339037E-06 dt=2.916035E-07
 [ 02-28-2025  12:20:34.905 ] step: n=27 t=4.630640E-06 dt=2.912533E-07
 [ 02-28-2025  12:20:37.455 ] step: n=28 t=4.921894E-06 dt=2.910087E-07
 [ 02-28-2025  12:20:42.055 ] step: n=29 t=5.212902E-06 dt=2.908141E-07
 [ 02-28-2025  12:20:44.607 ] step: n=30 t=5.503716E-06 dt=2.906984E-07
 [ 02-28-2025  12:20:49.135 ] [GRID amr_refine_derefine]: initiating refinement
 [ 02-28-2025  12:20:49.142 ] [GRID amr_refine_derefine]: redist. phase.  tot blks requested: 3264
 [GRID amr_refine_derefine] min blks 6    max blks 9    tot blks 3264
 [GRID amr_refine_derefine] min leaf blks 4    max leaf blks 7    tot leaf blks 2920
 [ 02-28-2025  12:20:49.260 ] [GRID amr_refine_derefine]: refinement complete
 [ 02-28-2025  12:20:52.695 ] [IO_writeCheckpoint] open: type=checkpoint name=sedov_hdf5_chk_0003
 [ 02-28-2025  12:21:00.604 ] [io_writeData]: wrote    3264          blocks
 [ 02-28-2025  12:21:00.610 ] [IO_writeCheckpoint] close: type=checkpoint name=sedov_hdf5_chk_0003
 [ 02-28-2025  12:21:00.612 ] step: n=31 t=5.794415E-06 dt=2.906135E-07
 [ 02-28-2025  12:21:00.612 ] [mpi_amr_comm_setup]: buffer_dim_send=3014497, buffer_dim_recv=2540365
 [ 02-28-2025  12:21:03.223 ] step: n=32 t=6.085028E-06 dt=2.901953E-07
 [ 02-28-2025  12:21:07.903 ] step: n=33 t=6.375224E-06 dt=2.900594E-07
 [ 02-28-2025  12:21:10.481 ] step: n=34 t=6.665283E-06 dt=2.899658E-07
 [ 02-28-2025  12:21:15.157 ] step: n=35 t=6.955249E-06 dt=2.898708E-07
 [ 02-28-2025  12:21:17.735 ] step: n=36 t=7.245120E-06 dt=2.898402E-07
 [ 02-28-2025  12:21:22.413 ] step: n=37 t=7.534960E-06 dt=2.896849E-07
 [ 02-28-2025  12:21:24.994 ] step: n=38 t=7.824645E-06 dt=2.894037E-07
 [ 02-28-2025  12:21:29.662 ] step: n=39 t=8.114048E-06 dt=2.892750E-07
 [ 02-28-2025  12:21:32.235 ] step: n=40 t=8.403323E-06 dt=2.891725E-07
 [ 02-28-2025  12:21:40.087 ] [IO_writeCheckpoint] open: type=checkpoint name=sedov_hdf5_chk_0004
 [ 02-28-2025  12:21:48.040 ] [io_writeData]: wrote    3264          blocks
 [ 02-28-2025  12:21:48.046 ] [IO_writeCheckpoint] close: type=checkpoint name=sedov_hdf5_chk_0004
 [ 02-28-2025  12:21:48.047 ] step: n=41 t=8.692496E-06 dt=2.890625E-07
 [ 02-28-2025  12:21:50.614 ] step: n=42 t=8.981558E-06 dt=2.889995E-07
 [ 02-28-2025  12:21:55.280 ] step: n=43 t=9.270558E-06 dt=2.887093E-07
 [ 02-28-2025  12:21:57.848 ] step: n=44 t=9.559267E-06 dt=2.884276E-07
 [ 02-28-2025  12:22:02.476 ] step: n=45 t=9.847695E-06 dt=2.882697E-07
 [ 02-28-2025  12:22:05.043 ] step: n=46 t=1.013596E-05 dt=2.881230E-07
 [ 02-28-2025  12:22:09.719 ] step: n=47 t=1.042409E-05 dt=2.879842E-07
 [ 02-28-2025  12:22:12.294 ] step: n=48 t=1.071207E-05 dt=2.878746E-07
 [ 02-28-2025  12:22:16.962 ] step: n=49 t=1.099995E-05 dt=2.875084E-07
 [ 02-28-2025  12:22:19.529 ] step: n=50 t=1.128745E-05 dt=2.872050E-07
 [ 02-28-2025  12:22:27.396 ] [IO_writeCheckpoint] open: type=checkpoint name=sedov_hdf5_chk_0005
 [ 02-28-2025  12:22:35.293 ] [io_writeData]: wrote    3264          blocks
 [ 02-28-2025  12:22:35.299 ] [IO_writeCheckpoint] close: type=checkpoint name=sedov_hdf5_chk_0005
 [ 02-28-2025  12:22:35.301 ] step: n=51 t=1.157466E-05 dt=2.870059E-07
 [ 02-28-2025  12:22:37.861 ] step: n=52 t=1.186167E-05 dt=2.868556E-07
 [ 02-28-2025  12:22:42.543 ] step: n=53 t=1.214852E-05 dt=2.867067E-07
 [ 02-28-2025  12:22:45.113 ] step: n=54 t=1.243523E-05 dt=2.865689E-07
 [ 02-28-2025  12:22:49.745 ] step: n=55 t=1.272180E-05 dt=2.863801E-07
 [ 02-28-2025  12:22:52.314 ] step: n=56 t=1.300818E-05 dt=2.860363E-07
 [ 02-28-2025  12:22:56.977 ] step: n=57 t=1.329421E-05 dt=2.857698E-07
 [ 02-28-2025  12:22:59.538 ] step: n=58 t=1.357998E-05 dt=2.855749E-07
 [ 02-28-2025  12:23:04.208 ] step: n=59 t=1.386556E-05 dt=2.854113E-07
 [ 02-28-2025  12:23:06.775 ] step: n=60 t=1.415097E-05 dt=2.852482E-07
 [ 02-28-2025  12:23:14.674 ] [IO_writeCheckpoint] open: type=checkpoint name=sedov_hdf5_chk_0006
 [ 02-28-2025  12:23:22.523 ] [io_writeData]: wrote    3264          blocks
 [ 02-28-2025  12:23:22.529 ] [IO_writeCheckpoint] close: type=checkpoint name=sedov_hdf5_chk_0006
 [ 02-28-2025  12:23:22.531 ] [Driver_evolveAll]: Exiting evolution loop
 [ 02-28-2025  12:23:22.594 ] [IO_writePlotfile] open: type=plotfile name=sedov_forced_hdf5_plt_cnt_0000
 [ 02-28-2025  12:23:23.454 ] [io_writeData]: wrote    3264          blocks
 [ 02-28-2025  12:23:23.495 ] [IO_writePlotfile] close: type=plotfile name=sedov_forced_hdf5_plt_cnt_0000
 [ 02-28-2025  12:23:23.496 ] memory: /proc vsize    (MB):     4627.50 (min)       5028.79 (max)       4751.48 (avg)
 [ 02-28-2025  12:23:23.496 ] memory: /proc rss      (MB):     1934.70 (min)       2034.34 (max)       1989.27 (avg)
 ==============================================================================
 perf_summary: code performance summary for process            0
                      beginning : 02-28-2025  12:17:44
                         ending : 02-28-2025  12:23:23
   seconds in monitoring period :              339.301
      number of evolution steps :                   60
 ------------------------------------------------------------------------------
 accounting unit                       time sec  num calls   secs avg  time pct
 ------------------------------------------------------------------------------
 initialization                         56.542      1          56.542    16.664
  eos                                    0.102      8           0.013     0.030
  guardcell internal                     4.048      7           0.578     1.193
   amr_guardcell                         4.003      7           0.572     1.180
   eos gc                                0.000      7           0.000     0.000
  writeCheckpoint                       10.758      1          10.758     3.171
   restrictAll                           3.078      1           3.078     0.907
  writePlotfile                          0.870      1           0.870     0.256
 writePlotfile                           0.964      1           0.964     0.284
 evolution                             281.794      1         281.794    83.051
  Hydro                                104.147     60           1.736    30.695
   Head                                 16.293     60           0.272     4.802
    guardcell internal                  16.291     60           0.272     4.801
     amr_guardcell                      15.634     60           0.261     4.608
     eos gc                              0.001     60           0.000     0.000
   compute fluxes                       84.656     60           1.411    24.950
    hy_computeFluxes                    84.655    390           0.217    24.950
     RiemannState                       72.616    390           0.186    21.402
     getFaceFlux                        11.931    390           0.031     3.516
   conserveFluxes                        0.027     60           0.000     0.008
   update solution                       3.145     60           0.052     0.927
    update solution body                 3.144    390           0.008     0.927
     unsplitUpdate                       1.322    390           0.003     0.390
  sourceTerms                            0.000     60           0.000     0.000
  Particles_advance                      0.000     60           0.000     0.000
  Gravity potential                      0.000     60           0.000     0.000
  IO_output                            114.690    120           0.956    33.802
   diagnostics                          48.769    120           0.406    14.373
   checkpointing                        65.890      6          10.982    19.419
    writeCheckpoint                     65.888      6          10.981    19.419
     restrictAll                        18.882      6           3.147     5.565
  Grid_updateRefinement                 62.195     60           1.037    18.330
   eos                                   0.051      1           0.051     0.015
   tree                                 62.143     60           1.036    18.315
    markRefineDerefine                   7.297     30           0.243     2.151
     guardcell internal                  6.028     30           0.201     1.777
      amr_guardcell                      5.668     30           0.189     1.671
      eos gc                             0.001     30           0.000     0.000
    amr_refine_derefine                 54.077     30           1.803    15.938
    updateData                           0.000     30           0.000     0.000
   updateParticleRefinement              0.000      1           0.000     0.000
  Driver_computeDt                       0.734     60           0.012     0.216
 ==============================================================================
 [ 02-28-2025  12:23:23.497 ] [Timers_getSummary]: Not writing timer max/min/avg values because not all processors had same timers
 [ 02-28-2025  12:23:23.497 ] LOGFILE_END: FLASH run complete.
 FLASH log file:  02-28-2025  12:23:34.712    Run number:  1
 ==============================================================================
 Number of MPI tasks:                448
 MPI version:                          3
 MPI subversion:                       1
 Dimensionality:                       3
 Max Number of Blocks/Proc:          200
 Number x zones:                      32
 Number y zones:                      32
 Number z zones:                      32
 Setup stamp:     Fri Nov 1 14:03:57 2024
 Build stamp:     Fri Nov 1 14:04:23 2024
 System info:     Linux corona211 4.18.0-553.22.1.1toss.t4.x86_64 #1 SMP Tue Sep 24 16:50:00 PDT 2
 Version:         Flash-X 1.0 (heads/main-0-g6040ba49-dirty)                                      
 Build directory: /usr/workspace/ather1/Flash-X/sedov
 Setup syntax:    /usr/workspace/ather1/Flash-X/bin/setup.py Sedov -auto -3d -nxb=32 -nyb=32 -nzb=32 +parallelio -objdir=/usr/workspace/ather1/Flash-X/sedov
 f compiler flags: mpif90 -ggdb -c -O2 -fdefault-real-8 -fdefault-double-8 -Wuninitialized -fallow-argument-mismatch -fallow-argument-mismatch -DMAXBLOCKS=200 -DNXB=32 -DNYB=32 -DNZB=32 -DN_DIM=3
 c compiler flags:    mpicc -I/p/lustre2/ather1/hdf5-1.14.4-3/install/include -DH5_USE_18_API -ggdb -c -O2 -Wuninitialized -D_FORTIFY_SOURCE=2 -DMAXBLOCKS=200 -DNXB=32 -DNYB=32 -DNZB=32 -DN_DIM=3
 ==============================================================================
 Comment:  Sedov explosion
 ==============================================================================
 FLASH Units used:
   Driver/DriverMain/Unsplit
   Grid/GridBoundaryConditions
   Grid/GridMain/AMR/Paramesh4/PM4_package/flash_avoid_orrery
   Grid/GridMain/AMR/Paramesh4/PM4_package/headers
   Grid/GridMain/AMR/Paramesh4/PM4_package/source
   Grid/GridMain/AMR/Paramesh4/PM4_package/utilities/multigrid
   Grid/GridMain/AMR/Paramesh4/interpolation/prolong
   Grid/GridMain/AMR/Paramesh4/levelFlux
   Grid/localAPI
   IO/IOMain/hdf5/parallel/PM
   IO/localAPI
   PhysicalConstants/PhysicalConstantsMain
   RuntimeParameters/RuntimeParametersMain
   Simulation/SimulationMain/Sedov
   TimeAdvance/TimeAdvanceMain/StrangSplit
   flashUtilities/contiguousConversion
   flashUtilities/general
   flashUtilities/interpolation/oneDim
   flashUtilities/nameValueLL
   flashUtilities/sorting/quicksort
   flashUtilities/system/memoryUsage/legacy
   monitors/Logfile/LogfileMain
   monitors/Timers/TimersMain/MPINative
   physics/Eos/EosMain/Gamma
   physics/Hydro/HydroMain/unsplit/OnlyHydro
   physics/Hydro/HydroMain/unsplit/levelFlux
   physics/Hydro/localAPI
 ==============================================================================
 RuntimeParameters:
                                                                               
 ==============================================================================
bndpriorityone              =          1
bndprioritythree            =          3
bndprioritytwo              =          2
checkpointfileintervalstep  =         10 [CHANGED]
checkpointfilenumber        =          0
dr_abortpause               =          2
dr_dtminbelowaction         =          1
drift_break_inst            =          0
drift_trunc_mantissa        =          2
drift_verbose_inst          =          0
eos_entrelescalechoice      =          6
eos_loglevel                =        700
fileformatversion           =          9
forcedplotfilenumber        =          0
gr_lrefmaxtimevalue_1       =         -1
gr_lrefmaxtimevalue_10      =         -1
gr_lrefmaxtimevalue_11      =         -1
gr_lrefmaxtimevalue_12      =         -1
gr_lrefmaxtimevalue_13      =         -1
gr_lrefmaxtimevalue_14      =         -1
gr_lrefmaxtimevalue_15      =         -1
gr_lrefmaxtimevalue_16      =         -1
gr_lrefmaxtimevalue_17      =         -1
gr_lrefmaxtimevalue_18      =         -1
gr_lrefmaxtimevalue_19      =         -1
gr_lrefmaxtimevalue_2       =         -1
gr_lrefmaxtimevalue_20      =         -1
gr_lrefmaxtimevalue_3       =         -1
gr_lrefmaxtimevalue_4       =         -1
gr_lrefmaxtimevalue_5       =         -1
gr_lrefmaxtimevalue_6       =         -1
gr_lrefmaxtimevalue_7       =         -1
gr_lrefmaxtimevalue_8       =         -1
gr_lrefmaxtimevalue_9       =         -1
gr_pmrpdivergencefree       =         -1
gr_pmrpifaceoff             =          0
gr_pmrpl2p5d                =          0
gr_pmrpmaxblocks            =         -1
gr_pmrpmflags               =          1
gr_pmrpnboundaries          =          6
gr_pmrpndim                 =          3
gr_pmrpnedgevar1            =         -1
gr_pmrpnfacevar             =         -1
gr_pmrpnfielddivf           =         -1
gr_pmrpnfluxvar             =         -1
gr_pmrpnguard               =         -1
gr_pmrpnguardwork           =         -1
gr_pmrpnvar                 =         -1
gr_pmrpnvarwork             =          1
gr_pmrpnvarcorn             =          0
gr_pmrpnvaredge             =          0
gr_pmrpnxb                  =         -1
gr_pmrpnyb                  =         -1
gr_pmrpnzb                  =         -1
gr_restrictallmethod        =          3
gr_sanitizedatamode         =          1
gr_sanitizeverbosity        =          5
gr_tilesizex                =         32
gr_tilesizey                =         32
gr_tilesizez                =         32
hy_3torder                  =         -1
hydrocomputedtoption        =         -1
iprocs                      =          1
interpol_order              =          2
irenorm                     =          0
jprocs                      =          1
kprocs                      =          1
lrefine_del                 =          0
lrefine_max                 =          6 [CHANGED]
lrefine_min                 =          1
lrefine_min_init            =          1
max_particles_per_blk       =        100
memory_stat_freq            =     100000
meshcopycount               =          1
min_particles_per_blk       =          1
nbegin                      =          1
nblockx                     =          8 [CHANGED]
nblocky                     =          8 [CHANGED]
nblockz                     =          8 [CHANGED]
nend                        =         60 [CHANGED]
nrefs                       =          2
nsteptotalsts               =          5
order                       =          3 [CHANGED]
outputsplitnum              =          1
plotfileintervalstep        =          0
plotfilenumber              =          0
refine_var_count            =          4
rolling_checkpoint          =      10000
sim_centerrefinelevel       =          1
sim_integralslevel          =         -1
sim_nsubzones               =          7
sweeporder                  =        123
transorder                  =          1
wr_integrals_freq           =          1
limitedslopebeta            =                 0.100E+01
cfl                         =                 0.800E+00
checkpointfileintervaltime  =                 0.000E+00 [CHANGED]
checkpointfileintervalz     =                 0.180+309
cvisc                       =                 0.100E+00
derefine_cutoff_1           =                 0.200E+00
derefine_cutoff_2           =                 0.200E+00
derefine_cutoff_3           =                 0.200E+00
derefine_cutoff_4           =                 0.200E+00
dr_dtmincontinue            =                 0.000E+00
dr_tstepslowstartfactor     =                 0.100E+00
dtinit                      =                 0.100E-09
dtmax                       =                 0.100E+06
dtmin                       =                 0.100E-09
eintswitch                  =                 0.100E-03 [CHANGED]
eos_singlespeciesa          =                 0.100E+01
eos_singlespeciesz          =                 0.100E+01
gamma                       =                 0.140E+01 [CHANGED]
gr_btworkchildscaling       =                 0.100E+01
gr_btworkdefaultleaf        =                 0.200E+01
gr_btworkdefaultpar         =                 0.100E+01
gr_btworklbleaf             =                 0.000E+00
gr_btworklbpar              =                 0.000E+00
gr_btworkubleaf             =                 0.100E+07
gr_btworkubpar              =                 0.100E+07
gr_lrefinemaxredlogbase     =                 0.100E+02
gr_lrefinemaxredradiusfact  =                 0.000E+00
gr_lrefinemaxredtref        =                 0.000E+00
gr_lrefinemaxredtimescale   =                 0.100E+01
gr_lrefmaxtime_1            =                -0.100E+01
gr_lrefmaxtime_10           =                -0.100E+01
gr_lrefmaxtime_11           =                -0.100E+01
gr_lrefmaxtime_12           =                -0.100E+01
gr_lrefmaxtime_13           =                -0.100E+01
gr_lrefmaxtime_14           =                -0.100E+01
gr_lrefmaxtime_15           =                -0.100E+01
gr_lrefmaxtime_16           =                -0.100E+01
gr_lrefmaxtime_17           =                -0.100E+01
gr_lrefmaxtime_18           =                -0.100E+01
gr_lrefmaxtime_19           =                -0.100E+01
gr_lrefmaxtime_2            =                -0.100E+01
gr_lrefmaxtime_20           =                -0.100E+01
gr_lrefmaxtime_3            =                -0.100E+01
gr_lrefmaxtime_4            =                -0.100E+01
gr_lrefmaxtime_5            =                -0.100E+01
gr_lrefmaxtime_6            =                -0.100E+01
gr_lrefmaxtime_7            =                -0.100E+01
gr_lrefmaxtime_8            =                -0.100E+01
gr_lrefmaxtime_9            =                -0.100E+01
hy_cflfallbackfactor        =                 0.900E+00
hy_fpresinmomflux           =                 0.100E+01
hybridorderkappa            =                 0.000E+00
nusts                       =                 0.200E+00 [CHANGED]
plotfileintervaltime        =                 0.000E+00 [CHANGED]
plotfileintervalz           =                 0.180+309
radiusgp                    =                 0.200E+01
refine_cutoff_1             =                 0.800E+00
refine_cutoff_2             =                 0.800E+00
refine_cutoff_3             =                 0.800E+00
refine_cutoff_4             =                 0.800E+00
refine_filter_1             =                 0.100E-01
refine_filter_2             =                 0.100E-01
refine_filter_3             =                 0.100E-01
refine_filter_4             =                 0.100E-01
rss_limit                   =                -0.100E+01
sigmagp                     =                 0.300E+01
sim_derefineradius          =                 0.000E+00
sim_earliestlstime          =                 0.000E+00
sim_expenergy               =                 0.100E+01
sim_largestnormradius       =                 0.180+309
sim_latestlstime            =                 0.180+309
sim_minrhoinit              =                 0.100E-19
sim_pambient                =                 0.100E-04
sim_rinit                   =                 0.137E-01 [CHANGED]
sim_rhoambient              =                 0.100E+01
sim_smallestnormradius      =                 0.000E+00
sim_xctr                    =                 0.500E+00
sim_yctr                    =                 0.500E+00
sim_zctr                    =                 0.500E+00
small                       =                 0.100E-09
smalle                      =                 0.100E-09
smallp                      =                 0.100E-09
smallt                      =                 0.100E-09
smallu                      =                 0.100E-09
smallx                      =                 0.100E-09
smlrho                      =                 0.100E-09
tinitial                    =                 0.000E+00
tiny                        =                 0.100E-15
tmax                        =                 0.500E+06 [CHANGED]
tstep_change_factor         =                 0.200E+01
wall_clock_checkpoint       =                 0.432E+05
wall_clock_time_limit       =                 0.605E+06
x_refine_center             =                 0.000E+00
xmax                        =                 0.100E+01
xmin                        =                 0.000E+00
y_refine_center             =                 0.000E+00
ymax                        =                 0.100E+01
ymin                        =                 0.000E+00
zfinal                      =                 0.000E+00
zinitial                    =                -0.100E+01
z_refine_center             =                 0.000E+00
zmax                        =                 0.100E+01
zmin                        =                 0.000E+00
riemannsolver               = Roe                            [CHANGED]
unitsystem                  = none                          
basenm                      = sedov_                         [CHANGED]
entropyfixmethod            = HARTENHYMAN                   
eosmode                     = dens_ie                       
eosmodeinit                 = dens_ie                       
geometry                    = cartesian                     
gr_pmrpoutputdir            = ./                            
grav_boundary_type          = isolated                      
hy_eosmodegc                = see eosMode                   
log_file                    = sedov.log                      [CHANGED]
output_directory            =                               
pc_unitsbase                = CGS                           
plot_grid_var_1             = none                          
plot_grid_var_10            = none                          
plot_grid_var_11            = none                          
plot_grid_var_12            = none                          
plot_grid_var_13            = none                          
plot_grid_var_14            = none                          
plot_grid_var_15            = none                          
plot_grid_var_16            = none                          
plot_grid_var_17            = none                          
plot_grid_var_18            = none                          
plot_grid_var_19            = none                          
plot_grid_var_2             = none                          
plot_grid_var_20            = none                          
plot_grid_var_21            = none                          
plot_grid_var_22            = none                          
plot_grid_var_23            = none                          
plot_grid_var_24            = none                          
plot_grid_var_25            = none                          
plot_grid_var_26            = none                          
plot_grid_var_27            = none                          
plot_grid_var_28            = none                          
plot_grid_var_29            = none                          
plot_grid_var_3             = none                          
plot_grid_var_30            = none                          
plot_grid_var_31            = none                          
plot_grid_var_32            = none                          
plot_grid_var_33            = none                          
plot_grid_var_34            = none                          
plot_grid_var_35            = none                          
plot_grid_var_36            = none                          
plot_grid_var_37            = none                          
plot_grid_var_38            = none                          
plot_grid_var_39            = none                          
plot_grid_var_4             = none                          
plot_grid_var_40            = none                          
plot_grid_var_41            = none                          
plot_grid_var_42            = none                          
plot_grid_var_43            = none                          
plot_grid_var_44            = none                          
plot_grid_var_45            = none                          
plot_grid_var_46            = none                          
plot_grid_var_47            = none                          
plot_grid_var_48            = none                          
plot_grid_var_49            = none                          
plot_grid_var_5             = none                          
plot_grid_var_50            = none                          
plot_grid_var_51            = none                          
plot_grid_var_52            = none                          
plot_grid_var_53            = none                          
plot_grid_var_54            = none                          
plot_grid_var_55            = none                          
plot_grid_var_56            = none                          
plot_grid_var_57            = none                          
plot_grid_var_58            = none                          
plot_grid_var_59            = none                          
plot_grid_var_6             = none                          
plot_grid_var_60            = none                          
plot_grid_var_61            = none                          
plot_grid_var_62            = none                          
plot_grid_var_63            = none                          
plot_grid_var_64            = none                          
plot_grid_var_65            = none                          
plot_grid_var_66            = none                          
plot_grid_var_67            = none                          
plot_grid_var_68            = none                          
plot_grid_var_69            = none                          
plot_grid_var_7             = none                          
plot_grid_var_70            = none                          
plot_grid_var_71            = none                          
plot_grid_var_72            = none                          
plot_grid_var_73            = none                          
plot_grid_var_74            = none                          
plot_grid_var_75            = none                          
plot_grid_var_76            = none                          
plot_grid_var_77            = none                          
plot_grid_var_78            = none                          
plot_grid_var_8             = none                          
plot_grid_var_9             = none                          
plot_var_1                  = dens                           [CHANGED]
plot_var_10                 = none                          
plot_var_11                 = none                          
plot_var_12                 = none                          
plot_var_13                 = none                          
plot_var_14                 = none                          
plot_var_15                 = none                          
plot_var_16                 = none                          
plot_var_17                 = none                          
plot_var_18                 = none                          
plot_var_2                  = pres                           [CHANGED]
plot_var_3                  = temp                           [CHANGED]
plot_var_4                  = none                          
plot_var_5                  = none                          
plot_var_6                  = none                          
plot_var_7                  = none                          
plot_var_8                  = none                          
plot_var_9                  = none                          
prof_file                   = profile.dat                   
refine_var_1                = dens                           [CHANGED]
refine_var_2                = pres                           [CHANGED]
refine_var_3                = none                          
refine_var_4                = none                          
run_comment                 = Sedov explosion                [CHANGED]
run_number                  = 1                             
sim_proffilename            = /dev/null                      [CHANGED]
slopelimiter                = mc                             [CHANGED]
stats_file                  = flashx.dat                    
wenomethod                  = WENO5                         
xl_boundary_type            = outflow                        [CHANGED]
xr_boundary_type            = outflow                        [CHANGED]
yl_boundary_type            = outflow                        [CHANGED]
yr_boundary_type            = outflow                        [CHANGED]
zl_boundary_type            = outflow                        [CHANGED]
zr_boundary_type            = outflow                        [CHANGED]
csvsummaryallprocs          =  F
eosforriemann               =  F
logsummaryallprocs          =  F
addthermalflux              =  T
allowdtstsdominate          =  F
alwayscomputeuservars       =  T
alwaysrestrictcheckpoint    =  T
charlimiting                =  T
chkguardcellsinput          =  F
chkguardcellsoutput         =  F
conserveangmom              =  F
converttoconsvdformeshcalls =  F
converttoconsvdinmeshinterp =  T
corners                     =  F
dr_printtsteploc            =  T
dr_shortenlaststepbeforetmax =  F
drift_tuples                =  F
eachprocwritesownabortlog   =  F
eachprocwritessummary       =  F
earlyblockdistadjustment    =  T
enablemaskedgcfill          =  F
entropy                     =  F
flux_correct                =  T
flux_correct_perlevel       =  F
geometryoverride            =  F
gr_bcenableapplymixedgds    =  T
gr_bndgcfillneedsprimitivevars =  T
gr_btcustomwork             =  F
gr_btexchangework           =  F
gr_btsortbywork             =  T
gr_enabletiling             =  F
gr_lrefinemaxbytime         =  F
gr_lrefinemaxreddobylogr    =  F
gr_lrefinemaxreddobytime    =  F
gr_pmrpadvancealllevels     =  F
gr_pmrpamrerrorchecking     =  F
gr_pmrpcartesianpm          =  F
gr_pmrpconserve             =  F
gr_pmrpconsvfluxdensities   =  T
gr_pmrpconsvfluxes          =  F
gr_pmrpcurvilinear          =  F
gr_pmrpcurvilinearconserve  =  F
gr_pmrpcylindricalpm        =  F
gr_pmrpdiagonals            =  T
gr_pmrpedgevalue            =  T
gr_pmrpedgevalueinteg       =  F
gr_pmrpemptycells           =  F
gr_pmrpforceconsistency     =  T
gr_pmrplsingularline        =  F
gr_pmrpnopermanentguardcells =  F
gr_pmrppolarpm              =  F
gr_pmrppredcorr             =  F
gr_pmrpsphericalpm          =  F
gr_pmrptimingmpi            =  F
gr_pmrptimingmpix           =  F
gr_pmrpvardt                =  F
gr_usetiling                =  F
hy_fallbacklowercfl         =  F
hy_fullspecmsfluxhandling   =  T
hy_usetiling                =  F
ignoreforcedplot            =  F
io_writemscalarintegrals    =  F
plotfilegridquantitydp      =  F
plotfilemetadatadp          =  F
reducegcellfills            =  F
refine_on_particle_count    =  F
restart                     =  F
shockdetect                 =  F
shocklowercfl               =  F
sim_bcsetbdryvar            =  F
sim_forcecenterderefine     =  F
sim_onelevelintegralsonly   =  F
summaryoutputonly           =  F
threadblocklistbuild        =  F
threaddelepblocklist        =  F
threaddelepwithinblock      =  F
threaddriverblocklist       =  F
threaddriverwithinblock     =  F
threadeoswithinblock        =  F
threadhydroblocklist        =  F
threadhydrowithinblock      =  F
threadraytracebuild         =  F
threadwithinblockbuild      =  F
tmr_suppressinparallel      =  F
typematchedxfer             =  T
unbiased_geometry           =  F
updatehydrofluxes           =  T
useburn                     =  F
usecollectivehdf5           =  T
usedeleptonize              =  F
usegravity                  =  F
useheatad                   =  F
useheater                   =  F
usehydro                    =  T
useimbound                  =  F
useincompns                 =  F
useinlet                    =  F
uselegacylabels             =  T
usemultiphase               =  F
useorchestration            =  F
useoutlet                   =  F
useparticles                =  F
useradtrans                 =  F
usests                      =  F
usestsfordiffusion          =  F
usesolidmechanics           =  F
use_3dfullctu               =  T
use_auxeinteqn              =  T
use_avisc                   =  T [CHANGED]
use_cma_advection           =  F
use_cma_flattening          =  F
use_flash_surr_blks_fill    =  T
use_flattening              =  F
use_gravhalfupdate          =  T
use_hybridorder             =  F
use_reduced_orrery          =  T
use_steepening              =  F
use_upwindtvd               =  F
writestatsummary            =  T
                                                                               
 ==============================================================================
                                                                               
 Known units of measurement:
                                                                               
              Unit                          CGS Value                Base Unit
  1                  cm                     1.0000                           cm
  2                   s                     1.0000                            s
  3                   g                     1.0000                            g
  4                   K                     1.0000                            K
  5                 esu                     1.0000                          esu
  6                 mol                     1.0000                          mol
  7                   m                     100.00                           cm
  8                  km                    1.00000E+05                       cm
  9                  pc                    3.08568E+18                       cm
 10                 kpc                    3.08568E+21                       cm
 11                 Mpc                    3.08568E+24                       cm
 12                 Gpc                    3.08568E+27                       cm
 13                Rsun                    6.96000E+10                       cm
 14                  AU                    1.49598E+13                       cm
 15                  yr                    3.15569E+07                        s
 16                 Myr                    3.15569E+13                        s
 17                 Gyr                    3.15569E+16                        s
 18                  kg                     1000.0                            g
 19                Msun                    1.98892E+33                        g
 20                 amu                    1.66054E-24                        g
 21                  eV                     11605.                            K
 22                   C                    2.99792E+09                      esu
 23                LFLY                    3.08568E+24                       cm
 24                TFLY                    2.05759E+17                        s
 25                MFLY                    9.88470E+45                        g
 26            clLength                    3.08568E+24                       cm
 27              clTime                    3.15569E+16                        s
 28              clMass                    1.98892E+48                        g
 29              clTemp                    1.16045E+07                        K
-----------End of Units--------------------
                                                                               
 Known physical constants:
                                                                               
    Constant Name       Constant Value   cm       s        g        K        esu      mol
  1              Newton    6.67408E-08   3.0     -2.0     -1.0      0.0      0.0      0.0    
  2      speed of light    2.99792E+10   1.0     -1.0      0.0      0.0      0.0      0.0    
  3              Planck    6.62607E-27   2.0     -1.0      1.0      0.0      0.0      0.0    
  4     electron charge    4.80320E-10   0.0      0.0      0.0      0.0      1.0      0.0    
  5       electron mass    9.10938E-28   0.0      0.0      1.0      0.0      0.0      0.0    
  6         proton mass    1.67262E-24   0.0      0.0      1.0      0.0      0.0      0.0    
  7      fine-structure    7.29735E-03   0.0      0.0      0.0      0.0      0.0      0.0    
  8            Avogadro    6.02214E+23   0.0      0.0      0.0      0.0      0.0     -1.0    
  9           Boltzmann    1.38065E-16   2.0     -2.0      1.0     -1.0      0.0      0.0    
 10  ideal gas constant    8.31446E+07   2.0     -2.0      1.0     -1.0      0.0     -1.0    
 11                Wien    0.28978       1.0      0.0      0.0      1.0      0.0      0.0    
 12    Stefan-Boltzmann    5.67037E-05   0.0     -3.0      1.0     -4.0      0.0      0.0    
 13  Radiation Constant    7.56572E-15  -1.0     -2.0      1.0     -4.0      0.0      0.0    
 14                  pi     3.1416       0.0      0.0      0.0      0.0      0.0      0.0    
 15                   e     2.7183       0.0      0.0      0.0      0.0      0.0      0.0    
 16               Euler    0.57722       0.0      0.0      0.0      0.0      0.0      0.0    
 ==============================================================================
                                                                               
 Multifluid database: not configured in
                                                                               
 ==============================================================================
 [ 02-28-2025  12:23:34.714 ] [gr_initGeometry] checking BCs for idir: 1
 [ 02-28-2025  12:23:34.714 ] [gr_initGeometry] checking BCs for idir: 2
 [ 02-28-2025  12:23:34.714 ] [gr_initGeometry] checking BCs for idir: 3
 [ 02-28-2025  12:23:36.398 ] [GRID amr_refine_derefine]: initiating refinement
 [ 02-28-2025  12:23:36.398 ] [GRID amr_refine_derefine]: redist. phase.  tot blks requested: 512
 [GRID amr_refine_derefine] min blks 1    max blks 2    tot blks 512
 [GRID amr_refine_derefine] min leaf blks 1    max leaf blks 2    tot leaf blks 512
 [ 02-28-2025  12:23:36.406 ] [GRID amr_refine_derefine]: refinement complete
 [ 02-28-2025  12:23:36.434 ] [GRID gr_expandDomain]: iteration=1, create level=2
 INFO: Grid_fillGuardCells is ignoring masking.
 [ 02-28-2025  12:23:38.812 ] [mpi_amr_comm_setup]: buffer_dim_send=407977, buffer_dim_recv=407977
 [ 02-28-2025  12:23:39.144 ] [GRID amr_refine_derefine]: initiating refinement
 [ 02-28-2025  12:23:39.151 ] [GRID amr_refine_derefine]: redist. phase.  tot blks requested: 576
 [GRID amr_refine_derefine] min blks 1    max blks 2    tot blks 576
 [GRID amr_refine_derefine] min leaf blks 0    max leaf blks 2    tot leaf blks 568
 [ 02-28-2025  12:23:39.211 ] [GRID amr_refine_derefine]: refinement complete
 [ 02-28-2025  12:23:39.217 ] [GRID gr_expandDomain]: iteration=2, create level=3
 [ 02-28-2025  12:23:41.924 ] [GRID amr_refine_derefine]: initiating refinement
 [ 02-28-2025  12:23:41.930 ] [GRID amr_refine_derefine]: redist. phase.  tot blks requested: 640
 [GRID amr_refine_derefine] min blks 1    max blks 2    tot blks 640
 [GRID amr_refine_derefine] min leaf blks 0    max leaf blks 2    tot leaf blks 624
 [ 02-28-2025  12:23:41.987 ] [GRID amr_refine_derefine]: refinement complete
 [ 02-28-2025  12:23:41.993 ] [GRID gr_expandDomain]: iteration=3, create level=4
 [ 02-28-2025  12:23:44.671 ] [GRID amr_refine_derefine]: initiating refinement
 [ 02-28-2025  12:23:44.677 ] [GRID amr_refine_derefine]: redist. phase.  tot blks requested: 704
 [GRID amr_refine_derefine] min blks 1    max blks 2    tot blks 704
 [GRID amr_refine_derefine] min leaf blks 0    max leaf blks 2    tot leaf blks 680
 [ 02-28-2025  12:23:44.739 ] [GRID amr_refine_derefine]: refinement complete
 [ 02-28-2025  12:23:44.746 ] [GRID gr_expandDomain]: iteration=4, create level=5
 [ 02-28-2025  12:23:47.456 ] [GRID amr_refine_derefine]: initiating refinement
 [ 02-28-2025  12:23:47.460 ] [GRID amr_refine_derefine]: redist. phase.  tot blks requested: 768
 [GRID amr_refine_derefine] min blks 1    max blks 2    tot blks 768
 [GRID amr_refine_derefine] min leaf blks 0    max leaf blks 2    tot leaf blks 736
 [ 02-28-2025  12:23:47.522 ] [GRID amr_refine_derefine]: refinement complete
 [ 02-28-2025  12:23:47.530 ] [GRID gr_expandDomain]: iteration=5, create level=6
 [ 02-28-2025  12:23:50.242 ] [GRID amr_refine_derefine]: initiating refinement
 [ 02-28-2025  12:23:50.247 ] [GRID amr_refine_derefine]: redist. phase.  tot blks requested: 3072
 [GRID amr_refine_derefine] min blks 6    max blks 9    tot blks 3072
 [GRID amr_refine_derefine] min leaf blks 4    max leaf blks 7    tot leaf blks 2752
 [ 02-28-2025  12:23:50.336 ] [GRID amr_refine_derefine]: refinement complete
 [ 02-28-2025  12:23:50.343 ] [GRID gr_expandDomain]: iteration=6, create level=6
 [ 02-28-2025  12:23:57.478 ] [mpi_amr_comm_setup]: buffer_dim_send=2842945, buffer_dim_recv=2345545
 [ 02-28-2025  12:23:59.524 ] [GRID gr_expandDomain]: iteration=7, create level=6
 [ 02-28-2025  12:24:09.145 ] [GRID gr_expandDomain]: iteration=8, create level=6
 [ 02-28-2025  12:24:18.495 ] memory: /proc vsize    (MB):     4559.93 (min)       4788.38 (max)       4702.78 (avg)
 [ 02-28-2025  12:24:18.495 ] memory: /proc rss      (MB):     1840.99 (min)       1927.41 (max)       1891.45 (avg)
 [ 02-28-2025  12:24:18.496 ] memory: /proc vsize    (MB):     4559.93 (min)       4788.38 (max)       4702.78 (avg)
 [ 02-28-2025  12:24:18.496 ] memory: /proc rss      (MB):     1840.99 (min)       1927.41 (max)       1891.45 (avg)
 [ 02-28-2025  12:24:18.509 ] memory: /proc vsize    (MB):     4559.93 (min)       4788.38 (max)       4702.78 (avg)
 [ 02-28-2025  12:24:18.509 ] memory: /proc rss      (MB):     1840.99 (min)       1927.41 (max)       1891.45 (avg)
 [ 02-28-2025  12:24:21.847 ] [IO_writeCheckpoint] open: type=checkpoint name=sedov_hdf5_chk_0000
 [ 02-28-2025  12:24:29.135 ] [io_writeData]: wrote    3072          blocks
 [ 02-28-2025  12:24:29.145 ] [IO_writeCheckpoint] close: type=checkpoint name=sedov_hdf5_chk_0000
 [ 02-28-2025  12:24:29.321 ] [IO_writePlotfile] open: type=plotfile name=sedov_hdf5_plt_cnt_0000
 [ 02-28-2025  12:24:30.157 ] [io_writeData]: wrote    3072          blocks
 [ 02-28-2025  12:24:30.181 ] [IO_writePlotfile] close: type=plotfile name=sedov_hdf5_plt_cnt_0000
 [ 02-28-2025  12:24:30.182 ] memory: /proc vsize    (MB):     4559.93 (min)       5004.56 (max)       4713.46 (avg)
 [ 02-28-2025  12:24:30.182 ] memory: /proc rss      (MB):     1847.19 (min)       1934.53 (max)       1900.28 (avg)
 [ 02-28-2025  12:24:30.182 ] [Driver_evolveAll]: Entering evolution loop
 [ 02-28-2025  12:24:30.183 ] step: n=1 t=0.000000E+00 dt=1.000000E-10
 [ 02-28-2025  12:24:32.740 ] step: n=2 t=1.000000E-10 dt=2.000000E-10
 [ 02-28-2025  12:24:37.321 ] step: n=3 t=3.000000E-10 dt=4.000000E-10
 [ 02-28-2025  12:24:39.856 ] step: n=4 t=7.000000E-10 dt=8.000000E-10
 [ 02-28-2025  12:24:44.439 ] step: n=5 t=1.500000E-09 dt=1.600000E-09
 [ 02-28-2025  12:24:46.986 ] step: n=6 t=3.100000E-09 dt=3.200000E-09
 [ 02-28-2025  12:24:51.564 ] step: n=7 t=6.300000E-09 dt=6.400000E-09
 [ 02-28-2025  12:24:54.109 ] step: n=8 t=1.270000E-08 dt=1.280000E-08
 [ 02-28-2025  12:24:58.687 ] step: n=9 t=2.550000E-08 dt=2.560000E-08
 [ 02-28-2025  12:25:01.232 ] step: n=10 t=5.110000E-08 dt=5.120000E-08
 [ 02-28-2025  12:25:08.978 ] [IO_writeCheckpoint] open: type=checkpoint name=sedov_hdf5_chk_0001
 [ 02-28-2025  12:25:16.347 ] [io_writeData]: wrote    3072          blocks
 [ 02-28-2025  12:25:16.352 ] [IO_writeCheckpoint] close: type=checkpoint name=sedov_hdf5_chk_0001
 [ 02-28-2025  12:25:16.355 ] step: n=11 t=1.023000E-07 dt=1.024000E-07
 [ 02-28-2025  12:25:18.910 ] step: n=12 t=2.047000E-07 dt=2.048000E-07
 [ 02-28-2025  12:25:23.519 ] step: n=13 t=4.095000E-07 dt=3.780580E-07
 [ 02-28-2025  12:25:26.069 ] step: n=14 t=7.875580E-07 dt=3.318741E-07
 [ 02-28-2025  12:25:30.662 ] step: n=15 t=1.119432E-06 dt=3.092289E-07
 [ 02-28-2025  12:25:33.212 ] step: n=16 t=1.428661E-06 dt=2.992294E-07
 [ 02-28-2025  12:25:37.809 ] step: n=17 t=1.727890E-06 dt=2.937996E-07
 [ 02-28-2025  12:25:40.359 ] step: n=18 t=2.021690E-06 dt=2.903171E-07
 [ 02-28-2025  12:25:44.965 ] step: n=19 t=2.312007E-06 dt=2.885409E-07
 [ 02-28-2025  12:25:47.516 ] step: n=20 t=2.600548E-06 dt=2.888720E-07
 [ 02-28-2025  12:25:55.288 ] [IO_writeCheckpoint] open: type=checkpoint name=sedov_hdf5_chk_0002
 [ 02-28-2025  12:26:02.646 ] [io_writeData]: wrote    3072          blocks
 [ 02-28-2025  12:26:02.651 ] [IO_writeCheckpoint] close: type=checkpoint name=sedov_hdf5_chk_0002
 [ 02-28-2025  12:26:02.653 ] step: n=21 t=2.889420E-06 dt=2.887293E-07
 [ 02-28-2025  12:26:05.202 ] step: n=22 t=3.178149E-06 dt=2.892131E-07
 [ 02-28-2025  12:26:09.795 ] step: n=23 t=3.467362E-06 dt=2.899648E-07
 [ 02-28-2025  12:26:12.350 ] step: n=24 t=3.757327E-06 dt=2.906042E-07
 [ 02-28-2025  12:26:16.952 ] step: n=25 t=4.047932E-06 dt=2.911052E-07
 [ 02-28-2025  12:26:19.501 ] step: n=26 t=4.339037E-06 dt=2.916035E-07
 [ 02-28-2025  12:26:24.096 ] step: n=27 t=4.630640E-06 dt=2.912533E-07
 [ 02-28-2025  12:26:26.645 ] step: n=28 t=4.921894E-06 dt=2.910087E-07
 [ 02-28-2025  12:26:31.202 ] step: n=29 t=5.212902E-06 dt=2.908141E-07
 [ 02-28-2025  12:26:33.750 ] step: n=30 t=5.503716E-06 dt=2.906984E-07
 [ 02-28-2025  12:26:38.321 ] [GRID amr_refine_derefine]: initiating refinement
 [ 02-28-2025  12:26:38.327 ] [GRID amr_refine_derefine]: redist. phase.  tot blks requested: 3264
 [GRID amr_refine_derefine] min blks 6    max blks 9    tot blks 3264
 [GRID amr_refine_derefine] min leaf blks 4    max leaf blks 7    tot leaf blks 2920
 [ 02-28-2025  12:26:38.443 ] [GRID amr_refine_derefine]: refinement complete
 [ 02-28-2025  12:26:41.882 ] [IO_writeCheckpoint] open: type=checkpoint name=sedov_hdf5_chk_0003
 [ 02-28-2025  12:26:49.650 ] [io_writeData]: wrote    3264          blocks
 [ 02-28-2025  12:26:49.656 ] [IO_writeCheckpoint] close: type=checkpoint name=sedov_hdf5_chk_0003
 [ 02-28-2025  12:26:49.658 ] step: n=31 t=5.794415E-06 dt=2.906135E-07
 [ 02-28-2025  12:26:49.659 ] [mpi_amr_comm_setup]: buffer_dim_send=3014497, buffer_dim_recv=2540365
 [ 02-28-2025  12:26:52.265 ] step: n=32 t=6.085028E-06 dt=2.901953E-07
 [ 02-28-2025  12:26:56.941 ] step: n=33 t=6.375224E-06 dt=2.900594E-07
 [ 02-28-2025  12:26:59.519 ] step: n=34 t=6.665283E-06 dt=2.899658E-07
 [ 02-28-2025  12:27:04.178 ] step: n=35 t=6.955249E-06 dt=2.898708E-07
 [ 02-28-2025  12:27:06.759 ] step: n=36 t=7.245120E-06 dt=2.898402E-07
 [ 02-28-2025  12:27:11.421 ] step: n=37 t=7.534960E-06 dt=2.896849E-07
 [ 02-28-2025  12:27:14.001 ] step: n=38 t=7.824645E-06 dt=2.894037E-07
 [ 02-28-2025  12:27:18.631 ] step: n=39 t=8.114048E-06 dt=2.892750E-07
 [ 02-28-2025  12:27:21.209 ] step: n=40 t=8.403323E-06 dt=2.891725E-07
 [ 02-28-2025  12:27:29.028 ] [IO_writeCheckpoint] open: type=checkpoint name=sedov_hdf5_chk_0004
 [ 02-28-2025  12:27:37.257 ] [io_writeData]: wrote    3264          blocks
 [ 02-28-2025  12:27:37.269 ] [IO_writeCheckpoint] close: type=checkpoint name=sedov_hdf5_chk_0004
 [ 02-28-2025  12:27:37.271 ] step: n=41 t=8.692496E-06 dt=2.890625E-07
 [ 02-28-2025  12:27:39.847 ] step: n=42 t=8.981558E-06 dt=2.889995E-07
 [ 02-28-2025  12:27:44.511 ] step: n=43 t=9.270558E-06 dt=2.887093E-07
 [ 02-28-2025  12:27:47.091 ] step: n=44 t=9.559267E-06 dt=2.884276E-07
 [ 02-28-2025  12:27:51.748 ] step: n=45 t=9.847695E-06 dt=2.882697E-07
 [ 02-28-2025  12:27:54.329 ] step: n=46 t=1.013596E-05 dt=2.881230E-07
 [ 02-28-2025  12:27:58.963 ] step: n=47 t=1.042409E-05 dt=2.879842E-07
 [ 02-28-2025  12:28:01.543 ] step: n=48 t=1.071207E-05 dt=2.878746E-07
 [ 02-28-2025  12:28:06.213 ] step: n=49 t=1.099995E-05 dt=2.875084E-07
 [ 02-28-2025  12:28:08.793 ] step: n=50 t=1.128745E-05 dt=2.872050E-07
 [ 02-28-2025  12:28:16.589 ] [IO_writeCheckpoint] open: type=checkpoint name=sedov_hdf5_chk_0005
 [ 02-28-2025  12:28:24.431 ] [io_writeData]: wrote    3264          blocks
 [ 02-28-2025  12:28:24.437 ] [IO_writeCheckpoint] close: type=checkpoint name=sedov_hdf5_chk_0005
 [ 02-28-2025  12:28:24.438 ] step: n=51 t=1.157466E-05 dt=2.870059E-07
 [ 02-28-2025  12:28:27.016 ] step: n=52 t=1.186167E-05 dt=2.868556E-07
 [ 02-28-2025  12:28:31.687 ] step: n=53 t=1.214852E-05 dt=2.867067E-07
 [ 02-28-2025  12:28:34.268 ] step: n=54 t=1.243523E-05 dt=2.865689E-07
 [ 02-28-2025  12:28:38.929 ] step: n=55 t=1.272180E-05 dt=2.863801E-07
 [ 02-28-2025  12:28:41.512 ] step: n=56 t=1.300818E-05 dt=2.860363E-07
 [ 02-28-2025  12:28:46.182 ] step: n=57 t=1.329421E-05 dt=2.857698E-07
 [ 02-28-2025  12:28:48.762 ] step: n=58 t=1.357998E-05 dt=2.855749E-07
 [ 02-28-2025  12:28:53.435 ] step: n=59 t=1.386556E-05 dt=2.854113E-07
 [ 02-28-2025  12:28:56.015 ] step: n=60 t=1.415097E-05 dt=2.852482E-07
 [ 02-28-2025  12:29:03.887 ] [IO_writeCheckpoint] open: type=checkpoint name=sedov_hdf5_chk_0006
 [ 02-28-2025  12:29:11.750 ] [io_writeData]: wrote    3264          blocks
 [ 02-28-2025  12:29:11.756 ] [IO_writeCheckpoint] close: type=checkpoint name=sedov_hdf5_chk_0006
 [ 02-28-2025  12:29:11.757 ] [Driver_evolveAll]: Exiting evolution loop
 [ 02-28-2025  12:29:11.821 ] [IO_writePlotfile] open: type=plotfile name=sedov_forced_hdf5_plt_cnt_0000
 [ 02-28-2025  12:29:12.652 ] [io_writeData]: wrote    3264          blocks
 [ 02-28-2025  12:29:12.681 ] [IO_writePlotfile] close: type=plotfile name=sedov_forced_hdf5_plt_cnt_0000
 [ 02-28-2025  12:29:12.681 ] memory: /proc vsize    (MB):     4563.50 (min)       5028.82 (max)       4751.38 (avg)
 [ 02-28-2025  12:29:12.682 ] memory: /proc rss      (MB):     1934.91 (min)       2035.14 (max)       1989.17 (avg)
 ==============================================================================
 perf_summary: code performance summary for process            0
                      beginning : 02-28-2025  12:23:34
                         ending : 02-28-2025  12:29:12
   seconds in monitoring period :              337.970
      number of evolution steps :                   60
 ------------------------------------------------------------------------------
 accounting unit                       time sec  num calls   secs avg  time pct
 ------------------------------------------------------------------------------
 initialization                         55.470      1          55.470    16.413
  eos                                    0.100      8           0.012     0.030
  guardcell internal                     3.912      7           0.559     1.158
   amr_guardcell                         3.866      7           0.552     1.144
   eos gc                                0.000      7           0.000     0.000
  writeCheckpoint                       10.620      1          10.620     3.142
   restrictAll                           3.095      1           3.095     0.916
  writePlotfile                          1.035      1           1.035     0.306
 writePlotfile                           0.923      1           0.923     0.273
 evolution                             281.574      1         281.574    83.314
  Hydro                                103.807     60           1.730    30.715
   Head                                 16.065     60           0.268     4.753
    guardcell internal                  16.062     60           0.268     4.753
     amr_guardcell                      15.403     60           0.257     4.558
     eos gc                              0.001     60           0.000     0.000
   compute fluxes                       84.551     60           1.409    25.017
    hy_computeFluxes                    84.550    390           0.217    25.017
     RiemannState                       72.528    390           0.186    21.460
     getFaceFlux                        11.915    390           0.031     3.525
   conserveFluxes                        0.027     60           0.000     0.008
   update solution                       3.140     60           0.052     0.929
    update solution body                 3.139    390           0.008     0.929
     unsplitUpdate                       1.322    390           0.003     0.391
  sourceTerms                            0.000     60           0.000     0.000
  Particles_advance                      0.000     60           0.000     0.000
  Gravity potential                      0.000     60           0.000     0.000
  IO_output                            114.846    120           0.957    33.981
   diagnostics                          49.258    120           0.410    14.575
   checkpointing                        65.558      6          10.926    19.398
    writeCheckpoint                     65.556      6          10.926    19.397
     restrictAll                        18.656      6           3.109     5.520
  Grid_updateRefinement                 62.154     60           1.036    18.390
   eos                                   0.051      1           0.051     0.015
   tree                                 62.103     60           1.035    18.375
    markRefineDerefine                   7.084     30           0.236     2.096
     guardcell internal                  5.860     30           0.195     1.734
      amr_guardcell                      5.500     30           0.183     1.627
      eos gc                             0.001     30           0.000     0.000
    amr_refine_derefine                 54.254     30           1.808    16.053
    updateData                           0.000     30           0.000     0.000
   updateParticleRefinement              0.000      1           0.000     0.000
  Driver_computeDt                       0.739     60           0.012     0.219
 ==============================================================================
 [ 02-28-2025  12:29:12.682 ] [Timers_getSummary]: Not writing timer max/min/avg values because not all processors had same timers
 [ 02-28-2025  12:29:12.682 ] LOGFILE_END: FLASH run complete.
