 FLASH log file:  02-28-2025  14:34:30.972    Run number:  1
 ==============================================================================
 Number of MPI tasks:               1792
 MPI version:                          3
 MPI subversion:                       1
 Dimensionality:                       3
 Max Number of Blocks/Proc:          200
 Number x zones:                      32
 Number y zones:                      32
 Number z zones:                      32
 Setup stamp:     Fri Nov 1 14:03:57 2024
 Build stamp:     Fri Nov 1 14:04:23 2024
 System info:     Linux corona211 4.18.0-553.22.1.1toss.t4.x86_64 #1 SMP Tue Sep 24 16:50:00 PDT 2
 Version:         Flash-X 1.0 (heads/main-0-g6040ba49-dirty)                                      
 Build directory: /usr/workspace/ather1/Flash-X/sedov
 Setup syntax:    /usr/workspace/ather1/Flash-X/bin/setup.py Sedov -auto -3d -nxb=32 -nyb=32 -nzb=32 +parallelio -objdir=/usr/workspace/ather1/Flash-X/sedov
 f compiler flags: mpif90 -ggdb -c -O2 -fdefault-real-8 -fdefault-double-8 -Wuninitialized -fallow-argument-mismatch -fallow-argument-mismatch -DMAXBLOCKS=200 -DNXB=32 -DNYB=32 -DNZB=32 -DN_DIM=3
 c compiler flags:    mpicc -I/p/lustre2/ather1/hdf5-1.14.4-3/install/include -DH5_USE_18_API -ggdb -c -O2 -Wuninitialized -D_FORTIFY_SOURCE=2 -DMAXBLOCKS=200 -DNXB=32 -DNYB=32 -DNZB=32 -DN_DIM=3
 ==============================================================================
 Comment:  Sedov explosion
 ==============================================================================
 FLASH Units used:
   Driver/DriverMain/Unsplit
   Grid/GridBoundaryConditions
   Grid/GridMain/AMR/Paramesh4/PM4_package/flash_avoid_orrery
   Grid/GridMain/AMR/Paramesh4/PM4_package/headers
   Grid/GridMain/AMR/Paramesh4/PM4_package/source
   Grid/GridMain/AMR/Paramesh4/PM4_package/utilities/multigrid
   Grid/GridMain/AMR/Paramesh4/interpolation/prolong
   Grid/GridMain/AMR/Paramesh4/levelFlux
   Grid/localAPI
   IO/IOMain/hdf5/parallel/PM
   IO/localAPI
   PhysicalConstants/PhysicalConstantsMain
   RuntimeParameters/RuntimeParametersMain
   Simulation/SimulationMain/Sedov
   TimeAdvance/TimeAdvanceMain/StrangSplit
   flashUtilities/contiguousConversion
   flashUtilities/general
   flashUtilities/interpolation/oneDim
   flashUtilities/nameValueLL
   flashUtilities/sorting/quicksort
   flashUtilities/system/memoryUsage/legacy
   monitors/Logfile/LogfileMain
   monitors/Timers/TimersMain/MPINative
   physics/Eos/EosMain/Gamma
   physics/Hydro/HydroMain/unsplit/OnlyHydro
   physics/Hydro/HydroMain/unsplit/levelFlux
   physics/Hydro/localAPI
 ==============================================================================
 RuntimeParameters:
                                                                               
 ==============================================================================
bndpriorityone              =          1
bndprioritythree            =          3
bndprioritytwo              =          2
checkpointfileintervalstep  =         10 [CHANGED]
checkpointfilenumber        =          0
dr_abortpause               =          2
dr_dtminbelowaction         =          1
drift_break_inst            =          0
drift_trunc_mantissa        =          2
drift_verbose_inst          =          0
eos_entrelescalechoice      =          6
eos_loglevel                =        700
fileformatversion           =          9
forcedplotfilenumber        =          0
gr_lrefmaxtimevalue_1       =         -1
gr_lrefmaxtimevalue_10      =         -1
gr_lrefmaxtimevalue_11      =         -1
gr_lrefmaxtimevalue_12      =         -1
gr_lrefmaxtimevalue_13      =         -1
gr_lrefmaxtimevalue_14      =         -1
gr_lrefmaxtimevalue_15      =         -1
gr_lrefmaxtimevalue_16      =         -1
gr_lrefmaxtimevalue_17      =         -1
gr_lrefmaxtimevalue_18      =         -1
gr_lrefmaxtimevalue_19      =         -1
gr_lrefmaxtimevalue_2       =         -1
gr_lrefmaxtimevalue_20      =         -1
gr_lrefmaxtimevalue_3       =         -1
gr_lrefmaxtimevalue_4       =         -1
gr_lrefmaxtimevalue_5       =         -1
gr_lrefmaxtimevalue_6       =         -1
gr_lrefmaxtimevalue_7       =         -1
gr_lrefmaxtimevalue_8       =         -1
gr_lrefmaxtimevalue_9       =         -1
gr_pmrpdivergencefree       =         -1
gr_pmrpifaceoff             =          0
gr_pmrpl2p5d                =          0
gr_pmrpmaxblocks            =         -1
gr_pmrpmflags               =          1
gr_pmrpnboundaries          =          6
gr_pmrpndim                 =          3
gr_pmrpnedgevar1            =         -1
gr_pmrpnfacevar             =         -1
gr_pmrpnfielddivf           =         -1
gr_pmrpnfluxvar             =         -1
gr_pmrpnguard               =         -1
gr_pmrpnguardwork           =         -1
gr_pmrpnvar                 =         -1
gr_pmrpnvarwork             =          1
gr_pmrpnvarcorn             =          0
gr_pmrpnvaredge             =          0
gr_pmrpnxb                  =         -1
gr_pmrpnyb                  =         -1
gr_pmrpnzb                  =         -1
gr_restrictallmethod        =          3
gr_sanitizedatamode         =          1
gr_sanitizeverbosity        =          5
gr_tilesizex                =         32
gr_tilesizey                =         32
gr_tilesizez                =         32
hy_3torder                  =         -1
hydrocomputedtoption        =         -1
iprocs                      =          1
interpol_order              =          2
irenorm                     =          0
jprocs                      =          1
kprocs                      =          1
lrefine_del                 =          0
lrefine_max                 =          6 [CHANGED]
lrefine_min                 =          1
lrefine_min_init            =          1
max_particles_per_blk       =        100
memory_stat_freq            =     100000
meshcopycount               =          1
min_particles_per_blk       =          1
nbegin                      =          1
nblockx                     =         32 [CHANGED]
nblocky                     =         32 [CHANGED]
nblockz                     =         32 [CHANGED]
nend                        =         60 [CHANGED]
nrefs                       =          2
nsteptotalsts               =          5
order                       =          3 [CHANGED]
outputsplitnum              =          1
plotfileintervalstep        =          0
plotfilenumber              =          0
refine_var_count            =          4
rolling_checkpoint          =      10000
sim_centerrefinelevel       =          1
sim_integralslevel          =         -1
sim_nsubzones               =          7
sweeporder                  =        123
transorder                  =          1
wr_integrals_freq           =          1
limitedslopebeta            =                 0.100E+01
cfl                         =                 0.800E+00
checkpointfileintervaltime  =                 0.000E+00 [CHANGED]
checkpointfileintervalz     =                 0.180+309
cvisc                       =                 0.100E+00
derefine_cutoff_1           =                 0.200E+00
derefine_cutoff_2           =                 0.200E+00
derefine_cutoff_3           =                 0.200E+00
derefine_cutoff_4           =                 0.200E+00
dr_dtmincontinue            =                 0.000E+00
dr_tstepslowstartfactor     =                 0.100E+00
dtinit                      =                 0.100E-09
dtmax                       =                 0.100E+06
dtmin                       =                 0.100E-09
eintswitch                  =                 0.100E-03 [CHANGED]
eos_singlespeciesa          =                 0.100E+01
eos_singlespeciesz          =                 0.100E+01
gamma                       =                 0.140E+01 [CHANGED]
gr_btworkchildscaling       =                 0.100E+01
gr_btworkdefaultleaf        =                 0.200E+01
gr_btworkdefaultpar         =                 0.100E+01
gr_btworklbleaf             =                 0.000E+00
gr_btworklbpar              =                 0.000E+00
gr_btworkubleaf             =                 0.100E+07
gr_btworkubpar              =                 0.100E+07
gr_lrefinemaxredlogbase     =                 0.100E+02
gr_lrefinemaxredradiusfact  =                 0.000E+00
gr_lrefinemaxredtref        =                 0.000E+00
gr_lrefinemaxredtimescale   =                 0.100E+01
gr_lrefmaxtime_1            =                -0.100E+01
gr_lrefmaxtime_10           =                -0.100E+01
gr_lrefmaxtime_11           =                -0.100E+01
gr_lrefmaxtime_12           =                -0.100E+01
gr_lrefmaxtime_13           =                -0.100E+01
gr_lrefmaxtime_14           =                -0.100E+01
gr_lrefmaxtime_15           =                -0.100E+01
gr_lrefmaxtime_16           =                -0.100E+01
gr_lrefmaxtime_17           =                -0.100E+01
gr_lrefmaxtime_18           =                -0.100E+01
gr_lrefmaxtime_19           =                -0.100E+01
gr_lrefmaxtime_2            =                -0.100E+01
gr_lrefmaxtime_20           =                -0.100E+01
gr_lrefmaxtime_3            =                -0.100E+01
gr_lrefmaxtime_4            =                -0.100E+01
gr_lrefmaxtime_5            =                -0.100E+01
gr_lrefmaxtime_6            =                -0.100E+01
gr_lrefmaxtime_7            =                -0.100E+01
gr_lrefmaxtime_8            =                -0.100E+01
gr_lrefmaxtime_9            =                -0.100E+01
hy_cflfallbackfactor        =                 0.900E+00
hy_fpresinmomflux           =                 0.100E+01
hybridorderkappa            =                 0.000E+00
nusts                       =                 0.200E+00 [CHANGED]
plotfileintervaltime        =                 0.000E+00 [CHANGED]
plotfileintervalz           =                 0.180+309
radiusgp                    =                 0.200E+01
refine_cutoff_1             =                 0.800E+00
refine_cutoff_2             =                 0.800E+00
refine_cutoff_3             =                 0.800E+00
refine_cutoff_4             =                 0.800E+00
refine_filter_1             =                 0.100E-01
refine_filter_2             =                 0.100E-01
refine_filter_3             =                 0.100E-01
refine_filter_4             =                 0.100E-01
rss_limit                   =                -0.100E+01
sigmagp                     =                 0.300E+01
sim_derefineradius          =                 0.000E+00
sim_earliestlstime          =                 0.000E+00
sim_expenergy               =                 0.100E+01
sim_largestnormradius       =                 0.180+309
sim_latestlstime            =                 0.180+309
sim_minrhoinit              =                 0.100E-19
sim_pambient                =                 0.100E-04
sim_rinit                   =                 0.137E-01 [CHANGED]
sim_rhoambient              =                 0.100E+01
sim_smallestnormradius      =                 0.000E+00
sim_xctr                    =                 0.500E+00
sim_yctr                    =                 0.500E+00
sim_zctr                    =                 0.500E+00
small                       =                 0.100E-09
smalle                      =                 0.100E-09
smallp                      =                 0.100E-09
smallt                      =                 0.100E-09
smallu                      =                 0.100E-09
smallx                      =                 0.100E-09
smlrho                      =                 0.100E-09
tinitial                    =                 0.000E+00
tiny                        =                 0.100E-15
tmax                        =                 0.500E+06 [CHANGED]
tstep_change_factor         =                 0.200E+01
wall_clock_checkpoint       =                 0.432E+05
wall_clock_time_limit       =                 0.605E+06
x_refine_center             =                 0.000E+00
xmax                        =                 0.100E+01
xmin                        =                 0.000E+00
y_refine_center             =                 0.000E+00
ymax                        =                 0.100E+01
ymin                        =                 0.000E+00
zfinal                      =                 0.000E+00
zinitial                    =                -0.100E+01
z_refine_center             =                 0.000E+00
zmax                        =                 0.100E+01
zmin                        =                 0.000E+00
riemannsolver               = Roe                            [CHANGED]
unitsystem                  = none                          
basenm                      = sedov_                         [CHANGED]
entropyfixmethod            = HARTENHYMAN                   
eosmode                     = dens_ie                       
eosmodeinit                 = dens_ie                       
geometry                    = cartesian                     
gr_pmrpoutputdir            = ./                            
grav_boundary_type          = isolated                      
hy_eosmodegc                = see eosMode                   
log_file                    = sedov.log                      [CHANGED]
output_directory            =                               
pc_unitsbase                = CGS                           
plot_grid_var_1             = none                          
plot_grid_var_10            = none                          
plot_grid_var_11            = none                          
plot_grid_var_12            = none                          
plot_grid_var_13            = none                          
plot_grid_var_14            = none                          
plot_grid_var_15            = none                          
plot_grid_var_16            = none                          
plot_grid_var_17            = none                          
plot_grid_var_18            = none                          
plot_grid_var_19            = none                          
plot_grid_var_2             = none                          
plot_grid_var_20            = none                          
plot_grid_var_21            = none                          
plot_grid_var_22            = none                          
plot_grid_var_23            = none                          
plot_grid_var_24            = none                          
plot_grid_var_25            = none                          
plot_grid_var_26            = none                          
plot_grid_var_27            = none                          
plot_grid_var_28            = none                          
plot_grid_var_29            = none                          
plot_grid_var_3             = none                          
plot_grid_var_30            = none                          
plot_grid_var_31            = none                          
plot_grid_var_32            = none                          
plot_grid_var_33            = none                          
plot_grid_var_34            = none                          
plot_grid_var_35            = none                          
plot_grid_var_36            = none                          
plot_grid_var_37            = none                          
plot_grid_var_38            = none                          
plot_grid_var_39            = none                          
plot_grid_var_4             = none                          
plot_grid_var_40            = none                          
plot_grid_var_41            = none                          
plot_grid_var_42            = none                          
plot_grid_var_43            = none                          
plot_grid_var_44            = none                          
plot_grid_var_45            = none                          
plot_grid_var_46            = none                          
plot_grid_var_47            = none                          
plot_grid_var_48            = none                          
plot_grid_var_49            = none                          
plot_grid_var_5             = none                          
plot_grid_var_50            = none                          
plot_grid_var_51            = none                          
plot_grid_var_52            = none                          
plot_grid_var_53            = none                          
plot_grid_var_54            = none                          
plot_grid_var_55            = none                          
plot_grid_var_56            = none                          
plot_grid_var_57            = none                          
plot_grid_var_58            = none                          
plot_grid_var_59            = none                          
plot_grid_var_6             = none                          
plot_grid_var_60            = none                          
plot_grid_var_61            = none                          
plot_grid_var_62            = none                          
plot_grid_var_63            = none                          
plot_grid_var_64            = none                          
plot_grid_var_65            = none                          
plot_grid_var_66            = none                          
plot_grid_var_67            = none                          
plot_grid_var_68            = none                          
plot_grid_var_69            = none                          
plot_grid_var_7             = none                          
plot_grid_var_70            = none                          
plot_grid_var_71            = none                          
plot_grid_var_72            = none                          
plot_grid_var_73            = none                          
plot_grid_var_74            = none                          
plot_grid_var_75            = none                          
plot_grid_var_76            = none                          
plot_grid_var_77            = none                          
plot_grid_var_78            = none                          
plot_grid_var_8             = none                          
plot_grid_var_9             = none                          
plot_var_1                  = dens                           [CHANGED]
plot_var_10                 = none                          
plot_var_11                 = none                          
plot_var_12                 = none                          
plot_var_13                 = none                          
plot_var_14                 = none                          
plot_var_15                 = none                          
plot_var_16                 = none                          
plot_var_17                 = none                          
plot_var_18                 = none                          
plot_var_2                  = pres                           [CHANGED]
plot_var_3                  = temp                           [CHANGED]
plot_var_4                  = none                          
plot_var_5                  = none                          
plot_var_6                  = none                          
plot_var_7                  = none                          
plot_var_8                  = none                          
plot_var_9                  = none                          
prof_file                   = profile.dat                   
refine_var_1                = dens                           [CHANGED]
refine_var_2                = pres                           [CHANGED]
refine_var_3                = none                          
refine_var_4                = none                          
run_comment                 = Sedov explosion                [CHANGED]
run_number                  = 1                             
sim_proffilename            = /dev/null                      [CHANGED]
slopelimiter                = mc                             [CHANGED]
stats_file                  = flashx.dat                    
wenomethod                  = WENO5                         
xl_boundary_type            = outflow                        [CHANGED]
xr_boundary_type            = outflow                        [CHANGED]
yl_boundary_type            = outflow                        [CHANGED]
yr_boundary_type            = outflow                        [CHANGED]
zl_boundary_type            = outflow                        [CHANGED]
zr_boundary_type            = outflow                        [CHANGED]
csvsummaryallprocs          =  F
eosforriemann               =  F
logsummaryallprocs          =  F
addthermalflux              =  T
allowdtstsdominate          =  F
alwayscomputeuservars       =  T
alwaysrestrictcheckpoint    =  T
charlimiting                =  T
chkguardcellsinput          =  F
chkguardcellsoutput         =  F
conserveangmom              =  F
converttoconsvdformeshcalls =  F
converttoconsvdinmeshinterp =  T
corners                     =  F
dr_printtsteploc            =  T
dr_shortenlaststepbeforetmax =  F
drift_tuples                =  F
eachprocwritesownabortlog   =  F
eachprocwritessummary       =  F
earlyblockdistadjustment    =  T
enablemaskedgcfill          =  F
entropy                     =  F
flux_correct                =  T
flux_correct_perlevel       =  F
geometryoverride            =  F
gr_bcenableapplymixedgds    =  T
gr_bndgcfillneedsprimitivevars =  T
gr_btcustomwork             =  F
gr_btexchangework           =  F
gr_btsortbywork             =  T
gr_enabletiling             =  F
gr_lrefinemaxbytime         =  F
gr_lrefinemaxreddobylogr    =  F
gr_lrefinemaxreddobytime    =  F
gr_pmrpadvancealllevels     =  F
gr_pmrpamrerrorchecking     =  F
gr_pmrpcartesianpm          =  F
gr_pmrpconserve             =  F
gr_pmrpconsvfluxdensities   =  T
gr_pmrpconsvfluxes          =  F
gr_pmrpcurvilinear          =  F
gr_pmrpcurvilinearconserve  =  F
gr_pmrpcylindricalpm        =  F
gr_pmrpdiagonals            =  T
gr_pmrpedgevalue            =  T
gr_pmrpedgevalueinteg       =  F
gr_pmrpemptycells           =  F
gr_pmrpforceconsistency     =  T
gr_pmrplsingularline        =  F
gr_pmrpnopermanentguardcells =  F
gr_pmrppolarpm              =  F
gr_pmrppredcorr             =  F
gr_pmrpsphericalpm          =  F
gr_pmrptimingmpi            =  F
gr_pmrptimingmpix           =  F
gr_pmrpvardt                =  F
gr_usetiling                =  F
hy_fallbacklowercfl         =  F
hy_fullspecmsfluxhandling   =  T
hy_usetiling                =  F
ignoreforcedplot            =  F
io_writemscalarintegrals    =  F
plotfilegridquantitydp      =  F
plotfilemetadatadp          =  F
reducegcellfills            =  F
refine_on_particle_count    =  F
restart                     =  F
shockdetect                 =  F
shocklowercfl               =  F
sim_bcsetbdryvar            =  F
sim_forcecenterderefine     =  F
sim_onelevelintegralsonly   =  F
summaryoutputonly           =  F
threadblocklistbuild        =  F
threaddelepblocklist        =  F
threaddelepwithinblock      =  F
threaddriverblocklist       =  F
threaddriverwithinblock     =  F
threadeoswithinblock        =  F
threadhydroblocklist        =  F
threadhydrowithinblock      =  F
threadraytracebuild         =  F
threadwithinblockbuild      =  F
tmr_suppressinparallel      =  F
typematchedxfer             =  T
unbiased_geometry           =  F
updatehydrofluxes           =  T
useburn                     =  F
usecollectivehdf5           =  T
usedeleptonize              =  F
usegravity                  =  F
useheatad                   =  F
useheater                   =  F
usehydro                    =  T
useimbound                  =  F
useincompns                 =  F
useinlet                    =  F
uselegacylabels             =  T
usemultiphase               =  F
useorchestration            =  F
useoutlet                   =  F
useparticles                =  F
useradtrans                 =  F
usests                      =  F
usestsfordiffusion          =  F
usesolidmechanics           =  F
use_3dfullctu               =  T
use_auxeinteqn              =  T
use_avisc                   =  T [CHANGED]
use_cma_advection           =  F
use_cma_flattening          =  F
use_flash_surr_blks_fill    =  T
use_flattening              =  F
use_gravhalfupdate          =  T
use_hybridorder             =  F
use_reduced_orrery          =  T
use_steepening              =  F
use_upwindtvd               =  F
writestatsummary            =  T
                                                                               
 ==============================================================================
                                                                               
 Known units of measurement:
                                                                               
              Unit                          CGS Value                Base Unit
  1                  cm                     1.0000                           cm
  2                   s                     1.0000                            s
  3                   g                     1.0000                            g
  4                   K                     1.0000                            K
  5                 esu                     1.0000                          esu
  6                 mol                     1.0000                          mol
  7                   m                     100.00                           cm
  8                  km                    1.00000E+05                       cm
  9                  pc                    3.08568E+18                       cm
 10                 kpc                    3.08568E+21                       cm
 11                 Mpc                    3.08568E+24                       cm
 12                 Gpc                    3.08568E+27                       cm
 13                Rsun                    6.96000E+10                       cm
 14                  AU                    1.49598E+13                       cm
 15                  yr                    3.15569E+07                        s
 16                 Myr                    3.15569E+13                        s
 17                 Gyr                    3.15569E+16                        s
 18                  kg                     1000.0                            g
 19                Msun                    1.98892E+33                        g
 20                 amu                    1.66054E-24                        g
 21                  eV                     11605.                            K
 22                   C                    2.99792E+09                      esu
 23                LFLY                    3.08568E+24                       cm
 24                TFLY                    2.05759E+17                        s
 25                MFLY                    9.88470E+45                        g
 26            clLength                    3.08568E+24                       cm
 27              clTime                    3.15569E+16                        s
 28              clMass                    1.98892E+48                        g
 29              clTemp                    1.16045E+07                        K
-----------End of Units--------------------
                                                                               
 Known physical constants:
                                                                               
    Constant Name       Constant Value   cm       s        g        K        esu      mol
  1              Newton    6.67408E-08   3.0     -2.0     -1.0      0.0      0.0      0.0    
  2      speed of light    2.99792E+10   1.0     -1.0      0.0      0.0      0.0      0.0    
  3              Planck    6.62607E-27   2.0     -1.0      1.0      0.0      0.0      0.0    
  4     electron charge    4.80320E-10   0.0      0.0      0.0      0.0      1.0      0.0    
  5       electron mass    9.10938E-28   0.0      0.0      1.0      0.0      0.0      0.0    
  6         proton mass    1.67262E-24   0.0      0.0      1.0      0.0      0.0      0.0    
  7      fine-structure    7.29735E-03   0.0      0.0      0.0      0.0      0.0      0.0    
  8            Avogadro    6.02214E+23   0.0      0.0      0.0      0.0      0.0     -1.0    
  9           Boltzmann    1.38065E-16   2.0     -2.0      1.0     -1.0      0.0      0.0    
 10  ideal gas constant    8.31446E+07   2.0     -2.0      1.0     -1.0      0.0     -1.0    
 11                Wien    0.28978       1.0      0.0      0.0      1.0      0.0      0.0    
 12    Stefan-Boltzmann    5.67037E-05   0.0     -3.0      1.0     -4.0      0.0      0.0    
 13  Radiation Constant    7.56572E-15  -1.0     -2.0      1.0     -4.0      0.0      0.0    
 14                  pi     3.1416       0.0      0.0      0.0      0.0      0.0      0.0    
 15                   e     2.7183       0.0      0.0      0.0      0.0      0.0      0.0    
 16               Euler    0.57722       0.0      0.0      0.0      0.0      0.0      0.0    
 ==============================================================================
                                                                               
 Multifluid database: not configured in
                                                                               
 ==============================================================================
 [ 02-28-2025  14:34:30.981 ] [gr_initGeometry] checking BCs for idir: 1
 [ 02-28-2025  14:34:30.984 ] [gr_initGeometry] checking BCs for idir: 2
 [ 02-28-2025  14:34:30.986 ] [gr_initGeometry] checking BCs for idir: 3
 [ 02-28-2025  14:34:32.953 ] [GRID amr_refine_derefine]: initiating refinement
 [ 02-28-2025  14:34:32.955 ] [GRID amr_refine_derefine]: redist. phase.  tot blks requested: 32768
 [GRID amr_refine_derefine] min blks 18    max blks 19    tot blks 32768
 [GRID amr_refine_derefine] min leaf blks 18    max leaf blks 19    tot leaf blks 32768
 [ 02-28-2025  14:34:33.406 ] [GRID amr_refine_derefine]: refinement complete
 [ 02-28-2025  14:34:45.665 ] [GRID gr_expandDomain]: iteration=1, create level=2
 INFO: Grid_fillGuardCells is ignoring masking.
 [ 02-28-2025  14:35:03.580 ] [mpi_amr_comm_setup]: buffer_dim_send=5176573, buffer_dim_recv=3646981
 [ 02-28-2025  14:35:06.481 ] [GRID amr_refine_derefine]: initiating refinement
 [ 02-28-2025  14:35:06.495 ] [GRID amr_refine_derefine]: redist. phase.  tot blks requested: 32832
 [GRID amr_refine_derefine] min blks 18    max blks 19    tot blks 32832
 [GRID amr_refine_derefine] min leaf blks 17    max leaf blks 19    tot leaf blks 32824
 [ 02-28-2025  14:35:06.767 ] [GRID amr_refine_derefine]: refinement complete
 [ 02-28-2025  14:35:06.776 ] [GRID gr_expandDomain]: iteration=2, create level=3
 [ 02-28-2025  14:35:27.539 ] [GRID amr_refine_derefine]: initiating refinement
 [ 02-28-2025  14:35:27.555 ] [GRID amr_refine_derefine]: redist. phase.  tot blks requested: 32896
 [GRID amr_refine_derefine] min blks 18    max blks 20    tot blks 32896
 [GRID amr_refine_derefine] min leaf blks 17    max leaf blks 19    tot leaf blks 32880
 [ 02-28-2025  14:35:27.823 ] [GRID amr_refine_derefine]: refinement complete
 [ 02-28-2025  14:35:27.831 ] [GRID gr_expandDomain]: iteration=3, create level=4
 [ 02-28-2025  14:35:49.111 ] [GRID amr_refine_derefine]: initiating refinement
 [ 02-28-2025  14:35:49.132 ] [GRID amr_refine_derefine]: redist. phase.  tot blks requested: 34304
 [GRID amr_refine_derefine] min blks 19    max blks 22    tot blks 34304
 [GRID amr_refine_derefine] min leaf blks 17    max leaf blks 20    tot leaf blks 34112
 [ 02-28-2025  14:35:49.622 ] [GRID amr_refine_derefine]: refinement complete
 [ 02-28-2025  14:35:49.633 ] [GRID gr_expandDomain]: iteration=4, create level=5
 [ 02-28-2025  14:36:09.354 ] [mpi_amr_comm_setup]: buffer_dim_send=5313661, buffer_dim_recv=4312081
 [ 02-28-2025  14:36:12.082 ] [GRID amr_refine_derefine]: initiating refinement
 [ 02-28-2025  14:36:12.101 ] [GRID amr_refine_derefine]: redist. phase.  tot blks requested: 37312
 [GRID amr_refine_derefine] min blks 20    max blks 24    tot blks 37312
 [GRID amr_refine_derefine] min leaf blks 18    max leaf blks 21    tot leaf blks 36744
 [ 02-28-2025  14:36:12.632 ] [GRID amr_refine_derefine]: refinement complete
 [ 02-28-2025  14:36:12.647 ] [GRID gr_expandDomain]: iteration=5, create level=6
 [ 02-28-2025  14:36:34.382 ] [mpi_amr_comm_setup]: buffer_dim_send=5713933, buffer_dim_recv=4459801
 [ 02-28-2025  14:36:36.644 ] [GRID amr_refine_derefine]: initiating refinement
 [ 02-28-2025  14:36:36.667 ] [GRID amr_refine_derefine]: redist. phase.  tot blks requested: 48768
 [GRID amr_refine_derefine] min blks 26    max blks 30    tot blks 48768
 [GRID amr_refine_derefine] min leaf blks 23    max leaf blks 27    tot leaf blks 46768
 [ 02-28-2025  14:36:37.407 ] [GRID amr_refine_derefine]: refinement complete
 [ 02-28-2025  14:36:37.426 ] [GRID gr_expandDomain]: iteration=6, create level=6
 [ 02-28-2025  14:37:05.351 ] [mpi_amr_comm_setup]: buffer_dim_send=7881145, buffer_dim_recv=5392297
 [ 02-28-2025  14:37:08.568 ] [GRID gr_expandDomain]: iteration=7, create level=6
 [ 02-28-2025  14:37:39.676 ] [GRID gr_expandDomain]: iteration=8, create level=6
 [ 02-28-2025  14:38:09.229 ] memory: /proc vsize    (MB):     4528.07 (min)       4790.95 (max)       4699.01 (avg)
 [ 02-28-2025  14:38:09.233 ] memory: /proc rss      (MB):     1839.62 (min)       1926.52 (max)       1861.18 (avg)
 [ 02-28-2025  14:38:09.237 ] memory: /proc vsize    (MB):     4528.07 (min)       4790.95 (max)       4699.01 (avg)
 [ 02-28-2025  14:38:09.241 ] memory: /proc rss      (MB):     1839.62 (min)       1926.52 (max)       1861.18 (avg)
 [ 02-28-2025  14:38:09.284 ] memory: /proc vsize    (MB):     4528.07 (min)       4790.95 (max)       4699.01 (avg)
 [ 02-28-2025  14:38:09.288 ] memory: /proc rss      (MB):     1839.62 (min)       1926.52 (max)       1861.18 (avg)
 [ 02-28-2025  14:38:16.670 ] [IO_writeCheckpoint] open: type=checkpoint name=sedov_hdf5_chk_0000
 [ 02-28-2025  14:39:15.196 ] [io_writeData]: wrote   48768          blocks
 [ 02-28-2025  14:39:18.700 ] [IO_writeCheckpoint] close: type=checkpoint name=sedov_hdf5_chk_0000
 [ 02-28-2025  14:39:18.890 ] [IO_writePlotfile] open: type=plotfile name=sedov_hdf5_plt_cnt_0000
 [ 02-28-2025  14:39:24.121 ] [io_writeData]: wrote   48768          blocks
 [ 02-28-2025  14:39:24.146 ] [IO_writePlotfile] close: type=plotfile name=sedov_hdf5_plt_cnt_0000
 [ 02-28-2025  14:39:24.151 ] memory: /proc vsize    (MB):     4545.79 (min)       5023.43 (max)       4718.87 (avg)
 [ 02-28-2025  14:39:24.156 ] memory: /proc rss      (MB):     1846.59 (min)       1938.32 (max)       1871.67 (avg)
 [ 02-28-2025  14:39:24.162 ] [Driver_evolveAll]: Entering evolution loop
 [ 02-28-2025  14:39:24.168 ] step: n=1 t=0.000000E+00 dt=1.000000E-10
 [ 02-28-2025  14:39:33.657 ] step: n=2 t=1.000000E-10 dt=2.000000E-10
 [ 02-28-2025  14:39:49.590 ] step: n=3 t=3.000000E-10 dt=4.000000E-10
 [ 02-28-2025  14:39:59.290 ] step: n=4 t=7.000000E-10 dt=8.000000E-10
 [ 02-28-2025  14:40:15.330 ] step: n=5 t=1.500000E-09 dt=1.600000E-09
 [ 02-28-2025  14:40:24.949 ] step: n=6 t=3.100000E-09 dt=3.200000E-09
 [ 02-28-2025  14:40:41.014 ] step: n=7 t=6.300000E-09 dt=6.400000E-09
 [ 02-28-2025  14:40:50.639 ] step: n=8 t=1.270000E-08 dt=1.280000E-08
 [ 02-28-2025  14:41:06.686 ] step: n=9 t=2.550000E-08 dt=2.560000E-08
 [ 02-28-2025  14:41:16.341 ] step: n=10 t=5.110000E-08 dt=5.120000E-08
 [ 02-28-2025  14:41:39.639 ] [IO_writeCheckpoint] open: type=checkpoint name=sedov_hdf5_chk_0001
 [ 02-28-2025  14:42:16.955 ] [io_writeData]: wrote   48768          blocks
 [ 02-28-2025  14:42:16.966 ] [IO_writeCheckpoint] close: type=checkpoint name=sedov_hdf5_chk_0001
 [ 02-28-2025  14:42:16.969 ] step: n=11 t=1.023000E-07 dt=1.024000E-07
 [ 02-28-2025  14:42:26.605 ] step: n=12 t=2.047000E-07 dt=9.937542E-08
 [ 02-28-2025  14:42:42.639 ] step: n=13 t=3.040754E-07 dt=9.615282E-08
 [ 02-28-2025  14:42:52.302 ] step: n=14 t=4.002282E-07 dt=9.325600E-08
 [ 02-28-2025  14:43:08.402 ] step: n=15 t=4.934842E-07 dt=9.058955E-08
 [ 02-28-2025  14:43:18.055 ] step: n=16 t=5.840738E-07 dt=8.822195E-08
 [ 02-28-2025  14:43:34.119 ] step: n=17 t=6.722957E-07 dt=8.592743E-08
 [ 02-28-2025  14:43:43.776 ] step: n=18 t=7.582232E-07 dt=8.368672E-08
 [ 02-28-2025  14:43:59.890 ] step: n=19 t=8.419099E-07 dt=8.162257E-08
 [ 02-28-2025  14:44:09.587 ] step: n=20 t=9.235325E-07 dt=7.981691E-08
 [ 02-28-2025  14:44:32.789 ] [IO_writeCheckpoint] open: type=checkpoint name=sedov_hdf5_chk_0002
 [ 02-28-2025  14:44:43.590 ] [io_writeData]: wrote   48768          blocks
 [ 02-28-2025  14:44:43.600 ] [IO_writeCheckpoint] close: type=checkpoint name=sedov_hdf5_chk_0002
 [ 02-28-2025  14:44:43.608 ] step: n=21 t=1.003349E-06 dt=7.822053E-08
 [ 02-28-2025  14:44:53.312 ] step: n=22 t=1.081570E-06 dt=7.684528E-08
 [ 02-28-2025  14:45:09.428 ] step: n=23 t=1.158415E-06 dt=7.555985E-08
 [ 02-28-2025  14:45:19.110 ] step: n=24 t=1.233975E-06 dt=7.447396E-08
 [ 02-28-2025  14:45:35.068 ] [GRID amr_refine_derefine]: initiating refinement
 [ 02-28-2025  14:45:35.081 ] [GRID amr_refine_derefine]: redist. phase.  tot blks requested: 49152
 [GRID amr_refine_derefine] min blks 26    max blks 30    tot blks 49152
 [GRID amr_refine_derefine] min leaf blks 24    max leaf blks 27    tot leaf blks 47104
 [ 02-28-2025  14:45:35.744 ] [GRID amr_refine_derefine]: refinement complete
 [ 02-28-2025  14:45:36.347 ] step: n=25 t=1.308449E-06 dt=7.359418E-08
 [ 02-28-2025  14:45:36.350 ] [mpi_amr_comm_setup]: buffer_dim_send=7863733, buffer_dim_recv=5392297
 [ 02-28-2025  14:45:46.072 ] step: n=26 t=1.382043E-06 dt=7.289860E-08
 [ 02-28-2025  14:46:02.182 ] step: n=27 t=1.454942E-06 dt=7.238261E-08
 [ 02-28-2025  14:46:11.935 ] step: n=28 t=1.527324E-06 dt=7.195505E-08
 [ 02-28-2025  14:46:28.058 ] step: n=29 t=1.599279E-06 dt=7.160819E-08
 [ 02-28-2025  14:46:37.825 ] step: n=30 t=1.670888E-06 dt=7.137201E-08
 [ 02-28-2025  14:47:00.966 ] [IO_writeCheckpoint] open: type=checkpoint name=sedov_hdf5_chk_0003
 [ 02-28-2025  14:47:12.216 ] [io_writeData]: wrote   49152          blocks
 [ 02-28-2025  14:47:12.229 ] [IO_writeCheckpoint] close: type=checkpoint name=sedov_hdf5_chk_0003
 [ 02-28-2025  14:47:12.233 ] step: n=31 t=1.742260E-06 dt=7.124494E-08
 [ 02-28-2025  14:47:21.953 ] step: n=32 t=1.813505E-06 dt=7.119740E-08
 [ 02-28-2025  14:47:38.074 ] step: n=33 t=1.884702E-06 dt=7.120661E-08
 [ 02-28-2025  14:47:47.837 ] step: n=34 t=1.955909E-06 dt=7.122364E-08
 [ 02-28-2025  14:48:03.964 ] step: n=35 t=2.027132E-06 dt=7.124414E-08
 [ 02-28-2025  14:48:13.707 ] step: n=36 t=2.098376E-06 dt=7.127462E-08
 [ 02-28-2025  14:48:29.709 ] [GRID amr_refine_derefine]: initiating refinement
 [ 02-28-2025  14:48:29.724 ] [GRID amr_refine_derefine]: redist. phase.  tot blks requested: 49920
 [GRID amr_refine_derefine] min blks 27    max blks 31    tot blks 49920
 [GRID amr_refine_derefine] min leaf blks 24    max leaf blks 28    tot leaf blks 47776
 [ 02-28-2025  14:48:30.412 ] [GRID amr_refine_derefine]: refinement complete
 [ 02-28-2025  14:48:30.982 ] step: n=37 t=2.169651E-06 dt=7.132802E-08
 [ 02-28-2025  14:48:30.983 ] [mpi_amr_comm_setup]: buffer_dim_send=7338289, buffer_dim_recv=5392297
 [ 02-28-2025  14:48:40.847 ] step: n=38 t=2.240979E-06 dt=7.141305E-08
 [ 02-28-2025  14:48:57.199 ] step: n=39 t=2.312392E-06 dt=7.142860E-08
 [ 02-28-2025  14:49:07.028 ] step: n=40 t=2.383821E-06 dt=7.142437E-08
 [ 02-28-2025  14:49:30.839 ] [IO_writeCheckpoint] open: type=checkpoint name=sedov_hdf5_chk_0004
 [ 02-28-2025  14:49:41.891 ] [io_writeData]: wrote   49920          blocks
 [ 02-28-2025  14:49:41.901 ] [IO_writeCheckpoint] close: type=checkpoint name=sedov_hdf5_chk_0004
 [ 02-28-2025  14:49:41.905 ] step: n=41 t=2.455245E-06 dt=7.141417E-08
 [ 02-28-2025  14:49:51.751 ] step: n=42 t=2.526659E-06 dt=7.140932E-08
 [ 02-28-2025  14:50:08.109 ] step: n=43 t=2.598068E-06 dt=7.141878E-08
 [ 02-28-2025  14:50:17.931 ] step: n=44 t=2.669487E-06 dt=7.142363E-08
 [ 02-28-2025  14:50:34.303 ] step: n=45 t=2.740911E-06 dt=7.140413E-08
 [ 02-28-2025  14:50:44.114 ] step: n=46 t=2.812315E-06 dt=7.140388E-08
 [ 02-28-2025  14:51:00.352 ] [GRID amr_refine_derefine]: initiating refinement
 [ 02-28-2025  14:51:00.365 ] [GRID amr_refine_derefine]: redist. phase.  tot blks requested: 50304
 [GRID amr_refine_derefine] min blks 27    max blks 31    tot blks 50304
 [GRID amr_refine_derefine] min leaf blks 24    max leaf blks 28    tot leaf blks 48112
 [ 02-28-2025  14:51:01.036 ] [GRID amr_refine_derefine]: refinement complete
 [ 02-28-2025  14:51:01.528 ] step: n=47 t=2.883719E-06 dt=7.140292E-08
 [ 02-28-2025  14:51:01.533 ] [mpi_amr_comm_setup]: buffer_dim_send=7910833, buffer_dim_recv=5392297
 [ 02-28-2025  14:51:11.380 ] step: n=48 t=2.955122E-06 dt=7.140606E-08
 [ 02-28-2025  14:51:27.646 ] [GRID amr_refine_derefine]: initiating refinement
 [ 02-28-2025  14:51:27.659 ] [GRID amr_refine_derefine]: redist. phase.  tot blks requested: 50496
 [GRID amr_refine_derefine] min blks 27    max blks 31    tot blks 50496
 [GRID amr_refine_derefine] min leaf blks 24    max leaf blks 28    tot leaf blks 48280
 [ 02-28-2025  14:51:28.147 ] [GRID amr_refine_derefine]: refinement complete
 [ 02-28-2025  14:51:28.627 ] step: n=49 t=3.026528E-06 dt=7.141819E-08
 [ 02-28-2025  14:51:28.631 ] [mpi_amr_comm_setup]: buffer_dim_send=6484429, buffer_dim_recv=4958125
 [ 02-28-2025  14:51:38.576 ] step: n=50 t=3.097946E-06 dt=7.145160E-08
 [ 02-28-2025  14:51:55.002 ] [GRID amr_refine_derefine]: initiating refinement
 [ 02-28-2025  14:51:55.015 ] [GRID amr_refine_derefine]: redist. phase.  tot blks requested: 50688
 [GRID amr_refine_derefine] min blks 27    max blks 31    tot blks 50688
 [GRID amr_refine_derefine] min leaf blks 24    max leaf blks 28    tot leaf blks 48448
 [ 02-28-2025  14:51:55.468 ] [GRID amr_refine_derefine]: refinement complete
 [ 02-28-2025  14:52:03.867 ] [IO_writeCheckpoint] open: type=checkpoint name=sedov_hdf5_chk_0005
 [ 02-28-2025  14:52:15.269 ] [io_writeData]: wrote   50688          blocks
 [ 02-28-2025  14:52:15.278 ] [IO_writeCheckpoint] close: type=checkpoint name=sedov_hdf5_chk_0005
 [ 02-28-2025  14:52:15.281 ] step: n=51 t=3.169398E-06 dt=7.144310E-08
 [ 02-28-2025  14:52:25.340 ] step: n=52 t=3.240841E-06 dt=7.143606E-08
 [ 02-28-2025  14:52:42.061 ] step: n=53 t=3.312277E-06 dt=7.143079E-08
 [ 02-28-2025  14:52:52.126 ] step: n=54 t=3.383708E-06 dt=7.142810E-08
 [ 02-28-2025  14:53:08.817 ] step: n=55 t=3.455136E-06 dt=7.143310E-08
 [ 02-28-2025  14:53:18.862 ] step: n=56 t=3.526569E-06 dt=7.144995E-08
 [ 02-28-2025  14:53:35.551 ] step: n=57 t=3.598019E-06 dt=7.144585E-08
 [ 02-28-2025  14:53:45.595 ] step: n=58 t=3.669465E-06 dt=7.143776E-08
 [ 02-28-2025  14:54:02.285 ] step: n=59 t=3.740902E-06 dt=7.143330E-08
 [ 02-28-2025  14:54:12.323 ] step: n=60 t=3.812336E-06 dt=7.143015E-08
 [ 02-28-2025  14:54:36.468 ] [IO_writeCheckpoint] open: type=checkpoint name=sedov_hdf5_chk_0006
 [ 02-28-2025  14:54:47.993 ] [io_writeData]: wrote   50688          blocks
 [ 02-28-2025  14:54:48.001 ] [IO_writeCheckpoint] close: type=checkpoint name=sedov_hdf5_chk_0006
 [ 02-28-2025  14:54:48.005 ] [Driver_evolveAll]: Exiting evolution loop
 [ 02-28-2025  14:54:48.209 ] [IO_writePlotfile] open: type=plotfile name=sedov_forced_hdf5_plt_cnt_0000
 [ 02-28-2025  14:54:54.327 ] [io_writeData]: wrote   50688          blocks
 [ 02-28-2025  14:54:54.475 ] [IO_writePlotfile] close: type=plotfile name=sedov_forced_hdf5_plt_cnt_0000
 [ 02-28-2025  14:54:54.545 ] memory: /proc vsize    (MB):     4635.78 (min)       5048.34 (max)       4780.98 (avg)
 [ 02-28-2025  14:54:54.594 ] memory: /proc rss      (MB):     2073.47 (min)       2230.08 (max)       2116.45 (avg)
 ==============================================================================
 perf_summary: code performance summary for process            0
                      beginning : 02-28-2025  14:34:30
                         ending : 02-28-2025  14:54:54
   seconds in monitoring period :             1223.670
      number of evolution steps :                   60
 ------------------------------------------------------------------------------
 accounting unit                       time sec  num calls   secs avg  time pct
 ------------------------------------------------------------------------------
 initialization                        293.188      1         293.188    23.960
  eos                                    0.624      8           0.078     0.051
  guardcell internal                    10.534      7           1.505     0.861
   amr_guardcell                         9.925      7           1.418     0.811
   eos gc                                0.000      7           0.000     0.000
  writeCheckpoint                       69.373      1          69.373     5.669
   restrictAll                           6.255      1           6.255     0.511
  writePlotfile                          5.441      1           5.441     0.445
 writePlotfile                           6.448      1           6.448     0.527
 evolution                             923.839      1         923.839    75.497
  Hydro                                456.431     60           7.607    37.300
   Head                                 97.187     60           1.620     7.942
    guardcell internal                  97.186     60           1.620     7.942
     amr_guardcell                      89.558     60           1.493     7.319
     eos gc                              0.003     60           0.000     0.000
   compute fluxes                      342.632     60           5.711    28.000
    hy_computeFluxes                   342.628   1632           0.210    28.000
     RiemannState                      295.213   1632           0.181    24.125
     getFaceFlux                        47.039   1632           0.029     3.844
   conserveFluxes                        0.151     60           0.003     0.012
   update solution                      16.325     60           0.272     1.334
    update solution body                16.321   1632           0.010     1.334
     unsplitUpdate                       5.970   1632           0.004     0.488
  sourceTerms                            0.000     60           0.000     0.000
  Particles_advance                      0.000     60           0.000     0.000
  Gravity potential                      0.000     60           0.000     0.000
  IO_output                            265.151    120           2.210    21.668
   diagnostics                         127.369    120           1.061    10.409
   checkpointing                       137.619      6          22.936    11.246
    writeCheckpoint                    137.604      6          22.934    11.245
     restrictAll                        38.407      6           6.401     3.139
  Grid_updateRefinement                199.527     60           3.325    16.306
   eos                                   0.939      5           0.188     0.077
   tree                                198.588     60           3.310    16.229
    markRefineDerefine                  56.060     30           1.869     4.581
     guardcell internal                 48.721     30           1.624     3.982
      amr_guardcell                     44.864     30           1.495     3.666
      eos gc                             0.001     30           0.000     0.000
    amr_refine_derefine                139.296     30           4.643    11.383
    updateData                           0.001     30           0.000     0.000
   updateParticleRefinement              0.000      5           0.000     0.000
  Driver_computeDt                       2.464     60           0.041     0.201
 ==============================================================================
 [ 02-28-2025  14:54:54.797 ] [Timers_getSummary]: Not writing timer max/min/avg values because not all processors had same timers
 [ 02-28-2025  14:54:54.922 ] LOGFILE_END: FLASH run complete.
 FLASH log file:  02-28-2025  14:55:17.055    Run number:  1
 ==============================================================================
 Number of MPI tasks:               1792
 MPI version:                          3
 MPI subversion:                       1
 Dimensionality:                       3
 Max Number of Blocks/Proc:          200
 Number x zones:                      32
 Number y zones:                      32
 Number z zones:                      32
 Setup stamp:     Fri Nov 1 14:03:57 2024
 Build stamp:     Fri Nov 1 14:04:23 2024
 System info:     Linux corona211 4.18.0-553.22.1.1toss.t4.x86_64 #1 SMP Tue Sep 24 16:50:00 PDT 2
 Version:         Flash-X 1.0 (heads/main-0-g6040ba49-dirty)                                      
 Build directory: /usr/workspace/ather1/Flash-X/sedov
 Setup syntax:    /usr/workspace/ather1/Flash-X/bin/setup.py Sedov -auto -3d -nxb=32 -nyb=32 -nzb=32 +parallelio -objdir=/usr/workspace/ather1/Flash-X/sedov
 f compiler flags: mpif90 -ggdb -c -O2 -fdefault-real-8 -fdefault-double-8 -Wuninitialized -fallow-argument-mismatch -fallow-argument-mismatch -DMAXBLOCKS=200 -DNXB=32 -DNYB=32 -DNZB=32 -DN_DIM=3
 c compiler flags:    mpicc -I/p/lustre2/ather1/hdf5-1.14.4-3/install/include -DH5_USE_18_API -ggdb -c -O2 -Wuninitialized -D_FORTIFY_SOURCE=2 -DMAXBLOCKS=200 -DNXB=32 -DNYB=32 -DNZB=32 -DN_DIM=3
 ==============================================================================
 Comment:  Sedov explosion
 ==============================================================================
 FLASH Units used:
   Driver/DriverMain/Unsplit
   Grid/GridBoundaryConditions
   Grid/GridMain/AMR/Paramesh4/PM4_package/flash_avoid_orrery
   Grid/GridMain/AMR/Paramesh4/PM4_package/headers
   Grid/GridMain/AMR/Paramesh4/PM4_package/source
   Grid/GridMain/AMR/Paramesh4/PM4_package/utilities/multigrid
   Grid/GridMain/AMR/Paramesh4/interpolation/prolong
   Grid/GridMain/AMR/Paramesh4/levelFlux
   Grid/localAPI
   IO/IOMain/hdf5/parallel/PM
   IO/localAPI
   PhysicalConstants/PhysicalConstantsMain
   RuntimeParameters/RuntimeParametersMain
   Simulation/SimulationMain/Sedov
   TimeAdvance/TimeAdvanceMain/StrangSplit
   flashUtilities/contiguousConversion
   flashUtilities/general
   flashUtilities/interpolation/oneDim
   flashUtilities/nameValueLL
   flashUtilities/sorting/quicksort
   flashUtilities/system/memoryUsage/legacy
   monitors/Logfile/LogfileMain
   monitors/Timers/TimersMain/MPINative
   physics/Eos/EosMain/Gamma
   physics/Hydro/HydroMain/unsplit/OnlyHydro
   physics/Hydro/HydroMain/unsplit/levelFlux
   physics/Hydro/localAPI
 ==============================================================================
 RuntimeParameters:
                                                                               
 ==============================================================================
bndpriorityone              =          1
bndprioritythree            =          3
bndprioritytwo              =          2
checkpointfileintervalstep  =         10 [CHANGED]
checkpointfilenumber        =          0
dr_abortpause               =          2
dr_dtminbelowaction         =          1
drift_break_inst            =          0
drift_trunc_mantissa        =          2
drift_verbose_inst          =          0
eos_entrelescalechoice      =          6
eos_loglevel                =        700
fileformatversion           =          9
forcedplotfilenumber        =          0
gr_lrefmaxtimevalue_1       =         -1
gr_lrefmaxtimevalue_10      =         -1
gr_lrefmaxtimevalue_11      =         -1
gr_lrefmaxtimevalue_12      =         -1
gr_lrefmaxtimevalue_13      =         -1
gr_lrefmaxtimevalue_14      =         -1
gr_lrefmaxtimevalue_15      =         -1
gr_lrefmaxtimevalue_16      =         -1
gr_lrefmaxtimevalue_17      =         -1
gr_lrefmaxtimevalue_18      =         -1
gr_lrefmaxtimevalue_19      =         -1
gr_lrefmaxtimevalue_2       =         -1
gr_lrefmaxtimevalue_20      =         -1
gr_lrefmaxtimevalue_3       =         -1
gr_lrefmaxtimevalue_4       =         -1
gr_lrefmaxtimevalue_5       =         -1
gr_lrefmaxtimevalue_6       =         -1
gr_lrefmaxtimevalue_7       =         -1
gr_lrefmaxtimevalue_8       =         -1
gr_lrefmaxtimevalue_9       =         -1
gr_pmrpdivergencefree       =         -1
gr_pmrpifaceoff             =          0
gr_pmrpl2p5d                =          0
gr_pmrpmaxblocks            =         -1
gr_pmrpmflags               =          1
gr_pmrpnboundaries          =          6
gr_pmrpndim                 =          3
gr_pmrpnedgevar1            =         -1
gr_pmrpnfacevar             =         -1
gr_pmrpnfielddivf           =         -1
gr_pmrpnfluxvar             =         -1
gr_pmrpnguard               =         -1
gr_pmrpnguardwork           =         -1
gr_pmrpnvar                 =         -1
gr_pmrpnvarwork             =          1
gr_pmrpnvarcorn             =          0
gr_pmrpnvaredge             =          0
gr_pmrpnxb                  =         -1
gr_pmrpnyb                  =         -1
gr_pmrpnzb                  =         -1
gr_restrictallmethod        =          3
gr_sanitizedatamode         =          1
gr_sanitizeverbosity        =          5
gr_tilesizex                =         32
gr_tilesizey                =         32
gr_tilesizez                =         32
hy_3torder                  =         -1
hydrocomputedtoption        =         -1
iprocs                      =          1
interpol_order              =          2
irenorm                     =          0
jprocs                      =          1
kprocs                      =          1
lrefine_del                 =          0
lrefine_max                 =          6 [CHANGED]
lrefine_min                 =          1
lrefine_min_init            =          1
max_particles_per_blk       =        100
memory_stat_freq            =     100000
meshcopycount               =          1
min_particles_per_blk       =          1
nbegin                      =          1
nblockx                     =         32 [CHANGED]
nblocky                     =         32 [CHANGED]
nblockz                     =         32 [CHANGED]
nend                        =         60 [CHANGED]
nrefs                       =          2
nsteptotalsts               =          5
order                       =          3 [CHANGED]
outputsplitnum              =          1
plotfileintervalstep        =          0
plotfilenumber              =          0
refine_var_count            =          4
rolling_checkpoint          =      10000
sim_centerrefinelevel       =          1
sim_integralslevel          =         -1
sim_nsubzones               =          7
sweeporder                  =        123
transorder                  =          1
wr_integrals_freq           =          1
limitedslopebeta            =                 0.100E+01
cfl                         =                 0.800E+00
checkpointfileintervaltime  =                 0.000E+00 [CHANGED]
checkpointfileintervalz     =                 0.180+309
cvisc                       =                 0.100E+00
derefine_cutoff_1           =                 0.200E+00
derefine_cutoff_2           =                 0.200E+00
derefine_cutoff_3           =                 0.200E+00
derefine_cutoff_4           =                 0.200E+00
dr_dtmincontinue            =                 0.000E+00
dr_tstepslowstartfactor     =                 0.100E+00
dtinit                      =                 0.100E-09
dtmax                       =                 0.100E+06
dtmin                       =                 0.100E-09
eintswitch                  =                 0.100E-03 [CHANGED]
eos_singlespeciesa          =                 0.100E+01
eos_singlespeciesz          =                 0.100E+01
gamma                       =                 0.140E+01 [CHANGED]
gr_btworkchildscaling       =                 0.100E+01
gr_btworkdefaultleaf        =                 0.200E+01
gr_btworkdefaultpar         =                 0.100E+01
gr_btworklbleaf             =                 0.000E+00
gr_btworklbpar              =                 0.000E+00
gr_btworkubleaf             =                 0.100E+07
gr_btworkubpar              =                 0.100E+07
gr_lrefinemaxredlogbase     =                 0.100E+02
gr_lrefinemaxredradiusfact  =                 0.000E+00
gr_lrefinemaxredtref        =                 0.000E+00
gr_lrefinemaxredtimescale   =                 0.100E+01
gr_lrefmaxtime_1            =                -0.100E+01
gr_lrefmaxtime_10           =                -0.100E+01
gr_lrefmaxtime_11           =                -0.100E+01
gr_lrefmaxtime_12           =                -0.100E+01
gr_lrefmaxtime_13           =                -0.100E+01
gr_lrefmaxtime_14           =                -0.100E+01
gr_lrefmaxtime_15           =                -0.100E+01
gr_lrefmaxtime_16           =                -0.100E+01
gr_lrefmaxtime_17           =                -0.100E+01
gr_lrefmaxtime_18           =                -0.100E+01
gr_lrefmaxtime_19           =                -0.100E+01
gr_lrefmaxtime_2            =                -0.100E+01
gr_lrefmaxtime_20           =                -0.100E+01
gr_lrefmaxtime_3            =                -0.100E+01
gr_lrefmaxtime_4            =                -0.100E+01
gr_lrefmaxtime_5            =                -0.100E+01
gr_lrefmaxtime_6            =                -0.100E+01
gr_lrefmaxtime_7            =                -0.100E+01
gr_lrefmaxtime_8            =                -0.100E+01
gr_lrefmaxtime_9            =                -0.100E+01
hy_cflfallbackfactor        =                 0.900E+00
hy_fpresinmomflux           =                 0.100E+01
hybridorderkappa            =                 0.000E+00
nusts                       =                 0.200E+00 [CHANGED]
plotfileintervaltime        =                 0.000E+00 [CHANGED]
plotfileintervalz           =                 0.180+309
radiusgp                    =                 0.200E+01
refine_cutoff_1             =                 0.800E+00
refine_cutoff_2             =                 0.800E+00
refine_cutoff_3             =                 0.800E+00
refine_cutoff_4             =                 0.800E+00
refine_filter_1             =                 0.100E-01
refine_filter_2             =                 0.100E-01
refine_filter_3             =                 0.100E-01
refine_filter_4             =                 0.100E-01
rss_limit                   =                -0.100E+01
sigmagp                     =                 0.300E+01
sim_derefineradius          =                 0.000E+00
sim_earliestlstime          =                 0.000E+00
sim_expenergy               =                 0.100E+01
sim_largestnormradius       =                 0.180+309
sim_latestlstime            =                 0.180+309
sim_minrhoinit              =                 0.100E-19
sim_pambient                =                 0.100E-04
sim_rinit                   =                 0.137E-01 [CHANGED]
sim_rhoambient              =                 0.100E+01
sim_smallestnormradius      =                 0.000E+00
sim_xctr                    =                 0.500E+00
sim_yctr                    =                 0.500E+00
sim_zctr                    =                 0.500E+00
small                       =                 0.100E-09
smalle                      =                 0.100E-09
smallp                      =                 0.100E-09
smallt                      =                 0.100E-09
smallu                      =                 0.100E-09
smallx                      =                 0.100E-09
smlrho                      =                 0.100E-09
tinitial                    =                 0.000E+00
tiny                        =                 0.100E-15
tmax                        =                 0.500E+06 [CHANGED]
tstep_change_factor         =                 0.200E+01
wall_clock_checkpoint       =                 0.432E+05
wall_clock_time_limit       =                 0.605E+06
x_refine_center             =                 0.000E+00
xmax                        =                 0.100E+01
xmin                        =                 0.000E+00
y_refine_center             =                 0.000E+00
ymax                        =                 0.100E+01
ymin                        =                 0.000E+00
zfinal                      =                 0.000E+00
zinitial                    =                -0.100E+01
z_refine_center             =                 0.000E+00
zmax                        =                 0.100E+01
zmin                        =                 0.000E+00
riemannsolver               = Roe                            [CHANGED]
unitsystem                  = none                          
basenm                      = sedov_                         [CHANGED]
entropyfixmethod            = HARTENHYMAN                   
eosmode                     = dens_ie                       
eosmodeinit                 = dens_ie                       
geometry                    = cartesian                     
gr_pmrpoutputdir            = ./                            
grav_boundary_type          = isolated                      
hy_eosmodegc                = see eosMode                   
log_file                    = sedov.log                      [CHANGED]
output_directory            =                               
pc_unitsbase                = CGS                           
plot_grid_var_1             = none                          
plot_grid_var_10            = none                          
plot_grid_var_11            = none                          
plot_grid_var_12            = none                          
plot_grid_var_13            = none                          
plot_grid_var_14            = none                          
plot_grid_var_15            = none                          
plot_grid_var_16            = none                          
plot_grid_var_17            = none                          
plot_grid_var_18            = none                          
plot_grid_var_19            = none                          
plot_grid_var_2             = none                          
plot_grid_var_20            = none                          
plot_grid_var_21            = none                          
plot_grid_var_22            = none                          
plot_grid_var_23            = none                          
plot_grid_var_24            = none                          
plot_grid_var_25            = none                          
plot_grid_var_26            = none                          
plot_grid_var_27            = none                          
plot_grid_var_28            = none                          
plot_grid_var_29            = none                          
plot_grid_var_3             = none                          
plot_grid_var_30            = none                          
plot_grid_var_31            = none                          
plot_grid_var_32            = none                          
plot_grid_var_33            = none                          
plot_grid_var_34            = none                          
plot_grid_var_35            = none                          
plot_grid_var_36            = none                          
plot_grid_var_37            = none                          
plot_grid_var_38            = none                          
plot_grid_var_39            = none                          
plot_grid_var_4             = none                          
plot_grid_var_40            = none                          
plot_grid_var_41            = none                          
plot_grid_var_42            = none                          
plot_grid_var_43            = none                          
plot_grid_var_44            = none                          
plot_grid_var_45            = none                          
plot_grid_var_46            = none                          
plot_grid_var_47            = none                          
plot_grid_var_48            = none                          
plot_grid_var_49            = none                          
plot_grid_var_5             = none                          
plot_grid_var_50            = none                          
plot_grid_var_51            = none                          
plot_grid_var_52            = none                          
plot_grid_var_53            = none                          
plot_grid_var_54            = none                          
plot_grid_var_55            = none                          
plot_grid_var_56            = none                          
plot_grid_var_57            = none                          
plot_grid_var_58            = none                          
plot_grid_var_59            = none                          
plot_grid_var_6             = none                          
plot_grid_var_60            = none                          
plot_grid_var_61            = none                          
plot_grid_var_62            = none                          
plot_grid_var_63            = none                          
plot_grid_var_64            = none                          
plot_grid_var_65            = none                          
plot_grid_var_66            = none                          
plot_grid_var_67            = none                          
plot_grid_var_68            = none                          
plot_grid_var_69            = none                          
plot_grid_var_7             = none                          
plot_grid_var_70            = none                          
plot_grid_var_71            = none                          
plot_grid_var_72            = none                          
plot_grid_var_73            = none                          
plot_grid_var_74            = none                          
plot_grid_var_75            = none                          
plot_grid_var_76            = none                          
plot_grid_var_77            = none                          
plot_grid_var_78            = none                          
plot_grid_var_8             = none                          
plot_grid_var_9             = none                          
plot_var_1                  = dens                           [CHANGED]
plot_var_10                 = none                          
plot_var_11                 = none                          
plot_var_12                 = none                          
plot_var_13                 = none                          
plot_var_14                 = none                          
plot_var_15                 = none                          
plot_var_16                 = none                          
plot_var_17                 = none                          
plot_var_18                 = none                          
plot_var_2                  = pres                           [CHANGED]
plot_var_3                  = temp                           [CHANGED]
plot_var_4                  = none                          
plot_var_5                  = none                          
plot_var_6                  = none                          
plot_var_7                  = none                          
plot_var_8                  = none                          
plot_var_9                  = none                          
prof_file                   = profile.dat                   
refine_var_1                = dens                           [CHANGED]
refine_var_2                = pres                           [CHANGED]
refine_var_3                = none                          
refine_var_4                = none                          
run_comment                 = Sedov explosion                [CHANGED]
run_number                  = 1                             
sim_proffilename            = /dev/null                      [CHANGED]
slopelimiter                = mc                             [CHANGED]
stats_file                  = flashx.dat                    
wenomethod                  = WENO5                         
xl_boundary_type            = outflow                        [CHANGED]
xr_boundary_type            = outflow                        [CHANGED]
yl_boundary_type            = outflow                        [CHANGED]
yr_boundary_type            = outflow                        [CHANGED]
zl_boundary_type            = outflow                        [CHANGED]
zr_boundary_type            = outflow                        [CHANGED]
csvsummaryallprocs          =  F
eosforriemann               =  F
logsummaryallprocs          =  F
addthermalflux              =  T
allowdtstsdominate          =  F
alwayscomputeuservars       =  T
alwaysrestrictcheckpoint    =  T
charlimiting                =  T
chkguardcellsinput          =  F
chkguardcellsoutput         =  F
conserveangmom              =  F
converttoconsvdformeshcalls =  F
converttoconsvdinmeshinterp =  T
corners                     =  F
dr_printtsteploc            =  T
dr_shortenlaststepbeforetmax =  F
drift_tuples                =  F
eachprocwritesownabortlog   =  F
eachprocwritessummary       =  F
earlyblockdistadjustment    =  T
enablemaskedgcfill          =  F
entropy                     =  F
flux_correct                =  T
flux_correct_perlevel       =  F
geometryoverride            =  F
gr_bcenableapplymixedgds    =  T
gr_bndgcfillneedsprimitivevars =  T
gr_btcustomwork             =  F
gr_btexchangework           =  F
gr_btsortbywork             =  T
gr_enabletiling             =  F
gr_lrefinemaxbytime         =  F
gr_lrefinemaxreddobylogr    =  F
gr_lrefinemaxreddobytime    =  F
gr_pmrpadvancealllevels     =  F
gr_pmrpamrerrorchecking     =  F
gr_pmrpcartesianpm          =  F
gr_pmrpconserve             =  F
gr_pmrpconsvfluxdensities   =  T
gr_pmrpconsvfluxes          =  F
gr_pmrpcurvilinear          =  F
gr_pmrpcurvilinearconserve  =  F
gr_pmrpcylindricalpm        =  F
gr_pmrpdiagonals            =  T
gr_pmrpedgevalue            =  T
gr_pmrpedgevalueinteg       =  F
gr_pmrpemptycells           =  F
gr_pmrpforceconsistency     =  T
gr_pmrplsingularline        =  F
gr_pmrpnopermanentguardcells =  F
gr_pmrppolarpm              =  F
gr_pmrppredcorr             =  F
gr_pmrpsphericalpm          =  F
gr_pmrptimingmpi            =  F
gr_pmrptimingmpix           =  F
gr_pmrpvardt                =  F
gr_usetiling                =  F
hy_fallbacklowercfl         =  F
hy_fullspecmsfluxhandling   =  T
hy_usetiling                =  F
ignoreforcedplot            =  F
io_writemscalarintegrals    =  F
plotfilegridquantitydp      =  F
plotfilemetadatadp          =  F
reducegcellfills            =  F
refine_on_particle_count    =  F
restart                     =  F
shockdetect                 =  F
shocklowercfl               =  F
sim_bcsetbdryvar            =  F
sim_forcecenterderefine     =  F
sim_onelevelintegralsonly   =  F
summaryoutputonly           =  F
threadblocklistbuild        =  F
threaddelepblocklist        =  F
threaddelepwithinblock      =  F
threaddriverblocklist       =  F
threaddriverwithinblock     =  F
threadeoswithinblock        =  F
threadhydroblocklist        =  F
threadhydrowithinblock      =  F
threadraytracebuild         =  F
threadwithinblockbuild      =  F
tmr_suppressinparallel      =  F
typematchedxfer             =  T
unbiased_geometry           =  F
updatehydrofluxes           =  T
useburn                     =  F
usecollectivehdf5           =  T
usedeleptonize              =  F
usegravity                  =  F
useheatad                   =  F
useheater                   =  F
usehydro                    =  T
useimbound                  =  F
useincompns                 =  F
useinlet                    =  F
uselegacylabels             =  T
usemultiphase               =  F
useorchestration            =  F
useoutlet                   =  F
useparticles                =  F
useradtrans                 =  F
usests                      =  F
usestsfordiffusion          =  F
usesolidmechanics           =  F
use_3dfullctu               =  T
use_auxeinteqn              =  T
use_avisc                   =  T [CHANGED]
use_cma_advection           =  F
use_cma_flattening          =  F
use_flash_surr_blks_fill    =  T
use_flattening              =  F
use_gravhalfupdate          =  T
use_hybridorder             =  F
use_reduced_orrery          =  T
use_steepening              =  F
use_upwindtvd               =  F
writestatsummary            =  T
                                                                               
 ==============================================================================
                                                                               
 Known units of measurement:
                                                                               
              Unit                          CGS Value                Base Unit
  1                  cm                     1.0000                           cm
  2                   s                     1.0000                            s
  3                   g                     1.0000                            g
  4                   K                     1.0000                            K
  5                 esu                     1.0000                          esu
  6                 mol                     1.0000                          mol
  7                   m                     100.00                           cm
  8                  km                    1.00000E+05                       cm
  9                  pc                    3.08568E+18                       cm
 10                 kpc                    3.08568E+21                       cm
 11                 Mpc                    3.08568E+24                       cm
 12                 Gpc                    3.08568E+27                       cm
 13                Rsun                    6.96000E+10                       cm
 14                  AU                    1.49598E+13                       cm
 15                  yr                    3.15569E+07                        s
 16                 Myr                    3.15569E+13                        s
 17                 Gyr                    3.15569E+16                        s
 18                  kg                     1000.0                            g
 19                Msun                    1.98892E+33                        g
 20                 amu                    1.66054E-24                        g
 21                  eV                     11605.                            K
 22                   C                    2.99792E+09                      esu
 23                LFLY                    3.08568E+24                       cm
 24                TFLY                    2.05759E+17                        s
 25                MFLY                    9.88470E+45                        g
 26            clLength                    3.08568E+24                       cm
 27              clTime                    3.15569E+16                        s
 28              clMass                    1.98892E+48                        g
 29              clTemp                    1.16045E+07                        K
-----------End of Units--------------------
                                                                               
 Known physical constants:
                                                                               
    Constant Name       Constant Value   cm       s        g        K        esu      mol
  1              Newton    6.67408E-08   3.0     -2.0     -1.0      0.0      0.0      0.0    
  2      speed of light    2.99792E+10   1.0     -1.0      0.0      0.0      0.0      0.0    
  3              Planck    6.62607E-27   2.0     -1.0      1.0      0.0      0.0      0.0    
  4     electron charge    4.80320E-10   0.0      0.0      0.0      0.0      1.0      0.0    
  5       electron mass    9.10938E-28   0.0      0.0      1.0      0.0      0.0      0.0    
  6         proton mass    1.67262E-24   0.0      0.0      1.0      0.0      0.0      0.0    
  7      fine-structure    7.29735E-03   0.0      0.0      0.0      0.0      0.0      0.0    
  8            Avogadro    6.02214E+23   0.0      0.0      0.0      0.0      0.0     -1.0    
  9           Boltzmann    1.38065E-16   2.0     -2.0      1.0     -1.0      0.0      0.0    
 10  ideal gas constant    8.31446E+07   2.0     -2.0      1.0     -1.0      0.0     -1.0    
 11                Wien    0.28978       1.0      0.0      0.0      1.0      0.0      0.0    
 12    Stefan-Boltzmann    5.67037E-05   0.0     -3.0      1.0     -4.0      0.0      0.0    
 13  Radiation Constant    7.56572E-15  -1.0     -2.0      1.0     -4.0      0.0      0.0    
 14                  pi     3.1416       0.0      0.0      0.0      0.0      0.0      0.0    
 15                   e     2.7183       0.0      0.0      0.0      0.0      0.0      0.0    
 16               Euler    0.57722       0.0      0.0      0.0      0.0      0.0      0.0    
 ==============================================================================
                                                                               
 Multifluid database: not configured in
                                                                               
 ==============================================================================
 [ 02-28-2025  14:55:17.070 ] [gr_initGeometry] checking BCs for idir: 1
 [ 02-28-2025  14:55:17.072 ] [gr_initGeometry] checking BCs for idir: 2
 [ 02-28-2025  14:55:17.073 ] [gr_initGeometry] checking BCs for idir: 3
 [ 02-28-2025  14:55:19.023 ] [GRID amr_refine_derefine]: initiating refinement
 [ 02-28-2025  14:55:19.026 ] [GRID amr_refine_derefine]: redist. phase.  tot blks requested: 32768
 [GRID amr_refine_derefine] min blks 18    max blks 19    tot blks 32768
 [GRID amr_refine_derefine] min leaf blks 18    max leaf blks 19    tot leaf blks 32768
 [ 02-28-2025  14:55:19.984 ] [GRID amr_refine_derefine]: refinement complete
 [ 02-28-2025  14:55:32.270 ] [GRID gr_expandDomain]: iteration=1, create level=2
 INFO: Grid_fillGuardCells is ignoring masking.
 [ 02-28-2025  14:55:50.163 ] [mpi_amr_comm_setup]: buffer_dim_send=5176573, buffer_dim_recv=3646981
 [ 02-28-2025  14:55:53.112 ] [GRID amr_refine_derefine]: initiating refinement
 [ 02-28-2025  14:55:53.127 ] [GRID amr_refine_derefine]: redist. phase.  tot blks requested: 32832
 [GRID amr_refine_derefine] min blks 18    max blks 19    tot blks 32832
 [GRID amr_refine_derefine] min leaf blks 17    max leaf blks 19    tot leaf blks 32824
 [ 02-28-2025  14:55:53.398 ] [GRID amr_refine_derefine]: refinement complete
 [ 02-28-2025  14:55:53.406 ] [GRID gr_expandDomain]: iteration=2, create level=3
 [ 02-28-2025  14:56:14.814 ] [GRID amr_refine_derefine]: initiating refinement
 [ 02-28-2025  14:56:14.831 ] [GRID amr_refine_derefine]: redist. phase.  tot blks requested: 32896
 [GRID amr_refine_derefine] min blks 18    max blks 20    tot blks 32896
 [GRID amr_refine_derefine] min leaf blks 17    max leaf blks 19    tot leaf blks 32880
 [ 02-28-2025  14:56:15.119 ] [GRID amr_refine_derefine]: refinement complete
 [ 02-28-2025  14:56:15.128 ] [GRID gr_expandDomain]: iteration=3, create level=4
 [ 02-28-2025  14:56:36.744 ] [GRID amr_refine_derefine]: initiating refinement
 [ 02-28-2025  14:56:36.768 ] [GRID amr_refine_derefine]: redist. phase.  tot blks requested: 34304
 [GRID amr_refine_derefine] min blks 19    max blks 22    tot blks 34304
 [GRID amr_refine_derefine] min leaf blks 17    max leaf blks 20    tot leaf blks 34112
 [ 02-28-2025  14:56:37.259 ] [GRID amr_refine_derefine]: refinement complete
 [ 02-28-2025  14:56:37.269 ] [GRID gr_expandDomain]: iteration=4, create level=5
 [ 02-28-2025  14:56:57.027 ] [mpi_amr_comm_setup]: buffer_dim_send=5313661, buffer_dim_recv=4312081
 [ 02-28-2025  14:56:59.718 ] [GRID amr_refine_derefine]: initiating refinement
 [ 02-28-2025  14:56:59.735 ] [GRID amr_refine_derefine]: redist. phase.  tot blks requested: 37312
 [GRID amr_refine_derefine] min blks 20    max blks 24    tot blks 37312
 [GRID amr_refine_derefine] min leaf blks 18    max leaf blks 21    tot leaf blks 36744
 [ 02-28-2025  14:57:00.263 ] [GRID amr_refine_derefine]: refinement complete
 [ 02-28-2025  14:57:00.275 ] [GRID gr_expandDomain]: iteration=5, create level=6
 [ 02-28-2025  14:57:22.014 ] [mpi_amr_comm_setup]: buffer_dim_send=5713933, buffer_dim_recv=4459801
 [ 02-28-2025  14:57:24.267 ] [GRID amr_refine_derefine]: initiating refinement
 [ 02-28-2025  14:57:24.289 ] [GRID amr_refine_derefine]: redist. phase.  tot blks requested: 48768
 [GRID amr_refine_derefine] min blks 26    max blks 30    tot blks 48768
 [GRID amr_refine_derefine] min leaf blks 23    max leaf blks 27    tot leaf blks 46768
 [ 02-28-2025  14:57:25.024 ] [GRID amr_refine_derefine]: refinement complete
 [ 02-28-2025  14:57:25.048 ] [GRID gr_expandDomain]: iteration=6, create level=6
 [ 02-28-2025  14:57:52.977 ] [mpi_amr_comm_setup]: buffer_dim_send=7881145, buffer_dim_recv=5392297
 [ 02-28-2025  14:57:56.182 ] [GRID gr_expandDomain]: iteration=7, create level=6
 [ 02-28-2025  14:58:27.290 ] [GRID gr_expandDomain]: iteration=8, create level=6
 [ 02-28-2025  14:58:56.844 ] memory: /proc vsize    (MB):     4528.07 (min)       4791.43 (max)       4698.84 (avg)
 [ 02-28-2025  14:58:56.846 ] memory: /proc rss      (MB):     1839.95 (min)       1925.49 (max)       1861.15 (avg)
 [ 02-28-2025  14:58:56.849 ] memory: /proc vsize    (MB):     4528.07 (min)       4791.43 (max)       4698.84 (avg)
 [ 02-28-2025  14:58:56.852 ] memory: /proc rss      (MB):     1839.95 (min)       1925.49 (max)       1861.15 (avg)
 [ 02-28-2025  14:58:56.896 ] memory: /proc vsize    (MB):     4528.07 (min)       4791.43 (max)       4698.84 (avg)
 [ 02-28-2025  14:58:56.899 ] memory: /proc rss      (MB):     1839.95 (min)       1925.49 (max)       1861.15 (avg)
 [ 02-28-2025  14:59:03.684 ] [IO_writeCheckpoint] open: type=checkpoint name=sedov_hdf5_chk_0000
 [ 02-28-2025  14:59:43.277 ] [io_writeData]: wrote   48768          blocks
 [ 02-28-2025  14:59:43.365 ] [IO_writeCheckpoint] close: type=checkpoint name=sedov_hdf5_chk_0000
 [ 02-28-2025  14:59:43.499 ] [IO_writePlotfile] open: type=plotfile name=sedov_hdf5_plt_cnt_0000
 [ 02-28-2025  14:59:48.875 ] [io_writeData]: wrote   48768          blocks
 [ 02-28-2025  14:59:48.909 ] [IO_writePlotfile] close: type=plotfile name=sedov_hdf5_plt_cnt_0000
 [ 02-28-2025  14:59:48.913 ] memory: /proc vsize    (MB):     4545.63 (min)       5023.14 (max)       4718.81 (avg)
 [ 02-28-2025  14:59:48.918 ] memory: /proc rss      (MB):     1846.72 (min)       1940.84 (max)       1871.61 (avg)
 [ 02-28-2025  14:59:48.923 ] [Driver_evolveAll]: Entering evolution loop
 [ 02-28-2025  14:59:48.929 ] step: n=1 t=0.000000E+00 dt=1.000000E-10
 [ 02-28-2025  14:59:58.601 ] step: n=2 t=1.000000E-10 dt=2.000000E-10
 [ 02-28-2025  15:00:14.584 ] step: n=3 t=3.000000E-10 dt=4.000000E-10
 [ 02-28-2025  15:00:24.203 ] step: n=4 t=7.000000E-10 dt=8.000000E-10
 [ 02-28-2025  15:00:40.226 ] step: n=5 t=1.500000E-09 dt=1.600000E-09
 [ 02-28-2025  15:00:49.847 ] step: n=6 t=3.100000E-09 dt=3.200000E-09
 [ 02-28-2025  15:01:05.894 ] step: n=7 t=6.300000E-09 dt=6.400000E-09
 [ 02-28-2025  15:01:15.528 ] step: n=8 t=1.270000E-08 dt=1.280000E-08
 [ 02-28-2025  15:01:31.606 ] step: n=9 t=2.550000E-08 dt=2.560000E-08
 [ 02-28-2025  15:01:41.259 ] step: n=10 t=5.110000E-08 dt=5.120000E-08
 [ 02-28-2025  15:02:04.768 ] [IO_writeCheckpoint] open: type=checkpoint name=sedov_hdf5_chk_0001
 [ 02-28-2025  15:02:42.453 ] [io_writeData]: wrote   48768          blocks
 [ 02-28-2025  15:02:42.503 ] [IO_writeCheckpoint] close: type=checkpoint name=sedov_hdf5_chk_0001
 [ 02-28-2025  15:02:42.505 ] step: n=11 t=1.023000E-07 dt=1.024000E-07
 [ 02-28-2025  15:02:52.170 ] step: n=12 t=2.047000E-07 dt=9.937542E-08
 [ 02-28-2025  15:03:08.222 ] step: n=13 t=3.040754E-07 dt=9.615282E-08
 [ 02-28-2025  15:03:17.952 ] step: n=14 t=4.002282E-07 dt=9.325600E-08
 [ 02-28-2025  15:03:34.029 ] step: n=15 t=4.934842E-07 dt=9.058955E-08
 [ 02-28-2025  15:03:43.717 ] step: n=16 t=5.840738E-07 dt=8.822195E-08
 [ 02-28-2025  15:03:59.809 ] step: n=17 t=6.722957E-07 dt=8.592743E-08
 [ 02-28-2025  15:04:09.513 ] step: n=18 t=7.582232E-07 dt=8.368672E-08
 [ 02-28-2025  15:04:25.634 ] step: n=19 t=8.419099E-07 dt=8.162257E-08
 [ 02-28-2025  15:04:35.308 ] step: n=20 t=9.235325E-07 dt=7.981691E-08
 [ 02-28-2025  15:04:58.568 ] [IO_writeCheckpoint] open: type=checkpoint name=sedov_hdf5_chk_0002
 [ 02-28-2025  15:05:09.869 ] [io_writeData]: wrote   48768          blocks
 [ 02-28-2025  15:05:09.880 ] [IO_writeCheckpoint] close: type=checkpoint name=sedov_hdf5_chk_0002
 [ 02-28-2025  15:05:09.881 ] step: n=21 t=1.003349E-06 dt=7.822053E-08
 [ 02-28-2025  15:05:19.606 ] step: n=22 t=1.081570E-06 dt=7.684528E-08
 [ 02-28-2025  15:05:35.838 ] step: n=23 t=1.158415E-06 dt=7.555985E-08
 [ 02-28-2025  15:05:45.481 ] step: n=24 t=1.233975E-06 dt=7.447396E-08
 [ 02-28-2025  15:06:01.455 ] [GRID amr_refine_derefine]: initiating refinement
 [ 02-28-2025  15:06:01.466 ] [GRID amr_refine_derefine]: redist. phase.  tot blks requested: 49152
 [GRID amr_refine_derefine] min blks 26    max blks 30    tot blks 49152
 [GRID amr_refine_derefine] min leaf blks 24    max leaf blks 27    tot leaf blks 47104
 [ 02-28-2025  15:06:02.119 ] [GRID amr_refine_derefine]: refinement complete
 [ 02-28-2025  15:06:02.715 ] step: n=25 t=1.308449E-06 dt=7.359418E-08
 [ 02-28-2025  15:06:02.715 ] [mpi_amr_comm_setup]: buffer_dim_send=7863733, buffer_dim_recv=5392297
 [ 02-28-2025  15:06:12.469 ] step: n=26 t=1.382043E-06 dt=7.289860E-08
 [ 02-28-2025  15:06:28.571 ] step: n=27 t=1.454942E-06 dt=7.238261E-08
 [ 02-28-2025  15:06:38.325 ] step: n=28 t=1.527324E-06 dt=7.195505E-08
 [ 02-28-2025  15:06:54.456 ] step: n=29 t=1.599279E-06 dt=7.160819E-08
 [ 02-28-2025  15:07:04.229 ] step: n=30 t=1.670888E-06 dt=7.137201E-08
 [ 02-28-2025  15:07:27.477 ] [IO_writeCheckpoint] open: type=checkpoint name=sedov_hdf5_chk_0003
 [ 02-28-2025  15:07:38.771 ] [io_writeData]: wrote   49152          blocks
 [ 02-28-2025  15:07:38.784 ] [IO_writeCheckpoint] close: type=checkpoint name=sedov_hdf5_chk_0003
 [ 02-28-2025  15:07:38.787 ] step: n=31 t=1.742260E-06 dt=7.124494E-08
 [ 02-28-2025  15:07:48.550 ] step: n=32 t=1.813505E-06 dt=7.119740E-08
 [ 02-28-2025  15:08:04.655 ] step: n=33 t=1.884702E-06 dt=7.120661E-08
 [ 02-28-2025  15:08:14.412 ] step: n=34 t=1.955909E-06 dt=7.122364E-08
 [ 02-28-2025  15:08:30.529 ] step: n=35 t=2.027132E-06 dt=7.124414E-08
 [ 02-28-2025  15:08:40.294 ] step: n=36 t=2.098376E-06 dt=7.127462E-08
 [ 02-28-2025  15:08:56.298 ] [GRID amr_refine_derefine]: initiating refinement
 [ 02-28-2025  15:08:56.314 ] [GRID amr_refine_derefine]: redist. phase.  tot blks requested: 49920
 [GRID amr_refine_derefine] min blks 27    max blks 31    tot blks 49920
 [GRID amr_refine_derefine] min leaf blks 24    max leaf blks 28    tot leaf blks 47776
 [ 02-28-2025  15:08:56.989 ] [GRID amr_refine_derefine]: refinement complete
 [ 02-28-2025  15:08:57.553 ] step: n=37 t=2.169651E-06 dt=7.132802E-08
 [ 02-28-2025  15:08:57.553 ] [mpi_amr_comm_setup]: buffer_dim_send=7338289, buffer_dim_recv=5392297
 [ 02-28-2025  15:09:07.369 ] step: n=38 t=2.240979E-06 dt=7.141305E-08
 [ 02-28-2025  15:09:23.691 ] step: n=39 t=2.312392E-06 dt=7.142860E-08
 [ 02-28-2025  15:09:33.506 ] step: n=40 t=2.383821E-06 dt=7.142437E-08
 [ 02-28-2025  15:09:57.247 ] [IO_writeCheckpoint] open: type=checkpoint name=sedov_hdf5_chk_0004
 [ 02-28-2025  15:10:09.111 ] [io_writeData]: wrote   49920          blocks
 [ 02-28-2025  15:10:09.120 ] [IO_writeCheckpoint] close: type=checkpoint name=sedov_hdf5_chk_0004
 [ 02-28-2025  15:10:09.121 ] step: n=41 t=2.455245E-06 dt=7.141417E-08
 [ 02-28-2025  15:10:18.955 ] step: n=42 t=2.526659E-06 dt=7.140932E-08
 [ 02-28-2025  15:10:35.306 ] step: n=43 t=2.598068E-06 dt=7.141878E-08
 [ 02-28-2025  15:10:45.117 ] step: n=44 t=2.669487E-06 dt=7.142363E-08
 [ 02-28-2025  15:11:01.429 ] step: n=45 t=2.740911E-06 dt=7.140413E-08
 [ 02-28-2025  15:11:11.222 ] step: n=46 t=2.812315E-06 dt=7.140388E-08
 [ 02-28-2025  15:11:27.443 ] [GRID amr_refine_derefine]: initiating refinement
 [ 02-28-2025  15:11:27.460 ] [GRID amr_refine_derefine]: redist. phase.  tot blks requested: 50304
 [GRID amr_refine_derefine] min blks 27    max blks 31    tot blks 50304
 [GRID amr_refine_derefine] min leaf blks 24    max leaf blks 28    tot leaf blks 48112
 [ 02-28-2025  15:11:28.139 ] [GRID amr_refine_derefine]: refinement complete
 [ 02-28-2025  15:11:28.626 ] step: n=47 t=2.883719E-06 dt=7.140292E-08
 [ 02-28-2025  15:11:28.627 ] [mpi_amr_comm_setup]: buffer_dim_send=7910833, buffer_dim_recv=5392297
 [ 02-28-2025  15:11:38.523 ] step: n=48 t=2.955122E-06 dt=7.140606E-08
 [ 02-28-2025  15:11:54.762 ] [GRID amr_refine_derefine]: initiating refinement
 [ 02-28-2025  15:11:54.773 ] [GRID amr_refine_derefine]: redist. phase.  tot blks requested: 50496
 [GRID amr_refine_derefine] min blks 27    max blks 31    tot blks 50496
 [GRID amr_refine_derefine] min leaf blks 24    max leaf blks 28    tot leaf blks 48280
 [ 02-28-2025  15:11:55.253 ] [GRID amr_refine_derefine]: refinement complete
 [ 02-28-2025  15:11:55.729 ] step: n=49 t=3.026528E-06 dt=7.141819E-08
 [ 02-28-2025  15:11:55.729 ] [mpi_amr_comm_setup]: buffer_dim_send=6484429, buffer_dim_recv=4958125
 [ 02-28-2025  15:12:05.652 ] step: n=50 t=3.097946E-06 dt=7.145160E-08
 [ 02-28-2025  15:12:22.067 ] [GRID amr_refine_derefine]: initiating refinement
 [ 02-28-2025  15:12:22.076 ] [GRID amr_refine_derefine]: redist. phase.  tot blks requested: 50688
 [GRID amr_refine_derefine] min blks 27    max blks 31    tot blks 50688
 [GRID amr_refine_derefine] min leaf blks 24    max leaf blks 28    tot leaf blks 48448
 [ 02-28-2025  15:12:22.502 ] [GRID amr_refine_derefine]: refinement complete
 [ 02-28-2025  15:12:30.516 ] [IO_writeCheckpoint] open: type=checkpoint name=sedov_hdf5_chk_0005
 [ 02-28-2025  15:12:42.240 ] [io_writeData]: wrote   50688          blocks
 [ 02-28-2025  15:12:42.250 ] [IO_writeCheckpoint] close: type=checkpoint name=sedov_hdf5_chk_0005
 [ 02-28-2025  15:12:42.252 ] step: n=51 t=3.169398E-06 dt=7.144310E-08
 [ 02-28-2025  15:12:52.327 ] step: n=52 t=3.240841E-06 dt=7.143606E-08
 [ 02-28-2025  15:13:09.066 ] step: n=53 t=3.312277E-06 dt=7.143079E-08
 [ 02-28-2025  15:13:19.124 ] step: n=54 t=3.383708E-06 dt=7.142810E-08
 [ 02-28-2025  15:13:35.852 ] step: n=55 t=3.455136E-06 dt=7.143310E-08
 [ 02-28-2025  15:13:45.913 ] step: n=56 t=3.526569E-06 dt=7.144995E-08
 [ 02-28-2025  15:14:02.636 ] step: n=57 t=3.598019E-06 dt=7.144585E-08
 [ 02-28-2025  15:14:12.705 ] step: n=58 t=3.669465E-06 dt=7.143776E-08
 [ 02-28-2025  15:14:29.490 ] step: n=59 t=3.740902E-06 dt=7.143330E-08
 [ 02-28-2025  15:14:39.539 ] step: n=60 t=3.812336E-06 dt=7.143015E-08
 [ 02-28-2025  15:15:03.741 ] [IO_writeCheckpoint] open: type=checkpoint name=sedov_hdf5_chk_0006
 [ 02-28-2025  15:15:16.029 ] [io_writeData]: wrote   50688          blocks
 [ 02-28-2025  15:15:16.043 ] [IO_writeCheckpoint] close: type=checkpoint name=sedov_hdf5_chk_0006
 [ 02-28-2025  15:15:16.044 ] [Driver_evolveAll]: Exiting evolution loop
 [ 02-28-2025  15:15:16.381 ] [IO_writePlotfile] open: type=plotfile name=sedov_forced_hdf5_plt_cnt_0000
 [ 02-28-2025  15:15:23.358 ] [io_writeData]: wrote   50688          blocks
 [ 02-28-2025  15:15:23.715 ] [IO_writePlotfile] close: type=plotfile name=sedov_forced_hdf5_plt_cnt_0000
 [ 02-28-2025  15:15:23.812 ] memory: /proc vsize    (MB):     4634.96 (min)       5048.12 (max)       4781.20 (avg)
 [ 02-28-2025  15:15:23.857 ] memory: /proc rss      (MB):     2073.89 (min)       2221.54 (max)       2116.68 (avg)
 ==============================================================================
 perf_summary: code performance summary for process            0
                      beginning : 02-28-2025  14:55:17
                         ending : 02-28-2025  15:15:23
   seconds in monitoring period :             1206.845
      number of evolution steps :                   60
 ------------------------------------------------------------------------------
 accounting unit                       time sec  num calls   secs avg  time pct
 ------------------------------------------------------------------------------
 initialization                        271.865      1         271.865    22.527
  eos                                    0.630      8           0.079     0.052
  guardcell internal                    10.527      7           1.504     0.872
   amr_guardcell                         9.921      7           1.417     0.822
   eos gc                                0.000      7           0.000     0.000
  writeCheckpoint                       46.425      1          46.425     3.847
   restrictAll                           6.239      1           6.239     0.517
  writePlotfile                          5.539      1           5.539     0.459
 writePlotfile                           7.649      1           7.649     0.634
 evolution                             927.118      1         927.118    76.822
  Hydro                                456.183     60           7.603    37.800
   Head                                 96.938     60           1.616     8.032
    guardcell internal                  96.937     60           1.616     8.032
     amr_guardcell                      89.181     60           1.486     7.390
     eos gc                              0.003     60           0.000     0.000
   compute fluxes                      342.609     60           5.710    28.389
    hy_computeFluxes                   342.605   1632           0.210    28.388
     RiemannState                      295.116   1632           0.181    24.453
     getFaceFlux                        47.107   1632           0.029     3.903
   conserveFluxes                        0.147     60           0.002     0.012
   update solution                      16.343     60           0.272     1.354
    update solution body                16.339   1632           0.010     1.354
     unsplitUpdate                       5.959   1632           0.004     0.494
  sourceTerms                            0.000     60           0.000     0.000
  Particles_advance                      0.000     60           0.000     0.000
  Gravity potential                      0.000     60           0.000     0.000
  IO_output                            268.872    120           2.241    22.279
   diagnostics                         128.416    120           1.070    10.641
   checkpointing                       140.399      6          23.400    11.634
    writeCheckpoint                    140.396      6          23.399    11.633
     restrictAll                        38.518      6           6.420     3.192
  Grid_updateRefinement                199.527     60           3.325    16.533
   eos                                   0.943      5           0.189     0.078
   tree                                198.584     60           3.310    16.455
    markRefineDerefine                  56.107     30           1.870     4.649
     guardcell internal                 48.727     30           1.624     4.038
      amr_guardcell                     44.839     30           1.495     3.715
      eos gc                             0.001     30           0.000     0.000
    amr_refine_derefine                139.254     30           4.642    11.539
    updateData                           0.001     30           0.000     0.000
   updateParticleRefinement              0.000      5           0.000     0.000
  Driver_computeDt                       2.473     60           0.041     0.205
 ==============================================================================
 [ 02-28-2025  15:15:23.989 ] [Timers_getSummary]: Not writing timer max/min/avg values because not all processors had same timers
 [ 02-28-2025  15:15:24.030 ] LOGFILE_END: FLASH run complete.
 FLASH log file:  02-28-2025  15:15:45.977    Run number:  1
 ==============================================================================
 Number of MPI tasks:               1792
 MPI version:                          3
 MPI subversion:                       1
 Dimensionality:                       3
 Max Number of Blocks/Proc:          200
 Number x zones:                      32
 Number y zones:                      32
 Number z zones:                      32
 Setup stamp:     Fri Nov 1 14:03:57 2024
 Build stamp:     Fri Nov 1 14:04:23 2024
 System info:     Linux corona211 4.18.0-553.22.1.1toss.t4.x86_64 #1 SMP Tue Sep 24 16:50:00 PDT 2
 Version:         Flash-X 1.0 (heads/main-0-g6040ba49-dirty)                                      
 Build directory: /usr/workspace/ather1/Flash-X/sedov
 Setup syntax:    /usr/workspace/ather1/Flash-X/bin/setup.py Sedov -auto -3d -nxb=32 -nyb=32 -nzb=32 +parallelio -objdir=/usr/workspace/ather1/Flash-X/sedov
 f compiler flags: mpif90 -ggdb -c -O2 -fdefault-real-8 -fdefault-double-8 -Wuninitialized -fallow-argument-mismatch -fallow-argument-mismatch -DMAXBLOCKS=200 -DNXB=32 -DNYB=32 -DNZB=32 -DN_DIM=3
 c compiler flags:    mpicc -I/p/lustre2/ather1/hdf5-1.14.4-3/install/include -DH5_USE_18_API -ggdb -c -O2 -Wuninitialized -D_FORTIFY_SOURCE=2 -DMAXBLOCKS=200 -DNXB=32 -DNYB=32 -DNZB=32 -DN_DIM=3
 ==============================================================================
 Comment:  Sedov explosion
 ==============================================================================
 FLASH Units used:
   Driver/DriverMain/Unsplit
   Grid/GridBoundaryConditions
   Grid/GridMain/AMR/Paramesh4/PM4_package/flash_avoid_orrery
   Grid/GridMain/AMR/Paramesh4/PM4_package/headers
   Grid/GridMain/AMR/Paramesh4/PM4_package/source
   Grid/GridMain/AMR/Paramesh4/PM4_package/utilities/multigrid
   Grid/GridMain/AMR/Paramesh4/interpolation/prolong
   Grid/GridMain/AMR/Paramesh4/levelFlux
   Grid/localAPI
   IO/IOMain/hdf5/parallel/PM
   IO/localAPI
   PhysicalConstants/PhysicalConstantsMain
   RuntimeParameters/RuntimeParametersMain
   Simulation/SimulationMain/Sedov
   TimeAdvance/TimeAdvanceMain/StrangSplit
   flashUtilities/contiguousConversion
   flashUtilities/general
   flashUtilities/interpolation/oneDim
   flashUtilities/nameValueLL
   flashUtilities/sorting/quicksort
   flashUtilities/system/memoryUsage/legacy
   monitors/Logfile/LogfileMain
   monitors/Timers/TimersMain/MPINative
   physics/Eos/EosMain/Gamma
   physics/Hydro/HydroMain/unsplit/OnlyHydro
   physics/Hydro/HydroMain/unsplit/levelFlux
   physics/Hydro/localAPI
 ==============================================================================
 RuntimeParameters:
                                                                               
 ==============================================================================
bndpriorityone              =          1
bndprioritythree            =          3
bndprioritytwo              =          2
checkpointfileintervalstep  =         10 [CHANGED]
checkpointfilenumber        =          0
dr_abortpause               =          2
dr_dtminbelowaction         =          1
drift_break_inst            =          0
drift_trunc_mantissa        =          2
drift_verbose_inst          =          0
eos_entrelescalechoice      =          6
eos_loglevel                =        700
fileformatversion           =          9
forcedplotfilenumber        =          0
gr_lrefmaxtimevalue_1       =         -1
gr_lrefmaxtimevalue_10      =         -1
gr_lrefmaxtimevalue_11      =         -1
gr_lrefmaxtimevalue_12      =         -1
gr_lrefmaxtimevalue_13      =         -1
gr_lrefmaxtimevalue_14      =         -1
gr_lrefmaxtimevalue_15      =         -1
gr_lrefmaxtimevalue_16      =         -1
gr_lrefmaxtimevalue_17      =         -1
gr_lrefmaxtimevalue_18      =         -1
gr_lrefmaxtimevalue_19      =         -1
gr_lrefmaxtimevalue_2       =         -1
gr_lrefmaxtimevalue_20      =         -1
gr_lrefmaxtimevalue_3       =         -1
gr_lrefmaxtimevalue_4       =         -1
gr_lrefmaxtimevalue_5       =         -1
gr_lrefmaxtimevalue_6       =         -1
gr_lrefmaxtimevalue_7       =         -1
gr_lrefmaxtimevalue_8       =         -1
gr_lrefmaxtimevalue_9       =         -1
gr_pmrpdivergencefree       =         -1
gr_pmrpifaceoff             =          0
gr_pmrpl2p5d                =          0
gr_pmrpmaxblocks            =         -1
gr_pmrpmflags               =          1
gr_pmrpnboundaries          =          6
gr_pmrpndim                 =          3
gr_pmrpnedgevar1            =         -1
gr_pmrpnfacevar             =         -1
gr_pmrpnfielddivf           =         -1
gr_pmrpnfluxvar             =         -1
gr_pmrpnguard               =         -1
gr_pmrpnguardwork           =         -1
gr_pmrpnvar                 =         -1
gr_pmrpnvarwork             =          1
gr_pmrpnvarcorn             =          0
gr_pmrpnvaredge             =          0
gr_pmrpnxb                  =         -1
gr_pmrpnyb                  =         -1
gr_pmrpnzb                  =         -1
gr_restrictallmethod        =          3
gr_sanitizedatamode         =          1
gr_sanitizeverbosity        =          5
gr_tilesizex                =         32
gr_tilesizey                =         32
gr_tilesizez                =         32
hy_3torder                  =         -1
hydrocomputedtoption        =         -1
iprocs                      =          1
interpol_order              =          2
irenorm                     =          0
jprocs                      =          1
kprocs                      =          1
lrefine_del                 =          0
lrefine_max                 =          6 [CHANGED]
lrefine_min                 =          1
lrefine_min_init            =          1
max_particles_per_blk       =        100
memory_stat_freq            =     100000
meshcopycount               =          1
min_particles_per_blk       =          1
nbegin                      =          1
nblockx                     =         32 [CHANGED]
nblocky                     =         32 [CHANGED]
nblockz                     =         32 [CHANGED]
nend                        =         60 [CHANGED]
nrefs                       =          2
nsteptotalsts               =          5
order                       =          3 [CHANGED]
outputsplitnum              =          1
plotfileintervalstep        =          0
plotfilenumber              =          0
refine_var_count            =          4
rolling_checkpoint          =      10000
sim_centerrefinelevel       =          1
sim_integralslevel          =         -1
sim_nsubzones               =          7
sweeporder                  =        123
transorder                  =          1
wr_integrals_freq           =          1
limitedslopebeta            =                 0.100E+01
cfl                         =                 0.800E+00
checkpointfileintervaltime  =                 0.000E+00 [CHANGED]
checkpointfileintervalz     =                 0.180+309
cvisc                       =                 0.100E+00
derefine_cutoff_1           =                 0.200E+00
derefine_cutoff_2           =                 0.200E+00
derefine_cutoff_3           =                 0.200E+00
derefine_cutoff_4           =                 0.200E+00
dr_dtmincontinue            =                 0.000E+00
dr_tstepslowstartfactor     =                 0.100E+00
dtinit                      =                 0.100E-09
dtmax                       =                 0.100E+06
dtmin                       =                 0.100E-09
eintswitch                  =                 0.100E-03 [CHANGED]
eos_singlespeciesa          =                 0.100E+01
eos_singlespeciesz          =                 0.100E+01
gamma                       =                 0.140E+01 [CHANGED]
gr_btworkchildscaling       =                 0.100E+01
gr_btworkdefaultleaf        =                 0.200E+01
gr_btworkdefaultpar         =                 0.100E+01
gr_btworklbleaf             =                 0.000E+00
gr_btworklbpar              =                 0.000E+00
gr_btworkubleaf             =                 0.100E+07
gr_btworkubpar              =                 0.100E+07
gr_lrefinemaxredlogbase     =                 0.100E+02
gr_lrefinemaxredradiusfact  =                 0.000E+00
gr_lrefinemaxredtref        =                 0.000E+00
gr_lrefinemaxredtimescale   =                 0.100E+01
gr_lrefmaxtime_1            =                -0.100E+01
gr_lrefmaxtime_10           =                -0.100E+01
gr_lrefmaxtime_11           =                -0.100E+01
gr_lrefmaxtime_12           =                -0.100E+01
gr_lrefmaxtime_13           =                -0.100E+01
gr_lrefmaxtime_14           =                -0.100E+01
gr_lrefmaxtime_15           =                -0.100E+01
gr_lrefmaxtime_16           =                -0.100E+01
gr_lrefmaxtime_17           =                -0.100E+01
gr_lrefmaxtime_18           =                -0.100E+01
gr_lrefmaxtime_19           =                -0.100E+01
gr_lrefmaxtime_2            =                -0.100E+01
gr_lrefmaxtime_20           =                -0.100E+01
gr_lrefmaxtime_3            =                -0.100E+01
gr_lrefmaxtime_4            =                -0.100E+01
gr_lrefmaxtime_5            =                -0.100E+01
gr_lrefmaxtime_6            =                -0.100E+01
gr_lrefmaxtime_7            =                -0.100E+01
gr_lrefmaxtime_8            =                -0.100E+01
gr_lrefmaxtime_9            =                -0.100E+01
hy_cflfallbackfactor        =                 0.900E+00
hy_fpresinmomflux           =                 0.100E+01
hybridorderkappa            =                 0.000E+00
nusts                       =                 0.200E+00 [CHANGED]
plotfileintervaltime        =                 0.000E+00 [CHANGED]
plotfileintervalz           =                 0.180+309
radiusgp                    =                 0.200E+01
refine_cutoff_1             =                 0.800E+00
refine_cutoff_2             =                 0.800E+00
refine_cutoff_3             =                 0.800E+00
refine_cutoff_4             =                 0.800E+00
refine_filter_1             =                 0.100E-01
refine_filter_2             =                 0.100E-01
refine_filter_3             =                 0.100E-01
refine_filter_4             =                 0.100E-01
rss_limit                   =                -0.100E+01
sigmagp                     =                 0.300E+01
sim_derefineradius          =                 0.000E+00
sim_earliestlstime          =                 0.000E+00
sim_expenergy               =                 0.100E+01
sim_largestnormradius       =                 0.180+309
sim_latestlstime            =                 0.180+309
sim_minrhoinit              =                 0.100E-19
sim_pambient                =                 0.100E-04
sim_rinit                   =                 0.137E-01 [CHANGED]
sim_rhoambient              =                 0.100E+01
sim_smallestnormradius      =                 0.000E+00
sim_xctr                    =                 0.500E+00
sim_yctr                    =                 0.500E+00
sim_zctr                    =                 0.500E+00
small                       =                 0.100E-09
smalle                      =                 0.100E-09
smallp                      =                 0.100E-09
smallt                      =                 0.100E-09
smallu                      =                 0.100E-09
smallx                      =                 0.100E-09
smlrho                      =                 0.100E-09
tinitial                    =                 0.000E+00
tiny                        =                 0.100E-15
tmax                        =                 0.500E+06 [CHANGED]
tstep_change_factor         =                 0.200E+01
wall_clock_checkpoint       =                 0.432E+05
wall_clock_time_limit       =                 0.605E+06
x_refine_center             =                 0.000E+00
xmax                        =                 0.100E+01
xmin                        =                 0.000E+00
y_refine_center             =                 0.000E+00
ymax                        =                 0.100E+01
ymin                        =                 0.000E+00
zfinal                      =                 0.000E+00
zinitial                    =                -0.100E+01
z_refine_center             =                 0.000E+00
zmax                        =                 0.100E+01
zmin                        =                 0.000E+00
riemannsolver               = Roe                            [CHANGED]
unitsystem                  = none                          
basenm                      = sedov_                         [CHANGED]
entropyfixmethod            = HARTENHYMAN                   
eosmode                     = dens_ie                       
eosmodeinit                 = dens_ie                       
geometry                    = cartesian                     
gr_pmrpoutputdir            = ./                            
grav_boundary_type          = isolated                      
hy_eosmodegc                = see eosMode                   
log_file                    = sedov.log                      [CHANGED]
output_directory            =                               
pc_unitsbase                = CGS                           
plot_grid_var_1             = none                          
plot_grid_var_10            = none                          
plot_grid_var_11            = none                          
plot_grid_var_12            = none                          
plot_grid_var_13            = none                          
plot_grid_var_14            = none                          
plot_grid_var_15            = none                          
plot_grid_var_16            = none                          
plot_grid_var_17            = none                          
plot_grid_var_18            = none                          
plot_grid_var_19            = none                          
plot_grid_var_2             = none                          
plot_grid_var_20            = none                          
plot_grid_var_21            = none                          
plot_grid_var_22            = none                          
plot_grid_var_23            = none                          
plot_grid_var_24            = none                          
plot_grid_var_25            = none                          
plot_grid_var_26            = none                          
plot_grid_var_27            = none                          
plot_grid_var_28            = none                          
plot_grid_var_29            = none                          
plot_grid_var_3             = none                          
plot_grid_var_30            = none                          
plot_grid_var_31            = none                          
plot_grid_var_32            = none                          
plot_grid_var_33            = none                          
plot_grid_var_34            = none                          
plot_grid_var_35            = none                          
plot_grid_var_36            = none                          
plot_grid_var_37            = none                          
plot_grid_var_38            = none                          
plot_grid_var_39            = none                          
plot_grid_var_4             = none                          
plot_grid_var_40            = none                          
plot_grid_var_41            = none                          
plot_grid_var_42            = none                          
plot_grid_var_43            = none                          
plot_grid_var_44            = none                          
plot_grid_var_45            = none                          
plot_grid_var_46            = none                          
plot_grid_var_47            = none                          
plot_grid_var_48            = none                          
plot_grid_var_49            = none                          
plot_grid_var_5             = none                          
plot_grid_var_50            = none                          
plot_grid_var_51            = none                          
plot_grid_var_52            = none                          
plot_grid_var_53            = none                          
plot_grid_var_54            = none                          
plot_grid_var_55            = none                          
plot_grid_var_56            = none                          
plot_grid_var_57            = none                          
plot_grid_var_58            = none                          
plot_grid_var_59            = none                          
plot_grid_var_6             = none                          
plot_grid_var_60            = none                          
plot_grid_var_61            = none                          
plot_grid_var_62            = none                          
plot_grid_var_63            = none                          
plot_grid_var_64            = none                          
plot_grid_var_65            = none                          
plot_grid_var_66            = none                          
plot_grid_var_67            = none                          
plot_grid_var_68            = none                          
plot_grid_var_69            = none                          
plot_grid_var_7             = none                          
plot_grid_var_70            = none                          
plot_grid_var_71            = none                          
plot_grid_var_72            = none                          
plot_grid_var_73            = none                          
plot_grid_var_74            = none                          
plot_grid_var_75            = none                          
plot_grid_var_76            = none                          
plot_grid_var_77            = none                          
plot_grid_var_78            = none                          
plot_grid_var_8             = none                          
plot_grid_var_9             = none                          
plot_var_1                  = dens                           [CHANGED]
plot_var_10                 = none                          
plot_var_11                 = none                          
plot_var_12                 = none                          
plot_var_13                 = none                          
plot_var_14                 = none                          
plot_var_15                 = none                          
plot_var_16                 = none                          
plot_var_17                 = none                          
plot_var_18                 = none                          
plot_var_2                  = pres                           [CHANGED]
plot_var_3                  = temp                           [CHANGED]
plot_var_4                  = none                          
plot_var_5                  = none                          
plot_var_6                  = none                          
plot_var_7                  = none                          
plot_var_8                  = none                          
plot_var_9                  = none                          
prof_file                   = profile.dat                   
refine_var_1                = dens                           [CHANGED]
refine_var_2                = pres                           [CHANGED]
refine_var_3                = none                          
refine_var_4                = none                          
run_comment                 = Sedov explosion                [CHANGED]
run_number                  = 1                             
sim_proffilename            = /dev/null                      [CHANGED]
slopelimiter                = mc                             [CHANGED]
stats_file                  = flashx.dat                    
wenomethod                  = WENO5                         
xl_boundary_type            = outflow                        [CHANGED]
xr_boundary_type            = outflow                        [CHANGED]
yl_boundary_type            = outflow                        [CHANGED]
yr_boundary_type            = outflow                        [CHANGED]
zl_boundary_type            = outflow                        [CHANGED]
zr_boundary_type            = outflow                        [CHANGED]
csvsummaryallprocs          =  F
eosforriemann               =  F
logsummaryallprocs          =  F
addthermalflux              =  T
allowdtstsdominate          =  F
alwayscomputeuservars       =  T
alwaysrestrictcheckpoint    =  T
charlimiting                =  T
chkguardcellsinput          =  F
chkguardcellsoutput         =  F
conserveangmom              =  F
converttoconsvdformeshcalls =  F
converttoconsvdinmeshinterp =  T
corners                     =  F
dr_printtsteploc            =  T
dr_shortenlaststepbeforetmax =  F
drift_tuples                =  F
eachprocwritesownabortlog   =  F
eachprocwritessummary       =  F
earlyblockdistadjustment    =  T
enablemaskedgcfill          =  F
entropy                     =  F
flux_correct                =  T
flux_correct_perlevel       =  F
geometryoverride            =  F
gr_bcenableapplymixedgds    =  T
gr_bndgcfillneedsprimitivevars =  T
gr_btcustomwork             =  F
gr_btexchangework           =  F
gr_btsortbywork             =  T
gr_enabletiling             =  F
gr_lrefinemaxbytime         =  F
gr_lrefinemaxreddobylogr    =  F
gr_lrefinemaxreddobytime    =  F
gr_pmrpadvancealllevels     =  F
gr_pmrpamrerrorchecking     =  F
gr_pmrpcartesianpm          =  F
gr_pmrpconserve             =  F
gr_pmrpconsvfluxdensities   =  T
gr_pmrpconsvfluxes          =  F
gr_pmrpcurvilinear          =  F
gr_pmrpcurvilinearconserve  =  F
gr_pmrpcylindricalpm        =  F
gr_pmrpdiagonals            =  T
gr_pmrpedgevalue            =  T
gr_pmrpedgevalueinteg       =  F
gr_pmrpemptycells           =  F
gr_pmrpforceconsistency     =  T
gr_pmrplsingularline        =  F
gr_pmrpnopermanentguardcells =  F
gr_pmrppolarpm              =  F
gr_pmrppredcorr             =  F
gr_pmrpsphericalpm          =  F
gr_pmrptimingmpi            =  F
gr_pmrptimingmpix           =  F
gr_pmrpvardt                =  F
gr_usetiling                =  F
hy_fallbacklowercfl         =  F
hy_fullspecmsfluxhandling   =  T
hy_usetiling                =  F
ignoreforcedplot            =  F
io_writemscalarintegrals    =  F
plotfilegridquantitydp      =  F
plotfilemetadatadp          =  F
reducegcellfills            =  F
refine_on_particle_count    =  F
restart                     =  F
shockdetect                 =  F
shocklowercfl               =  F
sim_bcsetbdryvar            =  F
sim_forcecenterderefine     =  F
sim_onelevelintegralsonly   =  F
summaryoutputonly           =  F
threadblocklistbuild        =  F
threaddelepblocklist        =  F
threaddelepwithinblock      =  F
threaddriverblocklist       =  F
threaddriverwithinblock     =  F
threadeoswithinblock        =  F
threadhydroblocklist        =  F
threadhydrowithinblock      =  F
threadraytracebuild         =  F
threadwithinblockbuild      =  F
tmr_suppressinparallel      =  F
typematchedxfer             =  T
unbiased_geometry           =  F
updatehydrofluxes           =  T
useburn                     =  F
usecollectivehdf5           =  T
usedeleptonize              =  F
usegravity                  =  F
useheatad                   =  F
useheater                   =  F
usehydro                    =  T
useimbound                  =  F
useincompns                 =  F
useinlet                    =  F
uselegacylabels             =  T
usemultiphase               =  F
useorchestration            =  F
useoutlet                   =  F
useparticles                =  F
useradtrans                 =  F
usests                      =  F
usestsfordiffusion          =  F
usesolidmechanics           =  F
use_3dfullctu               =  T
use_auxeinteqn              =  T
use_avisc                   =  T [CHANGED]
use_cma_advection           =  F
use_cma_flattening          =  F
use_flash_surr_blks_fill    =  T
use_flattening              =  F
use_gravhalfupdate          =  T
use_hybridorder             =  F
use_reduced_orrery          =  T
use_steepening              =  F
use_upwindtvd               =  F
writestatsummary            =  T
                                                                               
 ==============================================================================
                                                                               
 Known units of measurement:
                                                                               
              Unit                          CGS Value                Base Unit
  1                  cm                     1.0000                           cm
  2                   s                     1.0000                            s
  3                   g                     1.0000                            g
  4                   K                     1.0000                            K
  5                 esu                     1.0000                          esu
  6                 mol                     1.0000                          mol
  7                   m                     100.00                           cm
  8                  km                    1.00000E+05                       cm
  9                  pc                    3.08568E+18                       cm
 10                 kpc                    3.08568E+21                       cm
 11                 Mpc                    3.08568E+24                       cm
 12                 Gpc                    3.08568E+27                       cm
 13                Rsun                    6.96000E+10                       cm
 14                  AU                    1.49598E+13                       cm
 15                  yr                    3.15569E+07                        s
 16                 Myr                    3.15569E+13                        s
 17                 Gyr                    3.15569E+16                        s
 18                  kg                     1000.0                            g
 19                Msun                    1.98892E+33                        g
 20                 amu                    1.66054E-24                        g
 21                  eV                     11605.                            K
 22                   C                    2.99792E+09                      esu
 23                LFLY                    3.08568E+24                       cm
 24                TFLY                    2.05759E+17                        s
 25                MFLY                    9.88470E+45                        g
 26            clLength                    3.08568E+24                       cm
 27              clTime                    3.15569E+16                        s
 28              clMass                    1.98892E+48                        g
 29              clTemp                    1.16045E+07                        K
-----------End of Units--------------------
                                                                               
 Known physical constants:
                                                                               
    Constant Name       Constant Value   cm       s        g        K        esu      mol
  1              Newton    6.67408E-08   3.0     -2.0     -1.0      0.0      0.0      0.0    
  2      speed of light    2.99792E+10   1.0     -1.0      0.0      0.0      0.0      0.0    
  3              Planck    6.62607E-27   2.0     -1.0      1.0      0.0      0.0      0.0    
  4     electron charge    4.80320E-10   0.0      0.0      0.0      0.0      1.0      0.0    
  5       electron mass    9.10938E-28   0.0      0.0      1.0      0.0      0.0      0.0    
  6         proton mass    1.67262E-24   0.0      0.0      1.0      0.0      0.0      0.0    
  7      fine-structure    7.29735E-03   0.0      0.0      0.0      0.0      0.0      0.0    
  8            Avogadro    6.02214E+23   0.0      0.0      0.0      0.0      0.0     -1.0    
  9           Boltzmann    1.38065E-16   2.0     -2.0      1.0     -1.0      0.0      0.0    
 10  ideal gas constant    8.31446E+07   2.0     -2.0      1.0     -1.0      0.0     -1.0    
 11                Wien    0.28978       1.0      0.0      0.0      1.0      0.0      0.0    
 12    Stefan-Boltzmann    5.67037E-05   0.0     -3.0      1.0     -4.0      0.0      0.0    
 13  Radiation Constant    7.56572E-15  -1.0     -2.0      1.0     -4.0      0.0      0.0    
 14                  pi     3.1416       0.0      0.0      0.0      0.0      0.0      0.0    
 15                   e     2.7183       0.0      0.0      0.0      0.0      0.0      0.0    
 16               Euler    0.57722       0.0      0.0      0.0      0.0      0.0      0.0    
 ==============================================================================
                                                                               
 Multifluid database: not configured in
                                                                               
 ==============================================================================
 [ 02-28-2025  15:15:45.979 ] [gr_initGeometry] checking BCs for idir: 1
 [ 02-28-2025  15:15:45.979 ] [gr_initGeometry] checking BCs for idir: 2
 [ 02-28-2025  15:15:45.979 ] [gr_initGeometry] checking BCs for idir: 3
 [ 02-28-2025  15:15:48.728 ] [GRID amr_refine_derefine]: initiating refinement
 [ 02-28-2025  15:15:48.728 ] [GRID amr_refine_derefine]: redist. phase.  tot blks requested: 32768
 [GRID amr_refine_derefine] min blks 18    max blks 19    tot blks 32768
 [GRID amr_refine_derefine] min leaf blks 18    max leaf blks 19    tot leaf blks 32768
 [ 02-28-2025  15:15:49.176 ] [GRID amr_refine_derefine]: refinement complete
 [ 02-28-2025  15:16:01.700 ] [GRID gr_expandDomain]: iteration=1, create level=2
 INFO: Grid_fillGuardCells is ignoring masking.
 [ 02-28-2025  15:16:19.617 ] [mpi_amr_comm_setup]: buffer_dim_send=5176573, buffer_dim_recv=3646981
 [ 02-28-2025  15:16:22.718 ] [GRID amr_refine_derefine]: initiating refinement
 [ 02-28-2025  15:16:22.730 ] [GRID amr_refine_derefine]: redist. phase.  tot blks requested: 32832
 [GRID amr_refine_derefine] min blks 18    max blks 19    tot blks 32832
 [GRID amr_refine_derefine] min leaf blks 17    max leaf blks 19    tot leaf blks 32824
 [ 02-28-2025  15:16:23.002 ] [GRID amr_refine_derefine]: refinement complete
 [ 02-28-2025  15:16:23.006 ] [GRID gr_expandDomain]: iteration=2, create level=3
 [ 02-28-2025  15:16:44.446 ] [GRID amr_refine_derefine]: initiating refinement
 [ 02-28-2025  15:16:44.457 ] [GRID amr_refine_derefine]: redist. phase.  tot blks requested: 32896
 [GRID amr_refine_derefine] min blks 18    max blks 20    tot blks 32896
 [GRID amr_refine_derefine] min leaf blks 17    max leaf blks 19    tot leaf blks 32880
 [ 02-28-2025  15:16:44.730 ] [GRID amr_refine_derefine]: refinement complete
 [ 02-28-2025  15:16:44.733 ] [GRID gr_expandDomain]: iteration=3, create level=4
 [ 02-28-2025  15:17:06.358 ] [GRID amr_refine_derefine]: initiating refinement
 [ 02-28-2025  15:17:06.378 ] [GRID amr_refine_derefine]: redist. phase.  tot blks requested: 34304
 [GRID amr_refine_derefine] min blks 19    max blks 22    tot blks 34304
 [GRID amr_refine_derefine] min leaf blks 17    max leaf blks 20    tot leaf blks 34112
 [ 02-28-2025  15:17:06.860 ] [GRID amr_refine_derefine]: refinement complete
 [ 02-28-2025  15:17:06.863 ] [GRID gr_expandDomain]: iteration=4, create level=5
 [ 02-28-2025  15:17:26.591 ] [mpi_amr_comm_setup]: buffer_dim_send=5313661, buffer_dim_recv=4312081
 [ 02-28-2025  15:17:29.329 ] [GRID amr_refine_derefine]: initiating refinement
 [ 02-28-2025  15:17:29.343 ] [GRID amr_refine_derefine]: redist. phase.  tot blks requested: 37312
 [GRID amr_refine_derefine] min blks 20    max blks 24    tot blks 37312
 [GRID amr_refine_derefine] min leaf blks 18    max leaf blks 21    tot leaf blks 36744
 [ 02-28-2025  15:17:29.864 ] [GRID amr_refine_derefine]: refinement complete
 [ 02-28-2025  15:17:29.868 ] [GRID gr_expandDomain]: iteration=5, create level=6
 [ 02-28-2025  15:17:51.585 ] [mpi_amr_comm_setup]: buffer_dim_send=5713933, buffer_dim_recv=4459801
 [ 02-28-2025  15:17:53.850 ] [GRID amr_refine_derefine]: initiating refinement
 [ 02-28-2025  15:17:53.865 ] [GRID amr_refine_derefine]: redist. phase.  tot blks requested: 48768
 [GRID amr_refine_derefine] min blks 26    max blks 30    tot blks 48768
 [GRID amr_refine_derefine] min leaf blks 23    max leaf blks 27    tot leaf blks 46768
 [ 02-28-2025  15:17:54.587 ] [GRID amr_refine_derefine]: refinement complete
 [ 02-28-2025  15:17:54.595 ] [GRID gr_expandDomain]: iteration=6, create level=6
 [ 02-28-2025  15:18:22.515 ] [mpi_amr_comm_setup]: buffer_dim_send=7881145, buffer_dim_recv=5392297
 [ 02-28-2025  15:18:25.759 ] [GRID gr_expandDomain]: iteration=7, create level=6
 [ 02-28-2025  15:18:56.895 ] [GRID gr_expandDomain]: iteration=8, create level=6
 [ 02-28-2025  15:19:26.469 ] memory: /proc vsize    (MB):     4528.07 (min)       4788.11 (max)       4698.88 (avg)
 [ 02-28-2025  15:19:26.469 ] memory: /proc rss      (MB):     1839.84 (min)       1926.59 (max)       1861.21 (avg)
 [ 02-28-2025  15:19:26.470 ] memory: /proc vsize    (MB):     4528.07 (min)       4788.11 (max)       4698.88 (avg)
 [ 02-28-2025  15:19:26.470 ] memory: /proc rss      (MB):     1839.84 (min)       1926.59 (max)       1861.21 (avg)
 [ 02-28-2025  15:19:26.516 ] memory: /proc vsize    (MB):     4528.07 (min)       4788.11 (max)       4698.88 (avg)
 [ 02-28-2025  15:19:26.517 ] memory: /proc rss      (MB):     1839.84 (min)       1926.59 (max)       1861.21 (avg)
 [ 02-28-2025  15:19:33.381 ] [IO_writeCheckpoint] open: type=checkpoint name=sedov_hdf5_chk_0000
 [ 02-28-2025  15:20:15.699 ] [io_writeData]: wrote   48768          blocks
 [ 02-28-2025  15:20:15.777 ] [IO_writeCheckpoint] close: type=checkpoint name=sedov_hdf5_chk_0000
 [ 02-28-2025  15:20:15.986 ] [IO_writePlotfile] open: type=plotfile name=sedov_hdf5_plt_cnt_0000
 [ 02-28-2025  15:20:21.495 ] [io_writeData]: wrote   48768          blocks
 [ 02-28-2025  15:20:21.522 ] [IO_writePlotfile] close: type=plotfile name=sedov_hdf5_plt_cnt_0000
 [ 02-28-2025  15:20:21.525 ] memory: /proc vsize    (MB):     4545.63 (min)       5023.44 (max)       4718.82 (avg)
 [ 02-28-2025  15:20:21.527 ] memory: /proc rss      (MB):     1846.65 (min)       1935.14 (max)       1871.64 (avg)
 [ 02-28-2025  15:20:21.530 ] [Driver_evolveAll]: Entering evolution loop
 [ 02-28-2025  15:20:21.533 ] step: n=1 t=0.000000E+00 dt=1.000000E-10
 [ 02-28-2025  15:20:31.215 ] step: n=2 t=1.000000E-10 dt=2.000000E-10
 [ 02-28-2025  15:20:47.225 ] step: n=3 t=3.000000E-10 dt=4.000000E-10
 [ 02-28-2025  15:20:56.821 ] step: n=4 t=7.000000E-10 dt=8.000000E-10
 [ 02-28-2025  15:21:12.847 ] step: n=5 t=1.500000E-09 dt=1.600000E-09
 [ 02-28-2025  15:21:22.471 ] step: n=6 t=3.100000E-09 dt=3.200000E-09
 [ 02-28-2025  15:21:38.533 ] step: n=7 t=6.300000E-09 dt=6.400000E-09
 [ 02-28-2025  15:21:48.204 ] step: n=8 t=1.270000E-08 dt=1.280000E-08
 [ 02-28-2025  15:22:04.244 ] step: n=9 t=2.550000E-08 dt=2.560000E-08
 [ 02-28-2025  15:22:13.905 ] step: n=10 t=5.110000E-08 dt=5.120000E-08
 [ 02-28-2025  15:22:37.041 ] [IO_writeCheckpoint] open: type=checkpoint name=sedov_hdf5_chk_0001
 [ 02-28-2025  15:23:17.623 ] [io_writeData]: wrote   48768          blocks
 [ 02-28-2025  15:23:17.641 ] [IO_writeCheckpoint] close: type=checkpoint name=sedov_hdf5_chk_0001
 [ 02-28-2025  15:23:17.643 ] step: n=11 t=1.023000E-07 dt=1.024000E-07
 [ 02-28-2025  15:23:27.298 ] step: n=12 t=2.047000E-07 dt=9.937542E-08
 [ 02-28-2025  15:23:43.328 ] step: n=13 t=3.040754E-07 dt=9.615282E-08
 [ 02-28-2025  15:23:53.039 ] step: n=14 t=4.002282E-07 dt=9.325600E-08
 [ 02-28-2025  15:24:09.114 ] step: n=15 t=4.934842E-07 dt=9.058955E-08
 [ 02-28-2025  15:24:18.782 ] step: n=16 t=5.840738E-07 dt=8.822195E-08
 [ 02-28-2025  15:24:34.842 ] step: n=17 t=6.722957E-07 dt=8.592743E-08
 [ 02-28-2025  15:24:44.528 ] step: n=18 t=7.582232E-07 dt=8.368672E-08
 [ 02-28-2025  15:25:00.638 ] step: n=19 t=8.419099E-07 dt=8.162257E-08
 [ 02-28-2025  15:25:10.325 ] step: n=20 t=9.235325E-07 dt=7.981691E-08
 [ 02-28-2025  15:25:33.911 ] [IO_writeCheckpoint] open: type=checkpoint name=sedov_hdf5_chk_0002
 [ 02-28-2025  15:25:50.806 ] [io_writeData]: wrote   48768          blocks
 [ 02-28-2025  15:25:50.814 ] [IO_writeCheckpoint] close: type=checkpoint name=sedov_hdf5_chk_0002
 [ 02-28-2025  15:25:50.816 ] step: n=21 t=1.003349E-06 dt=7.822053E-08
 [ 02-28-2025  15:26:00.525 ] step: n=22 t=1.081570E-06 dt=7.684528E-08
 [ 02-28-2025  15:26:16.632 ] step: n=23 t=1.158415E-06 dt=7.555985E-08
 [ 02-28-2025  15:26:26.299 ] step: n=24 t=1.233975E-06 dt=7.447396E-08
 [ 02-28-2025  15:26:42.263 ] [GRID amr_refine_derefine]: initiating refinement
 [ 02-28-2025  15:26:42.273 ] [GRID amr_refine_derefine]: redist. phase.  tot blks requested: 49152
 [GRID amr_refine_derefine] min blks 26    max blks 30    tot blks 49152
 [GRID amr_refine_derefine] min leaf blks 24    max leaf blks 27    tot leaf blks 47104
 [ 02-28-2025  15:26:42.934 ] [GRID amr_refine_derefine]: refinement complete
 [ 02-28-2025  15:26:43.529 ] step: n=25 t=1.308449E-06 dt=7.359418E-08
 [ 02-28-2025  15:26:43.529 ] [mpi_amr_comm_setup]: buffer_dim_send=7863733, buffer_dim_recv=5392297
 [ 02-28-2025  15:26:53.258 ] step: n=26 t=1.382043E-06 dt=7.289860E-08
 [ 02-28-2025  15:27:09.382 ] step: n=27 t=1.454942E-06 dt=7.238261E-08
 [ 02-28-2025  15:27:19.126 ] step: n=28 t=1.527324E-06 dt=7.195505E-08
 [ 02-28-2025  15:27:35.257 ] step: n=29 t=1.599279E-06 dt=7.160819E-08
 [ 02-28-2025  15:27:45.024 ] step: n=30 t=1.670888E-06 dt=7.137201E-08
 [ 02-28-2025  15:28:08.192 ] [IO_writeCheckpoint] open: type=checkpoint name=sedov_hdf5_chk_0003
 [ 02-28-2025  15:28:19.817 ] [io_writeData]: wrote   49152          blocks
 [ 02-28-2025  15:28:19.825 ] [IO_writeCheckpoint] close: type=checkpoint name=sedov_hdf5_chk_0003
 [ 02-28-2025  15:28:19.827 ] step: n=31 t=1.742260E-06 dt=7.124494E-08
 [ 02-28-2025  15:28:29.604 ] step: n=32 t=1.813505E-06 dt=7.119740E-08
 [ 02-28-2025  15:28:45.728 ] step: n=33 t=1.884702E-06 dt=7.120661E-08
 [ 02-28-2025  15:28:55.478 ] step: n=34 t=1.955909E-06 dt=7.122364E-08
 [ 02-28-2025  15:29:11.594 ] step: n=35 t=2.027132E-06 dt=7.124414E-08
 [ 02-28-2025  15:29:21.299 ] step: n=36 t=2.098376E-06 dt=7.127462E-08
 [ 02-28-2025  15:29:37.331 ] [GRID amr_refine_derefine]: initiating refinement
 [ 02-28-2025  15:29:37.340 ] [GRID amr_refine_derefine]: redist. phase.  tot blks requested: 49920
 [GRID amr_refine_derefine] min blks 27    max blks 31    tot blks 49920
 [GRID amr_refine_derefine] min leaf blks 24    max leaf blks 28    tot leaf blks 47776
 [ 02-28-2025  15:29:38.021 ] [GRID amr_refine_derefine]: refinement complete
 [ 02-28-2025  15:29:38.590 ] step: n=37 t=2.169651E-06 dt=7.132802E-08
 [ 02-28-2025  15:29:38.590 ] [mpi_amr_comm_setup]: buffer_dim_send=7338289, buffer_dim_recv=5392297
 [ 02-28-2025  15:29:48.430 ] step: n=38 t=2.240979E-06 dt=7.141305E-08
 [ 02-28-2025  15:30:04.761 ] step: n=39 t=2.312392E-06 dt=7.142860E-08
 [ 02-28-2025  15:30:14.576 ] step: n=40 t=2.383821E-06 dt=7.142437E-08
 [ 02-28-2025  15:30:38.307 ] [IO_writeCheckpoint] open: type=checkpoint name=sedov_hdf5_chk_0004
 [ 02-28-2025  15:30:50.094 ] [io_writeData]: wrote   49920          blocks
 [ 02-28-2025  15:30:50.099 ] [IO_writeCheckpoint] close: type=checkpoint name=sedov_hdf5_chk_0004
 [ 02-28-2025  15:30:50.101 ] step: n=41 t=2.455245E-06 dt=7.141417E-08
 [ 02-28-2025  15:30:59.936 ] step: n=42 t=2.526659E-06 dt=7.140932E-08
 [ 02-28-2025  15:31:16.235 ] step: n=43 t=2.598068E-06 dt=7.141878E-08
 [ 02-28-2025  15:31:26.051 ] step: n=44 t=2.669487E-06 dt=7.142363E-08
 [ 02-28-2025  15:31:42.353 ] step: n=45 t=2.740911E-06 dt=7.140413E-08
 [ 02-28-2025  15:31:52.147 ] step: n=46 t=2.812315E-06 dt=7.140388E-08
 [ 02-28-2025  15:32:08.356 ] [GRID amr_refine_derefine]: initiating refinement
 [ 02-28-2025  15:32:08.365 ] [GRID amr_refine_derefine]: redist. phase.  tot blks requested: 50304
 [GRID amr_refine_derefine] min blks 27    max blks 31    tot blks 50304
 [GRID amr_refine_derefine] min leaf blks 24    max leaf blks 28    tot leaf blks 48112
 [ 02-28-2025  15:32:09.029 ] [GRID amr_refine_derefine]: refinement complete
 [ 02-28-2025  15:32:09.518 ] step: n=47 t=2.883719E-06 dt=7.140292E-08
 [ 02-28-2025  15:32:09.518 ] [mpi_amr_comm_setup]: buffer_dim_send=7910833, buffer_dim_recv=5392297
 [ 02-28-2025  15:32:19.401 ] step: n=48 t=2.955122E-06 dt=7.140606E-08
 [ 02-28-2025  15:32:35.690 ] [GRID amr_refine_derefine]: initiating refinement
 [ 02-28-2025  15:32:35.699 ] [GRID amr_refine_derefine]: redist. phase.  tot blks requested: 50496
 [GRID amr_refine_derefine] min blks 27    max blks 31    tot blks 50496
 [GRID amr_refine_derefine] min leaf blks 24    max leaf blks 28    tot leaf blks 48280
 [ 02-28-2025  15:32:36.178 ] [GRID amr_refine_derefine]: refinement complete
 [ 02-28-2025  15:32:36.649 ] step: n=49 t=3.026528E-06 dt=7.141819E-08
 [ 02-28-2025  15:32:36.650 ] [mpi_amr_comm_setup]: buffer_dim_send=6484429, buffer_dim_recv=4958125
 [ 02-28-2025  15:32:46.576 ] step: n=50 t=3.097946E-06 dt=7.145160E-08
 [ 02-28-2025  15:33:03.040 ] [GRID amr_refine_derefine]: initiating refinement
 [ 02-28-2025  15:33:03.049 ] [GRID amr_refine_derefine]: redist. phase.  tot blks requested: 50688
 [GRID amr_refine_derefine] min blks 27    max blks 31    tot blks 50688
 [GRID amr_refine_derefine] min leaf blks 24    max leaf blks 28    tot leaf blks 48448
 [ 02-28-2025  15:33:03.463 ] [GRID amr_refine_derefine]: refinement complete
 [ 02-28-2025  15:33:11.436 ] [IO_writeCheckpoint] open: type=checkpoint name=sedov_hdf5_chk_0005
 [ 02-28-2025  15:33:23.643 ] [io_writeData]: wrote   50688          blocks
 [ 02-28-2025  15:33:23.659 ] [IO_writeCheckpoint] close: type=checkpoint name=sedov_hdf5_chk_0005
 [ 02-28-2025  15:33:23.660 ] step: n=51 t=3.169398E-06 dt=7.144310E-08
 [ 02-28-2025  15:33:33.814 ] step: n=52 t=3.240841E-06 dt=7.143606E-08
 [ 02-28-2025  15:33:50.540 ] step: n=53 t=3.312277E-06 dt=7.143079E-08
 [ 02-28-2025  15:34:00.607 ] step: n=54 t=3.383708E-06 dt=7.142810E-08
 [ 02-28-2025  15:34:17.327 ] step: n=55 t=3.455136E-06 dt=7.143310E-08
 [ 02-28-2025  15:34:27.392 ] step: n=56 t=3.526569E-06 dt=7.144995E-08
 [ 02-28-2025  15:34:44.113 ] step: n=57 t=3.598019E-06 dt=7.144585E-08
 [ 02-28-2025  15:34:54.174 ] step: n=58 t=3.669465E-06 dt=7.143776E-08
 [ 02-28-2025  15:35:10.909 ] step: n=59 t=3.740902E-06 dt=7.143330E-08
 [ 02-28-2025  15:35:20.964 ] step: n=60 t=3.812336E-06 dt=7.143015E-08
 [ 02-28-2025  15:35:45.304 ] [IO_writeCheckpoint] open: type=checkpoint name=sedov_hdf5_chk_0006
 [ 02-28-2025  15:35:57.892 ] [io_writeData]: wrote   50688          blocks
 [ 02-28-2025  15:35:57.899 ] [IO_writeCheckpoint] close: type=checkpoint name=sedov_hdf5_chk_0006
 [ 02-28-2025  15:35:57.901 ] [Driver_evolveAll]: Exiting evolution loop
 [ 02-28-2025  15:35:58.272 ] [IO_writePlotfile] open: type=plotfile name=sedov_forced_hdf5_plt_cnt_0000
 [ 02-28-2025  15:36:04.398 ] [io_writeData]: wrote   50688          blocks
 [ 02-28-2025  15:36:04.540 ] [IO_writePlotfile] close: type=plotfile name=sedov_forced_hdf5_plt_cnt_0000
 [ 02-28-2025  15:36:04.635 ] memory: /proc vsize    (MB):     4589.46 (min)       5048.35 (max)       4780.73 (avg)
 [ 02-28-2025  15:36:04.679 ] memory: /proc rss      (MB):     2073.54 (min)       2222.35 (max)       2116.71 (avg)
 ==============================================================================
 perf_summary: code performance summary for process            0
                      beginning : 02-28-2025  15:15:45
                         ending : 02-28-2025  15:36:04
   seconds in monitoring period :             1218.745
      number of evolution steps :                   60
 ------------------------------------------------------------------------------
 accounting unit                       time sec  num calls   secs avg  time pct
 ------------------------------------------------------------------------------
 initialization                        275.552      1         275.552    22.609
  eos                                    0.629      8           0.079     0.052
  guardcell internal                    10.437      7           1.491     0.856
   amr_guardcell                         9.817      7           1.402     0.806
   eos gc                                0.000      7           0.000     0.000
  writeCheckpoint                       49.217      1          49.217     4.038
   restrictAll                           6.238      1           6.238     0.512
  writePlotfile                          5.742      1           5.742     0.471
 writePlotfile                           6.620      1           6.620     0.543
 evolution                             936.369      1         936.369    76.831
  Hydro                                455.539     60           7.592    37.378
   Head                                 96.593     60           1.610     7.926
    guardcell internal                  96.591     60           1.610     7.925
     amr_guardcell                      88.870     60           1.481     7.292
     eos gc                              0.003     60           0.000     0.000
   compute fluxes                      342.523     60           5.709    28.105
    hy_computeFluxes                   342.519   1632           0.210    28.104
     RiemannState                      295.096   1632           0.181    24.213
     getFaceFlux                        47.042   1632           0.029     3.860
   conserveFluxes                        0.146     60           0.002     0.012
   update solution                      16.138     60           0.269     1.324
    update solution body                16.134   1632           0.010     1.324
     unsplitUpdate                       5.925   1632           0.004     0.486
  sourceTerms                            0.000     60           0.000     0.000
  Particles_advance                      0.000     60           0.000     0.000
  Gravity potential                      0.000     60           0.000     0.000
  IO_output                            278.941    120           2.325    22.888
   diagnostics                         129.041    120           1.075    10.588
   checkpointing                       149.848      6          24.975    12.295
    writeCheckpoint                    149.847      6          24.974    12.295
     restrictAll                        38.342      6           6.390     3.146
  Grid_updateRefinement                199.351     60           3.323    16.357
   eos                                   0.943      5           0.189     0.077
   tree                                198.409     60           3.307    16.280
    markRefineDerefine                  56.047     30           1.868     4.599
     guardcell internal                 48.631     30           1.621     3.990
      amr_guardcell                     44.757     30           1.492     3.672
      eos gc                             0.001     30           0.000     0.000
    amr_refine_derefine                139.155     30           4.638    11.418
    updateData                           0.001     30           0.000     0.000
   updateParticleRefinement              0.000      5           0.000     0.000
  Driver_computeDt                       2.490     60           0.041     0.204
 ==============================================================================
 [ 02-28-2025  15:36:04.809 ] [Timers_getSummary]: Not writing timer max/min/avg values because not all processors had same timers
 [ 02-28-2025  15:36:04.849 ] LOGFILE_END: FLASH run complete.
 FLASH log file:  02-28-2025  15:36:26.776    Run number:  1
 ==============================================================================
 Number of MPI tasks:               1792
 MPI version:                          3
 MPI subversion:                       1
 Dimensionality:                       3
 Max Number of Blocks/Proc:          200
 Number x zones:                      32
 Number y zones:                      32
 Number z zones:                      32
 Setup stamp:     Fri Nov 1 14:03:57 2024
 Build stamp:     Fri Nov 1 14:04:23 2024
 System info:     Linux corona211 4.18.0-553.22.1.1toss.t4.x86_64 #1 SMP Tue Sep 24 16:50:00 PDT 2
 Version:         Flash-X 1.0 (heads/main-0-g6040ba49-dirty)                                      
 Build directory: /usr/workspace/ather1/Flash-X/sedov
 Setup syntax:    /usr/workspace/ather1/Flash-X/bin/setup.py Sedov -auto -3d -nxb=32 -nyb=32 -nzb=32 +parallelio -objdir=/usr/workspace/ather1/Flash-X/sedov
 f compiler flags: mpif90 -ggdb -c -O2 -fdefault-real-8 -fdefault-double-8 -Wuninitialized -fallow-argument-mismatch -fallow-argument-mismatch -DMAXBLOCKS=200 -DNXB=32 -DNYB=32 -DNZB=32 -DN_DIM=3
 c compiler flags:    mpicc -I/p/lustre2/ather1/hdf5-1.14.4-3/install/include -DH5_USE_18_API -ggdb -c -O2 -Wuninitialized -D_FORTIFY_SOURCE=2 -DMAXBLOCKS=200 -DNXB=32 -DNYB=32 -DNZB=32 -DN_DIM=3
 ==============================================================================
 Comment:  Sedov explosion
 ==============================================================================
 FLASH Units used:
   Driver/DriverMain/Unsplit
   Grid/GridBoundaryConditions
   Grid/GridMain/AMR/Paramesh4/PM4_package/flash_avoid_orrery
   Grid/GridMain/AMR/Paramesh4/PM4_package/headers
   Grid/GridMain/AMR/Paramesh4/PM4_package/source
   Grid/GridMain/AMR/Paramesh4/PM4_package/utilities/multigrid
   Grid/GridMain/AMR/Paramesh4/interpolation/prolong
   Grid/GridMain/AMR/Paramesh4/levelFlux
   Grid/localAPI
   IO/IOMain/hdf5/parallel/PM
   IO/localAPI
   PhysicalConstants/PhysicalConstantsMain
   RuntimeParameters/RuntimeParametersMain
   Simulation/SimulationMain/Sedov
   TimeAdvance/TimeAdvanceMain/StrangSplit
   flashUtilities/contiguousConversion
   flashUtilities/general
   flashUtilities/interpolation/oneDim
   flashUtilities/nameValueLL
   flashUtilities/sorting/quicksort
   flashUtilities/system/memoryUsage/legacy
   monitors/Logfile/LogfileMain
   monitors/Timers/TimersMain/MPINative
   physics/Eos/EosMain/Gamma
   physics/Hydro/HydroMain/unsplit/OnlyHydro
   physics/Hydro/HydroMain/unsplit/levelFlux
   physics/Hydro/localAPI
 ==============================================================================
 RuntimeParameters:
                                                                               
 ==============================================================================
bndpriorityone              =          1
bndprioritythree            =          3
bndprioritytwo              =          2
checkpointfileintervalstep  =         10 [CHANGED]
checkpointfilenumber        =          0
dr_abortpause               =          2
dr_dtminbelowaction         =          1
drift_break_inst            =          0
drift_trunc_mantissa        =          2
drift_verbose_inst          =          0
eos_entrelescalechoice      =          6
eos_loglevel                =        700
fileformatversion           =          9
forcedplotfilenumber        =          0
gr_lrefmaxtimevalue_1       =         -1
gr_lrefmaxtimevalue_10      =         -1
gr_lrefmaxtimevalue_11      =         -1
gr_lrefmaxtimevalue_12      =         -1
gr_lrefmaxtimevalue_13      =         -1
gr_lrefmaxtimevalue_14      =         -1
gr_lrefmaxtimevalue_15      =         -1
gr_lrefmaxtimevalue_16      =         -1
gr_lrefmaxtimevalue_17      =         -1
gr_lrefmaxtimevalue_18      =         -1
gr_lrefmaxtimevalue_19      =         -1
gr_lrefmaxtimevalue_2       =         -1
gr_lrefmaxtimevalue_20      =         -1
gr_lrefmaxtimevalue_3       =         -1
gr_lrefmaxtimevalue_4       =         -1
gr_lrefmaxtimevalue_5       =         -1
gr_lrefmaxtimevalue_6       =         -1
gr_lrefmaxtimevalue_7       =         -1
gr_lrefmaxtimevalue_8       =         -1
gr_lrefmaxtimevalue_9       =         -1
gr_pmrpdivergencefree       =         -1
gr_pmrpifaceoff             =          0
gr_pmrpl2p5d                =          0
gr_pmrpmaxblocks            =         -1
gr_pmrpmflags               =          1
gr_pmrpnboundaries          =          6
gr_pmrpndim                 =          3
gr_pmrpnedgevar1            =         -1
gr_pmrpnfacevar             =         -1
gr_pmrpnfielddivf           =         -1
gr_pmrpnfluxvar             =         -1
gr_pmrpnguard               =         -1
gr_pmrpnguardwork           =         -1
gr_pmrpnvar                 =         -1
gr_pmrpnvarwork             =          1
gr_pmrpnvarcorn             =          0
gr_pmrpnvaredge             =          0
gr_pmrpnxb                  =         -1
gr_pmrpnyb                  =         -1
gr_pmrpnzb                  =         -1
gr_restrictallmethod        =          3
gr_sanitizedatamode         =          1
gr_sanitizeverbosity        =          5
gr_tilesizex                =         32
gr_tilesizey                =         32
gr_tilesizez                =         32
hy_3torder                  =         -1
hydrocomputedtoption        =         -1
iprocs                      =          1
interpol_order              =          2
irenorm                     =          0
jprocs                      =          1
kprocs                      =          1
lrefine_del                 =          0
lrefine_max                 =          6 [CHANGED]
lrefine_min                 =          1
lrefine_min_init            =          1
max_particles_per_blk       =        100
memory_stat_freq            =     100000
meshcopycount               =          1
min_particles_per_blk       =          1
nbegin                      =          1
nblockx                     =         32 [CHANGED]
nblocky                     =         32 [CHANGED]
nblockz                     =         32 [CHANGED]
nend                        =         60 [CHANGED]
nrefs                       =          2
nsteptotalsts               =          5
order                       =          3 [CHANGED]
outputsplitnum              =          1
plotfileintervalstep        =          0
plotfilenumber              =          0
refine_var_count            =          4
rolling_checkpoint          =      10000
sim_centerrefinelevel       =          1
sim_integralslevel          =         -1
sim_nsubzones               =          7
sweeporder                  =        123
transorder                  =          1
wr_integrals_freq           =          1
limitedslopebeta            =                 0.100E+01
cfl                         =                 0.800E+00
checkpointfileintervaltime  =                 0.000E+00 [CHANGED]
checkpointfileintervalz     =                 0.180+309
cvisc                       =                 0.100E+00
derefine_cutoff_1           =                 0.200E+00
derefine_cutoff_2           =                 0.200E+00
derefine_cutoff_3           =                 0.200E+00
derefine_cutoff_4           =                 0.200E+00
dr_dtmincontinue            =                 0.000E+00
dr_tstepslowstartfactor     =                 0.100E+00
dtinit                      =                 0.100E-09
dtmax                       =                 0.100E+06
dtmin                       =                 0.100E-09
eintswitch                  =                 0.100E-03 [CHANGED]
eos_singlespeciesa          =                 0.100E+01
eos_singlespeciesz          =                 0.100E+01
gamma                       =                 0.140E+01 [CHANGED]
gr_btworkchildscaling       =                 0.100E+01
gr_btworkdefaultleaf        =                 0.200E+01
gr_btworkdefaultpar         =                 0.100E+01
gr_btworklbleaf             =                 0.000E+00
gr_btworklbpar              =                 0.000E+00
gr_btworkubleaf             =                 0.100E+07
gr_btworkubpar              =                 0.100E+07
gr_lrefinemaxredlogbase     =                 0.100E+02
gr_lrefinemaxredradiusfact  =                 0.000E+00
gr_lrefinemaxredtref        =                 0.000E+00
gr_lrefinemaxredtimescale   =                 0.100E+01
gr_lrefmaxtime_1            =                -0.100E+01
gr_lrefmaxtime_10           =                -0.100E+01
gr_lrefmaxtime_11           =                -0.100E+01
gr_lrefmaxtime_12           =                -0.100E+01
gr_lrefmaxtime_13           =                -0.100E+01
gr_lrefmaxtime_14           =                -0.100E+01
gr_lrefmaxtime_15           =                -0.100E+01
gr_lrefmaxtime_16           =                -0.100E+01
gr_lrefmaxtime_17           =                -0.100E+01
gr_lrefmaxtime_18           =                -0.100E+01
gr_lrefmaxtime_19           =                -0.100E+01
gr_lrefmaxtime_2            =                -0.100E+01
gr_lrefmaxtime_20           =                -0.100E+01
gr_lrefmaxtime_3            =                -0.100E+01
gr_lrefmaxtime_4            =                -0.100E+01
gr_lrefmaxtime_5            =                -0.100E+01
gr_lrefmaxtime_6            =                -0.100E+01
gr_lrefmaxtime_7            =                -0.100E+01
gr_lrefmaxtime_8            =                -0.100E+01
gr_lrefmaxtime_9            =                -0.100E+01
hy_cflfallbackfactor        =                 0.900E+00
hy_fpresinmomflux           =                 0.100E+01
hybridorderkappa            =                 0.000E+00
nusts                       =                 0.200E+00 [CHANGED]
plotfileintervaltime        =                 0.000E+00 [CHANGED]
plotfileintervalz           =                 0.180+309
radiusgp                    =                 0.200E+01
refine_cutoff_1             =                 0.800E+00
refine_cutoff_2             =                 0.800E+00
refine_cutoff_3             =                 0.800E+00
refine_cutoff_4             =                 0.800E+00
refine_filter_1             =                 0.100E-01
refine_filter_2             =                 0.100E-01
refine_filter_3             =                 0.100E-01
refine_filter_4             =                 0.100E-01
rss_limit                   =                -0.100E+01
sigmagp                     =                 0.300E+01
sim_derefineradius          =                 0.000E+00
sim_earliestlstime          =                 0.000E+00
sim_expenergy               =                 0.100E+01
sim_largestnormradius       =                 0.180+309
sim_latestlstime            =                 0.180+309
sim_minrhoinit              =                 0.100E-19
sim_pambient                =                 0.100E-04
sim_rinit                   =                 0.137E-01 [CHANGED]
sim_rhoambient              =                 0.100E+01
sim_smallestnormradius      =                 0.000E+00
sim_xctr                    =                 0.500E+00
sim_yctr                    =                 0.500E+00
sim_zctr                    =                 0.500E+00
small                       =                 0.100E-09
smalle                      =                 0.100E-09
smallp                      =                 0.100E-09
smallt                      =                 0.100E-09
smallu                      =                 0.100E-09
smallx                      =                 0.100E-09
smlrho                      =                 0.100E-09
tinitial                    =                 0.000E+00
tiny                        =                 0.100E-15
tmax                        =                 0.500E+06 [CHANGED]
tstep_change_factor         =                 0.200E+01
wall_clock_checkpoint       =                 0.432E+05
wall_clock_time_limit       =                 0.605E+06
x_refine_center             =                 0.000E+00
xmax                        =                 0.100E+01
xmin                        =                 0.000E+00
y_refine_center             =                 0.000E+00
ymax                        =                 0.100E+01
ymin                        =                 0.000E+00
zfinal                      =                 0.000E+00
zinitial                    =                -0.100E+01
z_refine_center             =                 0.000E+00
zmax                        =                 0.100E+01
zmin                        =                 0.000E+00
riemannsolver               = Roe                            [CHANGED]
unitsystem                  = none                          
basenm                      = sedov_                         [CHANGED]
entropyfixmethod            = HARTENHYMAN                   
eosmode                     = dens_ie                       
eosmodeinit                 = dens_ie                       
geometry                    = cartesian                     
gr_pmrpoutputdir            = ./                            
grav_boundary_type          = isolated                      
hy_eosmodegc                = see eosMode                   
log_file                    = sedov.log                      [CHANGED]
output_directory            =                               
pc_unitsbase                = CGS                           
plot_grid_var_1             = none                          
plot_grid_var_10            = none                          
plot_grid_var_11            = none                          
plot_grid_var_12            = none                          
plot_grid_var_13            = none                          
plot_grid_var_14            = none                          
plot_grid_var_15            = none                          
plot_grid_var_16            = none                          
plot_grid_var_17            = none                          
plot_grid_var_18            = none                          
plot_grid_var_19            = none                          
plot_grid_var_2             = none                          
plot_grid_var_20            = none                          
plot_grid_var_21            = none                          
plot_grid_var_22            = none                          
plot_grid_var_23            = none                          
plot_grid_var_24            = none                          
plot_grid_var_25            = none                          
plot_grid_var_26            = none                          
plot_grid_var_27            = none                          
plot_grid_var_28            = none                          
plot_grid_var_29            = none                          
plot_grid_var_3             = none                          
plot_grid_var_30            = none                          
plot_grid_var_31            = none                          
plot_grid_var_32            = none                          
plot_grid_var_33            = none                          
plot_grid_var_34            = none                          
plot_grid_var_35            = none                          
plot_grid_var_36            = none                          
plot_grid_var_37            = none                          
plot_grid_var_38            = none                          
plot_grid_var_39            = none                          
plot_grid_var_4             = none                          
plot_grid_var_40            = none                          
plot_grid_var_41            = none                          
plot_grid_var_42            = none                          
plot_grid_var_43            = none                          
plot_grid_var_44            = none                          
plot_grid_var_45            = none                          
plot_grid_var_46            = none                          
plot_grid_var_47            = none                          
plot_grid_var_48            = none                          
plot_grid_var_49            = none                          
plot_grid_var_5             = none                          
plot_grid_var_50            = none                          
plot_grid_var_51            = none                          
plot_grid_var_52            = none                          
plot_grid_var_53            = none                          
plot_grid_var_54            = none                          
plot_grid_var_55            = none                          
plot_grid_var_56            = none                          
plot_grid_var_57            = none                          
plot_grid_var_58            = none                          
plot_grid_var_59            = none                          
plot_grid_var_6             = none                          
plot_grid_var_60            = none                          
plot_grid_var_61            = none                          
plot_grid_var_62            = none                          
plot_grid_var_63            = none                          
plot_grid_var_64            = none                          
plot_grid_var_65            = none                          
plot_grid_var_66            = none                          
plot_grid_var_67            = none                          
plot_grid_var_68            = none                          
plot_grid_var_69            = none                          
plot_grid_var_7             = none                          
plot_grid_var_70            = none                          
plot_grid_var_71            = none                          
plot_grid_var_72            = none                          
plot_grid_var_73            = none                          
plot_grid_var_74            = none                          
plot_grid_var_75            = none                          
plot_grid_var_76            = none                          
plot_grid_var_77            = none                          
plot_grid_var_78            = none                          
plot_grid_var_8             = none                          
plot_grid_var_9             = none                          
plot_var_1                  = dens                           [CHANGED]
plot_var_10                 = none                          
plot_var_11                 = none                          
plot_var_12                 = none                          
plot_var_13                 = none                          
plot_var_14                 = none                          
plot_var_15                 = none                          
plot_var_16                 = none                          
plot_var_17                 = none                          
plot_var_18                 = none                          
plot_var_2                  = pres                           [CHANGED]
plot_var_3                  = temp                           [CHANGED]
plot_var_4                  = none                          
plot_var_5                  = none                          
plot_var_6                  = none                          
plot_var_7                  = none                          
plot_var_8                  = none                          
plot_var_9                  = none                          
prof_file                   = profile.dat                   
refine_var_1                = dens                           [CHANGED]
refine_var_2                = pres                           [CHANGED]
refine_var_3                = none                          
refine_var_4                = none                          
run_comment                 = Sedov explosion                [CHANGED]
run_number                  = 1                             
sim_proffilename            = /dev/null                      [CHANGED]
slopelimiter                = mc                             [CHANGED]
stats_file                  = flashx.dat                    
wenomethod                  = WENO5                         
xl_boundary_type            = outflow                        [CHANGED]
xr_boundary_type            = outflow                        [CHANGED]
yl_boundary_type            = outflow                        [CHANGED]
yr_boundary_type            = outflow                        [CHANGED]
zl_boundary_type            = outflow                        [CHANGED]
zr_boundary_type            = outflow                        [CHANGED]
csvsummaryallprocs          =  F
eosforriemann               =  F
logsummaryallprocs          =  F
addthermalflux              =  T
allowdtstsdominate          =  F
alwayscomputeuservars       =  T
alwaysrestrictcheckpoint    =  T
charlimiting                =  T
chkguardcellsinput          =  F
chkguardcellsoutput         =  F
conserveangmom              =  F
converttoconsvdformeshcalls =  F
converttoconsvdinmeshinterp =  T
corners                     =  F
dr_printtsteploc            =  T
dr_shortenlaststepbeforetmax =  F
drift_tuples                =  F
eachprocwritesownabortlog   =  F
eachprocwritessummary       =  F
earlyblockdistadjustment    =  T
enablemaskedgcfill          =  F
entropy                     =  F
flux_correct                =  T
flux_correct_perlevel       =  F
geometryoverride            =  F
gr_bcenableapplymixedgds    =  T
gr_bndgcfillneedsprimitivevars =  T
gr_btcustomwork             =  F
gr_btexchangework           =  F
gr_btsortbywork             =  T
gr_enabletiling             =  F
gr_lrefinemaxbytime         =  F
gr_lrefinemaxreddobylogr    =  F
gr_lrefinemaxreddobytime    =  F
gr_pmrpadvancealllevels     =  F
gr_pmrpamrerrorchecking     =  F
gr_pmrpcartesianpm          =  F
gr_pmrpconserve             =  F
gr_pmrpconsvfluxdensities   =  T
gr_pmrpconsvfluxes          =  F
gr_pmrpcurvilinear          =  F
gr_pmrpcurvilinearconserve  =  F
gr_pmrpcylindricalpm        =  F
gr_pmrpdiagonals            =  T
gr_pmrpedgevalue            =  T
gr_pmrpedgevalueinteg       =  F
gr_pmrpemptycells           =  F
gr_pmrpforceconsistency     =  T
gr_pmrplsingularline        =  F
gr_pmrpnopermanentguardcells =  F
gr_pmrppolarpm              =  F
gr_pmrppredcorr             =  F
gr_pmrpsphericalpm          =  F
gr_pmrptimingmpi            =  F
gr_pmrptimingmpix           =  F
gr_pmrpvardt                =  F
gr_usetiling                =  F
hy_fallbacklowercfl         =  F
hy_fullspecmsfluxhandling   =  T
hy_usetiling                =  F
ignoreforcedplot            =  F
io_writemscalarintegrals    =  F
plotfilegridquantitydp      =  F
plotfilemetadatadp          =  F
reducegcellfills            =  F
refine_on_particle_count    =  F
restart                     =  F
shockdetect                 =  F
shocklowercfl               =  F
sim_bcsetbdryvar            =  F
sim_forcecenterderefine     =  F
sim_onelevelintegralsonly   =  F
summaryoutputonly           =  F
threadblocklistbuild        =  F
threaddelepblocklist        =  F
threaddelepwithinblock      =  F
threaddriverblocklist       =  F
threaddriverwithinblock     =  F
threadeoswithinblock        =  F
threadhydroblocklist        =  F
threadhydrowithinblock      =  F
threadraytracebuild         =  F
threadwithinblockbuild      =  F
tmr_suppressinparallel      =  F
typematchedxfer             =  T
unbiased_geometry           =  F
updatehydrofluxes           =  T
useburn                     =  F
usecollectivehdf5           =  T
usedeleptonize              =  F
usegravity                  =  F
useheatad                   =  F
useheater                   =  F
usehydro                    =  T
useimbound                  =  F
useincompns                 =  F
useinlet                    =  F
uselegacylabels             =  T
usemultiphase               =  F
useorchestration            =  F
useoutlet                   =  F
useparticles                =  F
useradtrans                 =  F
usests                      =  F
usestsfordiffusion          =  F
usesolidmechanics           =  F
use_3dfullctu               =  T
use_auxeinteqn              =  T
use_avisc                   =  T [CHANGED]
use_cma_advection           =  F
use_cma_flattening          =  F
use_flash_surr_blks_fill    =  T
use_flattening              =  F
use_gravhalfupdate          =  T
use_hybridorder             =  F
use_reduced_orrery          =  T
use_steepening              =  F
use_upwindtvd               =  F
writestatsummary            =  T
                                                                               
 ==============================================================================
                                                                               
 Known units of measurement:
                                                                               
              Unit                          CGS Value                Base Unit
  1                  cm                     1.0000                           cm
  2                   s                     1.0000                            s
  3                   g                     1.0000                            g
  4                   K                     1.0000                            K
  5                 esu                     1.0000                          esu
  6                 mol                     1.0000                          mol
  7                   m                     100.00                           cm
  8                  km                    1.00000E+05                       cm
  9                  pc                    3.08568E+18                       cm
 10                 kpc                    3.08568E+21                       cm
 11                 Mpc                    3.08568E+24                       cm
 12                 Gpc                    3.08568E+27                       cm
 13                Rsun                    6.96000E+10                       cm
 14                  AU                    1.49598E+13                       cm
 15                  yr                    3.15569E+07                        s
 16                 Myr                    3.15569E+13                        s
 17                 Gyr                    3.15569E+16                        s
 18                  kg                     1000.0                            g
 19                Msun                    1.98892E+33                        g
 20                 amu                    1.66054E-24                        g
 21                  eV                     11605.                            K
 22                   C                    2.99792E+09                      esu
 23                LFLY                    3.08568E+24                       cm
 24                TFLY                    2.05759E+17                        s
 25                MFLY                    9.88470E+45                        g
 26            clLength                    3.08568E+24                       cm
 27              clTime                    3.15569E+16                        s
 28              clMass                    1.98892E+48                        g
 29              clTemp                    1.16045E+07                        K
-----------End of Units--------------------
                                                                               
 Known physical constants:
                                                                               
    Constant Name       Constant Value   cm       s        g        K        esu      mol
  1              Newton    6.67408E-08   3.0     -2.0     -1.0      0.0      0.0      0.0    
  2      speed of light    2.99792E+10   1.0     -1.0      0.0      0.0      0.0      0.0    
  3              Planck    6.62607E-27   2.0     -1.0      1.0      0.0      0.0      0.0    
  4     electron charge    4.80320E-10   0.0      0.0      0.0      0.0      1.0      0.0    
  5       electron mass    9.10938E-28   0.0      0.0      1.0      0.0      0.0      0.0    
  6         proton mass    1.67262E-24   0.0      0.0      1.0      0.0      0.0      0.0    
  7      fine-structure    7.29735E-03   0.0      0.0      0.0      0.0      0.0      0.0    
  8            Avogadro    6.02214E+23   0.0      0.0      0.0      0.0      0.0     -1.0    
  9           Boltzmann    1.38065E-16   2.0     -2.0      1.0     -1.0      0.0      0.0    
 10  ideal gas constant    8.31446E+07   2.0     -2.0      1.0     -1.0      0.0     -1.0    
 11                Wien    0.28978       1.0      0.0      0.0      1.0      0.0      0.0    
 12    Stefan-Boltzmann    5.67037E-05   0.0     -3.0      1.0     -4.0      0.0      0.0    
 13  Radiation Constant    7.56572E-15  -1.0     -2.0      1.0     -4.0      0.0      0.0    
 14                  pi     3.1416       0.0      0.0      0.0      0.0      0.0      0.0    
 15                   e     2.7183       0.0      0.0      0.0      0.0      0.0      0.0    
 16               Euler    0.57722       0.0      0.0      0.0      0.0      0.0      0.0    
 ==============================================================================
                                                                               
 Multifluid database: not configured in
                                                                               
 ==============================================================================
 [ 02-28-2025  15:36:26.778 ] [gr_initGeometry] checking BCs for idir: 1
 [ 02-28-2025  15:36:26.778 ] [gr_initGeometry] checking BCs for idir: 2
 [ 02-28-2025  15:36:26.778 ] [gr_initGeometry] checking BCs for idir: 3
 [ 02-28-2025  15:36:29.287 ] [GRID amr_refine_derefine]: initiating refinement
 [ 02-28-2025  15:36:29.288 ] [GRID amr_refine_derefine]: redist. phase.  tot blks requested: 32768
 [GRID amr_refine_derefine] min blks 18    max blks 19    tot blks 32768
 [GRID amr_refine_derefine] min leaf blks 18    max leaf blks 19    tot leaf blks 32768
 [ 02-28-2025  15:36:29.738 ] [GRID amr_refine_derefine]: refinement complete
 [ 02-28-2025  15:36:42.439 ] [GRID gr_expandDomain]: iteration=1, create level=2
 INFO: Grid_fillGuardCells is ignoring masking.
 [ 02-28-2025  15:37:00.372 ] [mpi_amr_comm_setup]: buffer_dim_send=5176573, buffer_dim_recv=3646981
 [ 02-28-2025  15:37:03.281 ] [GRID amr_refine_derefine]: initiating refinement
 [ 02-28-2025  15:37:03.294 ] [GRID amr_refine_derefine]: redist. phase.  tot blks requested: 32832
 [GRID amr_refine_derefine] min blks 18    max blks 19    tot blks 32832
 [GRID amr_refine_derefine] min leaf blks 17    max leaf blks 19    tot leaf blks 32824
 [ 02-28-2025  15:37:03.572 ] [GRID amr_refine_derefine]: refinement complete
 [ 02-28-2025  15:37:03.575 ] [GRID gr_expandDomain]: iteration=2, create level=3
 [ 02-28-2025  15:37:25.012 ] [GRID amr_refine_derefine]: initiating refinement
 [ 02-28-2025  15:37:25.024 ] [GRID amr_refine_derefine]: redist. phase.  tot blks requested: 32896
 [GRID amr_refine_derefine] min blks 18    max blks 20    tot blks 32896
 [GRID amr_refine_derefine] min leaf blks 17    max leaf blks 19    tot leaf blks 32880
 [ 02-28-2025  15:37:25.295 ] [GRID amr_refine_derefine]: refinement complete
 [ 02-28-2025  15:37:25.298 ] [GRID gr_expandDomain]: iteration=3, create level=4
 [ 02-28-2025  15:37:46.915 ] [GRID amr_refine_derefine]: initiating refinement
 [ 02-28-2025  15:37:46.934 ] [GRID amr_refine_derefine]: redist. phase.  tot blks requested: 34304
 [GRID amr_refine_derefine] min blks 19    max blks 22    tot blks 34304
 [GRID amr_refine_derefine] min leaf blks 17    max leaf blks 20    tot leaf blks 34112
 [ 02-28-2025  15:37:47.414 ] [GRID amr_refine_derefine]: refinement complete
 [ 02-28-2025  15:37:47.417 ] [GRID gr_expandDomain]: iteration=4, create level=5
 [ 02-28-2025  15:38:07.119 ] [mpi_amr_comm_setup]: buffer_dim_send=5313661, buffer_dim_recv=4312081
 [ 02-28-2025  15:38:09.875 ] [GRID amr_refine_derefine]: initiating refinement
 [ 02-28-2025  15:38:09.890 ] [GRID amr_refine_derefine]: redist. phase.  tot blks requested: 37312
 [GRID amr_refine_derefine] min blks 20    max blks 24    tot blks 37312
 [GRID amr_refine_derefine] min leaf blks 18    max leaf blks 21    tot leaf blks 36744
 [ 02-28-2025  15:38:10.425 ] [GRID amr_refine_derefine]: refinement complete
 [ 02-28-2025  15:38:10.430 ] [GRID gr_expandDomain]: iteration=5, create level=6
 [ 02-28-2025  15:38:32.170 ] [mpi_amr_comm_setup]: buffer_dim_send=5713933, buffer_dim_recv=4459801
 [ 02-28-2025  15:38:34.378 ] [GRID amr_refine_derefine]: initiating refinement
 [ 02-28-2025  15:38:34.394 ] [GRID amr_refine_derefine]: redist. phase.  tot blks requested: 48768
 [GRID amr_refine_derefine] min blks 26    max blks 30    tot blks 48768
 [GRID amr_refine_derefine] min leaf blks 23    max leaf blks 27    tot leaf blks 46768
 [ 02-28-2025  15:38:35.107 ] [GRID amr_refine_derefine]: refinement complete
 [ 02-28-2025  15:38:35.121 ] [GRID gr_expandDomain]: iteration=6, create level=6
 [ 02-28-2025  15:39:03.042 ] [mpi_amr_comm_setup]: buffer_dim_send=7881145, buffer_dim_recv=5392297
 [ 02-28-2025  15:39:06.266 ] [GRID gr_expandDomain]: iteration=7, create level=6
 [ 02-28-2025  15:39:37.399 ] [GRID gr_expandDomain]: iteration=8, create level=6
 [ 02-28-2025  15:40:06.982 ] memory: /proc vsize    (MB):     4528.54 (min)       4787.47 (max)       4698.87 (avg)
 [ 02-28-2025  15:40:06.985 ] memory: /proc rss      (MB):     1839.55 (min)       1925.23 (max)       1860.89 (avg)
 [ 02-28-2025  15:40:06.985 ] memory: /proc vsize    (MB):     4528.54 (min)       4787.47 (max)       4698.87 (avg)
 [ 02-28-2025  15:40:06.985 ] memory: /proc rss      (MB):     1839.55 (min)       1925.23 (max)       1860.89 (avg)
 [ 02-28-2025  15:40:07.030 ] memory: /proc vsize    (MB):     4528.54 (min)       4787.47 (max)       4698.87 (avg)
 [ 02-28-2025  15:40:07.031 ] memory: /proc rss      (MB):     1839.55 (min)       1925.23 (max)       1860.90 (avg)
 [ 02-28-2025  15:40:14.473 ] [IO_writeCheckpoint] open: type=checkpoint name=sedov_hdf5_chk_0000
 [ 02-28-2025  15:40:54.940 ] [io_writeData]: wrote   48768          blocks
 [ 02-28-2025  15:40:55.028 ] [IO_writeCheckpoint] close: type=checkpoint name=sedov_hdf5_chk_0000
 [ 02-28-2025  15:40:55.182 ] [IO_writePlotfile] open: type=plotfile name=sedov_hdf5_plt_cnt_0000
 [ 02-28-2025  15:41:00.538 ] [io_writeData]: wrote   48768          blocks
 [ 02-28-2025  15:41:00.549 ] [IO_writePlotfile] close: type=plotfile name=sedov_hdf5_plt_cnt_0000
 [ 02-28-2025  15:41:00.551 ] memory: /proc vsize    (MB):     4545.70 (min)       5023.45 (max)       4718.76 (avg)
 [ 02-28-2025  15:41:00.554 ] memory: /proc rss      (MB):     1846.62 (min)       1937.84 (max)       1871.52 (avg)
 [ 02-28-2025  15:41:00.557 ] [Driver_evolveAll]: Entering evolution loop
 [ 02-28-2025  15:41:00.560 ] step: n=1 t=0.000000E+00 dt=1.000000E-10
 [ 02-28-2025  15:41:10.238 ] step: n=2 t=1.000000E-10 dt=2.000000E-10
 [ 02-28-2025  15:41:26.262 ] step: n=3 t=3.000000E-10 dt=4.000000E-10
 [ 02-28-2025  15:41:35.878 ] step: n=4 t=7.000000E-10 dt=8.000000E-10
 [ 02-28-2025  15:41:51.906 ] step: n=5 t=1.500000E-09 dt=1.600000E-09
 [ 02-28-2025  15:42:01.546 ] step: n=6 t=3.100000E-09 dt=3.200000E-09
 [ 02-28-2025  15:42:17.659 ] step: n=7 t=6.300000E-09 dt=6.400000E-09
 [ 02-28-2025  15:42:27.327 ] step: n=8 t=1.270000E-08 dt=1.280000E-08
 [ 02-28-2025  15:42:43.394 ] step: n=9 t=2.550000E-08 dt=2.560000E-08
 [ 02-28-2025  15:42:53.097 ] step: n=10 t=5.110000E-08 dt=5.120000E-08
 [ 02-28-2025  15:43:16.393 ] [IO_writeCheckpoint] open: type=checkpoint name=sedov_hdf5_chk_0001
 [ 02-28-2025  15:43:54.165 ] [io_writeData]: wrote   48768          blocks
 [ 02-28-2025  15:43:54.173 ] [IO_writeCheckpoint] close: type=checkpoint name=sedov_hdf5_chk_0001
 [ 02-28-2025  15:43:54.175 ] step: n=11 t=1.023000E-07 dt=1.024000E-07
 [ 02-28-2025  15:44:03.831 ] step: n=12 t=2.047000E-07 dt=9.937542E-08
 [ 02-28-2025  15:44:19.892 ] step: n=13 t=3.040754E-07 dt=9.615282E-08
 [ 02-28-2025  15:44:29.622 ] step: n=14 t=4.002282E-07 dt=9.325600E-08
 [ 02-28-2025  15:44:45.723 ] step: n=15 t=4.934842E-07 dt=9.058955E-08
 [ 02-28-2025  15:44:55.409 ] step: n=16 t=5.840738E-07 dt=8.822195E-08
 [ 02-28-2025  15:45:11.511 ] step: n=17 t=6.722957E-07 dt=8.592743E-08
 [ 02-28-2025  15:45:21.208 ] step: n=18 t=7.582232E-07 dt=8.368672E-08
 [ 02-28-2025  15:45:37.330 ] step: n=19 t=8.419099E-07 dt=8.162257E-08
 [ 02-28-2025  15:45:47.016 ] step: n=20 t=9.235325E-07 dt=7.981691E-08
 [ 02-28-2025  15:46:10.262 ] [IO_writeCheckpoint] open: type=checkpoint name=sedov_hdf5_chk_0002
 [ 02-28-2025  15:46:21.579 ] [io_writeData]: wrote   48768          blocks
 [ 02-28-2025  15:46:21.589 ] [IO_writeCheckpoint] close: type=checkpoint name=sedov_hdf5_chk_0002
 [ 02-28-2025  15:46:21.590 ] step: n=21 t=1.003349E-06 dt=7.822053E-08
 [ 02-28-2025  15:46:31.303 ] step: n=22 t=1.081570E-06 dt=7.684528E-08
 [ 02-28-2025  15:46:47.406 ] step: n=23 t=1.158415E-06 dt=7.555985E-08
 [ 02-28-2025  15:46:57.080 ] step: n=24 t=1.233975E-06 dt=7.447396E-08
 [ 02-28-2025  15:47:13.068 ] [GRID amr_refine_derefine]: initiating refinement
 [ 02-28-2025  15:47:13.079 ] [GRID amr_refine_derefine]: redist. phase.  tot blks requested: 49152
 [GRID amr_refine_derefine] min blks 26    max blks 30    tot blks 49152
 [GRID amr_refine_derefine] min leaf blks 24    max leaf blks 27    tot leaf blks 47104
 [ 02-28-2025  15:47:13.739 ] [GRID amr_refine_derefine]: refinement complete
 [ 02-28-2025  15:47:14.338 ] step: n=25 t=1.308449E-06 dt=7.359418E-08
 [ 02-28-2025  15:47:14.338 ] [mpi_amr_comm_setup]: buffer_dim_send=7863733, buffer_dim_recv=5392297
 [ 02-28-2025  15:47:24.091 ] step: n=26 t=1.382043E-06 dt=7.289860E-08
 [ 02-28-2025  15:47:40.210 ] step: n=27 t=1.454942E-06 dt=7.238261E-08
 [ 02-28-2025  15:47:49.964 ] step: n=28 t=1.527324E-06 dt=7.195505E-08
 [ 02-28-2025  15:48:06.090 ] step: n=29 t=1.599279E-06 dt=7.160819E-08
 [ 02-28-2025  15:48:15.841 ] step: n=30 t=1.670888E-06 dt=7.137201E-08
 [ 02-28-2025  15:48:39.145 ] [IO_writeCheckpoint] open: type=checkpoint name=sedov_hdf5_chk_0003
 [ 02-28-2025  15:48:50.708 ] [io_writeData]: wrote   49152          blocks
 [ 02-28-2025  15:48:50.716 ] [IO_writeCheckpoint] close: type=checkpoint name=sedov_hdf5_chk_0003
 [ 02-28-2025  15:48:50.719 ] step: n=31 t=1.742260E-06 dt=7.124494E-08
 [ 02-28-2025  15:49:00.456 ] step: n=32 t=1.813505E-06 dt=7.119740E-08
 [ 02-28-2025  15:49:16.593 ] step: n=33 t=1.884702E-06 dt=7.120661E-08
 [ 02-28-2025  15:49:26.355 ] step: n=34 t=1.955909E-06 dt=7.122364E-08
 [ 02-28-2025  15:49:42.466 ] step: n=35 t=2.027132E-06 dt=7.124414E-08
 [ 02-28-2025  15:49:52.228 ] step: n=36 t=2.098376E-06 dt=7.127462E-08
 [ 02-28-2025  15:50:08.271 ] [GRID amr_refine_derefine]: initiating refinement
 [ 02-28-2025  15:50:08.280 ] [GRID amr_refine_derefine]: redist. phase.  tot blks requested: 49920
 [GRID amr_refine_derefine] min blks 27    max blks 31    tot blks 49920
 [GRID amr_refine_derefine] min leaf blks 24    max leaf blks 28    tot leaf blks 47776
 [ 02-28-2025  15:50:08.947 ] [GRID amr_refine_derefine]: refinement complete
 [ 02-28-2025  15:50:09.513 ] step: n=37 t=2.169651E-06 dt=7.132802E-08
 [ 02-28-2025  15:50:09.513 ] [mpi_amr_comm_setup]: buffer_dim_send=7338289, buffer_dim_recv=5392297
 [ 02-28-2025  15:50:19.354 ] step: n=38 t=2.240979E-06 dt=7.141305E-08
 [ 02-28-2025  15:50:35.639 ] step: n=39 t=2.312392E-06 dt=7.142860E-08
 [ 02-28-2025  15:50:45.450 ] step: n=40 t=2.383821E-06 dt=7.142437E-08
 [ 02-28-2025  15:51:09.207 ] [IO_writeCheckpoint] open: type=checkpoint name=sedov_hdf5_chk_0004
 [ 02-28-2025  15:51:20.874 ] [io_writeData]: wrote   49920          blocks
 [ 02-28-2025  15:51:20.885 ] [IO_writeCheckpoint] close: type=checkpoint name=sedov_hdf5_chk_0004
 [ 02-28-2025  15:51:20.887 ] step: n=41 t=2.455245E-06 dt=7.141417E-08
 [ 02-28-2025  15:51:30.734 ] step: n=42 t=2.526659E-06 dt=7.140932E-08
 [ 02-28-2025  15:51:47.041 ] step: n=43 t=2.598068E-06 dt=7.141878E-08
 [ 02-28-2025  15:51:56.844 ] step: n=44 t=2.669487E-06 dt=7.142363E-08
 [ 02-28-2025  15:52:13.146 ] step: n=45 t=2.740911E-06 dt=7.140413E-08
 [ 02-28-2025  15:52:22.951 ] step: n=46 t=2.812315E-06 dt=7.140388E-08
 [ 02-28-2025  15:52:39.142 ] [GRID amr_refine_derefine]: initiating refinement
 [ 02-28-2025  15:52:39.152 ] [GRID amr_refine_derefine]: redist. phase.  tot blks requested: 50304
 [GRID amr_refine_derefine] min blks 27    max blks 31    tot blks 50304
 [GRID amr_refine_derefine] min leaf blks 24    max leaf blks 28    tot leaf blks 48112
 [ 02-28-2025  15:52:39.818 ] [GRID amr_refine_derefine]: refinement complete
 [ 02-28-2025  15:52:40.306 ] step: n=47 t=2.883719E-06 dt=7.140292E-08
 [ 02-28-2025  15:52:40.306 ] [mpi_amr_comm_setup]: buffer_dim_send=7910833, buffer_dim_recv=5392297
 [ 02-28-2025  15:52:50.175 ] step: n=48 t=2.955122E-06 dt=7.140606E-08
 [ 02-28-2025  15:53:06.419 ] [GRID amr_refine_derefine]: initiating refinement
 [ 02-28-2025  15:53:06.428 ] [GRID amr_refine_derefine]: redist. phase.  tot blks requested: 50496
 [GRID amr_refine_derefine] min blks 27    max blks 31    tot blks 50496
 [GRID amr_refine_derefine] min leaf blks 24    max leaf blks 28    tot leaf blks 48280
 [ 02-28-2025  15:53:06.893 ] [GRID amr_refine_derefine]: refinement complete
 [ 02-28-2025  15:53:07.377 ] step: n=49 t=3.026528E-06 dt=7.141819E-08
 [ 02-28-2025  15:53:07.378 ] [mpi_amr_comm_setup]: buffer_dim_send=6484429, buffer_dim_recv=4958125
 [ 02-28-2025  15:53:17.303 ] step: n=50 t=3.097946E-06 dt=7.145160E-08
 [ 02-28-2025  15:53:33.737 ] [GRID amr_refine_derefine]: initiating refinement
 [ 02-28-2025  15:53:33.748 ] [GRID amr_refine_derefine]: redist. phase.  tot blks requested: 50688
 [GRID amr_refine_derefine] min blks 27    max blks 31    tot blks 50688
 [GRID amr_refine_derefine] min leaf blks 24    max leaf blks 28    tot leaf blks 48448
 [ 02-28-2025  15:53:34.165 ] [GRID amr_refine_derefine]: refinement complete
 [ 02-28-2025  15:53:42.236 ] [IO_writeCheckpoint] open: type=checkpoint name=sedov_hdf5_chk_0005
 [ 02-28-2025  15:53:54.330 ] [io_writeData]: wrote   50688          blocks
 [ 02-28-2025  15:53:54.337 ] [IO_writeCheckpoint] close: type=checkpoint name=sedov_hdf5_chk_0005
 [ 02-28-2025  15:53:54.338 ] step: n=51 t=3.169398E-06 dt=7.144310E-08
 [ 02-28-2025  15:54:04.428 ] step: n=52 t=3.240841E-06 dt=7.143606E-08
 [ 02-28-2025  15:54:21.166 ] step: n=53 t=3.312277E-06 dt=7.143079E-08
 [ 02-28-2025  15:54:31.232 ] step: n=54 t=3.383708E-06 dt=7.142810E-08
 [ 02-28-2025  15:54:47.987 ] step: n=55 t=3.455136E-06 dt=7.143310E-08
 [ 02-28-2025  15:54:58.038 ] step: n=56 t=3.526569E-06 dt=7.144995E-08
 [ 02-28-2025  15:55:14.788 ] step: n=57 t=3.598019E-06 dt=7.144585E-08
 [ 02-28-2025  15:55:24.863 ] step: n=58 t=3.669465E-06 dt=7.143776E-08
 [ 02-28-2025  15:55:41.635 ] step: n=59 t=3.740902E-06 dt=7.143330E-08
 [ 02-28-2025  15:55:51.701 ] step: n=60 t=3.812336E-06 dt=7.143015E-08
 [ 02-28-2025  15:56:15.978 ] [IO_writeCheckpoint] open: type=checkpoint name=sedov_hdf5_chk_0006
 [ 02-28-2025  15:56:28.085 ] [io_writeData]: wrote   50688          blocks
 [ 02-28-2025  15:56:28.101 ] [IO_writeCheckpoint] close: type=checkpoint name=sedov_hdf5_chk_0006
 [ 02-28-2025  15:56:28.102 ] [Driver_evolveAll]: Exiting evolution loop
 [ 02-28-2025  15:56:28.442 ] [IO_writePlotfile] open: type=plotfile name=sedov_forced_hdf5_plt_cnt_0000
 [ 02-28-2025  15:56:34.591 ] [io_writeData]: wrote   50688          blocks
 [ 02-28-2025  15:56:34.768 ] [IO_writePlotfile] close: type=plotfile name=sedov_forced_hdf5_plt_cnt_0000
 [ 02-28-2025  15:56:34.824 ] memory: /proc vsize    (MB):     4653.44 (min)       5048.22 (max)       4781.66 (avg)
 [ 02-28-2025  15:56:34.864 ] memory: /proc rss      (MB):     2073.70 (min)       2230.38 (max)       2117.20 (avg)
 ==============================================================================
 perf_summary: code performance summary for process            0
                      beginning : 02-28-2025  15:36:26
                         ending : 02-28-2025  15:56:34
   seconds in monitoring period :             1208.130
      number of evolution steps :                   60
 ------------------------------------------------------------------------------
 accounting unit                       time sec  num calls   secs avg  time pct
 ------------------------------------------------------------------------------
 initialization                        273.780      1         273.780    22.661
  eos                                    0.631      8           0.079     0.052
  guardcell internal                    10.575      7           1.511     0.875
   amr_guardcell                         9.955      7           1.422     0.824
   eos gc                                0.000      7           0.000     0.000
  writeCheckpoint                       47.954      1          47.954     3.969
   restrictAll                           6.206      1           6.206     0.514
  writePlotfile                          5.519      1           5.519     0.457
 writePlotfile                           6.646      1           6.646     0.550
 evolution                             927.544      1         927.544    76.775
  Hydro                                456.292     60           7.605    37.768
   Head                                 97.025     60           1.617     8.031
    guardcell internal                  97.024     60           1.617     8.031
     amr_guardcell                      89.352     60           1.489     7.396
     eos gc                              0.003     60           0.000     0.000
   compute fluxes                      342.738     60           5.712    28.369
    hy_computeFluxes                   342.734   1632           0.210    28.369
     RiemannState                      295.294   1632           0.181    24.442
     getFaceFlux                        47.061   1632           0.029     3.895
   conserveFluxes                        0.148     60           0.002     0.012
   update solution                      16.248     60           0.271     1.345
    update solution body                16.244   1632           0.010     1.345
     unsplitUpdate                       5.950   1632           0.004     0.493
  sourceTerms                            0.000     60           0.000     0.000
  Particles_advance                      0.000     60           0.000     0.000
  Gravity potential                      0.000     60           0.000     0.000
  IO_output                            269.209    120           2.243    22.283
   diagnostics                         128.477    120           1.071    10.634
   checkpointing                       140.681      6          23.447    11.645
    writeCheckpoint                    140.680      6          23.447    11.644
     restrictAll                        38.583      6           6.431     3.194
  Grid_updateRefinement                199.493     60           3.325    16.513
   eos                                   0.942      5           0.188     0.078
   tree                                198.551     60           3.309    16.435
    markRefineDerefine                  56.142     30           1.871     4.647
     guardcell internal                 48.757     30           1.625     4.036
      amr_guardcell                     44.874     30           1.496     3.714
      eos gc                             0.001     30           0.000     0.000
    amr_refine_derefine                139.185     30           4.640    11.521
    updateData                           0.001     30           0.000     0.000
   updateParticleRefinement              0.000      5           0.000     0.000
  Driver_computeDt                       2.492     60           0.042     0.206
 ==============================================================================
 [ 02-28-2025  15:56:34.990 ] [Timers_getSummary]: Not writing timer max/min/avg values because not all processors had same timers
 [ 02-28-2025  15:56:35.029 ] LOGFILE_END: FLASH run complete.
 FLASH log file:  02-28-2025  15:56:56.881    Run number:  1
 ==============================================================================
 Number of MPI tasks:               1792
 MPI version:                          3
 MPI subversion:                       1
 Dimensionality:                       3
 Max Number of Blocks/Proc:          200
 Number x zones:                      32
 Number y zones:                      32
 Number z zones:                      32
 Setup stamp:     Fri Nov 1 14:03:57 2024
 Build stamp:     Fri Nov 1 14:04:23 2024
 System info:     Linux corona211 4.18.0-553.22.1.1toss.t4.x86_64 #1 SMP Tue Sep 24 16:50:00 PDT 2
 Version:         Flash-X 1.0 (heads/main-0-g6040ba49-dirty)                                      
 Build directory: /usr/workspace/ather1/Flash-X/sedov
 Setup syntax:    /usr/workspace/ather1/Flash-X/bin/setup.py Sedov -auto -3d -nxb=32 -nyb=32 -nzb=32 +parallelio -objdir=/usr/workspace/ather1/Flash-X/sedov
 f compiler flags: mpif90 -ggdb -c -O2 -fdefault-real-8 -fdefault-double-8 -Wuninitialized -fallow-argument-mismatch -fallow-argument-mismatch -DMAXBLOCKS=200 -DNXB=32 -DNYB=32 -DNZB=32 -DN_DIM=3
 c compiler flags:    mpicc -I/p/lustre2/ather1/hdf5-1.14.4-3/install/include -DH5_USE_18_API -ggdb -c -O2 -Wuninitialized -D_FORTIFY_SOURCE=2 -DMAXBLOCKS=200 -DNXB=32 -DNYB=32 -DNZB=32 -DN_DIM=3
 ==============================================================================
 Comment:  Sedov explosion
 ==============================================================================
 FLASH Units used:
   Driver/DriverMain/Unsplit
   Grid/GridBoundaryConditions
   Grid/GridMain/AMR/Paramesh4/PM4_package/flash_avoid_orrery
   Grid/GridMain/AMR/Paramesh4/PM4_package/headers
   Grid/GridMain/AMR/Paramesh4/PM4_package/source
   Grid/GridMain/AMR/Paramesh4/PM4_package/utilities/multigrid
   Grid/GridMain/AMR/Paramesh4/interpolation/prolong
   Grid/GridMain/AMR/Paramesh4/levelFlux
   Grid/localAPI
   IO/IOMain/hdf5/parallel/PM
   IO/localAPI
   PhysicalConstants/PhysicalConstantsMain
   RuntimeParameters/RuntimeParametersMain
   Simulation/SimulationMain/Sedov
   TimeAdvance/TimeAdvanceMain/StrangSplit
   flashUtilities/contiguousConversion
   flashUtilities/general
   flashUtilities/interpolation/oneDim
   flashUtilities/nameValueLL
   flashUtilities/sorting/quicksort
   flashUtilities/system/memoryUsage/legacy
   monitors/Logfile/LogfileMain
   monitors/Timers/TimersMain/MPINative
   physics/Eos/EosMain/Gamma
   physics/Hydro/HydroMain/unsplit/OnlyHydro
   physics/Hydro/HydroMain/unsplit/levelFlux
   physics/Hydro/localAPI
 ==============================================================================
 RuntimeParameters:
                                                                               
 ==============================================================================
bndpriorityone              =          1
bndprioritythree            =          3
bndprioritytwo              =          2
checkpointfileintervalstep  =         10 [CHANGED]
checkpointfilenumber        =          0
dr_abortpause               =          2
dr_dtminbelowaction         =          1
drift_break_inst            =          0
drift_trunc_mantissa        =          2
drift_verbose_inst          =          0
eos_entrelescalechoice      =          6
eos_loglevel                =        700
fileformatversion           =          9
forcedplotfilenumber        =          0
gr_lrefmaxtimevalue_1       =         -1
gr_lrefmaxtimevalue_10      =         -1
gr_lrefmaxtimevalue_11      =         -1
gr_lrefmaxtimevalue_12      =         -1
gr_lrefmaxtimevalue_13      =         -1
gr_lrefmaxtimevalue_14      =         -1
gr_lrefmaxtimevalue_15      =         -1
gr_lrefmaxtimevalue_16      =         -1
gr_lrefmaxtimevalue_17      =         -1
gr_lrefmaxtimevalue_18      =         -1
gr_lrefmaxtimevalue_19      =         -1
gr_lrefmaxtimevalue_2       =         -1
gr_lrefmaxtimevalue_20      =         -1
gr_lrefmaxtimevalue_3       =         -1
gr_lrefmaxtimevalue_4       =         -1
gr_lrefmaxtimevalue_5       =         -1
gr_lrefmaxtimevalue_6       =         -1
gr_lrefmaxtimevalue_7       =         -1
gr_lrefmaxtimevalue_8       =         -1
gr_lrefmaxtimevalue_9       =         -1
gr_pmrpdivergencefree       =         -1
gr_pmrpifaceoff             =          0
gr_pmrpl2p5d                =          0
gr_pmrpmaxblocks            =         -1
gr_pmrpmflags               =          1
gr_pmrpnboundaries          =          6
gr_pmrpndim                 =          3
gr_pmrpnedgevar1            =         -1
gr_pmrpnfacevar             =         -1
gr_pmrpnfielddivf           =         -1
gr_pmrpnfluxvar             =         -1
gr_pmrpnguard               =         -1
gr_pmrpnguardwork           =         -1
gr_pmrpnvar                 =         -1
gr_pmrpnvarwork             =          1
gr_pmrpnvarcorn             =          0
gr_pmrpnvaredge             =          0
gr_pmrpnxb                  =         -1
gr_pmrpnyb                  =         -1
gr_pmrpnzb                  =         -1
gr_restrictallmethod        =          3
gr_sanitizedatamode         =          1
gr_sanitizeverbosity        =          5
gr_tilesizex                =         32
gr_tilesizey                =         32
gr_tilesizez                =         32
hy_3torder                  =         -1
hydrocomputedtoption        =         -1
iprocs                      =          1
interpol_order              =          2
irenorm                     =          0
jprocs                      =          1
kprocs                      =          1
lrefine_del                 =          0
lrefine_max                 =          6 [CHANGED]
lrefine_min                 =          1
lrefine_min_init            =          1
max_particles_per_blk       =        100
memory_stat_freq            =     100000
meshcopycount               =          1
min_particles_per_blk       =          1
nbegin                      =          1
nblockx                     =         32 [CHANGED]
nblocky                     =         32 [CHANGED]
nblockz                     =         32 [CHANGED]
nend                        =         60 [CHANGED]
nrefs                       =          2
nsteptotalsts               =          5
order                       =          3 [CHANGED]
outputsplitnum              =          1
plotfileintervalstep        =          0
plotfilenumber              =          0
refine_var_count            =          4
rolling_checkpoint          =      10000
sim_centerrefinelevel       =          1
sim_integralslevel          =         -1
sim_nsubzones               =          7
sweeporder                  =        123
transorder                  =          1
wr_integrals_freq           =          1
limitedslopebeta            =                 0.100E+01
cfl                         =                 0.800E+00
checkpointfileintervaltime  =                 0.000E+00 [CHANGED]
checkpointfileintervalz     =                 0.180+309
cvisc                       =                 0.100E+00
derefine_cutoff_1           =                 0.200E+00
derefine_cutoff_2           =                 0.200E+00
derefine_cutoff_3           =                 0.200E+00
derefine_cutoff_4           =                 0.200E+00
dr_dtmincontinue            =                 0.000E+00
dr_tstepslowstartfactor     =                 0.100E+00
dtinit                      =                 0.100E-09
dtmax                       =                 0.100E+06
dtmin                       =                 0.100E-09
eintswitch                  =                 0.100E-03 [CHANGED]
eos_singlespeciesa          =                 0.100E+01
eos_singlespeciesz          =                 0.100E+01
gamma                       =                 0.140E+01 [CHANGED]
gr_btworkchildscaling       =                 0.100E+01
gr_btworkdefaultleaf        =                 0.200E+01
gr_btworkdefaultpar         =                 0.100E+01
gr_btworklbleaf             =                 0.000E+00
gr_btworklbpar              =                 0.000E+00
gr_btworkubleaf             =                 0.100E+07
gr_btworkubpar              =                 0.100E+07
gr_lrefinemaxredlogbase     =                 0.100E+02
gr_lrefinemaxredradiusfact  =                 0.000E+00
gr_lrefinemaxredtref        =                 0.000E+00
gr_lrefinemaxredtimescale   =                 0.100E+01
gr_lrefmaxtime_1            =                -0.100E+01
gr_lrefmaxtime_10           =                -0.100E+01
gr_lrefmaxtime_11           =                -0.100E+01
gr_lrefmaxtime_12           =                -0.100E+01
gr_lrefmaxtime_13           =                -0.100E+01
gr_lrefmaxtime_14           =                -0.100E+01
gr_lrefmaxtime_15           =                -0.100E+01
gr_lrefmaxtime_16           =                -0.100E+01
gr_lrefmaxtime_17           =                -0.100E+01
gr_lrefmaxtime_18           =                -0.100E+01
gr_lrefmaxtime_19           =                -0.100E+01
gr_lrefmaxtime_2            =                -0.100E+01
gr_lrefmaxtime_20           =                -0.100E+01
gr_lrefmaxtime_3            =                -0.100E+01
gr_lrefmaxtime_4            =                -0.100E+01
gr_lrefmaxtime_5            =                -0.100E+01
gr_lrefmaxtime_6            =                -0.100E+01
gr_lrefmaxtime_7            =                -0.100E+01
gr_lrefmaxtime_8            =                -0.100E+01
gr_lrefmaxtime_9            =                -0.100E+01
hy_cflfallbackfactor        =                 0.900E+00
hy_fpresinmomflux           =                 0.100E+01
hybridorderkappa            =                 0.000E+00
nusts                       =                 0.200E+00 [CHANGED]
plotfileintervaltime        =                 0.000E+00 [CHANGED]
plotfileintervalz           =                 0.180+309
radiusgp                    =                 0.200E+01
refine_cutoff_1             =                 0.800E+00
refine_cutoff_2             =                 0.800E+00
refine_cutoff_3             =                 0.800E+00
refine_cutoff_4             =                 0.800E+00
refine_filter_1             =                 0.100E-01
refine_filter_2             =                 0.100E-01
refine_filter_3             =                 0.100E-01
refine_filter_4             =                 0.100E-01
rss_limit                   =                -0.100E+01
sigmagp                     =                 0.300E+01
sim_derefineradius          =                 0.000E+00
sim_earliestlstime          =                 0.000E+00
sim_expenergy               =                 0.100E+01
sim_largestnormradius       =                 0.180+309
sim_latestlstime            =                 0.180+309
sim_minrhoinit              =                 0.100E-19
sim_pambient                =                 0.100E-04
sim_rinit                   =                 0.137E-01 [CHANGED]
sim_rhoambient              =                 0.100E+01
sim_smallestnormradius      =                 0.000E+00
sim_xctr                    =                 0.500E+00
sim_yctr                    =                 0.500E+00
sim_zctr                    =                 0.500E+00
small                       =                 0.100E-09
smalle                      =                 0.100E-09
smallp                      =                 0.100E-09
smallt                      =                 0.100E-09
smallu                      =                 0.100E-09
smallx                      =                 0.100E-09
smlrho                      =                 0.100E-09
tinitial                    =                 0.000E+00
tiny                        =                 0.100E-15
tmax                        =                 0.500E+06 [CHANGED]
tstep_change_factor         =                 0.200E+01
wall_clock_checkpoint       =                 0.432E+05
wall_clock_time_limit       =                 0.605E+06
x_refine_center             =                 0.000E+00
xmax                        =                 0.100E+01
xmin                        =                 0.000E+00
y_refine_center             =                 0.000E+00
ymax                        =                 0.100E+01
ymin                        =                 0.000E+00
zfinal                      =                 0.000E+00
zinitial                    =                -0.100E+01
z_refine_center             =                 0.000E+00
zmax                        =                 0.100E+01
zmin                        =                 0.000E+00
riemannsolver               = Roe                            [CHANGED]
unitsystem                  = none                          
basenm                      = sedov_                         [CHANGED]
entropyfixmethod            = HARTENHYMAN                   
eosmode                     = dens_ie                       
eosmodeinit                 = dens_ie                       
geometry                    = cartesian                     
gr_pmrpoutputdir            = ./                            
grav_boundary_type          = isolated                      
hy_eosmodegc                = see eosMode                   
log_file                    = sedov.log                      [CHANGED]
output_directory            =                               
pc_unitsbase                = CGS                           
plot_grid_var_1             = none                          
plot_grid_var_10            = none                          
plot_grid_var_11            = none                          
plot_grid_var_12            = none                          
plot_grid_var_13            = none                          
plot_grid_var_14            = none                          
plot_grid_var_15            = none                          
plot_grid_var_16            = none                          
plot_grid_var_17            = none                          
plot_grid_var_18            = none                          
plot_grid_var_19            = none                          
plot_grid_var_2             = none                          
plot_grid_var_20            = none                          
plot_grid_var_21            = none                          
plot_grid_var_22            = none                          
plot_grid_var_23            = none                          
plot_grid_var_24            = none                          
plot_grid_var_25            = none                          
plot_grid_var_26            = none                          
plot_grid_var_27            = none                          
plot_grid_var_28            = none                          
plot_grid_var_29            = none                          
plot_grid_var_3             = none                          
plot_grid_var_30            = none                          
plot_grid_var_31            = none                          
plot_grid_var_32            = none                          
plot_grid_var_33            = none                          
plot_grid_var_34            = none                          
plot_grid_var_35            = none                          
plot_grid_var_36            = none                          
plot_grid_var_37            = none                          
plot_grid_var_38            = none                          
plot_grid_var_39            = none                          
plot_grid_var_4             = none                          
plot_grid_var_40            = none                          
plot_grid_var_41            = none                          
plot_grid_var_42            = none                          
plot_grid_var_43            = none                          
plot_grid_var_44            = none                          
plot_grid_var_45            = none                          
plot_grid_var_46            = none                          
plot_grid_var_47            = none                          
plot_grid_var_48            = none                          
plot_grid_var_49            = none                          
plot_grid_var_5             = none                          
plot_grid_var_50            = none                          
plot_grid_var_51            = none                          
plot_grid_var_52            = none                          
plot_grid_var_53            = none                          
plot_grid_var_54            = none                          
plot_grid_var_55            = none                          
plot_grid_var_56            = none                          
plot_grid_var_57            = none                          
plot_grid_var_58            = none                          
plot_grid_var_59            = none                          
plot_grid_var_6             = none                          
plot_grid_var_60            = none                          
plot_grid_var_61            = none                          
plot_grid_var_62            = none                          
plot_grid_var_63            = none                          
plot_grid_var_64            = none                          
plot_grid_var_65            = none                          
plot_grid_var_66            = none                          
plot_grid_var_67            = none                          
plot_grid_var_68            = none                          
plot_grid_var_69            = none                          
plot_grid_var_7             = none                          
plot_grid_var_70            = none                          
plot_grid_var_71            = none                          
plot_grid_var_72            = none                          
plot_grid_var_73            = none                          
plot_grid_var_74            = none                          
plot_grid_var_75            = none                          
plot_grid_var_76            = none                          
plot_grid_var_77            = none                          
plot_grid_var_78            = none                          
plot_grid_var_8             = none                          
plot_grid_var_9             = none                          
plot_var_1                  = dens                           [CHANGED]
plot_var_10                 = none                          
plot_var_11                 = none                          
plot_var_12                 = none                          
plot_var_13                 = none                          
plot_var_14                 = none                          
plot_var_15                 = none                          
plot_var_16                 = none                          
plot_var_17                 = none                          
plot_var_18                 = none                          
plot_var_2                  = pres                           [CHANGED]
plot_var_3                  = temp                           [CHANGED]
plot_var_4                  = none                          
plot_var_5                  = none                          
plot_var_6                  = none                          
plot_var_7                  = none                          
plot_var_8                  = none                          
plot_var_9                  = none                          
prof_file                   = profile.dat                   
refine_var_1                = dens                           [CHANGED]
refine_var_2                = pres                           [CHANGED]
refine_var_3                = none                          
refine_var_4                = none                          
run_comment                 = Sedov explosion                [CHANGED]
run_number                  = 1                             
sim_proffilename            = /dev/null                      [CHANGED]
slopelimiter                = mc                             [CHANGED]
stats_file                  = flashx.dat                    
wenomethod                  = WENO5                         
xl_boundary_type            = outflow                        [CHANGED]
xr_boundary_type            = outflow                        [CHANGED]
yl_boundary_type            = outflow                        [CHANGED]
yr_boundary_type            = outflow                        [CHANGED]
zl_boundary_type            = outflow                        [CHANGED]
zr_boundary_type            = outflow                        [CHANGED]
csvsummaryallprocs          =  F
eosforriemann               =  F
logsummaryallprocs          =  F
addthermalflux              =  T
allowdtstsdominate          =  F
alwayscomputeuservars       =  T
alwaysrestrictcheckpoint    =  T
charlimiting                =  T
chkguardcellsinput          =  F
chkguardcellsoutput         =  F
conserveangmom              =  F
converttoconsvdformeshcalls =  F
converttoconsvdinmeshinterp =  T
corners                     =  F
dr_printtsteploc            =  T
dr_shortenlaststepbeforetmax =  F
drift_tuples                =  F
eachprocwritesownabortlog   =  F
eachprocwritessummary       =  F
earlyblockdistadjustment    =  T
enablemaskedgcfill          =  F
entropy                     =  F
flux_correct                =  T
flux_correct_perlevel       =  F
geometryoverride            =  F
gr_bcenableapplymixedgds    =  T
gr_bndgcfillneedsprimitivevars =  T
gr_btcustomwork             =  F
gr_btexchangework           =  F
gr_btsortbywork             =  T
gr_enabletiling             =  F
gr_lrefinemaxbytime         =  F
gr_lrefinemaxreddobylogr    =  F
gr_lrefinemaxreddobytime    =  F
gr_pmrpadvancealllevels     =  F
gr_pmrpamrerrorchecking     =  F
gr_pmrpcartesianpm          =  F
gr_pmrpconserve             =  F
gr_pmrpconsvfluxdensities   =  T
gr_pmrpconsvfluxes          =  F
gr_pmrpcurvilinear          =  F
gr_pmrpcurvilinearconserve  =  F
gr_pmrpcylindricalpm        =  F
gr_pmrpdiagonals            =  T
gr_pmrpedgevalue            =  T
gr_pmrpedgevalueinteg       =  F
gr_pmrpemptycells           =  F
gr_pmrpforceconsistency     =  T
gr_pmrplsingularline        =  F
gr_pmrpnopermanentguardcells =  F
gr_pmrppolarpm              =  F
gr_pmrppredcorr             =  F
gr_pmrpsphericalpm          =  F
gr_pmrptimingmpi            =  F
gr_pmrptimingmpix           =  F
gr_pmrpvardt                =  F
gr_usetiling                =  F
hy_fallbacklowercfl         =  F
hy_fullspecmsfluxhandling   =  T
hy_usetiling                =  F
ignoreforcedplot            =  F
io_writemscalarintegrals    =  F
plotfilegridquantitydp      =  F
plotfilemetadatadp          =  F
reducegcellfills            =  F
refine_on_particle_count    =  F
restart                     =  F
shockdetect                 =  F
shocklowercfl               =  F
sim_bcsetbdryvar            =  F
sim_forcecenterderefine     =  F
sim_onelevelintegralsonly   =  F
summaryoutputonly           =  F
threadblocklistbuild        =  F
threaddelepblocklist        =  F
threaddelepwithinblock      =  F
threaddriverblocklist       =  F
threaddriverwithinblock     =  F
threadeoswithinblock        =  F
threadhydroblocklist        =  F
threadhydrowithinblock      =  F
threadraytracebuild         =  F
threadwithinblockbuild      =  F
tmr_suppressinparallel      =  F
typematchedxfer             =  T
unbiased_geometry           =  F
updatehydrofluxes           =  T
useburn                     =  F
usecollectivehdf5           =  T
usedeleptonize              =  F
usegravity                  =  F
useheatad                   =  F
useheater                   =  F
usehydro                    =  T
useimbound                  =  F
useincompns                 =  F
useinlet                    =  F
uselegacylabels             =  T
usemultiphase               =  F
useorchestration            =  F
useoutlet                   =  F
useparticles                =  F
useradtrans                 =  F
usests                      =  F
usestsfordiffusion          =  F
usesolidmechanics           =  F
use_3dfullctu               =  T
use_auxeinteqn              =  T
use_avisc                   =  T [CHANGED]
use_cma_advection           =  F
use_cma_flattening          =  F
use_flash_surr_blks_fill    =  T
use_flattening              =  F
use_gravhalfupdate          =  T
use_hybridorder             =  F
use_reduced_orrery          =  T
use_steepening              =  F
use_upwindtvd               =  F
writestatsummary            =  T
                                                                               
 ==============================================================================
                                                                               
 Known units of measurement:
                                                                               
              Unit                          CGS Value                Base Unit
  1                  cm                     1.0000                           cm
  2                   s                     1.0000                            s
  3                   g                     1.0000                            g
  4                   K                     1.0000                            K
  5                 esu                     1.0000                          esu
  6                 mol                     1.0000                          mol
  7                   m                     100.00                           cm
  8                  km                    1.00000E+05                       cm
  9                  pc                    3.08568E+18                       cm
 10                 kpc                    3.08568E+21                       cm
 11                 Mpc                    3.08568E+24                       cm
 12                 Gpc                    3.08568E+27                       cm
 13                Rsun                    6.96000E+10                       cm
 14                  AU                    1.49598E+13                       cm
 15                  yr                    3.15569E+07                        s
 16                 Myr                    3.15569E+13                        s
 17                 Gyr                    3.15569E+16                        s
 18                  kg                     1000.0                            g
 19                Msun                    1.98892E+33                        g
 20                 amu                    1.66054E-24                        g
 21                  eV                     11605.                            K
 22                   C                    2.99792E+09                      esu
 23                LFLY                    3.08568E+24                       cm
 24                TFLY                    2.05759E+17                        s
 25                MFLY                    9.88470E+45                        g
 26            clLength                    3.08568E+24                       cm
 27              clTime                    3.15569E+16                        s
 28              clMass                    1.98892E+48                        g
 29              clTemp                    1.16045E+07                        K
-----------End of Units--------------------
                                                                               
 Known physical constants:
                                                                               
    Constant Name       Constant Value   cm       s        g        K        esu      mol
  1              Newton    6.67408E-08   3.0     -2.0     -1.0      0.0      0.0      0.0    
  2      speed of light    2.99792E+10   1.0     -1.0      0.0      0.0      0.0      0.0    
  3              Planck    6.62607E-27   2.0     -1.0      1.0      0.0      0.0      0.0    
  4     electron charge    4.80320E-10   0.0      0.0      0.0      0.0      1.0      0.0    
  5       electron mass    9.10938E-28   0.0      0.0      1.0      0.0      0.0      0.0    
  6         proton mass    1.67262E-24   0.0      0.0      1.0      0.0      0.0      0.0    
  7      fine-structure    7.29735E-03   0.0      0.0      0.0      0.0      0.0      0.0    
  8            Avogadro    6.02214E+23   0.0      0.0      0.0      0.0      0.0     -1.0    
  9           Boltzmann    1.38065E-16   2.0     -2.0      1.0     -1.0      0.0      0.0    
 10  ideal gas constant    8.31446E+07   2.0     -2.0      1.0     -1.0      0.0     -1.0    
 11                Wien    0.28978       1.0      0.0      0.0      1.0      0.0      0.0    
 12    Stefan-Boltzmann    5.67037E-05   0.0     -3.0      1.0     -4.0      0.0      0.0    
 13  Radiation Constant    7.56572E-15  -1.0     -2.0      1.0     -4.0      0.0      0.0    
 14                  pi     3.1416       0.0      0.0      0.0      0.0      0.0      0.0    
 15                   e     2.7183       0.0      0.0      0.0      0.0      0.0      0.0    
 16               Euler    0.57722       0.0      0.0      0.0      0.0      0.0      0.0    
 ==============================================================================
                                                                               
 Multifluid database: not configured in
                                                                               
 ==============================================================================
 [ 02-28-2025  15:56:56.882 ] [gr_initGeometry] checking BCs for idir: 1
 [ 02-28-2025  15:56:56.882 ] [gr_initGeometry] checking BCs for idir: 2
 [ 02-28-2025  15:56:56.882 ] [gr_initGeometry] checking BCs for idir: 3
 [ 02-28-2025  15:56:59.755 ] [GRID amr_refine_derefine]: initiating refinement
 [ 02-28-2025  15:56:59.755 ] [GRID amr_refine_derefine]: redist. phase.  tot blks requested: 32768
 [GRID amr_refine_derefine] min blks 18    max blks 19    tot blks 32768
 [GRID amr_refine_derefine] min leaf blks 18    max leaf blks 19    tot leaf blks 32768
 [ 02-28-2025  15:57:00.221 ] [GRID amr_refine_derefine]: refinement complete
 [ 02-28-2025  15:57:12.951 ] [GRID gr_expandDomain]: iteration=1, create level=2
 INFO: Grid_fillGuardCells is ignoring masking.
 [ 02-28-2025  15:57:30.886 ] [mpi_amr_comm_setup]: buffer_dim_send=5176573, buffer_dim_recv=3646981
 [ 02-28-2025  15:57:33.808 ] [GRID amr_refine_derefine]: initiating refinement
 [ 02-28-2025  15:57:33.820 ] [GRID amr_refine_derefine]: redist. phase.  tot blks requested: 32832
 [GRID amr_refine_derefine] min blks 18    max blks 19    tot blks 32832
 [GRID amr_refine_derefine] min leaf blks 17    max leaf blks 19    tot leaf blks 32824
 [ 02-28-2025  15:57:34.096 ] [GRID amr_refine_derefine]: refinement complete
 [ 02-28-2025  15:57:34.099 ] [GRID gr_expandDomain]: iteration=2, create level=3
 [ 02-28-2025  15:57:55.952 ] [GRID amr_refine_derefine]: initiating refinement
 [ 02-28-2025  15:57:55.963 ] [GRID amr_refine_derefine]: redist. phase.  tot blks requested: 32896
 [GRID amr_refine_derefine] min blks 18    max blks 20    tot blks 32896
 [GRID amr_refine_derefine] min leaf blks 17    max leaf blks 19    tot leaf blks 32880
 [ 02-28-2025  15:57:56.240 ] [GRID amr_refine_derefine]: refinement complete
 [ 02-28-2025  15:57:56.243 ] [GRID gr_expandDomain]: iteration=3, create level=4
 [ 02-28-2025  15:58:17.874 ] [GRID amr_refine_derefine]: initiating refinement
 [ 02-28-2025  15:58:17.896 ] [GRID amr_refine_derefine]: redist. phase.  tot blks requested: 34304
 [GRID amr_refine_derefine] min blks 19    max blks 22    tot blks 34304
 [GRID amr_refine_derefine] min leaf blks 17    max leaf blks 20    tot leaf blks 34112
 [ 02-28-2025  15:58:18.381 ] [GRID amr_refine_derefine]: refinement complete
 [ 02-28-2025  15:58:18.385 ] [GRID gr_expandDomain]: iteration=4, create level=5
 [ 02-28-2025  15:58:38.124 ] [mpi_amr_comm_setup]: buffer_dim_send=5313661, buffer_dim_recv=4312081
 [ 02-28-2025  15:58:40.844 ] [GRID amr_refine_derefine]: initiating refinement
 [ 02-28-2025  15:58:40.859 ] [GRID amr_refine_derefine]: redist. phase.  tot blks requested: 37312
 [GRID amr_refine_derefine] min blks 20    max blks 24    tot blks 37312
 [GRID amr_refine_derefine] min leaf blks 18    max leaf blks 21    tot leaf blks 36744
 [ 02-28-2025  15:58:41.388 ] [GRID amr_refine_derefine]: refinement complete
 [ 02-28-2025  15:58:41.395 ] [GRID gr_expandDomain]: iteration=5, create level=6
 [ 02-28-2025  15:59:03.132 ] [mpi_amr_comm_setup]: buffer_dim_send=5713933, buffer_dim_recv=4459801
 [ 02-28-2025  15:59:05.374 ] [GRID amr_refine_derefine]: initiating refinement
 [ 02-28-2025  15:59:05.390 ] [GRID amr_refine_derefine]: redist. phase.  tot blks requested: 48768
 [GRID amr_refine_derefine] min blks 26    max blks 30    tot blks 48768
 [GRID amr_refine_derefine] min leaf blks 23    max leaf blks 27    tot leaf blks 46768
 [ 02-28-2025  15:59:06.125 ] [GRID amr_refine_derefine]: refinement complete
 [ 02-28-2025  15:59:06.143 ] [GRID gr_expandDomain]: iteration=6, create level=6
 [ 02-28-2025  15:59:34.092 ] [mpi_amr_comm_setup]: buffer_dim_send=7881145, buffer_dim_recv=5392297
 [ 02-28-2025  15:59:37.307 ] [GRID gr_expandDomain]: iteration=7, create level=6
 [ 02-28-2025  16:00:08.454 ] [GRID gr_expandDomain]: iteration=8, create level=6
 [ 02-28-2025  16:00:38.032 ] memory: /proc vsize    (MB):     4528.50 (min)       4788.07 (max)       4698.82 (avg)
 [ 02-28-2025  16:00:38.032 ] memory: /proc rss      (MB):     1839.87 (min)       1925.32 (max)       1861.10 (avg)
 [ 02-28-2025  16:00:38.033 ] memory: /proc vsize    (MB):     4528.50 (min)       4788.07 (max)       4698.82 (avg)
 [ 02-28-2025  16:00:38.033 ] memory: /proc rss      (MB):     1839.87 (min)       1925.32 (max)       1861.10 (avg)
 [ 02-28-2025  16:00:38.080 ] memory: /proc vsize    (MB):     4528.50 (min)       4788.07 (max)       4698.82 (avg)
 [ 02-28-2025  16:00:38.080 ] memory: /proc rss      (MB):     1839.87 (min)       1925.32 (max)       1861.10 (avg)
 [ 02-28-2025  16:00:44.933 ] [IO_writeCheckpoint] open: type=checkpoint name=sedov_hdf5_chk_0000
 [ 02-28-2025  16:01:25.819 ] [io_writeData]: wrote   48768          blocks
 [ 02-28-2025  16:01:25.899 ] [IO_writeCheckpoint] close: type=checkpoint name=sedov_hdf5_chk_0000
 [ 02-28-2025  16:01:26.051 ] [IO_writePlotfile] open: type=plotfile name=sedov_hdf5_plt_cnt_0000
 [ 02-28-2025  16:01:31.322 ] [io_writeData]: wrote   48768          blocks
 [ 02-28-2025  16:01:31.330 ] [IO_writePlotfile] close: type=plotfile name=sedov_hdf5_plt_cnt_0000
 [ 02-28-2025  16:01:31.333 ] memory: /proc vsize    (MB):     4545.76 (min)       5023.54 (max)       4718.78 (avg)
 [ 02-28-2025  16:01:31.335 ] memory: /proc rss      (MB):     1846.80 (min)       1940.75 (max)       1871.55 (avg)
 [ 02-28-2025  16:01:31.338 ] [Driver_evolveAll]: Entering evolution loop
 [ 02-28-2025  16:01:31.341 ] step: n=1 t=0.000000E+00 dt=1.000000E-10
 [ 02-28-2025  16:01:41.015 ] step: n=2 t=1.000000E-10 dt=2.000000E-10
 [ 02-28-2025  16:01:57.053 ] step: n=3 t=3.000000E-10 dt=4.000000E-10
 [ 02-28-2025  16:02:06.651 ] step: n=4 t=7.000000E-10 dt=8.000000E-10
 [ 02-28-2025  16:02:22.702 ] step: n=5 t=1.500000E-09 dt=1.600000E-09
 [ 02-28-2025  16:02:32.334 ] step: n=6 t=3.100000E-09 dt=3.200000E-09
 [ 02-28-2025  16:02:48.438 ] step: n=7 t=6.300000E-09 dt=6.400000E-09
 [ 02-28-2025  16:02:58.099 ] step: n=8 t=1.270000E-08 dt=1.280000E-08
 [ 02-28-2025  16:03:14.188 ] step: n=9 t=2.550000E-08 dt=2.560000E-08
 [ 02-28-2025  16:03:23.880 ] step: n=10 t=5.110000E-08 dt=5.120000E-08
 [ 02-28-2025  16:03:47.137 ] [IO_writeCheckpoint] open: type=checkpoint name=sedov_hdf5_chk_0001
 [ 02-28-2025  16:04:24.552 ] [io_writeData]: wrote   48768          blocks
 [ 02-28-2025  16:04:24.569 ] [IO_writeCheckpoint] close: type=checkpoint name=sedov_hdf5_chk_0001
 [ 02-28-2025  16:04:24.570 ] step: n=11 t=1.023000E-07 dt=1.024000E-07
 [ 02-28-2025  16:04:34.209 ] step: n=12 t=2.047000E-07 dt=9.937542E-08
 [ 02-28-2025  16:04:50.303 ] step: n=13 t=3.040754E-07 dt=9.615282E-08
 [ 02-28-2025  16:05:00.015 ] step: n=14 t=4.002282E-07 dt=9.325600E-08
 [ 02-28-2025  16:05:16.142 ] step: n=15 t=4.934842E-07 dt=9.058955E-08
 [ 02-28-2025  16:05:25.827 ] step: n=16 t=5.840738E-07 dt=8.822195E-08
 [ 02-28-2025  16:05:41.969 ] step: n=17 t=6.722957E-07 dt=8.592743E-08
 [ 02-28-2025  16:05:51.658 ] step: n=18 t=7.582232E-07 dt=8.368672E-08
 [ 02-28-2025  16:06:07.817 ] step: n=19 t=8.419099E-07 dt=8.162257E-08
 [ 02-28-2025  16:06:17.489 ] step: n=20 t=9.235325E-07 dt=7.981691E-08
 [ 02-28-2025  16:06:40.920 ] [IO_writeCheckpoint] open: type=checkpoint name=sedov_hdf5_chk_0002
 [ 02-28-2025  16:06:52.184 ] [io_writeData]: wrote   48768          blocks
 [ 02-28-2025  16:06:52.191 ] [IO_writeCheckpoint] close: type=checkpoint name=sedov_hdf5_chk_0002
 [ 02-28-2025  16:06:52.192 ] step: n=21 t=1.003349E-06 dt=7.822053E-08
 [ 02-28-2025  16:07:01.905 ] step: n=22 t=1.081570E-06 dt=7.684528E-08
 [ 02-28-2025  16:07:18.046 ] step: n=23 t=1.158415E-06 dt=7.555985E-08
 [ 02-28-2025  16:07:27.714 ] step: n=24 t=1.233975E-06 dt=7.447396E-08
 [ 02-28-2025  16:07:43.709 ] [GRID amr_refine_derefine]: initiating refinement
 [ 02-28-2025  16:07:43.719 ] [GRID amr_refine_derefine]: redist. phase.  tot blks requested: 49152
 [GRID amr_refine_derefine] min blks 26    max blks 30    tot blks 49152
 [GRID amr_refine_derefine] min leaf blks 24    max leaf blks 27    tot leaf blks 47104
 [ 02-28-2025  16:07:44.379 ] [GRID amr_refine_derefine]: refinement complete
 [ 02-28-2025  16:07:44.973 ] step: n=25 t=1.308449E-06 dt=7.359418E-08
 [ 02-28-2025  16:07:44.973 ] [mpi_amr_comm_setup]: buffer_dim_send=7863733, buffer_dim_recv=5392297
 [ 02-28-2025  16:07:54.725 ] step: n=26 t=1.382043E-06 dt=7.289860E-08
 [ 02-28-2025  16:08:10.853 ] step: n=27 t=1.454942E-06 dt=7.238261E-08
 [ 02-28-2025  16:08:20.609 ] step: n=28 t=1.527324E-06 dt=7.195505E-08
 [ 02-28-2025  16:08:36.738 ] step: n=29 t=1.599279E-06 dt=7.160819E-08
 [ 02-28-2025  16:08:46.500 ] step: n=30 t=1.670888E-06 dt=7.137201E-08
 [ 02-28-2025  16:09:09.893 ] [IO_writeCheckpoint] open: type=checkpoint name=sedov_hdf5_chk_0003
 [ 02-28-2025  16:09:20.983 ] [io_writeData]: wrote   49152          blocks
 [ 02-28-2025  16:09:20.994 ] [IO_writeCheckpoint] close: type=checkpoint name=sedov_hdf5_chk_0003
 [ 02-28-2025  16:09:20.999 ] step: n=31 t=1.742260E-06 dt=7.124494E-08
 [ 02-28-2025  16:09:30.752 ] step: n=32 t=1.813505E-06 dt=7.119740E-08
 [ 02-28-2025  16:09:46.858 ] step: n=33 t=1.884702E-06 dt=7.120661E-08
 [ 02-28-2025  16:09:56.616 ] step: n=34 t=1.955909E-06 dt=7.122364E-08
 [ 02-28-2025  16:10:12.752 ] step: n=35 t=2.027132E-06 dt=7.124414E-08
 [ 02-28-2025  16:10:22.506 ] step: n=36 t=2.098376E-06 dt=7.127462E-08
 [ 02-28-2025  16:10:38.539 ] [GRID amr_refine_derefine]: initiating refinement
 [ 02-28-2025  16:10:38.547 ] [GRID amr_refine_derefine]: redist. phase.  tot blks requested: 49920
 [GRID amr_refine_derefine] min blks 27    max blks 31    tot blks 49920
 [GRID amr_refine_derefine] min leaf blks 24    max leaf blks 28    tot leaf blks 47776
 [ 02-28-2025  16:10:39.217 ] [GRID amr_refine_derefine]: refinement complete
 [ 02-28-2025  16:10:39.783 ] step: n=37 t=2.169651E-06 dt=7.132802E-08
 [ 02-28-2025  16:10:39.784 ] [mpi_amr_comm_setup]: buffer_dim_send=7338289, buffer_dim_recv=5392297
 [ 02-28-2025  16:10:49.615 ] step: n=38 t=2.240979E-06 dt=7.141305E-08
 [ 02-28-2025  16:11:05.956 ] step: n=39 t=2.312392E-06 dt=7.142860E-08
 [ 02-28-2025  16:11:15.776 ] step: n=40 t=2.383821E-06 dt=7.142437E-08
 [ 02-28-2025  16:11:39.562 ] [IO_writeCheckpoint] open: type=checkpoint name=sedov_hdf5_chk_0004
 [ 02-28-2025  16:11:51.474 ] [io_writeData]: wrote   49920          blocks
 [ 02-28-2025  16:11:51.481 ] [IO_writeCheckpoint] close: type=checkpoint name=sedov_hdf5_chk_0004
 [ 02-28-2025  16:11:51.482 ] step: n=41 t=2.455245E-06 dt=7.141417E-08
 [ 02-28-2025  16:12:01.324 ] step: n=42 t=2.526659E-06 dt=7.140932E-08
 [ 02-28-2025  16:12:17.687 ] step: n=43 t=2.598068E-06 dt=7.141878E-08
 [ 02-28-2025  16:12:27.503 ] step: n=44 t=2.669487E-06 dt=7.142363E-08
 [ 02-28-2025  16:12:43.830 ] step: n=45 t=2.740911E-06 dt=7.140413E-08
 [ 02-28-2025  16:12:53.627 ] step: n=46 t=2.812315E-06 dt=7.140388E-08
 [ 02-28-2025  16:13:09.829 ] [GRID amr_refine_derefine]: initiating refinement
 [ 02-28-2025  16:13:09.841 ] [GRID amr_refine_derefine]: redist. phase.  tot blks requested: 50304
 [GRID amr_refine_derefine] min blks 27    max blks 31    tot blks 50304
 [GRID amr_refine_derefine] min leaf blks 24    max leaf blks 28    tot leaf blks 48112
 [ 02-28-2025  16:13:10.510 ] [GRID amr_refine_derefine]: refinement complete
 [ 02-28-2025  16:13:10.997 ] step: n=47 t=2.883719E-06 dt=7.140292E-08
 [ 02-28-2025  16:13:10.998 ] [mpi_amr_comm_setup]: buffer_dim_send=7910833, buffer_dim_recv=5392297
 [ 02-28-2025  16:13:20.856 ] step: n=48 t=2.955122E-06 dt=7.140606E-08
 [ 02-28-2025  16:13:37.151 ] [GRID amr_refine_derefine]: initiating refinement
 [ 02-28-2025  16:13:37.160 ] [GRID amr_refine_derefine]: redist. phase.  tot blks requested: 50496
 [GRID amr_refine_derefine] min blks 27    max blks 31    tot blks 50496
 [GRID amr_refine_derefine] min leaf blks 24    max leaf blks 28    tot leaf blks 48280
 [ 02-28-2025  16:13:37.636 ] [GRID amr_refine_derefine]: refinement complete
 [ 02-28-2025  16:13:38.107 ] step: n=49 t=3.026528E-06 dt=7.141819E-08
 [ 02-28-2025  16:13:38.107 ] [mpi_amr_comm_setup]: buffer_dim_send=6484429, buffer_dim_recv=4958125
 [ 02-28-2025  16:13:48.070 ] step: n=50 t=3.097946E-06 dt=7.145160E-08
 [ 02-28-2025  16:14:04.523 ] [GRID amr_refine_derefine]: initiating refinement
 [ 02-28-2025  16:14:04.532 ] [GRID amr_refine_derefine]: redist. phase.  tot blks requested: 50688
 [GRID amr_refine_derefine] min blks 27    max blks 31    tot blks 50688
 [GRID amr_refine_derefine] min leaf blks 24    max leaf blks 28    tot leaf blks 48448
 [ 02-28-2025  16:14:04.948 ] [GRID amr_refine_derefine]: refinement complete
 [ 02-28-2025  16:14:12.943 ] [IO_writeCheckpoint] open: type=checkpoint name=sedov_hdf5_chk_0005
 [ 02-28-2025  16:14:25.011 ] [io_writeData]: wrote   50688          blocks
 [ 02-28-2025  16:14:25.022 ] [IO_writeCheckpoint] close: type=checkpoint name=sedov_hdf5_chk_0005
 [ 02-28-2025  16:14:25.023 ] step: n=51 t=3.169398E-06 dt=7.144310E-08
 [ 02-28-2025  16:14:35.106 ] step: n=52 t=3.240841E-06 dt=7.143606E-08
 [ 02-28-2025  16:14:51.847 ] step: n=53 t=3.312277E-06 dt=7.143079E-08
 [ 02-28-2025  16:15:01.897 ] step: n=54 t=3.383708E-06 dt=7.142810E-08
 [ 02-28-2025  16:15:18.632 ] step: n=55 t=3.455136E-06 dt=7.143310E-08
 [ 02-28-2025  16:15:28.692 ] step: n=56 t=3.526569E-06 dt=7.144995E-08
 [ 02-28-2025  16:15:45.416 ] step: n=57 t=3.598019E-06 dt=7.144585E-08
 [ 02-28-2025  16:15:55.470 ] step: n=58 t=3.669465E-06 dt=7.143776E-08
 [ 02-28-2025  16:16:12.239 ] step: n=59 t=3.740902E-06 dt=7.143330E-08
 [ 02-28-2025  16:16:22.292 ] step: n=60 t=3.812336E-06 dt=7.143015E-08
 [ 02-28-2025  16:16:46.555 ] [IO_writeCheckpoint] open: type=checkpoint name=sedov_hdf5_chk_0006
 [ 02-28-2025  16:16:58.686 ] [io_writeData]: wrote   50688          blocks
 [ 02-28-2025  16:16:58.698 ] [IO_writeCheckpoint] close: type=checkpoint name=sedov_hdf5_chk_0006
 [ 02-28-2025  16:16:58.701 ] [Driver_evolveAll]: Exiting evolution loop
 [ 02-28-2025  16:16:59.026 ] [IO_writePlotfile] open: type=plotfile name=sedov_forced_hdf5_plt_cnt_0000
 [ 02-28-2025  16:17:05.514 ] [io_writeData]: wrote   50688          blocks
 [ 02-28-2025  16:17:05.678 ] [IO_writePlotfile] close: type=plotfile name=sedov_forced_hdf5_plt_cnt_0000
 [ 02-28-2025  16:17:05.757 ] memory: /proc vsize    (MB):     4634.98 (min)       5048.46 (max)       4781.02 (avg)
 [ 02-28-2025  16:17:05.805 ] memory: /proc rss      (MB):     2073.57 (min)       2221.79 (max)       2116.84 (avg)
 ==============================================================================
 perf_summary: code performance summary for process            0
                      beginning : 02-28-2025  15:56:56
                         ending : 02-28-2025  16:17:05
   seconds in monitoring period :             1208.972
      number of evolution steps :                   60
 ------------------------------------------------------------------------------
 accounting unit                       time sec  num calls   secs avg  time pct
 ------------------------------------------------------------------------------
 initialization                        274.457      1         274.457    22.702
  eos                                    0.630      8           0.079     0.052
  guardcell internal                    10.579      7           1.511     0.875
   amr_guardcell                         9.968      7           1.424     0.825
   eos gc                                0.000      7           0.000     0.000
  writeCheckpoint                       47.773      1          47.773     3.952
   restrictAll                           6.250      1           6.250     0.517
  writePlotfile                          5.430      1           5.430     0.449
 writePlotfile                           6.956      1           6.956     0.575
 evolution                             927.361      1         927.361    76.707
  Hydro                                456.199     60           7.603    37.734
   Head                                 97.010     60           1.617     8.024
    guardcell internal                  97.009     60           1.617     8.024
     amr_guardcell                      89.329     60           1.489     7.389
     eos gc                              0.003     60           0.000     0.000
   compute fluxes                      342.547     60           5.709    28.334
    hy_computeFluxes                   342.543   1632           0.210    28.333
     RiemannState                      295.174   1632           0.181    24.415
     getFaceFlux                        46.989   1632           0.029     3.887
   conserveFluxes                        0.141     60           0.002     0.012
   update solution                      16.356     60           0.273     1.353
    update solution body                16.352   1632           0.010     1.353
     unsplitUpdate                       5.976   1632           0.004     0.494
  sourceTerms                            0.000     60           0.000     0.000
  Particles_advance                      0.000     60           0.000     0.000
  Gravity potential                      0.000     60           0.000     0.000
  IO_output                            268.713    120           2.239    22.227
   diagnostics                         128.494    120           1.071    10.628
   checkpointing                       140.169      6          23.361    11.594
    writeCheckpoint                    140.167      6          23.361    11.594
     restrictAll                        38.631      6           6.439     3.195
  Grid_updateRefinement                199.914     60           3.332    16.536
   eos                                   0.942      5           0.188     0.078
   tree                                198.972     60           3.316    16.458
    markRefineDerefine                  56.064     30           1.869     4.637
     guardcell internal                 48.656     30           1.622     4.025
      amr_guardcell                     44.783     30           1.493     3.704
      eos gc                             0.001     30           0.000     0.000
    amr_refine_derefine                139.700     30           4.657    11.555
    updateData                           0.001     30           0.000     0.000
   updateParticleRefinement              0.000      5           0.000     0.000
  Driver_computeDt                       2.490     60           0.041     0.206
 ==============================================================================
 [ 02-28-2025  16:17:05.947 ] [Timers_getSummary]: Not writing timer max/min/avg values because not all processors had same timers
 [ 02-28-2025  16:17:05.991 ] LOGFILE_END: FLASH run complete.
 FLASH log file:  02-28-2025  16:17:27.949    Run number:  1
 ==============================================================================
 Number of MPI tasks:               1792
 MPI version:                          3
 MPI subversion:                       1
 Dimensionality:                       3
 Max Number of Blocks/Proc:          200
 Number x zones:                      32
 Number y zones:                      32
 Number z zones:                      32
 Setup stamp:     Fri Nov 1 14:03:57 2024
 Build stamp:     Fri Nov 1 14:04:23 2024
 System info:     Linux corona211 4.18.0-553.22.1.1toss.t4.x86_64 #1 SMP Tue Sep 24 16:50:00 PDT 2
 Version:         Flash-X 1.0 (heads/main-0-g6040ba49-dirty)                                      
 Build directory: /usr/workspace/ather1/Flash-X/sedov
 Setup syntax:    /usr/workspace/ather1/Flash-X/bin/setup.py Sedov -auto -3d -nxb=32 -nyb=32 -nzb=32 +parallelio -objdir=/usr/workspace/ather1/Flash-X/sedov
 f compiler flags: mpif90 -ggdb -c -O2 -fdefault-real-8 -fdefault-double-8 -Wuninitialized -fallow-argument-mismatch -fallow-argument-mismatch -DMAXBLOCKS=200 -DNXB=32 -DNYB=32 -DNZB=32 -DN_DIM=3
 c compiler flags:    mpicc -I/p/lustre2/ather1/hdf5-1.14.4-3/install/include -DH5_USE_18_API -ggdb -c -O2 -Wuninitialized -D_FORTIFY_SOURCE=2 -DMAXBLOCKS=200 -DNXB=32 -DNYB=32 -DNZB=32 -DN_DIM=3
 ==============================================================================
 Comment:  Sedov explosion
 ==============================================================================
 FLASH Units used:
   Driver/DriverMain/Unsplit
   Grid/GridBoundaryConditions
   Grid/GridMain/AMR/Paramesh4/PM4_package/flash_avoid_orrery
   Grid/GridMain/AMR/Paramesh4/PM4_package/headers
   Grid/GridMain/AMR/Paramesh4/PM4_package/source
   Grid/GridMain/AMR/Paramesh4/PM4_package/utilities/multigrid
   Grid/GridMain/AMR/Paramesh4/interpolation/prolong
   Grid/GridMain/AMR/Paramesh4/levelFlux
   Grid/localAPI
   IO/IOMain/hdf5/parallel/PM
   IO/localAPI
   PhysicalConstants/PhysicalConstantsMain
   RuntimeParameters/RuntimeParametersMain
   Simulation/SimulationMain/Sedov
   TimeAdvance/TimeAdvanceMain/StrangSplit
   flashUtilities/contiguousConversion
   flashUtilities/general
   flashUtilities/interpolation/oneDim
   flashUtilities/nameValueLL
   flashUtilities/sorting/quicksort
   flashUtilities/system/memoryUsage/legacy
   monitors/Logfile/LogfileMain
   monitors/Timers/TimersMain/MPINative
   physics/Eos/EosMain/Gamma
   physics/Hydro/HydroMain/unsplit/OnlyHydro
   physics/Hydro/HydroMain/unsplit/levelFlux
   physics/Hydro/localAPI
 ==============================================================================
 RuntimeParameters:
                                                                               
 ==============================================================================
bndpriorityone              =          1
bndprioritythree            =          3
bndprioritytwo              =          2
checkpointfileintervalstep  =         10 [CHANGED]
checkpointfilenumber        =          0
dr_abortpause               =          2
dr_dtminbelowaction         =          1
drift_break_inst            =          0
drift_trunc_mantissa        =          2
drift_verbose_inst          =          0
eos_entrelescalechoice      =          6
eos_loglevel                =        700
fileformatversion           =          9
forcedplotfilenumber        =          0
gr_lrefmaxtimevalue_1       =         -1
gr_lrefmaxtimevalue_10      =         -1
gr_lrefmaxtimevalue_11      =         -1
gr_lrefmaxtimevalue_12      =         -1
gr_lrefmaxtimevalue_13      =         -1
gr_lrefmaxtimevalue_14      =         -1
gr_lrefmaxtimevalue_15      =         -1
gr_lrefmaxtimevalue_16      =         -1
gr_lrefmaxtimevalue_17      =         -1
gr_lrefmaxtimevalue_18      =         -1
gr_lrefmaxtimevalue_19      =         -1
gr_lrefmaxtimevalue_2       =         -1
gr_lrefmaxtimevalue_20      =         -1
gr_lrefmaxtimevalue_3       =         -1
gr_lrefmaxtimevalue_4       =         -1
gr_lrefmaxtimevalue_5       =         -1
gr_lrefmaxtimevalue_6       =         -1
gr_lrefmaxtimevalue_7       =         -1
gr_lrefmaxtimevalue_8       =         -1
gr_lrefmaxtimevalue_9       =         -1
gr_pmrpdivergencefree       =         -1
gr_pmrpifaceoff             =          0
gr_pmrpl2p5d                =          0
gr_pmrpmaxblocks            =         -1
gr_pmrpmflags               =          1
gr_pmrpnboundaries          =          6
gr_pmrpndim                 =          3
gr_pmrpnedgevar1            =         -1
gr_pmrpnfacevar             =         -1
gr_pmrpnfielddivf           =         -1
gr_pmrpnfluxvar             =         -1
gr_pmrpnguard               =         -1
gr_pmrpnguardwork           =         -1
gr_pmrpnvar                 =         -1
gr_pmrpnvarwork             =          1
gr_pmrpnvarcorn             =          0
gr_pmrpnvaredge             =          0
gr_pmrpnxb                  =         -1
gr_pmrpnyb                  =         -1
gr_pmrpnzb                  =         -1
gr_restrictallmethod        =          3
gr_sanitizedatamode         =          1
gr_sanitizeverbosity        =          5
gr_tilesizex                =         32
gr_tilesizey                =         32
gr_tilesizez                =         32
hy_3torder                  =         -1
hydrocomputedtoption        =         -1
iprocs                      =          1
interpol_order              =          2
irenorm                     =          0
jprocs                      =          1
kprocs                      =          1
lrefine_del                 =          0
lrefine_max                 =          6 [CHANGED]
lrefine_min                 =          1
lrefine_min_init            =          1
max_particles_per_blk       =        100
memory_stat_freq            =     100000
meshcopycount               =          1
min_particles_per_blk       =          1
nbegin                      =          1
nblockx                     =         32 [CHANGED]
nblocky                     =         32 [CHANGED]
nblockz                     =         32 [CHANGED]
nend                        =         60 [CHANGED]
nrefs                       =          2
nsteptotalsts               =          5
order                       =          3 [CHANGED]
outputsplitnum              =          1
plotfileintervalstep        =          0
plotfilenumber              =          0
refine_var_count            =          4
rolling_checkpoint          =      10000
sim_centerrefinelevel       =          1
sim_integralslevel          =         -1
sim_nsubzones               =          7
sweeporder                  =        123
transorder                  =          1
wr_integrals_freq           =          1
limitedslopebeta            =                 0.100E+01
cfl                         =                 0.800E+00
checkpointfileintervaltime  =                 0.000E+00 [CHANGED]
checkpointfileintervalz     =                 0.180+309
cvisc                       =                 0.100E+00
derefine_cutoff_1           =                 0.200E+00
derefine_cutoff_2           =                 0.200E+00
derefine_cutoff_3           =                 0.200E+00
derefine_cutoff_4           =                 0.200E+00
dr_dtmincontinue            =                 0.000E+00
dr_tstepslowstartfactor     =                 0.100E+00
dtinit                      =                 0.100E-09
dtmax                       =                 0.100E+06
dtmin                       =                 0.100E-09
eintswitch                  =                 0.100E-03 [CHANGED]
eos_singlespeciesa          =                 0.100E+01
eos_singlespeciesz          =                 0.100E+01
gamma                       =                 0.140E+01 [CHANGED]
gr_btworkchildscaling       =                 0.100E+01
gr_btworkdefaultleaf        =                 0.200E+01
gr_btworkdefaultpar         =                 0.100E+01
gr_btworklbleaf             =                 0.000E+00
gr_btworklbpar              =                 0.000E+00
gr_btworkubleaf             =                 0.100E+07
gr_btworkubpar              =                 0.100E+07
gr_lrefinemaxredlogbase     =                 0.100E+02
gr_lrefinemaxredradiusfact  =                 0.000E+00
gr_lrefinemaxredtref        =                 0.000E+00
gr_lrefinemaxredtimescale   =                 0.100E+01
gr_lrefmaxtime_1            =                -0.100E+01
gr_lrefmaxtime_10           =                -0.100E+01
gr_lrefmaxtime_11           =                -0.100E+01
gr_lrefmaxtime_12           =                -0.100E+01
gr_lrefmaxtime_13           =                -0.100E+01
gr_lrefmaxtime_14           =                -0.100E+01
gr_lrefmaxtime_15           =                -0.100E+01
gr_lrefmaxtime_16           =                -0.100E+01
gr_lrefmaxtime_17           =                -0.100E+01
gr_lrefmaxtime_18           =                -0.100E+01
gr_lrefmaxtime_19           =                -0.100E+01
gr_lrefmaxtime_2            =                -0.100E+01
gr_lrefmaxtime_20           =                -0.100E+01
gr_lrefmaxtime_3            =                -0.100E+01
gr_lrefmaxtime_4            =                -0.100E+01
gr_lrefmaxtime_5            =                -0.100E+01
gr_lrefmaxtime_6            =                -0.100E+01
gr_lrefmaxtime_7            =                -0.100E+01
gr_lrefmaxtime_8            =                -0.100E+01
gr_lrefmaxtime_9            =                -0.100E+01
hy_cflfallbackfactor        =                 0.900E+00
hy_fpresinmomflux           =                 0.100E+01
hybridorderkappa            =                 0.000E+00
nusts                       =                 0.200E+00 [CHANGED]
plotfileintervaltime        =                 0.000E+00 [CHANGED]
plotfileintervalz           =                 0.180+309
radiusgp                    =                 0.200E+01
refine_cutoff_1             =                 0.800E+00
refine_cutoff_2             =                 0.800E+00
refine_cutoff_3             =                 0.800E+00
refine_cutoff_4             =                 0.800E+00
refine_filter_1             =                 0.100E-01
refine_filter_2             =                 0.100E-01
refine_filter_3             =                 0.100E-01
refine_filter_4             =                 0.100E-01
rss_limit                   =                -0.100E+01
sigmagp                     =                 0.300E+01
sim_derefineradius          =                 0.000E+00
sim_earliestlstime          =                 0.000E+00
sim_expenergy               =                 0.100E+01
sim_largestnormradius       =                 0.180+309
sim_latestlstime            =                 0.180+309
sim_minrhoinit              =                 0.100E-19
sim_pambient                =                 0.100E-04
sim_rinit                   =                 0.137E-01 [CHANGED]
sim_rhoambient              =                 0.100E+01
sim_smallestnormradius      =                 0.000E+00
sim_xctr                    =                 0.500E+00
sim_yctr                    =                 0.500E+00
sim_zctr                    =                 0.500E+00
small                       =                 0.100E-09
smalle                      =                 0.100E-09
smallp                      =                 0.100E-09
smallt                      =                 0.100E-09
smallu                      =                 0.100E-09
smallx                      =                 0.100E-09
smlrho                      =                 0.100E-09
tinitial                    =                 0.000E+00
tiny                        =                 0.100E-15
tmax                        =                 0.500E+06 [CHANGED]
tstep_change_factor         =                 0.200E+01
wall_clock_checkpoint       =                 0.432E+05
wall_clock_time_limit       =                 0.605E+06
x_refine_center             =                 0.000E+00
xmax                        =                 0.100E+01
xmin                        =                 0.000E+00
y_refine_center             =                 0.000E+00
ymax                        =                 0.100E+01
ymin                        =                 0.000E+00
zfinal                      =                 0.000E+00
zinitial                    =                -0.100E+01
z_refine_center             =                 0.000E+00
zmax                        =                 0.100E+01
zmin                        =                 0.000E+00
riemannsolver               = Roe                            [CHANGED]
unitsystem                  = none                          
basenm                      = sedov_                         [CHANGED]
entropyfixmethod            = HARTENHYMAN                   
eosmode                     = dens_ie                       
eosmodeinit                 = dens_ie                       
geometry                    = cartesian                     
gr_pmrpoutputdir            = ./                            
grav_boundary_type          = isolated                      
hy_eosmodegc                = see eosMode                   
log_file                    = sedov.log                      [CHANGED]
output_directory            =                               
pc_unitsbase                = CGS                           
plot_grid_var_1             = none                          
plot_grid_var_10            = none                          
plot_grid_var_11            = none                          
plot_grid_var_12            = none                          
plot_grid_var_13            = none                          
plot_grid_var_14            = none                          
plot_grid_var_15            = none                          
plot_grid_var_16            = none                          
plot_grid_var_17            = none                          
plot_grid_var_18            = none                          
plot_grid_var_19            = none                          
plot_grid_var_2             = none                          
plot_grid_var_20            = none                          
plot_grid_var_21            = none                          
plot_grid_var_22            = none                          
plot_grid_var_23            = none                          
plot_grid_var_24            = none                          
plot_grid_var_25            = none                          
plot_grid_var_26            = none                          
plot_grid_var_27            = none                          
plot_grid_var_28            = none                          
plot_grid_var_29            = none                          
plot_grid_var_3             = none                          
plot_grid_var_30            = none                          
plot_grid_var_31            = none                          
plot_grid_var_32            = none                          
plot_grid_var_33            = none                          
plot_grid_var_34            = none                          
plot_grid_var_35            = none                          
plot_grid_var_36            = none                          
plot_grid_var_37            = none                          
plot_grid_var_38            = none                          
plot_grid_var_39            = none                          
plot_grid_var_4             = none                          
plot_grid_var_40            = none                          
plot_grid_var_41            = none                          
plot_grid_var_42            = none                          
plot_grid_var_43            = none                          
plot_grid_var_44            = none                          
plot_grid_var_45            = none                          
plot_grid_var_46            = none                          
plot_grid_var_47            = none                          
plot_grid_var_48            = none                          
plot_grid_var_49            = none                          
plot_grid_var_5             = none                          
plot_grid_var_50            = none                          
plot_grid_var_51            = none                          
plot_grid_var_52            = none                          
plot_grid_var_53            = none                          
plot_grid_var_54            = none                          
plot_grid_var_55            = none                          
plot_grid_var_56            = none                          
plot_grid_var_57            = none                          
plot_grid_var_58            = none                          
plot_grid_var_59            = none                          
plot_grid_var_6             = none                          
plot_grid_var_60            = none                          
plot_grid_var_61            = none                          
plot_grid_var_62            = none                          
plot_grid_var_63            = none                          
plot_grid_var_64            = none                          
plot_grid_var_65            = none                          
plot_grid_var_66            = none                          
plot_grid_var_67            = none                          
plot_grid_var_68            = none                          
plot_grid_var_69            = none                          
plot_grid_var_7             = none                          
plot_grid_var_70            = none                          
plot_grid_var_71            = none                          
plot_grid_var_72            = none                          
plot_grid_var_73            = none                          
plot_grid_var_74            = none                          
plot_grid_var_75            = none                          
plot_grid_var_76            = none                          
plot_grid_var_77            = none                          
plot_grid_var_78            = none                          
plot_grid_var_8             = none                          
plot_grid_var_9             = none                          
plot_var_1                  = dens                           [CHANGED]
plot_var_10                 = none                          
plot_var_11                 = none                          
plot_var_12                 = none                          
plot_var_13                 = none                          
plot_var_14                 = none                          
plot_var_15                 = none                          
plot_var_16                 = none                          
plot_var_17                 = none                          
plot_var_18                 = none                          
plot_var_2                  = pres                           [CHANGED]
plot_var_3                  = temp                           [CHANGED]
plot_var_4                  = none                          
plot_var_5                  = none                          
plot_var_6                  = none                          
plot_var_7                  = none                          
plot_var_8                  = none                          
plot_var_9                  = none                          
prof_file                   = profile.dat                   
refine_var_1                = dens                           [CHANGED]
refine_var_2                = pres                           [CHANGED]
refine_var_3                = none                          
refine_var_4                = none                          
run_comment                 = Sedov explosion                [CHANGED]
run_number                  = 1                             
sim_proffilename            = /dev/null                      [CHANGED]
slopelimiter                = mc                             [CHANGED]
stats_file                  = flashx.dat                    
wenomethod                  = WENO5                         
xl_boundary_type            = outflow                        [CHANGED]
xr_boundary_type            = outflow                        [CHANGED]
yl_boundary_type            = outflow                        [CHANGED]
yr_boundary_type            = outflow                        [CHANGED]
zl_boundary_type            = outflow                        [CHANGED]
zr_boundary_type            = outflow                        [CHANGED]
csvsummaryallprocs          =  F
eosforriemann               =  F
logsummaryallprocs          =  F
addthermalflux              =  T
allowdtstsdominate          =  F
alwayscomputeuservars       =  T
alwaysrestrictcheckpoint    =  T
charlimiting                =  T
chkguardcellsinput          =  F
chkguardcellsoutput         =  F
conserveangmom              =  F
converttoconsvdformeshcalls =  F
converttoconsvdinmeshinterp =  T
corners                     =  F
dr_printtsteploc            =  T
dr_shortenlaststepbeforetmax =  F
drift_tuples                =  F
eachprocwritesownabortlog   =  F
eachprocwritessummary       =  F
earlyblockdistadjustment    =  T
enablemaskedgcfill          =  F
entropy                     =  F
flux_correct                =  T
flux_correct_perlevel       =  F
geometryoverride            =  F
gr_bcenableapplymixedgds    =  T
gr_bndgcfillneedsprimitivevars =  T
gr_btcustomwork             =  F
gr_btexchangework           =  F
gr_btsortbywork             =  T
gr_enabletiling             =  F
gr_lrefinemaxbytime         =  F
gr_lrefinemaxreddobylogr    =  F
gr_lrefinemaxreddobytime    =  F
gr_pmrpadvancealllevels     =  F
gr_pmrpamrerrorchecking     =  F
gr_pmrpcartesianpm          =  F
gr_pmrpconserve             =  F
gr_pmrpconsvfluxdensities   =  T
gr_pmrpconsvfluxes          =  F
gr_pmrpcurvilinear          =  F
gr_pmrpcurvilinearconserve  =  F
gr_pmrpcylindricalpm        =  F
gr_pmrpdiagonals            =  T
gr_pmrpedgevalue            =  T
gr_pmrpedgevalueinteg       =  F
gr_pmrpemptycells           =  F
gr_pmrpforceconsistency     =  T
gr_pmrplsingularline        =  F
gr_pmrpnopermanentguardcells =  F
gr_pmrppolarpm              =  F
gr_pmrppredcorr             =  F
gr_pmrpsphericalpm          =  F
gr_pmrptimingmpi            =  F
gr_pmrptimingmpix           =  F
gr_pmrpvardt                =  F
gr_usetiling                =  F
hy_fallbacklowercfl         =  F
hy_fullspecmsfluxhandling   =  T
hy_usetiling                =  F
ignoreforcedplot            =  F
io_writemscalarintegrals    =  F
plotfilegridquantitydp      =  F
plotfilemetadatadp          =  F
reducegcellfills            =  F
refine_on_particle_count    =  F
restart                     =  F
shockdetect                 =  F
shocklowercfl               =  F
sim_bcsetbdryvar            =  F
sim_forcecenterderefine     =  F
sim_onelevelintegralsonly   =  F
summaryoutputonly           =  F
threadblocklistbuild        =  F
threaddelepblocklist        =  F
threaddelepwithinblock      =  F
threaddriverblocklist       =  F
threaddriverwithinblock     =  F
threadeoswithinblock        =  F
threadhydroblocklist        =  F
threadhydrowithinblock      =  F
threadraytracebuild         =  F
threadwithinblockbuild      =  F
tmr_suppressinparallel      =  F
typematchedxfer             =  T
unbiased_geometry           =  F
updatehydrofluxes           =  T
useburn                     =  F
usecollectivehdf5           =  T
usedeleptonize              =  F
usegravity                  =  F
useheatad                   =  F
useheater                   =  F
usehydro                    =  T
useimbound                  =  F
useincompns                 =  F
useinlet                    =  F
uselegacylabels             =  T
usemultiphase               =  F
useorchestration            =  F
useoutlet                   =  F
useparticles                =  F
useradtrans                 =  F
usests                      =  F
usestsfordiffusion          =  F
usesolidmechanics           =  F
use_3dfullctu               =  T
use_auxeinteqn              =  T
use_avisc                   =  T [CHANGED]
use_cma_advection           =  F
use_cma_flattening          =  F
use_flash_surr_blks_fill    =  T
use_flattening              =  F
use_gravhalfupdate          =  T
use_hybridorder             =  F
use_reduced_orrery          =  T
use_steepening              =  F
use_upwindtvd               =  F
writestatsummary            =  T
                                                                               
 ==============================================================================
                                                                               
 Known units of measurement:
                                                                               
              Unit                          CGS Value                Base Unit
  1                  cm                     1.0000                           cm
  2                   s                     1.0000                            s
  3                   g                     1.0000                            g
  4                   K                     1.0000                            K
  5                 esu                     1.0000                          esu
  6                 mol                     1.0000                          mol
  7                   m                     100.00                           cm
  8                  km                    1.00000E+05                       cm
  9                  pc                    3.08568E+18                       cm
 10                 kpc                    3.08568E+21                       cm
 11                 Mpc                    3.08568E+24                       cm
 12                 Gpc                    3.08568E+27                       cm
 13                Rsun                    6.96000E+10                       cm
 14                  AU                    1.49598E+13                       cm
 15                  yr                    3.15569E+07                        s
 16                 Myr                    3.15569E+13                        s
 17                 Gyr                    3.15569E+16                        s
 18                  kg                     1000.0                            g
 19                Msun                    1.98892E+33                        g
 20                 amu                    1.66054E-24                        g
 21                  eV                     11605.                            K
 22                   C                    2.99792E+09                      esu
 23                LFLY                    3.08568E+24                       cm
 24                TFLY                    2.05759E+17                        s
 25                MFLY                    9.88470E+45                        g
 26            clLength                    3.08568E+24                       cm
 27              clTime                    3.15569E+16                        s
 28              clMass                    1.98892E+48                        g
 29              clTemp                    1.16045E+07                        K
-----------End of Units--------------------
                                                                               
 Known physical constants:
                                                                               
    Constant Name       Constant Value   cm       s        g        K        esu      mol
  1              Newton    6.67408E-08   3.0     -2.0     -1.0      0.0      0.0      0.0    
  2      speed of light    2.99792E+10   1.0     -1.0      0.0      0.0      0.0      0.0    
  3              Planck    6.62607E-27   2.0     -1.0      1.0      0.0      0.0      0.0    
  4     electron charge    4.80320E-10   0.0      0.0      0.0      0.0      1.0      0.0    
  5       electron mass    9.10938E-28   0.0      0.0      1.0      0.0      0.0      0.0    
  6         proton mass    1.67262E-24   0.0      0.0      1.0      0.0      0.0      0.0    
  7      fine-structure    7.29735E-03   0.0      0.0      0.0      0.0      0.0      0.0    
  8            Avogadro    6.02214E+23   0.0      0.0      0.0      0.0      0.0     -1.0    
  9           Boltzmann    1.38065E-16   2.0     -2.0      1.0     -1.0      0.0      0.0    
 10  ideal gas constant    8.31446E+07   2.0     -2.0      1.0     -1.0      0.0     -1.0    
 11                Wien    0.28978       1.0      0.0      0.0      1.0      0.0      0.0    
 12    Stefan-Boltzmann    5.67037E-05   0.0     -3.0      1.0     -4.0      0.0      0.0    
 13  Radiation Constant    7.56572E-15  -1.0     -2.0      1.0     -4.0      0.0      0.0    
 14                  pi     3.1416       0.0      0.0      0.0      0.0      0.0      0.0    
 15                   e     2.7183       0.0      0.0      0.0      0.0      0.0      0.0    
 16               Euler    0.57722       0.0      0.0      0.0      0.0      0.0      0.0    
 ==============================================================================
                                                                               
 Multifluid database: not configured in
                                                                               
 ==============================================================================
 [ 02-28-2025  16:17:27.951 ] [gr_initGeometry] checking BCs for idir: 1
 [ 02-28-2025  16:17:27.951 ] [gr_initGeometry] checking BCs for idir: 2
 [ 02-28-2025  16:17:27.951 ] [gr_initGeometry] checking BCs for idir: 3
 [ 02-28-2025  16:17:29.931 ] [GRID amr_refine_derefine]: initiating refinement
 [ 02-28-2025  16:17:29.931 ] [GRID amr_refine_derefine]: redist. phase.  tot blks requested: 32768
 [GRID amr_refine_derefine] min blks 18    max blks 19    tot blks 32768
 [GRID amr_refine_derefine] min leaf blks 18    max leaf blks 19    tot leaf blks 32768
 [ 02-28-2025  16:17:30.373 ] [GRID amr_refine_derefine]: refinement complete
 [ 02-28-2025  16:17:42.671 ] [GRID gr_expandDomain]: iteration=1, create level=2
 INFO: Grid_fillGuardCells is ignoring masking.
 [ 02-28-2025  16:18:00.580 ] [mpi_amr_comm_setup]: buffer_dim_send=5176573, buffer_dim_recv=3646981
 [ 02-28-2025  16:18:03.583 ] [GRID amr_refine_derefine]: initiating refinement
 [ 02-28-2025  16:18:03.598 ] [GRID amr_refine_derefine]: redist. phase.  tot blks requested: 32832
 [GRID amr_refine_derefine] min blks 18    max blks 19    tot blks 32832
 [GRID amr_refine_derefine] min leaf blks 17    max leaf blks 19    tot leaf blks 32824
 [ 02-28-2025  16:18:03.863 ] [GRID amr_refine_derefine]: refinement complete
 [ 02-28-2025  16:18:03.866 ] [GRID gr_expandDomain]: iteration=2, create level=3
 [ 02-28-2025  16:18:25.424 ] [GRID amr_refine_derefine]: initiating refinement
 [ 02-28-2025  16:18:25.446 ] [GRID amr_refine_derefine]: redist. phase.  tot blks requested: 32896
 [GRID amr_refine_derefine] min blks 18    max blks 20    tot blks 32896
 [GRID amr_refine_derefine] min leaf blks 17    max leaf blks 19    tot leaf blks 32880
 [ 02-28-2025  16:18:25.716 ] [GRID amr_refine_derefine]: refinement complete
 [ 02-28-2025  16:18:25.719 ] [GRID gr_expandDomain]: iteration=3, create level=4
 [ 02-28-2025  16:18:47.358 ] [GRID amr_refine_derefine]: initiating refinement
 [ 02-28-2025  16:18:47.375 ] [GRID amr_refine_derefine]: redist. phase.  tot blks requested: 34304
 [GRID amr_refine_derefine] min blks 19    max blks 22    tot blks 34304
 [GRID amr_refine_derefine] min leaf blks 17    max leaf blks 20    tot leaf blks 34112
 [ 02-28-2025  16:18:47.856 ] [GRID amr_refine_derefine]: refinement complete
 [ 02-28-2025  16:18:47.862 ] [GRID gr_expandDomain]: iteration=4, create level=5
 [ 02-28-2025  16:19:07.582 ] [mpi_amr_comm_setup]: buffer_dim_send=5313661, buffer_dim_recv=4312081
 [ 02-28-2025  16:19:10.323 ] [GRID amr_refine_derefine]: initiating refinement
 [ 02-28-2025  16:19:10.338 ] [GRID amr_refine_derefine]: redist. phase.  tot blks requested: 37312
 [GRID amr_refine_derefine] min blks 20    max blks 24    tot blks 37312
 [GRID amr_refine_derefine] min leaf blks 18    max leaf blks 21    tot leaf blks 36744
 [ 02-28-2025  16:19:10.862 ] [GRID amr_refine_derefine]: refinement complete
 [ 02-28-2025  16:19:10.869 ] [GRID gr_expandDomain]: iteration=5, create level=6
 [ 02-28-2025  16:19:32.604 ] [mpi_amr_comm_setup]: buffer_dim_send=5713933, buffer_dim_recv=4459801
 [ 02-28-2025  16:19:34.809 ] [GRID amr_refine_derefine]: initiating refinement
 [ 02-28-2025  16:19:34.828 ] [GRID amr_refine_derefine]: redist. phase.  tot blks requested: 48768
 [GRID amr_refine_derefine] min blks 26    max blks 30    tot blks 48768
 [GRID amr_refine_derefine] min leaf blks 23    max leaf blks 27    tot leaf blks 46768
 [ 02-28-2025  16:19:35.556 ] [GRID amr_refine_derefine]: refinement complete
 [ 02-28-2025  16:19:35.566 ] [GRID gr_expandDomain]: iteration=6, create level=6
 [ 02-28-2025  16:20:03.507 ] [mpi_amr_comm_setup]: buffer_dim_send=7881145, buffer_dim_recv=5392297
 [ 02-28-2025  16:20:06.711 ] [GRID gr_expandDomain]: iteration=7, create level=6
 [ 02-28-2025  16:20:37.836 ] [GRID gr_expandDomain]: iteration=8, create level=6
 [ 02-28-2025  16:21:07.392 ] memory: /proc vsize    (MB):     4528.17 (min)       4791.78 (max)       4698.97 (avg)
 [ 02-28-2025  16:21:07.392 ] memory: /proc rss      (MB):     1839.69 (min)       1925.82 (max)       1861.20 (avg)
 [ 02-28-2025  16:21:07.394 ] memory: /proc vsize    (MB):     4528.17 (min)       4791.78 (max)       4698.97 (avg)
 [ 02-28-2025  16:21:07.394 ] memory: /proc rss      (MB):     1839.69 (min)       1925.82 (max)       1861.20 (avg)
 [ 02-28-2025  16:21:07.440 ] memory: /proc vsize    (MB):     4528.17 (min)       4791.78 (max)       4698.97 (avg)
 [ 02-28-2025  16:21:07.440 ] memory: /proc rss      (MB):     1839.69 (min)       1925.82 (max)       1861.20 (avg)
 [ 02-28-2025  16:21:14.167 ] [IO_writeCheckpoint] open: type=checkpoint name=sedov_hdf5_chk_0000
 [ 02-28-2025  16:21:52.369 ] [io_writeData]: wrote   48768          blocks
 [ 02-28-2025  16:21:52.381 ] [IO_writeCheckpoint] close: type=checkpoint name=sedov_hdf5_chk_0000
 [ 02-28-2025  16:21:52.546 ] [IO_writePlotfile] open: type=plotfile name=sedov_hdf5_plt_cnt_0000
 [ 02-28-2025  16:21:57.212 ] [io_writeData]: wrote   48768          blocks
 [ 02-28-2025  16:21:57.222 ] [IO_writePlotfile] close: type=plotfile name=sedov_hdf5_plt_cnt_0000
 [ 02-28-2025  16:21:57.223 ] memory: /proc vsize    (MB):     4545.48 (min)       5016.28 (max)       4718.69 (avg)
 [ 02-28-2025  16:21:57.224 ] memory: /proc rss      (MB):     1846.57 (min)       1940.76 (max)       1871.51 (avg)
 [ 02-28-2025  16:21:57.224 ] [Driver_evolveAll]: Entering evolution loop
 [ 02-28-2025  16:21:57.224 ] step: n=1 t=0.000000E+00 dt=1.000000E-10
 [ 02-28-2025  16:22:06.878 ] step: n=2 t=1.000000E-10 dt=2.000000E-10
 [ 02-28-2025  16:22:22.831 ] step: n=3 t=3.000000E-10 dt=4.000000E-10
 [ 02-28-2025  16:22:32.417 ] step: n=4 t=7.000000E-10 dt=8.000000E-10
 [ 02-28-2025  16:22:48.406 ] step: n=5 t=1.500000E-09 dt=1.600000E-09
 [ 02-28-2025  16:22:58.014 ] step: n=6 t=3.100000E-09 dt=3.200000E-09
 [ 02-28-2025  16:23:14.056 ] step: n=7 t=6.300000E-09 dt=6.400000E-09
 [ 02-28-2025  16:23:23.698 ] step: n=8 t=1.270000E-08 dt=1.280000E-08
 [ 02-28-2025  16:23:39.772 ] step: n=9 t=2.550000E-08 dt=2.560000E-08
 [ 02-28-2025  16:23:49.433 ] step: n=10 t=5.110000E-08 dt=5.120000E-08
 [ 02-28-2025  16:24:11.825 ] [IO_writeCheckpoint] open: type=checkpoint name=sedov_hdf5_chk_0001
 [ 02-28-2025  16:24:49.770 ] [io_writeData]: wrote   48768          blocks
 [ 02-28-2025  16:24:49.777 ] [IO_writeCheckpoint] close: type=checkpoint name=sedov_hdf5_chk_0001
 [ 02-28-2025  16:24:49.778 ] step: n=11 t=1.023000E-07 dt=1.024000E-07
 [ 02-28-2025  16:24:59.429 ] step: n=12 t=2.047000E-07 dt=9.937542E-08
 [ 02-28-2025  16:25:15.464 ] step: n=13 t=3.040754E-07 dt=9.615282E-08
 [ 02-28-2025  16:25:25.161 ] step: n=14 t=4.002282E-07 dt=9.325600E-08
 [ 02-28-2025  16:25:41.273 ] step: n=15 t=4.934842E-07 dt=9.058955E-08
 [ 02-28-2025  16:25:50.943 ] step: n=16 t=5.840738E-07 dt=8.822195E-08
 [ 02-28-2025  16:26:07.013 ] step: n=17 t=6.722957E-07 dt=8.592743E-08
 [ 02-28-2025  16:26:16.698 ] step: n=18 t=7.582232E-07 dt=8.368672E-08
 [ 02-28-2025  16:26:32.771 ] step: n=19 t=8.419099E-07 dt=8.162257E-08
 [ 02-28-2025  16:26:42.452 ] step: n=20 t=9.235325E-07 dt=7.981691E-08
 [ 02-28-2025  16:27:04.934 ] [IO_writeCheckpoint] open: type=checkpoint name=sedov_hdf5_chk_0002
 [ 02-28-2025  16:27:42.859 ] [io_writeData]: wrote   48768          blocks
 [ 02-28-2025  16:27:42.869 ] [IO_writeCheckpoint] close: type=checkpoint name=sedov_hdf5_chk_0002
 [ 02-28-2025  16:27:42.870 ] step: n=21 t=1.003349E-06 dt=7.822053E-08
 [ 02-28-2025  16:27:52.548 ] step: n=22 t=1.081570E-06 dt=7.684528E-08
 [ 02-28-2025  16:28:08.622 ] step: n=23 t=1.158415E-06 dt=7.555985E-08
 [ 02-28-2025  16:28:18.280 ] step: n=24 t=1.233975E-06 dt=7.447396E-08
 [ 02-28-2025  16:28:34.218 ] [GRID amr_refine_derefine]: initiating refinement
 [ 02-28-2025  16:28:34.228 ] [GRID amr_refine_derefine]: redist. phase.  tot blks requested: 49152
 [GRID amr_refine_derefine] min blks 26    max blks 30    tot blks 49152
 [GRID amr_refine_derefine] min leaf blks 24    max leaf blks 27    tot leaf blks 47104
 [ 02-28-2025  16:28:34.891 ] [GRID amr_refine_derefine]: refinement complete
 [ 02-28-2025  16:28:35.487 ] step: n=25 t=1.308449E-06 dt=7.359418E-08
 [ 02-28-2025  16:28:35.487 ] [mpi_amr_comm_setup]: buffer_dim_send=7863733, buffer_dim_recv=5392297
 [ 02-28-2025  16:28:45.226 ] step: n=26 t=1.382043E-06 dt=7.289860E-08
 [ 02-28-2025  16:29:01.329 ] step: n=27 t=1.454942E-06 dt=7.238261E-08
 [ 02-28-2025  16:29:11.072 ] step: n=28 t=1.527324E-06 dt=7.195505E-08
 [ 02-28-2025  16:29:27.189 ] step: n=29 t=1.599279E-06 dt=7.160819E-08
 [ 02-28-2025  16:29:36.936 ] step: n=30 t=1.670888E-06 dt=7.137201E-08
 [ 02-28-2025  16:29:59.484 ] [IO_writeCheckpoint] open: type=checkpoint name=sedov_hdf5_chk_0003
 [ 02-28-2025  16:30:38.401 ] [io_writeData]: wrote   49152          blocks
 [ 02-28-2025  16:30:38.407 ] [IO_writeCheckpoint] close: type=checkpoint name=sedov_hdf5_chk_0003
 [ 02-28-2025  16:30:38.408 ] step: n=31 t=1.742260E-06 dt=7.124494E-08
 [ 02-28-2025  16:30:48.122 ] step: n=32 t=1.813505E-06 dt=7.119740E-08
 [ 02-28-2025  16:31:04.216 ] step: n=33 t=1.884702E-06 dt=7.120661E-08
 [ 02-28-2025  16:31:13.953 ] step: n=34 t=1.955909E-06 dt=7.122364E-08
 [ 02-28-2025  16:31:29.996 ] step: n=35 t=2.027132E-06 dt=7.124414E-08
 [ 02-28-2025  16:31:39.682 ] step: n=36 t=2.098376E-06 dt=7.127462E-08
 [ 02-28-2025  16:31:55.630 ] [GRID amr_refine_derefine]: initiating refinement
 [ 02-28-2025  16:31:55.642 ] [GRID amr_refine_derefine]: redist. phase.  tot blks requested: 49920
 [GRID amr_refine_derefine] min blks 27    max blks 31    tot blks 49920
 [GRID amr_refine_derefine] min leaf blks 24    max leaf blks 28    tot leaf blks 47776
 [ 02-28-2025  16:31:56.321 ] [GRID amr_refine_derefine]: refinement complete
 [ 02-28-2025  16:31:56.887 ] step: n=37 t=2.169651E-06 dt=7.132802E-08
 [ 02-28-2025  16:31:56.887 ] [mpi_amr_comm_setup]: buffer_dim_send=7338289, buffer_dim_recv=5392297
 [ 02-28-2025  16:32:06.721 ] step: n=38 t=2.240979E-06 dt=7.141305E-08
 [ 02-28-2025  16:32:23.052 ] step: n=39 t=2.312392E-06 dt=7.142860E-08
 [ 02-28-2025  16:32:32.871 ] step: n=40 t=2.383821E-06 dt=7.142437E-08
 [ 02-28-2025  16:32:55.864 ] [IO_writeCheckpoint] open: type=checkpoint name=sedov_hdf5_chk_0004
 [ 02-28-2025  16:33:33.309 ] [io_writeData]: wrote   49920          blocks
 [ 02-28-2025  16:33:33.315 ] [IO_writeCheckpoint] close: type=checkpoint name=sedov_hdf5_chk_0004
 [ 02-28-2025  16:33:33.317 ] step: n=41 t=2.455245E-06 dt=7.141417E-08
 [ 02-28-2025  16:33:43.119 ] step: n=42 t=2.526659E-06 dt=7.140932E-08
 [ 02-28-2025  16:33:59.414 ] step: n=43 t=2.598068E-06 dt=7.141878E-08
 [ 02-28-2025  16:34:09.220 ] step: n=44 t=2.669487E-06 dt=7.142363E-08
 [ 02-28-2025  16:34:25.505 ] step: n=45 t=2.740911E-06 dt=7.140413E-08
 [ 02-28-2025  16:34:35.321 ] step: n=46 t=2.812315E-06 dt=7.140388E-08
 [ 02-28-2025  16:34:51.491 ] [GRID amr_refine_derefine]: initiating refinement
 [ 02-28-2025  16:34:51.503 ] [GRID amr_refine_derefine]: redist. phase.  tot blks requested: 50304
 [GRID amr_refine_derefine] min blks 27    max blks 31    tot blks 50304
 [GRID amr_refine_derefine] min leaf blks 24    max leaf blks 28    tot leaf blks 48112
 [ 02-28-2025  16:34:52.186 ] [GRID amr_refine_derefine]: refinement complete
 [ 02-28-2025  16:34:52.683 ] step: n=47 t=2.883719E-06 dt=7.140292E-08
 [ 02-28-2025  16:34:52.683 ] [mpi_amr_comm_setup]: buffer_dim_send=7910833, buffer_dim_recv=5392297
 [ 02-28-2025  16:35:02.547 ] step: n=48 t=2.955122E-06 dt=7.140606E-08
 [ 02-28-2025  16:35:18.819 ] [GRID amr_refine_derefine]: initiating refinement
 [ 02-28-2025  16:35:18.829 ] [GRID amr_refine_derefine]: redist. phase.  tot blks requested: 50496
 [GRID amr_refine_derefine] min blks 27    max blks 31    tot blks 50496
 [GRID amr_refine_derefine] min leaf blks 24    max leaf blks 28    tot leaf blks 48280
 [ 02-28-2025  16:35:19.296 ] [GRID amr_refine_derefine]: refinement complete
 [ 02-28-2025  16:35:19.774 ] step: n=49 t=3.026528E-06 dt=7.141819E-08
 [ 02-28-2025  16:35:19.775 ] [mpi_amr_comm_setup]: buffer_dim_send=6484429, buffer_dim_recv=4958125
 [ 02-28-2025  16:35:29.714 ] step: n=50 t=3.097946E-06 dt=7.145160E-08
 [ 02-28-2025  16:35:46.191 ] [GRID amr_refine_derefine]: initiating refinement
 [ 02-28-2025  16:35:46.200 ] [GRID amr_refine_derefine]: redist. phase.  tot blks requested: 50688
 [GRID amr_refine_derefine] min blks 27    max blks 31    tot blks 50688
 [GRID amr_refine_derefine] min leaf blks 24    max leaf blks 28    tot leaf blks 48448
 [ 02-28-2025  16:35:46.617 ] [GRID amr_refine_derefine]: refinement complete
 [ 02-28-2025  16:35:53.884 ] [IO_writeCheckpoint] open: type=checkpoint name=sedov_hdf5_chk_0005
 [ 02-28-2025  16:36:33.158 ] [io_writeData]: wrote   50688          blocks
 [ 02-28-2025  16:36:33.166 ] [IO_writeCheckpoint] close: type=checkpoint name=sedov_hdf5_chk_0005
 [ 02-28-2025  16:36:33.168 ] step: n=51 t=3.169398E-06 dt=7.144310E-08
 [ 02-28-2025  16:36:43.514 ] step: n=52 t=3.240841E-06 dt=7.143606E-08
 [ 02-28-2025  16:37:00.526 ] step: n=53 t=3.312277E-06 dt=7.143079E-08
 [ 02-28-2025  16:37:10.896 ] step: n=54 t=3.383708E-06 dt=7.142810E-08
 [ 02-28-2025  16:37:27.932 ] step: n=55 t=3.455136E-06 dt=7.143310E-08
 [ 02-28-2025  16:37:38.269 ] step: n=56 t=3.526569E-06 dt=7.144995E-08
 [ 02-28-2025  16:37:55.283 ] step: n=57 t=3.598019E-06 dt=7.144585E-08
 [ 02-28-2025  16:38:05.678 ] step: n=58 t=3.669465E-06 dt=7.143776E-08
 [ 02-28-2025  16:38:22.680 ] step: n=59 t=3.740902E-06 dt=7.143330E-08
 [ 02-28-2025  16:38:33.058 ] step: n=60 t=3.812336E-06 dt=7.143015E-08
 [ 02-28-2025  16:38:56.860 ] [IO_writeCheckpoint] open: type=checkpoint name=sedov_hdf5_chk_0006
 [ 02-28-2025  16:39:36.965 ] [io_writeData]: wrote   50688          blocks
 [ 02-28-2025  16:39:37.194 ] [IO_writeCheckpoint] close: type=checkpoint name=sedov_hdf5_chk_0006
 [ 02-28-2025  16:39:37.196 ] [Driver_evolveAll]: Exiting evolution loop
 [ 02-28-2025  16:39:37.374 ] [IO_writePlotfile] open: type=plotfile name=sedov_forced_hdf5_plt_cnt_0000
 [ 02-28-2025  16:39:42.309 ] [io_writeData]: wrote   50688          blocks
 [ 02-28-2025  16:39:42.576 ] [IO_writePlotfile] close: type=plotfile name=sedov_forced_hdf5_plt_cnt_0000
 [ 02-28-2025  16:39:42.578 ] memory: /proc vsize    (MB):     4606.24 (min)       5023.05 (max)       4759.33 (avg)
 [ 02-28-2025  16:39:42.579 ] memory: /proc rss      (MB):     2072.53 (min)       2222.10 (max)       2115.47 (avg)
 ==============================================================================
 perf_summary: code performance summary for process            0
                      beginning : 02-28-2025  16:17:27
                         ending : 02-28-2025  16:39:42
   seconds in monitoring period :             1334.630
      number of evolution steps :                   60
 ------------------------------------------------------------------------------
 accounting unit                       time sec  num calls   secs avg  time pct
 ------------------------------------------------------------------------------
 initialization                        269.275      1         269.275    20.176
  eos                                    0.631      8           0.079     0.047
  guardcell internal                    10.566      7           1.509     0.792
   amr_guardcell                         9.953      7           1.422     0.746
   eos gc                                0.000      7           0.000     0.000
  writeCheckpoint                       44.896      1          44.896     3.364
   restrictAll                           6.187      1           6.187     0.464
  writePlotfile                          4.840      1           4.840     0.363
 writePlotfile                           5.375      1           5.375     0.403
 evolution                            1059.972      1        1059.972    79.421
  Hydro                                455.476     60           7.591    34.128
   Head                                 96.622     60           1.610     7.240
    guardcell internal                  96.621     60           1.610     7.240
     amr_guardcell                      88.964     60           1.483     6.666
     eos gc                              0.003     60           0.000     0.000
   compute fluxes                      342.381     60           5.706    25.654
    hy_computeFluxes                   342.377   1632           0.210    25.653
     RiemannState                      294.904   1632           0.181    22.096
     getFaceFlux                        47.097   1632           0.029     3.529
   conserveFluxes                        0.140     60           0.002     0.011
   update solution                      16.188     60           0.270     1.213
    update solution body                16.184   1632           0.010     1.213
     unsplitUpdate                       5.936   1632           0.004     0.445
  sourceTerms                            0.000     60           0.000     0.000
  Particles_advance                      0.000     60           0.000     0.000
  Gravity potential                      0.000     60           0.000     0.000
  IO_output                            402.775    120           3.356    30.179
   diagnostics                         131.439    120           1.095     9.848
   checkpointing                       271.308      6          45.218    20.328
    writeCheckpoint                    271.307      6          45.218    20.328
     restrictAll                        38.542      6           6.424     2.888
  Grid_updateRefinement                199.224     60           3.320    14.927
   eos                                   0.944      5           0.189     0.071
   tree                                198.280     60           3.305    14.857
    markRefineDerefine                  55.922     30           1.864     4.190
     guardcell internal                 48.536     30           1.618     3.637
      amr_guardcell                     44.663     30           1.489     3.346
      eos gc                             0.001     30           0.000     0.000
    amr_refine_derefine                139.129     30           4.638    10.425
    updateData                           0.001     30           0.000     0.000
   updateParticleRefinement              0.000      5           0.000     0.000
  Driver_computeDt                       2.481     60           0.041     0.186
 ==============================================================================
 [ 02-28-2025  16:39:42.581 ] [Timers_getSummary]: Not writing timer max/min/avg values because not all processors had same timers
 [ 02-28-2025  16:39:42.581 ] LOGFILE_END: FLASH run complete.
 FLASH log file:  02-28-2025  16:40:03.024    Run number:  1
 ==============================================================================
 Number of MPI tasks:               1792
 MPI version:                          3
 MPI subversion:                       1
 Dimensionality:                       3
 Max Number of Blocks/Proc:          200
 Number x zones:                      32
 Number y zones:                      32
 Number z zones:                      32
 Setup stamp:     Fri Nov 1 14:03:57 2024
 Build stamp:     Fri Nov 1 14:04:23 2024
 System info:     Linux corona211 4.18.0-553.22.1.1toss.t4.x86_64 #1 SMP Tue Sep 24 16:50:00 PDT 2
 Version:         Flash-X 1.0 (heads/main-0-g6040ba49-dirty)                                      
 Build directory: /usr/workspace/ather1/Flash-X/sedov
 Setup syntax:    /usr/workspace/ather1/Flash-X/bin/setup.py Sedov -auto -3d -nxb=32 -nyb=32 -nzb=32 +parallelio -objdir=/usr/workspace/ather1/Flash-X/sedov
 f compiler flags: mpif90 -ggdb -c -O2 -fdefault-real-8 -fdefault-double-8 -Wuninitialized -fallow-argument-mismatch -fallow-argument-mismatch -DMAXBLOCKS=200 -DNXB=32 -DNYB=32 -DNZB=32 -DN_DIM=3
 c compiler flags:    mpicc -I/p/lustre2/ather1/hdf5-1.14.4-3/install/include -DH5_USE_18_API -ggdb -c -O2 -Wuninitialized -D_FORTIFY_SOURCE=2 -DMAXBLOCKS=200 -DNXB=32 -DNYB=32 -DNZB=32 -DN_DIM=3
 ==============================================================================
 Comment:  Sedov explosion
 ==============================================================================
 FLASH Units used:
   Driver/DriverMain/Unsplit
   Grid/GridBoundaryConditions
   Grid/GridMain/AMR/Paramesh4/PM4_package/flash_avoid_orrery
   Grid/GridMain/AMR/Paramesh4/PM4_package/headers
   Grid/GridMain/AMR/Paramesh4/PM4_package/source
   Grid/GridMain/AMR/Paramesh4/PM4_package/utilities/multigrid
   Grid/GridMain/AMR/Paramesh4/interpolation/prolong
   Grid/GridMain/AMR/Paramesh4/levelFlux
   Grid/localAPI
   IO/IOMain/hdf5/parallel/PM
   IO/localAPI
   PhysicalConstants/PhysicalConstantsMain
   RuntimeParameters/RuntimeParametersMain
   Simulation/SimulationMain/Sedov
   TimeAdvance/TimeAdvanceMain/StrangSplit
   flashUtilities/contiguousConversion
   flashUtilities/general
   flashUtilities/interpolation/oneDim
   flashUtilities/nameValueLL
   flashUtilities/sorting/quicksort
   flashUtilities/system/memoryUsage/legacy
   monitors/Logfile/LogfileMain
   monitors/Timers/TimersMain/MPINative
   physics/Eos/EosMain/Gamma
   physics/Hydro/HydroMain/unsplit/OnlyHydro
   physics/Hydro/HydroMain/unsplit/levelFlux
   physics/Hydro/localAPI
 ==============================================================================
 RuntimeParameters:
                                                                               
 ==============================================================================
bndpriorityone              =          1
bndprioritythree            =          3
bndprioritytwo              =          2
checkpointfileintervalstep  =         10 [CHANGED]
checkpointfilenumber        =          0
dr_abortpause               =          2
dr_dtminbelowaction         =          1
drift_break_inst            =          0
drift_trunc_mantissa        =          2
drift_verbose_inst          =          0
eos_entrelescalechoice      =          6
eos_loglevel                =        700
fileformatversion           =          9
forcedplotfilenumber        =          0
gr_lrefmaxtimevalue_1       =         -1
gr_lrefmaxtimevalue_10      =         -1
gr_lrefmaxtimevalue_11      =         -1
gr_lrefmaxtimevalue_12      =         -1
gr_lrefmaxtimevalue_13      =         -1
gr_lrefmaxtimevalue_14      =         -1
gr_lrefmaxtimevalue_15      =         -1
gr_lrefmaxtimevalue_16      =         -1
gr_lrefmaxtimevalue_17      =         -1
gr_lrefmaxtimevalue_18      =         -1
gr_lrefmaxtimevalue_19      =         -1
gr_lrefmaxtimevalue_2       =         -1
gr_lrefmaxtimevalue_20      =         -1
gr_lrefmaxtimevalue_3       =         -1
gr_lrefmaxtimevalue_4       =         -1
gr_lrefmaxtimevalue_5       =         -1
gr_lrefmaxtimevalue_6       =         -1
gr_lrefmaxtimevalue_7       =         -1
gr_lrefmaxtimevalue_8       =         -1
gr_lrefmaxtimevalue_9       =         -1
gr_pmrpdivergencefree       =         -1
gr_pmrpifaceoff             =          0
gr_pmrpl2p5d                =          0
gr_pmrpmaxblocks            =         -1
gr_pmrpmflags               =          1
gr_pmrpnboundaries          =          6
gr_pmrpndim                 =          3
gr_pmrpnedgevar1            =         -1
gr_pmrpnfacevar             =         -1
gr_pmrpnfielddivf           =         -1
gr_pmrpnfluxvar             =         -1
gr_pmrpnguard               =         -1
gr_pmrpnguardwork           =         -1
gr_pmrpnvar                 =         -1
gr_pmrpnvarwork             =          1
gr_pmrpnvarcorn             =          0
gr_pmrpnvaredge             =          0
gr_pmrpnxb                  =         -1
gr_pmrpnyb                  =         -1
gr_pmrpnzb                  =         -1
gr_restrictallmethod        =          3
gr_sanitizedatamode         =          1
gr_sanitizeverbosity        =          5
gr_tilesizex                =         32
gr_tilesizey                =         32
gr_tilesizez                =         32
hy_3torder                  =         -1
hydrocomputedtoption        =         -1
iprocs                      =          1
interpol_order              =          2
irenorm                     =          0
jprocs                      =          1
kprocs                      =          1
lrefine_del                 =          0
lrefine_max                 =          6 [CHANGED]
lrefine_min                 =          1
lrefine_min_init            =          1
max_particles_per_blk       =        100
memory_stat_freq            =     100000
meshcopycount               =          1
min_particles_per_blk       =          1
nbegin                      =          1
nblockx                     =         32 [CHANGED]
nblocky                     =         32 [CHANGED]
nblockz                     =         32 [CHANGED]
nend                        =         60 [CHANGED]
nrefs                       =          2
nsteptotalsts               =          5
order                       =          3 [CHANGED]
outputsplitnum              =          1
plotfileintervalstep        =          0
plotfilenumber              =          0
refine_var_count            =          4
rolling_checkpoint          =      10000
sim_centerrefinelevel       =          1
sim_integralslevel          =         -1
sim_nsubzones               =          7
sweeporder                  =        123
transorder                  =          1
wr_integrals_freq           =          1
limitedslopebeta            =                 0.100E+01
cfl                         =                 0.800E+00
checkpointfileintervaltime  =                 0.000E+00 [CHANGED]
checkpointfileintervalz     =                 0.180+309
cvisc                       =                 0.100E+00
derefine_cutoff_1           =                 0.200E+00
derefine_cutoff_2           =                 0.200E+00
derefine_cutoff_3           =                 0.200E+00
derefine_cutoff_4           =                 0.200E+00
dr_dtmincontinue            =                 0.000E+00
dr_tstepslowstartfactor     =                 0.100E+00
dtinit                      =                 0.100E-09
dtmax                       =                 0.100E+06
dtmin                       =                 0.100E-09
eintswitch                  =                 0.100E-03 [CHANGED]
eos_singlespeciesa          =                 0.100E+01
eos_singlespeciesz          =                 0.100E+01
gamma                       =                 0.140E+01 [CHANGED]
gr_btworkchildscaling       =                 0.100E+01
gr_btworkdefaultleaf        =                 0.200E+01
gr_btworkdefaultpar         =                 0.100E+01
gr_btworklbleaf             =                 0.000E+00
gr_btworklbpar              =                 0.000E+00
gr_btworkubleaf             =                 0.100E+07
gr_btworkubpar              =                 0.100E+07
gr_lrefinemaxredlogbase     =                 0.100E+02
gr_lrefinemaxredradiusfact  =                 0.000E+00
gr_lrefinemaxredtref        =                 0.000E+00
gr_lrefinemaxredtimescale   =                 0.100E+01
gr_lrefmaxtime_1            =                -0.100E+01
gr_lrefmaxtime_10           =                -0.100E+01
gr_lrefmaxtime_11           =                -0.100E+01
gr_lrefmaxtime_12           =                -0.100E+01
gr_lrefmaxtime_13           =                -0.100E+01
gr_lrefmaxtime_14           =                -0.100E+01
gr_lrefmaxtime_15           =                -0.100E+01
gr_lrefmaxtime_16           =                -0.100E+01
gr_lrefmaxtime_17           =                -0.100E+01
gr_lrefmaxtime_18           =                -0.100E+01
gr_lrefmaxtime_19           =                -0.100E+01
gr_lrefmaxtime_2            =                -0.100E+01
gr_lrefmaxtime_20           =                -0.100E+01
gr_lrefmaxtime_3            =                -0.100E+01
gr_lrefmaxtime_4            =                -0.100E+01
gr_lrefmaxtime_5            =                -0.100E+01
gr_lrefmaxtime_6            =                -0.100E+01
gr_lrefmaxtime_7            =                -0.100E+01
gr_lrefmaxtime_8            =                -0.100E+01
gr_lrefmaxtime_9            =                -0.100E+01
hy_cflfallbackfactor        =                 0.900E+00
hy_fpresinmomflux           =                 0.100E+01
hybridorderkappa            =                 0.000E+00
nusts                       =                 0.200E+00 [CHANGED]
plotfileintervaltime        =                 0.000E+00 [CHANGED]
plotfileintervalz           =                 0.180+309
radiusgp                    =                 0.200E+01
refine_cutoff_1             =                 0.800E+00
refine_cutoff_2             =                 0.800E+00
refine_cutoff_3             =                 0.800E+00
refine_cutoff_4             =                 0.800E+00
refine_filter_1             =                 0.100E-01
refine_filter_2             =                 0.100E-01
refine_filter_3             =                 0.100E-01
refine_filter_4             =                 0.100E-01
rss_limit                   =                -0.100E+01
sigmagp                     =                 0.300E+01
sim_derefineradius          =                 0.000E+00
sim_earliestlstime          =                 0.000E+00
sim_expenergy               =                 0.100E+01
sim_largestnormradius       =                 0.180+309
sim_latestlstime            =                 0.180+309
sim_minrhoinit              =                 0.100E-19
sim_pambient                =                 0.100E-04
sim_rinit                   =                 0.137E-01 [CHANGED]
sim_rhoambient              =                 0.100E+01
sim_smallestnormradius      =                 0.000E+00
sim_xctr                    =                 0.500E+00
sim_yctr                    =                 0.500E+00
sim_zctr                    =                 0.500E+00
small                       =                 0.100E-09
smalle                      =                 0.100E-09
smallp                      =                 0.100E-09
smallt                      =                 0.100E-09
smallu                      =                 0.100E-09
smallx                      =                 0.100E-09
smlrho                      =                 0.100E-09
tinitial                    =                 0.000E+00
tiny                        =                 0.100E-15
tmax                        =                 0.500E+06 [CHANGED]
tstep_change_factor         =                 0.200E+01
wall_clock_checkpoint       =                 0.432E+05
wall_clock_time_limit       =                 0.605E+06
x_refine_center             =                 0.000E+00
xmax                        =                 0.100E+01
xmin                        =                 0.000E+00
y_refine_center             =                 0.000E+00
ymax                        =                 0.100E+01
ymin                        =                 0.000E+00
zfinal                      =                 0.000E+00
zinitial                    =                -0.100E+01
z_refine_center             =                 0.000E+00
zmax                        =                 0.100E+01
zmin                        =                 0.000E+00
riemannsolver               = Roe                            [CHANGED]
unitsystem                  = none                          
basenm                      = sedov_                         [CHANGED]
entropyfixmethod            = HARTENHYMAN                   
eosmode                     = dens_ie                       
eosmodeinit                 = dens_ie                       
geometry                    = cartesian                     
gr_pmrpoutputdir            = ./                            
grav_boundary_type          = isolated                      
hy_eosmodegc                = see eosMode                   
log_file                    = sedov.log                      [CHANGED]
output_directory            =                               
pc_unitsbase                = CGS                           
plot_grid_var_1             = none                          
plot_grid_var_10            = none                          
plot_grid_var_11            = none                          
plot_grid_var_12            = none                          
plot_grid_var_13            = none                          
plot_grid_var_14            = none                          
plot_grid_var_15            = none                          
plot_grid_var_16            = none                          
plot_grid_var_17            = none                          
plot_grid_var_18            = none                          
plot_grid_var_19            = none                          
plot_grid_var_2             = none                          
plot_grid_var_20            = none                          
plot_grid_var_21            = none                          
plot_grid_var_22            = none                          
plot_grid_var_23            = none                          
plot_grid_var_24            = none                          
plot_grid_var_25            = none                          
plot_grid_var_26            = none                          
plot_grid_var_27            = none                          
plot_grid_var_28            = none                          
plot_grid_var_29            = none                          
plot_grid_var_3             = none                          
plot_grid_var_30            = none                          
plot_grid_var_31            = none                          
plot_grid_var_32            = none                          
plot_grid_var_33            = none                          
plot_grid_var_34            = none                          
plot_grid_var_35            = none                          
plot_grid_var_36            = none                          
plot_grid_var_37            = none                          
plot_grid_var_38            = none                          
plot_grid_var_39            = none                          
plot_grid_var_4             = none                          
plot_grid_var_40            = none                          
plot_grid_var_41            = none                          
plot_grid_var_42            = none                          
plot_grid_var_43            = none                          
plot_grid_var_44            = none                          
plot_grid_var_45            = none                          
plot_grid_var_46            = none                          
plot_grid_var_47            = none                          
plot_grid_var_48            = none                          
plot_grid_var_49            = none                          
plot_grid_var_5             = none                          
plot_grid_var_50            = none                          
plot_grid_var_51            = none                          
plot_grid_var_52            = none                          
plot_grid_var_53            = none                          
plot_grid_var_54            = none                          
plot_grid_var_55            = none                          
plot_grid_var_56            = none                          
plot_grid_var_57            = none                          
plot_grid_var_58            = none                          
plot_grid_var_59            = none                          
plot_grid_var_6             = none                          
plot_grid_var_60            = none                          
plot_grid_var_61            = none                          
plot_grid_var_62            = none                          
plot_grid_var_63            = none                          
plot_grid_var_64            = none                          
plot_grid_var_65            = none                          
plot_grid_var_66            = none                          
plot_grid_var_67            = none                          
plot_grid_var_68            = none                          
plot_grid_var_69            = none                          
plot_grid_var_7             = none                          
plot_grid_var_70            = none                          
plot_grid_var_71            = none                          
plot_grid_var_72            = none                          
plot_grid_var_73            = none                          
plot_grid_var_74            = none                          
plot_grid_var_75            = none                          
plot_grid_var_76            = none                          
plot_grid_var_77            = none                          
plot_grid_var_78            = none                          
plot_grid_var_8             = none                          
plot_grid_var_9             = none                          
plot_var_1                  = dens                           [CHANGED]
plot_var_10                 = none                          
plot_var_11                 = none                          
plot_var_12                 = none                          
plot_var_13                 = none                          
plot_var_14                 = none                          
plot_var_15                 = none                          
plot_var_16                 = none                          
plot_var_17                 = none                          
plot_var_18                 = none                          
plot_var_2                  = pres                           [CHANGED]
plot_var_3                  = temp                           [CHANGED]
plot_var_4                  = none                          
plot_var_5                  = none                          
plot_var_6                  = none                          
plot_var_7                  = none                          
plot_var_8                  = none                          
plot_var_9                  = none                          
prof_file                   = profile.dat                   
refine_var_1                = dens                           [CHANGED]
refine_var_2                = pres                           [CHANGED]
refine_var_3                = none                          
refine_var_4                = none                          
run_comment                 = Sedov explosion                [CHANGED]
run_number                  = 1                             
sim_proffilename            = /dev/null                      [CHANGED]
slopelimiter                = mc                             [CHANGED]
stats_file                  = flashx.dat                    
wenomethod                  = WENO5                         
xl_boundary_type            = outflow                        [CHANGED]
xr_boundary_type            = outflow                        [CHANGED]
yl_boundary_type            = outflow                        [CHANGED]
yr_boundary_type            = outflow                        [CHANGED]
zl_boundary_type            = outflow                        [CHANGED]
zr_boundary_type            = outflow                        [CHANGED]
csvsummaryallprocs          =  F
eosforriemann               =  F
logsummaryallprocs          =  F
addthermalflux              =  T
allowdtstsdominate          =  F
alwayscomputeuservars       =  T
alwaysrestrictcheckpoint    =  T
charlimiting                =  T
chkguardcellsinput          =  F
chkguardcellsoutput         =  F
conserveangmom              =  F
converttoconsvdformeshcalls =  F
converttoconsvdinmeshinterp =  T
corners                     =  F
dr_printtsteploc            =  T
dr_shortenlaststepbeforetmax =  F
drift_tuples                =  F
eachprocwritesownabortlog   =  F
eachprocwritessummary       =  F
earlyblockdistadjustment    =  T
enablemaskedgcfill          =  F
entropy                     =  F
flux_correct                =  T
flux_correct_perlevel       =  F
geometryoverride            =  F
gr_bcenableapplymixedgds    =  T
gr_bndgcfillneedsprimitivevars =  T
gr_btcustomwork             =  F
gr_btexchangework           =  F
gr_btsortbywork             =  T
gr_enabletiling             =  F
gr_lrefinemaxbytime         =  F
gr_lrefinemaxreddobylogr    =  F
gr_lrefinemaxreddobytime    =  F
gr_pmrpadvancealllevels     =  F
gr_pmrpamrerrorchecking     =  F
gr_pmrpcartesianpm          =  F
gr_pmrpconserve             =  F
gr_pmrpconsvfluxdensities   =  T
gr_pmrpconsvfluxes          =  F
gr_pmrpcurvilinear          =  F
gr_pmrpcurvilinearconserve  =  F
gr_pmrpcylindricalpm        =  F
gr_pmrpdiagonals            =  T
gr_pmrpedgevalue            =  T
gr_pmrpedgevalueinteg       =  F
gr_pmrpemptycells           =  F
gr_pmrpforceconsistency     =  T
gr_pmrplsingularline        =  F
gr_pmrpnopermanentguardcells =  F
gr_pmrppolarpm              =  F
gr_pmrppredcorr             =  F
gr_pmrpsphericalpm          =  F
gr_pmrptimingmpi            =  F
gr_pmrptimingmpix           =  F
gr_pmrpvardt                =  F
gr_usetiling                =  F
hy_fallbacklowercfl         =  F
hy_fullspecmsfluxhandling   =  T
hy_usetiling                =  F
ignoreforcedplot            =  F
io_writemscalarintegrals    =  F
plotfilegridquantitydp      =  F
plotfilemetadatadp          =  F
reducegcellfills            =  F
refine_on_particle_count    =  F
restart                     =  F
shockdetect                 =  F
shocklowercfl               =  F
sim_bcsetbdryvar            =  F
sim_forcecenterderefine     =  F
sim_onelevelintegralsonly   =  F
summaryoutputonly           =  F
threadblocklistbuild        =  F
threaddelepblocklist        =  F
threaddelepwithinblock      =  F
threaddriverblocklist       =  F
threaddriverwithinblock     =  F
threadeoswithinblock        =  F
threadhydroblocklist        =  F
threadhydrowithinblock      =  F
threadraytracebuild         =  F
threadwithinblockbuild      =  F
tmr_suppressinparallel      =  F
typematchedxfer             =  T
unbiased_geometry           =  F
updatehydrofluxes           =  T
useburn                     =  F
usecollectivehdf5           =  T
usedeleptonize              =  F
usegravity                  =  F
useheatad                   =  F
useheater                   =  F
usehydro                    =  T
useimbound                  =  F
useincompns                 =  F
useinlet                    =  F
uselegacylabels             =  T
usemultiphase               =  F
useorchestration            =  F
useoutlet                   =  F
useparticles                =  F
useradtrans                 =  F
usests                      =  F
usestsfordiffusion          =  F
usesolidmechanics           =  F
use_3dfullctu               =  T
use_auxeinteqn              =  T
use_avisc                   =  T [CHANGED]
use_cma_advection           =  F
use_cma_flattening          =  F
use_flash_surr_blks_fill    =  T
use_flattening              =  F
use_gravhalfupdate          =  T
use_hybridorder             =  F
use_reduced_orrery          =  T
use_steepening              =  F
use_upwindtvd               =  F
writestatsummary            =  T
                                                                               
 ==============================================================================
                                                                               
 Known units of measurement:
                                                                               
              Unit                          CGS Value                Base Unit
  1                  cm                     1.0000                           cm
  2                   s                     1.0000                            s
  3                   g                     1.0000                            g
  4                   K                     1.0000                            K
  5                 esu                     1.0000                          esu
  6                 mol                     1.0000                          mol
  7                   m                     100.00                           cm
  8                  km                    1.00000E+05                       cm
  9                  pc                    3.08568E+18                       cm
 10                 kpc                    3.08568E+21                       cm
 11                 Mpc                    3.08568E+24                       cm
 12                 Gpc                    3.08568E+27                       cm
 13                Rsun                    6.96000E+10                       cm
 14                  AU                    1.49598E+13                       cm
 15                  yr                    3.15569E+07                        s
 16                 Myr                    3.15569E+13                        s
 17                 Gyr                    3.15569E+16                        s
 18                  kg                     1000.0                            g
 19                Msun                    1.98892E+33                        g
 20                 amu                    1.66054E-24                        g
 21                  eV                     11605.                            K
 22                   C                    2.99792E+09                      esu
 23                LFLY                    3.08568E+24                       cm
 24                TFLY                    2.05759E+17                        s
 25                MFLY                    9.88470E+45                        g
 26            clLength                    3.08568E+24                       cm
 27              clTime                    3.15569E+16                        s
 28              clMass                    1.98892E+48                        g
 29              clTemp                    1.16045E+07                        K
-----------End of Units--------------------
                                                                               
 Known physical constants:
                                                                               
    Constant Name       Constant Value   cm       s        g        K        esu      mol
  1              Newton    6.67408E-08   3.0     -2.0     -1.0      0.0      0.0      0.0    
  2      speed of light    2.99792E+10   1.0     -1.0      0.0      0.0      0.0      0.0    
  3              Planck    6.62607E-27   2.0     -1.0      1.0      0.0      0.0      0.0    
  4     electron charge    4.80320E-10   0.0      0.0      0.0      0.0      1.0      0.0    
  5       electron mass    9.10938E-28   0.0      0.0      1.0      0.0      0.0      0.0    
  6         proton mass    1.67262E-24   0.0      0.0      1.0      0.0      0.0      0.0    
  7      fine-structure    7.29735E-03   0.0      0.0      0.0      0.0      0.0      0.0    
  8            Avogadro    6.02214E+23   0.0      0.0      0.0      0.0      0.0     -1.0    
  9           Boltzmann    1.38065E-16   2.0     -2.0      1.0     -1.0      0.0      0.0    
 10  ideal gas constant    8.31446E+07   2.0     -2.0      1.0     -1.0      0.0     -1.0    
 11                Wien    0.28978       1.0      0.0      0.0      1.0      0.0      0.0    
 12    Stefan-Boltzmann    5.67037E-05   0.0     -3.0      1.0     -4.0      0.0      0.0    
 13  Radiation Constant    7.56572E-15  -1.0     -2.0      1.0     -4.0      0.0      0.0    
 14                  pi     3.1416       0.0      0.0      0.0      0.0      0.0      0.0    
 15                   e     2.7183       0.0      0.0      0.0      0.0      0.0      0.0    
 16               Euler    0.57722       0.0      0.0      0.0      0.0      0.0      0.0    
 ==============================================================================
                                                                               
 Multifluid database: not configured in
                                                                               
 ==============================================================================
 [ 02-28-2025  16:40:03.026 ] [gr_initGeometry] checking BCs for idir: 1
 [ 02-28-2025  16:40:03.026 ] [gr_initGeometry] checking BCs for idir: 2
 [ 02-28-2025  16:40:03.026 ] [gr_initGeometry] checking BCs for idir: 3
 [ 02-28-2025  16:40:07.849 ] [GRID amr_refine_derefine]: initiating refinement
 [ 02-28-2025  16:40:07.849 ] [GRID amr_refine_derefine]: redist. phase.  tot blks requested: 32768
 [GRID amr_refine_derefine] min blks 18    max blks 19    tot blks 32768
 [GRID amr_refine_derefine] min leaf blks 18    max leaf blks 19    tot leaf blks 32768
 [ 02-28-2025  16:40:08.294 ] [GRID amr_refine_derefine]: refinement complete
 [ 02-28-2025  16:40:21.301 ] [GRID gr_expandDomain]: iteration=1, create level=2
 INFO: Grid_fillGuardCells is ignoring masking.
 [ 02-28-2025  16:40:39.237 ] [mpi_amr_comm_setup]: buffer_dim_send=5176573, buffer_dim_recv=3646981
 [ 02-28-2025  16:40:42.258 ] [GRID amr_refine_derefine]: initiating refinement
 [ 02-28-2025  16:40:42.270 ] [GRID amr_refine_derefine]: redist. phase.  tot blks requested: 32832
 [GRID amr_refine_derefine] min blks 18    max blks 19    tot blks 32832
 [GRID amr_refine_derefine] min leaf blks 17    max leaf blks 19    tot leaf blks 32824
 [ 02-28-2025  16:40:42.542 ] [GRID amr_refine_derefine]: refinement complete
 [ 02-28-2025  16:40:42.546 ] [GRID gr_expandDomain]: iteration=2, create level=3
 [ 02-28-2025  16:41:04.088 ] [GRID amr_refine_derefine]: initiating refinement
 [ 02-28-2025  16:41:04.101 ] [GRID amr_refine_derefine]: redist. phase.  tot blks requested: 32896
 [GRID amr_refine_derefine] min blks 18    max blks 20    tot blks 32896
 [GRID amr_refine_derefine] min leaf blks 17    max leaf blks 19    tot leaf blks 32880
 [ 02-28-2025  16:41:04.374 ] [GRID amr_refine_derefine]: refinement complete
 [ 02-28-2025  16:41:04.377 ] [GRID gr_expandDomain]: iteration=3, create level=4
 [ 02-28-2025  16:41:26.135 ] [GRID amr_refine_derefine]: initiating refinement
 [ 02-28-2025  16:41:26.153 ] [GRID amr_refine_derefine]: redist. phase.  tot blks requested: 34304
 [GRID amr_refine_derefine] min blks 19    max blks 22    tot blks 34304
 [GRID amr_refine_derefine] min leaf blks 17    max leaf blks 20    tot leaf blks 34112
 [ 02-28-2025  16:41:26.635 ] [GRID amr_refine_derefine]: refinement complete
 [ 02-28-2025  16:41:26.641 ] [GRID gr_expandDomain]: iteration=4, create level=5
 [ 02-28-2025  16:41:46.399 ] [mpi_amr_comm_setup]: buffer_dim_send=5313661, buffer_dim_recv=4312081
 [ 02-28-2025  16:41:49.109 ] [GRID amr_refine_derefine]: initiating refinement
 [ 02-28-2025  16:41:49.123 ] [GRID amr_refine_derefine]: redist. phase.  tot blks requested: 37312
 [GRID amr_refine_derefine] min blks 20    max blks 24    tot blks 37312
 [GRID amr_refine_derefine] min leaf blks 18    max leaf blks 21    tot leaf blks 36744
 [ 02-28-2025  16:41:49.645 ] [GRID amr_refine_derefine]: refinement complete
 [ 02-28-2025  16:41:49.650 ] [GRID gr_expandDomain]: iteration=5, create level=6
 [ 02-28-2025  16:42:11.422 ] [mpi_amr_comm_setup]: buffer_dim_send=5713933, buffer_dim_recv=4459801
 [ 02-28-2025  16:42:13.645 ] [GRID amr_refine_derefine]: initiating refinement
 [ 02-28-2025  16:42:13.666 ] [GRID amr_refine_derefine]: redist. phase.  tot blks requested: 48768
 [GRID amr_refine_derefine] min blks 26    max blks 30    tot blks 48768
 [GRID amr_refine_derefine] min leaf blks 23    max leaf blks 27    tot leaf blks 46768
 [ 02-28-2025  16:42:14.394 ] [GRID amr_refine_derefine]: refinement complete
 [ 02-28-2025  16:42:14.408 ] [GRID gr_expandDomain]: iteration=6, create level=6
 [ 02-28-2025  16:42:42.369 ] [mpi_amr_comm_setup]: buffer_dim_send=7881145, buffer_dim_recv=5392297
 [ 02-28-2025  16:42:45.567 ] [GRID gr_expandDomain]: iteration=7, create level=6
 [ 02-28-2025  16:43:16.703 ] [GRID gr_expandDomain]: iteration=8, create level=6
 [ 02-28-2025  16:43:46.276 ] memory: /proc vsize    (MB):     4528.07 (min)       4788.07 (max)       4698.68 (avg)
 [ 02-28-2025  16:43:46.278 ] memory: /proc rss      (MB):     1839.83 (min)       1925.40 (max)       1860.92 (avg)
 [ 02-28-2025  16:43:46.279 ] memory: /proc vsize    (MB):     4528.07 (min)       4788.07 (max)       4698.68 (avg)
 [ 02-28-2025  16:43:46.279 ] memory: /proc rss      (MB):     1839.83 (min)       1925.40 (max)       1860.92 (avg)
 [ 02-28-2025  16:43:46.325 ] memory: /proc vsize    (MB):     4528.07 (min)       4788.07 (max)       4698.68 (avg)
 [ 02-28-2025  16:43:46.325 ] memory: /proc rss      (MB):     1839.83 (min)       1925.40 (max)       1860.92 (avg)
 [ 02-28-2025  16:43:53.217 ] [IO_writeCheckpoint] open: type=checkpoint name=sedov_hdf5_chk_0000
 [ 02-28-2025  16:44:32.236 ] [io_writeData]: wrote   48768          blocks
 [ 02-28-2025  16:44:32.256 ] [IO_writeCheckpoint] close: type=checkpoint name=sedov_hdf5_chk_0000
 [ 02-28-2025  16:44:32.448 ] [IO_writePlotfile] open: type=plotfile name=sedov_hdf5_plt_cnt_0000
 [ 02-28-2025  16:44:37.118 ] [io_writeData]: wrote   48768          blocks
 [ 02-28-2025  16:44:37.136 ] [IO_writePlotfile] close: type=plotfile name=sedov_hdf5_plt_cnt_0000
 [ 02-28-2025  16:44:37.138 ] memory: /proc vsize    (MB):     4545.50 (min)       5016.65 (max)       4718.46 (avg)
 [ 02-28-2025  16:44:37.138 ] memory: /proc rss      (MB):     1846.65 (min)       1935.21 (max)       1871.23 (avg)
 [ 02-28-2025  16:44:37.138 ] [Driver_evolveAll]: Entering evolution loop
 [ 02-28-2025  16:44:37.139 ] step: n=1 t=0.000000E+00 dt=1.000000E-10
 [ 02-28-2025  16:44:46.804 ] step: n=2 t=1.000000E-10 dt=2.000000E-10
 [ 02-28-2025  16:45:02.806 ] step: n=3 t=3.000000E-10 dt=4.000000E-10
 [ 02-28-2025  16:45:12.396 ] step: n=4 t=7.000000E-10 dt=8.000000E-10
 [ 02-28-2025  16:45:28.423 ] step: n=5 t=1.500000E-09 dt=1.600000E-09
 [ 02-28-2025  16:45:38.044 ] step: n=6 t=3.100000E-09 dt=3.200000E-09
 [ 02-28-2025  16:45:54.125 ] step: n=7 t=6.300000E-09 dt=6.400000E-09
 [ 02-28-2025  16:46:03.780 ] step: n=8 t=1.270000E-08 dt=1.280000E-08
 [ 02-28-2025  16:46:19.834 ] step: n=9 t=2.550000E-08 dt=2.560000E-08
 [ 02-28-2025  16:46:29.498 ] step: n=10 t=5.110000E-08 dt=5.120000E-08
 [ 02-28-2025  16:46:51.869 ] [IO_writeCheckpoint] open: type=checkpoint name=sedov_hdf5_chk_0001
 [ 02-28-2025  16:47:29.949 ] [io_writeData]: wrote   48768          blocks
 [ 02-28-2025  16:47:29.965 ] [IO_writeCheckpoint] close: type=checkpoint name=sedov_hdf5_chk_0001
 [ 02-28-2025  16:47:29.967 ] step: n=11 t=1.023000E-07 dt=1.024000E-07
 [ 02-28-2025  16:47:39.612 ] step: n=12 t=2.047000E-07 dt=9.937542E-08
 [ 02-28-2025  16:47:55.738 ] step: n=13 t=3.040754E-07 dt=9.615282E-08
 [ 02-28-2025  16:48:05.405 ] step: n=14 t=4.002282E-07 dt=9.325600E-08
 [ 02-28-2025  16:48:21.500 ] step: n=15 t=4.934842E-07 dt=9.058955E-08
 [ 02-28-2025  16:48:31.167 ] step: n=16 t=5.840738E-07 dt=8.822195E-08
 [ 02-28-2025  16:48:47.266 ] step: n=17 t=6.722957E-07 dt=8.592743E-08
 [ 02-28-2025  16:48:56.953 ] step: n=18 t=7.582232E-07 dt=8.368672E-08
 [ 02-28-2025  16:49:13.066 ] step: n=19 t=8.419099E-07 dt=8.162257E-08
 [ 02-28-2025  16:49:22.748 ] step: n=20 t=9.235325E-07 dt=7.981691E-08
 [ 02-28-2025  16:49:45.227 ] [IO_writeCheckpoint] open: type=checkpoint name=sedov_hdf5_chk_0002
 [ 02-28-2025  16:50:23.132 ] [io_writeData]: wrote   48768          blocks
 [ 02-28-2025  16:50:23.140 ] [IO_writeCheckpoint] close: type=checkpoint name=sedov_hdf5_chk_0002
 [ 02-28-2025  16:50:23.141 ] step: n=21 t=1.003349E-06 dt=7.822053E-08
 [ 02-28-2025  16:50:32.834 ] step: n=22 t=1.081570E-06 dt=7.684528E-08
 [ 02-28-2025  16:50:48.924 ] step: n=23 t=1.158415E-06 dt=7.555985E-08
 [ 02-28-2025  16:50:58.587 ] step: n=24 t=1.233975E-06 dt=7.447396E-08
 [ 02-28-2025  16:51:14.560 ] [GRID amr_refine_derefine]: initiating refinement
 [ 02-28-2025  16:51:14.570 ] [GRID amr_refine_derefine]: redist. phase.  tot blks requested: 49152
 [GRID amr_refine_derefine] min blks 26    max blks 30    tot blks 49152
 [GRID amr_refine_derefine] min leaf blks 24    max leaf blks 27    tot leaf blks 47104
 [ 02-28-2025  16:51:15.220 ] [GRID amr_refine_derefine]: refinement complete
 [ 02-28-2025  16:51:15.814 ] step: n=25 t=1.308449E-06 dt=7.359418E-08
 [ 02-28-2025  16:51:15.815 ] [mpi_amr_comm_setup]: buffer_dim_send=7863733, buffer_dim_recv=5392297
 [ 02-28-2025  16:51:25.556 ] step: n=26 t=1.382043E-06 dt=7.289860E-08
 [ 02-28-2025  16:51:41.666 ] step: n=27 t=1.454942E-06 dt=7.238261E-08
 [ 02-28-2025  16:51:51.422 ] step: n=28 t=1.527324E-06 dt=7.195505E-08
 [ 02-28-2025  16:52:07.502 ] step: n=29 t=1.599279E-06 dt=7.160819E-08
 [ 02-28-2025  16:52:17.243 ] step: n=30 t=1.670888E-06 dt=7.137201E-08
 [ 02-28-2025  16:52:39.776 ] [IO_writeCheckpoint] open: type=checkpoint name=sedov_hdf5_chk_0003
 [ 02-28-2025  16:53:18.992 ] [io_writeData]: wrote   49152          blocks
 [ 02-28-2025  16:53:19.016 ] [IO_writeCheckpoint] close: type=checkpoint name=sedov_hdf5_chk_0003
 [ 02-28-2025  16:53:19.017 ] step: n=31 t=1.742260E-06 dt=7.124494E-08
 [ 02-28-2025  16:53:28.761 ] step: n=32 t=1.813505E-06 dt=7.119740E-08
 [ 02-28-2025  16:53:44.870 ] step: n=33 t=1.884702E-06 dt=7.120661E-08
 [ 02-28-2025  16:53:54.572 ] step: n=34 t=1.955909E-06 dt=7.122364E-08
 [ 02-28-2025  16:54:10.621 ] step: n=35 t=2.027132E-06 dt=7.124414E-08
 [ 02-28-2025  16:54:20.375 ] step: n=36 t=2.098376E-06 dt=7.127462E-08
 [ 02-28-2025  16:54:36.362 ] [GRID amr_refine_derefine]: initiating refinement
 [ 02-28-2025  16:54:36.378 ] [GRID amr_refine_derefine]: redist. phase.  tot blks requested: 49920
 [GRID amr_refine_derefine] min blks 27    max blks 31    tot blks 49920
 [GRID amr_refine_derefine] min leaf blks 24    max leaf blks 28    tot leaf blks 47776
 [ 02-28-2025  16:54:37.075 ] [GRID amr_refine_derefine]: refinement complete
 [ 02-28-2025  16:54:37.642 ] step: n=37 t=2.169651E-06 dt=7.132802E-08
 [ 02-28-2025  16:54:37.642 ] [mpi_amr_comm_setup]: buffer_dim_send=7338289, buffer_dim_recv=5392297
 [ 02-28-2025  16:54:47.492 ] step: n=38 t=2.240979E-06 dt=7.141305E-08
 [ 02-28-2025  16:55:03.808 ] step: n=39 t=2.312392E-06 dt=7.142860E-08
 [ 02-28-2025  16:55:13.624 ] step: n=40 t=2.383821E-06 dt=7.142437E-08
 [ 02-28-2025  16:55:36.636 ] [IO_writeCheckpoint] open: type=checkpoint name=sedov_hdf5_chk_0004
 [ 02-28-2025  16:56:16.139 ] [io_writeData]: wrote   49920          blocks
 [ 02-28-2025  16:56:16.177 ] [IO_writeCheckpoint] close: type=checkpoint name=sedov_hdf5_chk_0004
 [ 02-28-2025  16:56:16.178 ] step: n=41 t=2.455245E-06 dt=7.141417E-08
 [ 02-28-2025  16:56:25.989 ] step: n=42 t=2.526659E-06 dt=7.140932E-08
 [ 02-28-2025  16:56:42.295 ] step: n=43 t=2.598068E-06 dt=7.141878E-08
 [ 02-28-2025  16:56:52.113 ] step: n=44 t=2.669487E-06 dt=7.142363E-08
 [ 02-28-2025  16:57:08.418 ] step: n=45 t=2.740911E-06 dt=7.140413E-08
 [ 02-28-2025  16:57:18.226 ] step: n=46 t=2.812315E-06 dt=7.140388E-08
 [ 02-28-2025  16:57:34.394 ] [GRID amr_refine_derefine]: initiating refinement
 [ 02-28-2025  16:57:34.402 ] [GRID amr_refine_derefine]: redist. phase.  tot blks requested: 50304
 [GRID amr_refine_derefine] min blks 27    max blks 31    tot blks 50304
 [GRID amr_refine_derefine] min leaf blks 24    max leaf blks 28    tot leaf blks 48112
 [ 02-28-2025  16:57:35.087 ] [GRID amr_refine_derefine]: refinement complete
 [ 02-28-2025  16:57:35.576 ] step: n=47 t=2.883719E-06 dt=7.140292E-08
 [ 02-28-2025  16:57:35.576 ] [mpi_amr_comm_setup]: buffer_dim_send=7910833, buffer_dim_recv=5392297
 [ 02-28-2025  16:57:45.419 ] step: n=48 t=2.955122E-06 dt=7.140606E-08
 [ 02-28-2025  16:58:01.671 ] [GRID amr_refine_derefine]: initiating refinement
 [ 02-28-2025  16:58:01.688 ] [GRID amr_refine_derefine]: redist. phase.  tot blks requested: 50496
 [GRID amr_refine_derefine] min blks 27    max blks 31    tot blks 50496
 [GRID amr_refine_derefine] min leaf blks 24    max leaf blks 28    tot leaf blks 48280
 [ 02-28-2025  16:58:02.159 ] [GRID amr_refine_derefine]: refinement complete
 [ 02-28-2025  16:58:02.640 ] step: n=49 t=3.026528E-06 dt=7.141819E-08
 [ 02-28-2025  16:58:02.640 ] [mpi_amr_comm_setup]: buffer_dim_send=6484429, buffer_dim_recv=4958125
 [ 02-28-2025  16:58:12.589 ] step: n=50 t=3.097946E-06 dt=7.145160E-08
 [ 02-28-2025  16:58:29.061 ] [GRID amr_refine_derefine]: initiating refinement
 [ 02-28-2025  16:58:29.073 ] [GRID amr_refine_derefine]: redist. phase.  tot blks requested: 50688
 [GRID amr_refine_derefine] min blks 27    max blks 31    tot blks 50688
 [GRID amr_refine_derefine] min leaf blks 24    max leaf blks 28    tot leaf blks 48448
 [ 02-28-2025  16:58:29.520 ] [GRID amr_refine_derefine]: refinement complete
 [ 02-28-2025  16:58:36.825 ] [IO_writeCheckpoint] open: type=checkpoint name=sedov_hdf5_chk_0005
 [ 02-28-2025  16:59:17.210 ] [io_writeData]: wrote   50688          blocks
 [ 02-28-2025  16:59:17.221 ] [IO_writeCheckpoint] close: type=checkpoint name=sedov_hdf5_chk_0005
 [ 02-28-2025  16:59:17.224 ] step: n=51 t=3.169398E-06 dt=7.144310E-08
 [ 02-28-2025  16:59:27.593 ] step: n=52 t=3.240841E-06 dt=7.143606E-08
 [ 02-28-2025  16:59:44.600 ] step: n=53 t=3.312277E-06 dt=7.143079E-08
 [ 02-28-2025  16:59:54.939 ] step: n=54 t=3.383708E-06 dt=7.142810E-08
 [ 02-28-2025  17:00:11.944 ] step: n=55 t=3.455136E-06 dt=7.143310E-08
 [ 02-28-2025  17:00:22.262 ] step: n=56 t=3.526569E-06 dt=7.144995E-08
 [ 02-28-2025  17:00:39.322 ] step: n=57 t=3.598019E-06 dt=7.144585E-08
 [ 02-28-2025  17:00:49.610 ] step: n=58 t=3.669465E-06 dt=7.143776E-08
 [ 02-28-2025  17:01:06.561 ] step: n=59 t=3.740902E-06 dt=7.143330E-08
 [ 02-28-2025  17:01:16.891 ] step: n=60 t=3.812336E-06 dt=7.143015E-08
 [ 02-28-2025  17:01:40.765 ] [IO_writeCheckpoint] open: type=checkpoint name=sedov_hdf5_chk_0006
 [ 02-28-2025  17:02:21.085 ] [io_writeData]: wrote   50688          blocks
 [ 02-28-2025  17:02:21.334 ] [IO_writeCheckpoint] close: type=checkpoint name=sedov_hdf5_chk_0006
 [ 02-28-2025  17:02:21.335 ] [Driver_evolveAll]: Exiting evolution loop
 [ 02-28-2025  17:02:21.493 ] [IO_writePlotfile] open: type=plotfile name=sedov_forced_hdf5_plt_cnt_0000
 [ 02-28-2025  17:02:26.200 ] [io_writeData]: wrote   50688          blocks
 [ 02-28-2025  17:02:26.410 ] [IO_writePlotfile] close: type=plotfile name=sedov_forced_hdf5_plt_cnt_0000
 [ 02-28-2025  17:02:26.411 ] memory: /proc vsize    (MB):     4582.76 (min)       5023.02 (max)       4759.77 (avg)
 [ 02-28-2025  17:02:26.412 ] memory: /proc rss      (MB):     2069.75 (min)       2217.22 (max)       2114.30 (avg)
 ==============================================================================
 perf_summary: code performance summary for process            0
                      beginning : 02-28-2025  16:40:03
                         ending : 02-28-2025  17:02:26
   seconds in monitoring period :             1343.388
      number of evolution steps :                   60
 ------------------------------------------------------------------------------
 accounting unit                       time sec  num calls   secs avg  time pct
 ------------------------------------------------------------------------------
 initialization                        274.115      1         274.115    20.405
  eos                                    0.633      8           0.079     0.047
  guardcell internal                    10.355      7           1.479     0.771
   amr_guardcell                         9.742      7           1.392     0.725
   eos gc                                0.000      7           0.000     0.000
  writeCheckpoint                       45.888      1          45.888     3.416
   restrictAll                           6.251      1           6.251     0.465
  writePlotfile                          4.879      1           4.879     0.363
 writePlotfile                           5.070      1           5.070     0.377
 evolution                            1064.196      1        1064.196    79.217
  Hydro                                455.417     60           7.590    33.901
   Head                                 96.624     60           1.610     7.193
    guardcell internal                  96.622     60           1.610     7.192
     amr_guardcell                      88.884     60           1.481     6.616
     eos gc                              0.003     60           0.000     0.000
   compute fluxes                      342.381     60           5.706    25.486
    hy_computeFluxes                   342.377   1632           0.210    25.486
     RiemannState                      294.905   1632           0.181    21.952
     getFaceFlux                        47.085   1632           0.029     3.505
   conserveFluxes                        0.145     60           0.002     0.011
   update solution                      16.122     60           0.269     1.200
    update solution body                16.118   1632           0.010     1.200
     unsplitUpdate                       5.932   1632           0.004     0.442
  sourceTerms                            0.000     60           0.000     0.000
  Particles_advance                      0.000     60           0.000     0.000
  Gravity potential                      0.000     60           0.000     0.000
  IO_output                            406.573    120           3.388    30.265
   diagnostics                         131.250    120           1.094     9.770
   checkpointing                       275.293      6          45.882    20.492
    writeCheckpoint                    275.291      6          45.882    20.492
     restrictAll                        38.528      6           6.421     2.868
  Grid_updateRefinement                199.704     60           3.328    14.866
   eos                                   0.944      5           0.189     0.070
   tree                                198.760     60           3.313    14.795
    markRefineDerefine                  55.628     30           1.854     4.141
     guardcell internal                 48.168     30           1.606     3.586
      amr_guardcell                     44.252     30           1.475     3.294
      eos gc                             0.001     30           0.000     0.000
    amr_refine_derefine                139.902     30           4.663    10.414
    updateData                           0.001     30           0.000     0.000
   updateParticleRefinement              0.000      5           0.000     0.000
  Driver_computeDt                       2.475     60           0.041     0.184
 ==============================================================================
 [ 02-28-2025  17:02:26.414 ] [Timers_getSummary]: Not writing timer max/min/avg values because not all processors had same timers
 [ 02-28-2025  17:02:26.414 ] LOGFILE_END: FLASH run complete.
 FLASH log file:  02-28-2025  17:02:51.848    Run number:  1
 ==============================================================================
 Number of MPI tasks:               1792
 MPI version:                          3
 MPI subversion:                       1
 Dimensionality:                       3
 Max Number of Blocks/Proc:          200
 Number x zones:                      32
 Number y zones:                      32
 Number z zones:                      32
 Setup stamp:     Fri Nov 1 14:03:57 2024
 Build stamp:     Fri Nov 1 14:04:23 2024
 System info:     Linux corona211 4.18.0-553.22.1.1toss.t4.x86_64 #1 SMP Tue Sep 24 16:50:00 PDT 2
 Version:         Flash-X 1.0 (heads/main-0-g6040ba49-dirty)                                      
 Build directory: /usr/workspace/ather1/Flash-X/sedov
 Setup syntax:    /usr/workspace/ather1/Flash-X/bin/setup.py Sedov -auto -3d -nxb=32 -nyb=32 -nzb=32 +parallelio -objdir=/usr/workspace/ather1/Flash-X/sedov
 f compiler flags: mpif90 -ggdb -c -O2 -fdefault-real-8 -fdefault-double-8 -Wuninitialized -fallow-argument-mismatch -fallow-argument-mismatch -DMAXBLOCKS=200 -DNXB=32 -DNYB=32 -DNZB=32 -DN_DIM=3
 c compiler flags:    mpicc -I/p/lustre2/ather1/hdf5-1.14.4-3/install/include -DH5_USE_18_API -ggdb -c -O2 -Wuninitialized -D_FORTIFY_SOURCE=2 -DMAXBLOCKS=200 -DNXB=32 -DNYB=32 -DNZB=32 -DN_DIM=3
 ==============================================================================
 Comment:  Sedov explosion
 ==============================================================================
 FLASH Units used:
   Driver/DriverMain/Unsplit
   Grid/GridBoundaryConditions
   Grid/GridMain/AMR/Paramesh4/PM4_package/flash_avoid_orrery
   Grid/GridMain/AMR/Paramesh4/PM4_package/headers
   Grid/GridMain/AMR/Paramesh4/PM4_package/source
   Grid/GridMain/AMR/Paramesh4/PM4_package/utilities/multigrid
   Grid/GridMain/AMR/Paramesh4/interpolation/prolong
   Grid/GridMain/AMR/Paramesh4/levelFlux
   Grid/localAPI
   IO/IOMain/hdf5/parallel/PM
   IO/localAPI
   PhysicalConstants/PhysicalConstantsMain
   RuntimeParameters/RuntimeParametersMain
   Simulation/SimulationMain/Sedov
   TimeAdvance/TimeAdvanceMain/StrangSplit
   flashUtilities/contiguousConversion
   flashUtilities/general
   flashUtilities/interpolation/oneDim
   flashUtilities/nameValueLL
   flashUtilities/sorting/quicksort
   flashUtilities/system/memoryUsage/legacy
   monitors/Logfile/LogfileMain
   monitors/Timers/TimersMain/MPINative
   physics/Eos/EosMain/Gamma
   physics/Hydro/HydroMain/unsplit/OnlyHydro
   physics/Hydro/HydroMain/unsplit/levelFlux
   physics/Hydro/localAPI
 ==============================================================================
 RuntimeParameters:
                                                                               
 ==============================================================================
bndpriorityone              =          1
bndprioritythree            =          3
bndprioritytwo              =          2
checkpointfileintervalstep  =         10 [CHANGED]
checkpointfilenumber        =          0
dr_abortpause               =          2
dr_dtminbelowaction         =          1
drift_break_inst            =          0
drift_trunc_mantissa        =          2
drift_verbose_inst          =          0
eos_entrelescalechoice      =          6
eos_loglevel                =        700
fileformatversion           =          9
forcedplotfilenumber        =          0
gr_lrefmaxtimevalue_1       =         -1
gr_lrefmaxtimevalue_10      =         -1
gr_lrefmaxtimevalue_11      =         -1
gr_lrefmaxtimevalue_12      =         -1
gr_lrefmaxtimevalue_13      =         -1
gr_lrefmaxtimevalue_14      =         -1
gr_lrefmaxtimevalue_15      =         -1
gr_lrefmaxtimevalue_16      =         -1
gr_lrefmaxtimevalue_17      =         -1
gr_lrefmaxtimevalue_18      =         -1
gr_lrefmaxtimevalue_19      =         -1
gr_lrefmaxtimevalue_2       =         -1
gr_lrefmaxtimevalue_20      =         -1
gr_lrefmaxtimevalue_3       =         -1
gr_lrefmaxtimevalue_4       =         -1
gr_lrefmaxtimevalue_5       =         -1
gr_lrefmaxtimevalue_6       =         -1
gr_lrefmaxtimevalue_7       =         -1
gr_lrefmaxtimevalue_8       =         -1
gr_lrefmaxtimevalue_9       =         -1
gr_pmrpdivergencefree       =         -1
gr_pmrpifaceoff             =          0
gr_pmrpl2p5d                =          0
gr_pmrpmaxblocks            =         -1
gr_pmrpmflags               =          1
gr_pmrpnboundaries          =          6
gr_pmrpndim                 =          3
gr_pmrpnedgevar1            =         -1
gr_pmrpnfacevar             =         -1
gr_pmrpnfielddivf           =         -1
gr_pmrpnfluxvar             =         -1
gr_pmrpnguard               =         -1
gr_pmrpnguardwork           =         -1
gr_pmrpnvar                 =         -1
gr_pmrpnvarwork             =          1
gr_pmrpnvarcorn             =          0
gr_pmrpnvaredge             =          0
gr_pmrpnxb                  =         -1
gr_pmrpnyb                  =         -1
gr_pmrpnzb                  =         -1
gr_restrictallmethod        =          3
gr_sanitizedatamode         =          1
gr_sanitizeverbosity        =          5
gr_tilesizex                =         32
gr_tilesizey                =         32
gr_tilesizez                =         32
hy_3torder                  =         -1
hydrocomputedtoption        =         -1
iprocs                      =          1
interpol_order              =          2
irenorm                     =          0
jprocs                      =          1
kprocs                      =          1
lrefine_del                 =          0
lrefine_max                 =          6 [CHANGED]
lrefine_min                 =          1
lrefine_min_init            =          1
max_particles_per_blk       =        100
memory_stat_freq            =     100000
meshcopycount               =          1
min_particles_per_blk       =          1
nbegin                      =          1
nblockx                     =         32 [CHANGED]
nblocky                     =         32 [CHANGED]
nblockz                     =         32 [CHANGED]
nend                        =         60 [CHANGED]
nrefs                       =          2
nsteptotalsts               =          5
order                       =          3 [CHANGED]
outputsplitnum              =          1
plotfileintervalstep        =          0
plotfilenumber              =          0
refine_var_count            =          4
rolling_checkpoint          =      10000
sim_centerrefinelevel       =          1
sim_integralslevel          =         -1
sim_nsubzones               =          7
sweeporder                  =        123
transorder                  =          1
wr_integrals_freq           =          1
limitedslopebeta            =                 0.100E+01
cfl                         =                 0.800E+00
checkpointfileintervaltime  =                 0.000E+00 [CHANGED]
checkpointfileintervalz     =                 0.180+309
cvisc                       =                 0.100E+00
derefine_cutoff_1           =                 0.200E+00
derefine_cutoff_2           =                 0.200E+00
derefine_cutoff_3           =                 0.200E+00
derefine_cutoff_4           =                 0.200E+00
dr_dtmincontinue            =                 0.000E+00
dr_tstepslowstartfactor     =                 0.100E+00
dtinit                      =                 0.100E-09
dtmax                       =                 0.100E+06
dtmin                       =                 0.100E-09
eintswitch                  =                 0.100E-03 [CHANGED]
eos_singlespeciesa          =                 0.100E+01
eos_singlespeciesz          =                 0.100E+01
gamma                       =                 0.140E+01 [CHANGED]
gr_btworkchildscaling       =                 0.100E+01
gr_btworkdefaultleaf        =                 0.200E+01
gr_btworkdefaultpar         =                 0.100E+01
gr_btworklbleaf             =                 0.000E+00
gr_btworklbpar              =                 0.000E+00
gr_btworkubleaf             =                 0.100E+07
gr_btworkubpar              =                 0.100E+07
gr_lrefinemaxredlogbase     =                 0.100E+02
gr_lrefinemaxredradiusfact  =                 0.000E+00
gr_lrefinemaxredtref        =                 0.000E+00
gr_lrefinemaxredtimescale   =                 0.100E+01
gr_lrefmaxtime_1            =                -0.100E+01
gr_lrefmaxtime_10           =                -0.100E+01
gr_lrefmaxtime_11           =                -0.100E+01
gr_lrefmaxtime_12           =                -0.100E+01
gr_lrefmaxtime_13           =                -0.100E+01
gr_lrefmaxtime_14           =                -0.100E+01
gr_lrefmaxtime_15           =                -0.100E+01
gr_lrefmaxtime_16           =                -0.100E+01
gr_lrefmaxtime_17           =                -0.100E+01
gr_lrefmaxtime_18           =                -0.100E+01
gr_lrefmaxtime_19           =                -0.100E+01
gr_lrefmaxtime_2            =                -0.100E+01
gr_lrefmaxtime_20           =                -0.100E+01
gr_lrefmaxtime_3            =                -0.100E+01
gr_lrefmaxtime_4            =                -0.100E+01
gr_lrefmaxtime_5            =                -0.100E+01
gr_lrefmaxtime_6            =                -0.100E+01
gr_lrefmaxtime_7            =                -0.100E+01
gr_lrefmaxtime_8            =                -0.100E+01
gr_lrefmaxtime_9            =                -0.100E+01
hy_cflfallbackfactor        =                 0.900E+00
hy_fpresinmomflux           =                 0.100E+01
hybridorderkappa            =                 0.000E+00
nusts                       =                 0.200E+00 [CHANGED]
plotfileintervaltime        =                 0.000E+00 [CHANGED]
plotfileintervalz           =                 0.180+309
radiusgp                    =                 0.200E+01
refine_cutoff_1             =                 0.800E+00
refine_cutoff_2             =                 0.800E+00
refine_cutoff_3             =                 0.800E+00
refine_cutoff_4             =                 0.800E+00
refine_filter_1             =                 0.100E-01
refine_filter_2             =                 0.100E-01
refine_filter_3             =                 0.100E-01
refine_filter_4             =                 0.100E-01
rss_limit                   =                -0.100E+01
sigmagp                     =                 0.300E+01
sim_derefineradius          =                 0.000E+00
sim_earliestlstime          =                 0.000E+00
sim_expenergy               =                 0.100E+01
sim_largestnormradius       =                 0.180+309
sim_latestlstime            =                 0.180+309
sim_minrhoinit              =                 0.100E-19
sim_pambient                =                 0.100E-04
sim_rinit                   =                 0.137E-01 [CHANGED]
sim_rhoambient              =                 0.100E+01
sim_smallestnormradius      =                 0.000E+00
sim_xctr                    =                 0.500E+00
sim_yctr                    =                 0.500E+00
sim_zctr                    =                 0.500E+00
small                       =                 0.100E-09
smalle                      =                 0.100E-09
smallp                      =                 0.100E-09
smallt                      =                 0.100E-09
smallu                      =                 0.100E-09
smallx                      =                 0.100E-09
smlrho                      =                 0.100E-09
tinitial                    =                 0.000E+00
tiny                        =                 0.100E-15
tmax                        =                 0.500E+06 [CHANGED]
tstep_change_factor         =                 0.200E+01
wall_clock_checkpoint       =                 0.432E+05
wall_clock_time_limit       =                 0.605E+06
x_refine_center             =                 0.000E+00
xmax                        =                 0.100E+01
xmin                        =                 0.000E+00
y_refine_center             =                 0.000E+00
ymax                        =                 0.100E+01
ymin                        =                 0.000E+00
zfinal                      =                 0.000E+00
zinitial                    =                -0.100E+01
z_refine_center             =                 0.000E+00
zmax                        =                 0.100E+01
zmin                        =                 0.000E+00
riemannsolver               = Roe                            [CHANGED]
unitsystem                  = none                          
basenm                      = sedov_                         [CHANGED]
entropyfixmethod            = HARTENHYMAN                   
eosmode                     = dens_ie                       
eosmodeinit                 = dens_ie                       
geometry                    = cartesian                     
gr_pmrpoutputdir            = ./                            
grav_boundary_type          = isolated                      
hy_eosmodegc                = see eosMode                   
log_file                    = sedov.log                      [CHANGED]
output_directory            =                               
pc_unitsbase                = CGS                           
plot_grid_var_1             = none                          
plot_grid_var_10            = none                          
plot_grid_var_11            = none                          
plot_grid_var_12            = none                          
plot_grid_var_13            = none                          
plot_grid_var_14            = none                          
plot_grid_var_15            = none                          
plot_grid_var_16            = none                          
plot_grid_var_17            = none                          
plot_grid_var_18            = none                          
plot_grid_var_19            = none                          
plot_grid_var_2             = none                          
plot_grid_var_20            = none                          
plot_grid_var_21            = none                          
plot_grid_var_22            = none                          
plot_grid_var_23            = none                          
plot_grid_var_24            = none                          
plot_grid_var_25            = none                          
plot_grid_var_26            = none                          
plot_grid_var_27            = none                          
plot_grid_var_28            = none                          
plot_grid_var_29            = none                          
plot_grid_var_3             = none                          
plot_grid_var_30            = none                          
plot_grid_var_31            = none                          
plot_grid_var_32            = none                          
plot_grid_var_33            = none                          
plot_grid_var_34            = none                          
plot_grid_var_35            = none                          
plot_grid_var_36            = none                          
plot_grid_var_37            = none                          
plot_grid_var_38            = none                          
plot_grid_var_39            = none                          
plot_grid_var_4             = none                          
plot_grid_var_40            = none                          
plot_grid_var_41            = none                          
plot_grid_var_42            = none                          
plot_grid_var_43            = none                          
plot_grid_var_44            = none                          
plot_grid_var_45            = none                          
plot_grid_var_46            = none                          
plot_grid_var_47            = none                          
plot_grid_var_48            = none                          
plot_grid_var_49            = none                          
plot_grid_var_5             = none                          
plot_grid_var_50            = none                          
plot_grid_var_51            = none                          
plot_grid_var_52            = none                          
plot_grid_var_53            = none                          
plot_grid_var_54            = none                          
plot_grid_var_55            = none                          
plot_grid_var_56            = none                          
plot_grid_var_57            = none                          
plot_grid_var_58            = none                          
plot_grid_var_59            = none                          
plot_grid_var_6             = none                          
plot_grid_var_60            = none                          
plot_grid_var_61            = none                          
plot_grid_var_62            = none                          
plot_grid_var_63            = none                          
plot_grid_var_64            = none                          
plot_grid_var_65            = none                          
plot_grid_var_66            = none                          
plot_grid_var_67            = none                          
plot_grid_var_68            = none                          
plot_grid_var_69            = none                          
plot_grid_var_7             = none                          
plot_grid_var_70            = none                          
plot_grid_var_71            = none                          
plot_grid_var_72            = none                          
plot_grid_var_73            = none                          
plot_grid_var_74            = none                          
plot_grid_var_75            = none                          
plot_grid_var_76            = none                          
plot_grid_var_77            = none                          
plot_grid_var_78            = none                          
plot_grid_var_8             = none                          
plot_grid_var_9             = none                          
plot_var_1                  = dens                           [CHANGED]
plot_var_10                 = none                          
plot_var_11                 = none                          
plot_var_12                 = none                          
plot_var_13                 = none                          
plot_var_14                 = none                          
plot_var_15                 = none                          
plot_var_16                 = none                          
plot_var_17                 = none                          
plot_var_18                 = none                          
plot_var_2                  = pres                           [CHANGED]
plot_var_3                  = temp                           [CHANGED]
plot_var_4                  = none                          
plot_var_5                  = none                          
plot_var_6                  = none                          
plot_var_7                  = none                          
plot_var_8                  = none                          
plot_var_9                  = none                          
prof_file                   = profile.dat                   
refine_var_1                = dens                           [CHANGED]
refine_var_2                = pres                           [CHANGED]
refine_var_3                = none                          
refine_var_4                = none                          
run_comment                 = Sedov explosion                [CHANGED]
run_number                  = 1                             
sim_proffilename            = /dev/null                      [CHANGED]
slopelimiter                = mc                             [CHANGED]
stats_file                  = flashx.dat                    
wenomethod                  = WENO5                         
xl_boundary_type            = outflow                        [CHANGED]
xr_boundary_type            = outflow                        [CHANGED]
yl_boundary_type            = outflow                        [CHANGED]
yr_boundary_type            = outflow                        [CHANGED]
zl_boundary_type            = outflow                        [CHANGED]
zr_boundary_type            = outflow                        [CHANGED]
csvsummaryallprocs          =  F
eosforriemann               =  F
logsummaryallprocs          =  F
addthermalflux              =  T
allowdtstsdominate          =  F
alwayscomputeuservars       =  T
alwaysrestrictcheckpoint    =  T
charlimiting                =  T
chkguardcellsinput          =  F
chkguardcellsoutput         =  F
conserveangmom              =  F
converttoconsvdformeshcalls =  F
converttoconsvdinmeshinterp =  T
corners                     =  F
dr_printtsteploc            =  T
dr_shortenlaststepbeforetmax =  F
drift_tuples                =  F
eachprocwritesownabortlog   =  F
eachprocwritessummary       =  F
earlyblockdistadjustment    =  T
enablemaskedgcfill          =  F
entropy                     =  F
flux_correct                =  T
flux_correct_perlevel       =  F
geometryoverride            =  F
gr_bcenableapplymixedgds    =  T
gr_bndgcfillneedsprimitivevars =  T
gr_btcustomwork             =  F
gr_btexchangework           =  F
gr_btsortbywork             =  T
gr_enabletiling             =  F
gr_lrefinemaxbytime         =  F
gr_lrefinemaxreddobylogr    =  F
gr_lrefinemaxreddobytime    =  F
gr_pmrpadvancealllevels     =  F
gr_pmrpamrerrorchecking     =  F
gr_pmrpcartesianpm          =  F
gr_pmrpconserve             =  F
gr_pmrpconsvfluxdensities   =  T
gr_pmrpconsvfluxes          =  F
gr_pmrpcurvilinear          =  F
gr_pmrpcurvilinearconserve  =  F
gr_pmrpcylindricalpm        =  F
gr_pmrpdiagonals            =  T
gr_pmrpedgevalue            =  T
gr_pmrpedgevalueinteg       =  F
gr_pmrpemptycells           =  F
gr_pmrpforceconsistency     =  T
gr_pmrplsingularline        =  F
gr_pmrpnopermanentguardcells =  F
gr_pmrppolarpm              =  F
gr_pmrppredcorr             =  F
gr_pmrpsphericalpm          =  F
gr_pmrptimingmpi            =  F
gr_pmrptimingmpix           =  F
gr_pmrpvardt                =  F
gr_usetiling                =  F
hy_fallbacklowercfl         =  F
hy_fullspecmsfluxhandling   =  T
hy_usetiling                =  F
ignoreforcedplot            =  F
io_writemscalarintegrals    =  F
plotfilegridquantitydp      =  F
plotfilemetadatadp          =  F
reducegcellfills            =  F
refine_on_particle_count    =  F
restart                     =  F
shockdetect                 =  F
shocklowercfl               =  F
sim_bcsetbdryvar            =  F
sim_forcecenterderefine     =  F
sim_onelevelintegralsonly   =  F
summaryoutputonly           =  F
threadblocklistbuild        =  F
threaddelepblocklist        =  F
threaddelepwithinblock      =  F
threaddriverblocklist       =  F
threaddriverwithinblock     =  F
threadeoswithinblock        =  F
threadhydroblocklist        =  F
threadhydrowithinblock      =  F
threadraytracebuild         =  F
threadwithinblockbuild      =  F
tmr_suppressinparallel      =  F
typematchedxfer             =  T
unbiased_geometry           =  F
updatehydrofluxes           =  T
useburn                     =  F
usecollectivehdf5           =  T
usedeleptonize              =  F
usegravity                  =  F
useheatad                   =  F
useheater                   =  F
usehydro                    =  T
useimbound                  =  F
useincompns                 =  F
useinlet                    =  F
uselegacylabels             =  T
usemultiphase               =  F
useorchestration            =  F
useoutlet                   =  F
useparticles                =  F
useradtrans                 =  F
usests                      =  F
usestsfordiffusion          =  F
usesolidmechanics           =  F
use_3dfullctu               =  T
use_auxeinteqn              =  T
use_avisc                   =  T [CHANGED]
use_cma_advection           =  F
use_cma_flattening          =  F
use_flash_surr_blks_fill    =  T
use_flattening              =  F
use_gravhalfupdate          =  T
use_hybridorder             =  F
use_reduced_orrery          =  T
use_steepening              =  F
use_upwindtvd               =  F
writestatsummary            =  T
                                                                               
 ==============================================================================
                                                                               
 Known units of measurement:
                                                                               
              Unit                          CGS Value                Base Unit
  1                  cm                     1.0000                           cm
  2                   s                     1.0000                            s
  3                   g                     1.0000                            g
  4                   K                     1.0000                            K
  5                 esu                     1.0000                          esu
  6                 mol                     1.0000                          mol
  7                   m                     100.00                           cm
  8                  km                    1.00000E+05                       cm
  9                  pc                    3.08568E+18                       cm
 10                 kpc                    3.08568E+21                       cm
 11                 Mpc                    3.08568E+24                       cm
 12                 Gpc                    3.08568E+27                       cm
 13                Rsun                    6.96000E+10                       cm
 14                  AU                    1.49598E+13                       cm
 15                  yr                    3.15569E+07                        s
 16                 Myr                    3.15569E+13                        s
 17                 Gyr                    3.15569E+16                        s
 18                  kg                     1000.0                            g
 19                Msun                    1.98892E+33                        g
 20                 amu                    1.66054E-24                        g
 21                  eV                     11605.                            K
 22                   C                    2.99792E+09                      esu
 23                LFLY                    3.08568E+24                       cm
 24                TFLY                    2.05759E+17                        s
 25                MFLY                    9.88470E+45                        g
 26            clLength                    3.08568E+24                       cm
 27              clTime                    3.15569E+16                        s
 28              clMass                    1.98892E+48                        g
 29              clTemp                    1.16045E+07                        K
-----------End of Units--------------------
                                                                               
 Known physical constants:
                                                                               
    Constant Name       Constant Value   cm       s        g        K        esu      mol
  1              Newton    6.67408E-08   3.0     -2.0     -1.0      0.0      0.0      0.0    
  2      speed of light    2.99792E+10   1.0     -1.0      0.0      0.0      0.0      0.0    
  3              Planck    6.62607E-27   2.0     -1.0      1.0      0.0      0.0      0.0    
  4     electron charge    4.80320E-10   0.0      0.0      0.0      0.0      1.0      0.0    
  5       electron mass    9.10938E-28   0.0      0.0      1.0      0.0      0.0      0.0    
  6         proton mass    1.67262E-24   0.0      0.0      1.0      0.0      0.0      0.0    
  7      fine-structure    7.29735E-03   0.0      0.0      0.0      0.0      0.0      0.0    
  8            Avogadro    6.02214E+23   0.0      0.0      0.0      0.0      0.0     -1.0    
  9           Boltzmann    1.38065E-16   2.0     -2.0      1.0     -1.0      0.0      0.0    
 10  ideal gas constant    8.31446E+07   2.0     -2.0      1.0     -1.0      0.0     -1.0    
 11                Wien    0.28978       1.0      0.0      0.0      1.0      0.0      0.0    
 12    Stefan-Boltzmann    5.67037E-05   0.0     -3.0      1.0     -4.0      0.0      0.0    
 13  Radiation Constant    7.56572E-15  -1.0     -2.0      1.0     -4.0      0.0      0.0    
 14                  pi     3.1416       0.0      0.0      0.0      0.0      0.0      0.0    
 15                   e     2.7183       0.0      0.0      0.0      0.0      0.0      0.0    
 16               Euler    0.57722       0.0      0.0      0.0      0.0      0.0      0.0    
 ==============================================================================
                                                                               
 Multifluid database: not configured in
                                                                               
 ==============================================================================
 [ 02-28-2025  17:02:51.850 ] [gr_initGeometry] checking BCs for idir: 1
 [ 02-28-2025  17:02:51.850 ] [gr_initGeometry] checking BCs for idir: 2
 [ 02-28-2025  17:02:51.850 ] [gr_initGeometry] checking BCs for idir: 3
 [ 02-28-2025  17:02:53.809 ] [GRID amr_refine_derefine]: initiating refinement
 [ 02-28-2025  17:02:53.809 ] [GRID amr_refine_derefine]: redist. phase.  tot blks requested: 32768
 [GRID amr_refine_derefine] min blks 18    max blks 19    tot blks 32768
 [GRID amr_refine_derefine] min leaf blks 18    max leaf blks 19    tot leaf blks 32768
 [ 02-28-2025  17:02:54.261 ] [GRID amr_refine_derefine]: refinement complete
 [ 02-28-2025  17:03:06.541 ] [GRID gr_expandDomain]: iteration=1, create level=2
 INFO: Grid_fillGuardCells is ignoring masking.
 [ 02-28-2025  17:03:24.467 ] [mpi_amr_comm_setup]: buffer_dim_send=5176573, buffer_dim_recv=3646981
 [ 02-28-2025  17:03:27.372 ] [GRID amr_refine_derefine]: initiating refinement
 [ 02-28-2025  17:03:27.386 ] [GRID amr_refine_derefine]: redist. phase.  tot blks requested: 32832
 [GRID amr_refine_derefine] min blks 18    max blks 19    tot blks 32832
 [GRID amr_refine_derefine] min leaf blks 17    max leaf blks 19    tot leaf blks 32824
 [ 02-28-2025  17:03:27.649 ] [GRID amr_refine_derefine]: refinement complete
 [ 02-28-2025  17:03:27.653 ] [GRID gr_expandDomain]: iteration=2, create level=3
 [ 02-28-2025  17:03:48.984 ] [GRID amr_refine_derefine]: initiating refinement
 [ 02-28-2025  17:03:48.997 ] [GRID amr_refine_derefine]: redist. phase.  tot blks requested: 32896
 [GRID amr_refine_derefine] min blks 18    max blks 20    tot blks 32896
 [GRID amr_refine_derefine] min leaf blks 17    max leaf blks 19    tot leaf blks 32880
 [ 02-28-2025  17:03:49.268 ] [GRID amr_refine_derefine]: refinement complete
 [ 02-28-2025  17:03:49.270 ] [GRID gr_expandDomain]: iteration=3, create level=4
 [ 02-28-2025  17:04:11.039 ] [GRID amr_refine_derefine]: initiating refinement
 [ 02-28-2025  17:04:11.061 ] [GRID amr_refine_derefine]: redist. phase.  tot blks requested: 34304
 [GRID amr_refine_derefine] min blks 19    max blks 22    tot blks 34304
 [GRID amr_refine_derefine] min leaf blks 17    max leaf blks 20    tot leaf blks 34112
 [ 02-28-2025  17:04:11.542 ] [GRID amr_refine_derefine]: refinement complete
 [ 02-28-2025  17:04:11.548 ] [GRID gr_expandDomain]: iteration=4, create level=5
 [ 02-28-2025  17:04:31.279 ] [mpi_amr_comm_setup]: buffer_dim_send=5313661, buffer_dim_recv=4312081
 [ 02-28-2025  17:04:34.007 ] [GRID amr_refine_derefine]: initiating refinement
 [ 02-28-2025  17:04:34.024 ] [GRID amr_refine_derefine]: redist. phase.  tot blks requested: 37312
 [GRID amr_refine_derefine] min blks 20    max blks 24    tot blks 37312
 [GRID amr_refine_derefine] min leaf blks 18    max leaf blks 21    tot leaf blks 36744
 [ 02-28-2025  17:04:34.546 ] [GRID amr_refine_derefine]: refinement complete
 [ 02-28-2025  17:04:34.550 ] [GRID gr_expandDomain]: iteration=5, create level=6
 [ 02-28-2025  17:04:56.296 ] [mpi_amr_comm_setup]: buffer_dim_send=5713933, buffer_dim_recv=4459801
 [ 02-28-2025  17:04:58.492 ] [GRID amr_refine_derefine]: initiating refinement
 [ 02-28-2025  17:04:58.509 ] [GRID amr_refine_derefine]: redist. phase.  tot blks requested: 48768
 [GRID amr_refine_derefine] min blks 26    max blks 30    tot blks 48768
 [GRID amr_refine_derefine] min leaf blks 23    max leaf blks 27    tot leaf blks 46768
 [ 02-28-2025  17:04:59.248 ] [GRID amr_refine_derefine]: refinement complete
 [ 02-28-2025  17:04:59.271 ] [GRID gr_expandDomain]: iteration=6, create level=6
 [ 02-28-2025  17:05:27.211 ] [mpi_amr_comm_setup]: buffer_dim_send=7881145, buffer_dim_recv=5392297
 [ 02-28-2025  17:05:30.420 ] [GRID gr_expandDomain]: iteration=7, create level=6
 [ 02-28-2025  17:06:01.555 ] [GRID gr_expandDomain]: iteration=8, create level=6
 [ 02-28-2025  17:06:31.120 ] memory: /proc vsize    (MB):     4528.07 (min)       4788.07 (max)       4698.83 (avg)
 [ 02-28-2025  17:06:31.120 ] memory: /proc rss      (MB):     1839.91 (min)       1925.18 (max)       1861.15 (avg)
 [ 02-28-2025  17:06:31.122 ] memory: /proc vsize    (MB):     4528.07 (min)       4788.07 (max)       4698.83 (avg)
 [ 02-28-2025  17:06:31.122 ] memory: /proc rss      (MB):     1839.91 (min)       1925.18 (max)       1861.15 (avg)
 [ 02-28-2025  17:06:31.168 ] memory: /proc vsize    (MB):     4528.07 (min)       4788.07 (max)       4698.83 (avg)
 [ 02-28-2025  17:06:31.168 ] memory: /proc rss      (MB):     1839.91 (min)       1925.18 (max)       1861.15 (avg)
 [ 02-28-2025  17:06:37.984 ] [IO_writeCheckpoint] open: type=checkpoint name=sedov_hdf5_chk_0000
 [ 02-28-2025  17:07:17.592 ] [io_writeData]: wrote   48768          blocks
 [ 02-28-2025  17:07:17.620 ] [IO_writeCheckpoint] close: type=checkpoint name=sedov_hdf5_chk_0000
 [ 02-28-2025  17:07:17.779 ] [IO_writePlotfile] open: type=plotfile name=sedov_hdf5_plt_cnt_0000
 [ 02-28-2025  17:07:22.453 ] [io_writeData]: wrote   48768          blocks
 [ 02-28-2025  17:07:22.462 ] [IO_writePlotfile] close: type=plotfile name=sedov_hdf5_plt_cnt_0000
 [ 02-28-2025  17:07:22.465 ] memory: /proc vsize    (MB):     4545.57 (min)       5016.66 (max)       4718.52 (avg)
 [ 02-28-2025  17:07:22.465 ] memory: /proc rss      (MB):     1846.50 (min)       1937.75 (max)       1871.43 (avg)
 [ 02-28-2025  17:07:22.465 ] [Driver_evolveAll]: Entering evolution loop
 [ 02-28-2025  17:07:22.465 ] step: n=1 t=0.000000E+00 dt=1.000000E-10
 [ 02-28-2025  17:07:32.113 ] step: n=2 t=1.000000E-10 dt=2.000000E-10
 [ 02-28-2025  17:07:48.056 ] step: n=3 t=3.000000E-10 dt=4.000000E-10
 [ 02-28-2025  17:07:57.619 ] step: n=4 t=7.000000E-10 dt=8.000000E-10
 [ 02-28-2025  17:08:13.579 ] step: n=5 t=1.500000E-09 dt=1.600000E-09
 [ 02-28-2025  17:08:23.170 ] step: n=6 t=3.100000E-09 dt=3.200000E-09
 [ 02-28-2025  17:08:39.210 ] step: n=7 t=6.300000E-09 dt=6.400000E-09
 [ 02-28-2025  17:08:48.829 ] step: n=8 t=1.270000E-08 dt=1.280000E-08
 [ 02-28-2025  17:09:04.829 ] step: n=9 t=2.550000E-08 dt=2.560000E-08
 [ 02-28-2025  17:09:14.486 ] step: n=10 t=5.110000E-08 dt=5.120000E-08
 [ 02-28-2025  17:09:36.814 ] [IO_writeCheckpoint] open: type=checkpoint name=sedov_hdf5_chk_0001
 [ 02-28-2025  17:10:14.770 ] [io_writeData]: wrote   48768          blocks
 [ 02-28-2025  17:10:14.779 ] [IO_writeCheckpoint] close: type=checkpoint name=sedov_hdf5_chk_0001
 [ 02-28-2025  17:10:14.780 ] step: n=11 t=1.023000E-07 dt=1.024000E-07
 [ 02-28-2025  17:10:24.412 ] step: n=12 t=2.047000E-07 dt=9.937542E-08
 [ 02-28-2025  17:10:40.418 ] step: n=13 t=3.040754E-07 dt=9.615282E-08
 [ 02-28-2025  17:10:50.118 ] step: n=14 t=4.002282E-07 dt=9.325600E-08
 [ 02-28-2025  17:11:06.149 ] step: n=15 t=4.934842E-07 dt=9.058955E-08
 [ 02-28-2025  17:11:15.803 ] step: n=16 t=5.840738E-07 dt=8.822195E-08
 [ 02-28-2025  17:11:31.842 ] step: n=17 t=6.722957E-07 dt=8.592743E-08
 [ 02-28-2025  17:11:41.519 ] step: n=18 t=7.582232E-07 dt=8.368672E-08
 [ 02-28-2025  17:11:57.588 ] step: n=19 t=8.419099E-07 dt=8.162257E-08
 [ 02-28-2025  17:12:07.246 ] step: n=20 t=9.235325E-07 dt=7.981691E-08
 [ 02-28-2025  17:12:29.571 ] [IO_writeCheckpoint] open: type=checkpoint name=sedov_hdf5_chk_0002
 [ 02-28-2025  17:13:06.968 ] [io_writeData]: wrote   48768          blocks
 [ 02-28-2025  17:13:06.990 ] [IO_writeCheckpoint] close: type=checkpoint name=sedov_hdf5_chk_0002
 [ 02-28-2025  17:13:06.991 ] step: n=21 t=1.003349E-06 dt=7.822053E-08
 [ 02-28-2025  17:13:16.666 ] step: n=22 t=1.081570E-06 dt=7.684528E-08
 [ 02-28-2025  17:13:32.704 ] step: n=23 t=1.158415E-06 dt=7.555985E-08
 [ 02-28-2025  17:13:42.367 ] step: n=24 t=1.233975E-06 dt=7.447396E-08
 [ 02-28-2025  17:13:58.294 ] [GRID amr_refine_derefine]: initiating refinement
 [ 02-28-2025  17:13:58.305 ] [GRID amr_refine_derefine]: redist. phase.  tot blks requested: 49152
 [GRID amr_refine_derefine] min blks 26    max blks 30    tot blks 49152
 [GRID amr_refine_derefine] min leaf blks 24    max leaf blks 27    tot leaf blks 47104
 [ 02-28-2025  17:13:58.952 ] [GRID amr_refine_derefine]: refinement complete
 [ 02-28-2025  17:13:59.547 ] step: n=25 t=1.308449E-06 dt=7.359418E-08
 [ 02-28-2025  17:13:59.547 ] [mpi_amr_comm_setup]: buffer_dim_send=7863733, buffer_dim_recv=5392297
 [ 02-28-2025  17:14:09.275 ] step: n=26 t=1.382043E-06 dt=7.289860E-08
 [ 02-28-2025  17:14:25.380 ] step: n=27 t=1.454942E-06 dt=7.238261E-08
 [ 02-28-2025  17:14:35.096 ] step: n=28 t=1.527324E-06 dt=7.195505E-08
 [ 02-28-2025  17:14:51.199 ] step: n=29 t=1.599279E-06 dt=7.160819E-08
 [ 02-28-2025  17:15:00.915 ] step: n=30 t=1.670888E-06 dt=7.137201E-08
 [ 02-28-2025  17:15:23.452 ] [IO_writeCheckpoint] open: type=checkpoint name=sedov_hdf5_chk_0003
 [ 02-28-2025  17:16:48.103 ] [io_writeData]: wrote   49152          blocks
 [ 02-28-2025  17:16:48.109 ] [IO_writeCheckpoint] close: type=checkpoint name=sedov_hdf5_chk_0003
 [ 02-28-2025  17:16:48.110 ] step: n=31 t=1.742260E-06 dt=7.124494E-08
 [ 02-28-2025  17:16:57.845 ] step: n=32 t=1.813505E-06 dt=7.119740E-08
 [ 02-28-2025  17:17:13.913 ] step: n=33 t=1.884702E-06 dt=7.120661E-08
 [ 02-28-2025  17:17:23.658 ] step: n=34 t=1.955909E-06 dt=7.122364E-08
 [ 02-28-2025  17:17:39.768 ] step: n=35 t=2.027132E-06 dt=7.124414E-08
 [ 02-28-2025  17:17:49.487 ] step: n=36 t=2.098376E-06 dt=7.127462E-08
 [ 02-28-2025  17:18:05.471 ] [GRID amr_refine_derefine]: initiating refinement
 [ 02-28-2025  17:18:05.480 ] [GRID amr_refine_derefine]: redist. phase.  tot blks requested: 49920
 [GRID amr_refine_derefine] min blks 27    max blks 31    tot blks 49920
 [GRID amr_refine_derefine] min leaf blks 24    max leaf blks 28    tot leaf blks 47776
 [ 02-28-2025  17:18:06.163 ] [GRID amr_refine_derefine]: refinement complete
 [ 02-28-2025  17:18:06.730 ] step: n=37 t=2.169651E-06 dt=7.132802E-08
 [ 02-28-2025  17:18:06.730 ] [mpi_amr_comm_setup]: buffer_dim_send=7338289, buffer_dim_recv=5392297
 [ 02-28-2025  17:18:16.565 ] step: n=38 t=2.240979E-06 dt=7.141305E-08
 [ 02-28-2025  17:18:32.899 ] step: n=39 t=2.312392E-06 dt=7.142860E-08
 [ 02-28-2025  17:18:42.729 ] step: n=40 t=2.383821E-06 dt=7.142437E-08
 [ 02-28-2025  17:19:05.794 ] [IO_writeCheckpoint] open: type=checkpoint name=sedov_hdf5_chk_0004
 [ 02-28-2025  17:19:44.536 ] [io_writeData]: wrote   49920          blocks
 [ 02-28-2025  17:19:44.549 ] [IO_writeCheckpoint] close: type=checkpoint name=sedov_hdf5_chk_0004
 [ 02-28-2025  17:19:44.550 ] step: n=41 t=2.455245E-06 dt=7.141417E-08
 [ 02-28-2025  17:19:54.367 ] step: n=42 t=2.526659E-06 dt=7.140932E-08
 [ 02-28-2025  17:20:10.697 ] step: n=43 t=2.598068E-06 dt=7.141878E-08
 [ 02-28-2025  17:20:20.513 ] step: n=44 t=2.669487E-06 dt=7.142363E-08
 [ 02-28-2025  17:20:36.819 ] step: n=45 t=2.740911E-06 dt=7.140413E-08
 [ 02-28-2025  17:20:46.635 ] step: n=46 t=2.812315E-06 dt=7.140388E-08
 [ 02-28-2025  17:21:02.810 ] [GRID amr_refine_derefine]: initiating refinement
 [ 02-28-2025  17:21:02.821 ] [GRID amr_refine_derefine]: redist. phase.  tot blks requested: 50304
 [GRID amr_refine_derefine] min blks 27    max blks 31    tot blks 50304
 [GRID amr_refine_derefine] min leaf blks 24    max leaf blks 28    tot leaf blks 48112
 [ 02-28-2025  17:21:03.513 ] [GRID amr_refine_derefine]: refinement complete
 [ 02-28-2025  17:21:04.001 ] step: n=47 t=2.883719E-06 dt=7.140292E-08
 [ 02-28-2025  17:21:04.001 ] [mpi_amr_comm_setup]: buffer_dim_send=7910833, buffer_dim_recv=5392297
 [ 02-28-2025  17:21:13.845 ] step: n=48 t=2.955122E-06 dt=7.140606E-08
 [ 02-28-2025  17:21:30.085 ] [GRID amr_refine_derefine]: initiating refinement
 [ 02-28-2025  17:21:30.094 ] [GRID amr_refine_derefine]: redist. phase.  tot blks requested: 50496
 [GRID amr_refine_derefine] min blks 27    max blks 31    tot blks 50496
 [GRID amr_refine_derefine] min leaf blks 24    max leaf blks 28    tot leaf blks 48280
 [ 02-28-2025  17:21:30.564 ] [GRID amr_refine_derefine]: refinement complete
 [ 02-28-2025  17:21:31.035 ] step: n=49 t=3.026528E-06 dt=7.141819E-08
 [ 02-28-2025  17:21:31.035 ] [mpi_amr_comm_setup]: buffer_dim_send=6484429, buffer_dim_recv=4958125
 [ 02-28-2025  17:21:40.962 ] step: n=50 t=3.097946E-06 dt=7.145160E-08
 [ 02-28-2025  17:21:57.433 ] [GRID amr_refine_derefine]: initiating refinement
 [ 02-28-2025  17:21:57.443 ] [GRID amr_refine_derefine]: redist. phase.  tot blks requested: 50688
 [GRID amr_refine_derefine] min blks 27    max blks 31    tot blks 50688
 [GRID amr_refine_derefine] min leaf blks 24    max leaf blks 28    tot leaf blks 48448
 [ 02-28-2025  17:21:57.886 ] [GRID amr_refine_derefine]: refinement complete
 [ 02-28-2025  17:22:05.871 ] [IO_writeCheckpoint] open: type=checkpoint name=sedov_hdf5_chk_0005
 [ 02-28-2025  17:23:48.509 ] [io_writeData]: wrote   50688          blocks
 [ 02-28-2025  17:23:48.528 ] [IO_writeCheckpoint] close: type=checkpoint name=sedov_hdf5_chk_0005
 [ 02-28-2025  17:23:48.534 ] step: n=51 t=3.169398E-06 dt=7.144310E-08
 [ 02-28-2025  17:23:58.745 ] step: n=52 t=3.240841E-06 dt=7.143606E-08
 [ 02-28-2025  17:24:15.611 ] step: n=53 t=3.312277E-06 dt=7.143079E-08
 [ 02-28-2025  17:24:25.652 ] step: n=54 t=3.383708E-06 dt=7.142810E-08
 [ 02-28-2025  17:24:42.367 ] step: n=55 t=3.455136E-06 dt=7.143310E-08
 [ 02-28-2025  17:24:52.405 ] step: n=56 t=3.526569E-06 dt=7.144995E-08
 [ 02-28-2025  17:25:09.119 ] step: n=57 t=3.598019E-06 dt=7.144585E-08
 [ 02-28-2025  17:25:19.155 ] step: n=58 t=3.669465E-06 dt=7.143776E-08
 [ 02-28-2025  17:25:35.868 ] step: n=59 t=3.740902E-06 dt=7.143330E-08
 [ 02-28-2025  17:25:45.908 ] step: n=60 t=3.812336E-06 dt=7.143015E-08
 [ 02-28-2025  17:26:09.459 ] [IO_writeCheckpoint] open: type=checkpoint name=sedov_hdf5_chk_0006
 [ 02-28-2025  17:27:21.673 ] [io_writeData]: wrote   50688          blocks
 [ 02-28-2025  17:27:21.707 ] [IO_writeCheckpoint] close: type=checkpoint name=sedov_hdf5_chk_0006
 [ 02-28-2025  17:27:21.708 ] [Driver_evolveAll]: Exiting evolution loop
 [ 02-28-2025  17:27:22.191 ] [IO_writePlotfile] open: type=plotfile name=sedov_forced_hdf5_plt_cnt_0000
 [ 02-28-2025  17:27:27.681 ] [io_writeData]: wrote   50688          blocks
 [ 02-28-2025  17:27:27.688 ] [IO_writePlotfile] close: type=plotfile name=sedov_forced_hdf5_plt_cnt_0000
 [ 02-28-2025  17:27:27.689 ] memory: /proc vsize    (MB):     4606.86 (min)       5023.18 (max)       4759.80 (avg)
 [ 02-28-2025  17:27:27.689 ] memory: /proc rss      (MB):     2071.85 (min)       2222.16 (max)       2116.17 (avg)
 ==============================================================================
 perf_summary: code performance summary for process            0
                      beginning : 02-28-2025  17:02:51
                         ending : 02-28-2025  17:27:27
   seconds in monitoring period :             1475.841
      number of evolution steps :                   60
 ------------------------------------------------------------------------------
 accounting unit                       time sec  num calls   secs avg  time pct
 ------------------------------------------------------------------------------
 initialization                        270.616      1         270.616    18.336
  eos                                    0.631      8           0.079     0.043
  guardcell internal                    10.522      7           1.503     0.713
   amr_guardcell                         9.913      7           1.416     0.672
   eos gc                                0.000      7           0.000     0.000
  writeCheckpoint                       46.407      1          46.407     3.144
   restrictAll                           6.214      1           6.214     0.421
  writePlotfile                          4.839      1           4.839     0.328
 writePlotfile                           5.974      1           5.974     0.405
 evolution                            1199.243      1        1199.243    81.258
  Hydro                                454.883     60           7.581    30.822
   Head                                 96.338     60           1.606     6.528
    guardcell internal                  96.336     60           1.606     6.528
     amr_guardcell                      88.583     60           1.476     6.002
     eos gc                              0.003     60           0.000     0.000
   compute fluxes                      342.005     60           5.700    23.174
    hy_computeFluxes                   342.000   1632           0.210    23.173
     RiemannState                      294.648   1632           0.181    19.965
     getFaceFlux                        46.967   1632           0.029     3.182
   conserveFluxes                        0.136     60           0.002     0.009
   update solution                      16.253     60           0.271     1.101
    update solution body                16.249   1632           0.010     1.101
     unsplitUpdate                       5.962   1632           0.004     0.404
  sourceTerms                            0.000     60           0.000     0.000
  Particles_advance                      0.000     60           0.000     0.000
  Gravity potential                      0.000     60           0.000     0.000
  IO_output                            542.712    120           4.523    36.773
   diagnostics                         128.888    120           1.074     8.733
   checkpointing                       413.790      6          68.965    28.038
    writeCheckpoint                    413.787      6          68.964    28.037
     restrictAll                        38.478      6           6.413     2.607
  Grid_updateRefinement                199.152     60           3.319    13.494
   eos                                   0.943      5           0.189     0.064
   tree                                198.209     60           3.303    13.430
    markRefineDerefine                  55.769     30           1.859     3.779
     guardcell internal                 48.348     30           1.612     3.276
      amr_guardcell                     44.480     30           1.483     3.014
      eos gc                             0.001     30           0.000     0.000
    amr_refine_derefine                139.215     30           4.640     9.433
    updateData                           0.001     30           0.000     0.000
   updateParticleRefinement              0.000      5           0.000     0.000
  Driver_computeDt                       2.473     60           0.041     0.168
 ==============================================================================
 [ 02-28-2025  17:27:27.691 ] [Timers_getSummary]: Not writing timer max/min/avg values because not all processors had same timers
 [ 02-28-2025  17:27:27.691 ] LOGFILE_END: FLASH run complete.
 FLASH log file:  02-28-2025  17:27:52.909    Run number:  1
 ==============================================================================
 Number of MPI tasks:               1792
 MPI version:                          3
 MPI subversion:                       1
 Dimensionality:                       3
 Max Number of Blocks/Proc:          200
 Number x zones:                      32
 Number y zones:                      32
 Number z zones:                      32
 Setup stamp:     Fri Nov 1 14:03:57 2024
 Build stamp:     Fri Nov 1 14:04:23 2024
 System info:     Linux corona211 4.18.0-553.22.1.1toss.t4.x86_64 #1 SMP Tue Sep 24 16:50:00 PDT 2
 Version:         Flash-X 1.0 (heads/main-0-g6040ba49-dirty)                                      
 Build directory: /usr/workspace/ather1/Flash-X/sedov
 Setup syntax:    /usr/workspace/ather1/Flash-X/bin/setup.py Sedov -auto -3d -nxb=32 -nyb=32 -nzb=32 +parallelio -objdir=/usr/workspace/ather1/Flash-X/sedov
 f compiler flags: mpif90 -ggdb -c -O2 -fdefault-real-8 -fdefault-double-8 -Wuninitialized -fallow-argument-mismatch -fallow-argument-mismatch -DMAXBLOCKS=200 -DNXB=32 -DNYB=32 -DNZB=32 -DN_DIM=3
 c compiler flags:    mpicc -I/p/lustre2/ather1/hdf5-1.14.4-3/install/include -DH5_USE_18_API -ggdb -c -O2 -Wuninitialized -D_FORTIFY_SOURCE=2 -DMAXBLOCKS=200 -DNXB=32 -DNYB=32 -DNZB=32 -DN_DIM=3
 ==============================================================================
 Comment:  Sedov explosion
 ==============================================================================
 FLASH Units used:
   Driver/DriverMain/Unsplit
   Grid/GridBoundaryConditions
   Grid/GridMain/AMR/Paramesh4/PM4_package/flash_avoid_orrery
   Grid/GridMain/AMR/Paramesh4/PM4_package/headers
   Grid/GridMain/AMR/Paramesh4/PM4_package/source
   Grid/GridMain/AMR/Paramesh4/PM4_package/utilities/multigrid
   Grid/GridMain/AMR/Paramesh4/interpolation/prolong
   Grid/GridMain/AMR/Paramesh4/levelFlux
   Grid/localAPI
   IO/IOMain/hdf5/parallel/PM
   IO/localAPI
   PhysicalConstants/PhysicalConstantsMain
   RuntimeParameters/RuntimeParametersMain
   Simulation/SimulationMain/Sedov
   TimeAdvance/TimeAdvanceMain/StrangSplit
   flashUtilities/contiguousConversion
   flashUtilities/general
   flashUtilities/interpolation/oneDim
   flashUtilities/nameValueLL
   flashUtilities/sorting/quicksort
   flashUtilities/system/memoryUsage/legacy
   monitors/Logfile/LogfileMain
   monitors/Timers/TimersMain/MPINative
   physics/Eos/EosMain/Gamma
   physics/Hydro/HydroMain/unsplit/OnlyHydro
   physics/Hydro/HydroMain/unsplit/levelFlux
   physics/Hydro/localAPI
 ==============================================================================
 RuntimeParameters:
                                                                               
 ==============================================================================
bndpriorityone              =          1
bndprioritythree            =          3
bndprioritytwo              =          2
checkpointfileintervalstep  =         10 [CHANGED]
checkpointfilenumber        =          0
dr_abortpause               =          2
dr_dtminbelowaction         =          1
drift_break_inst            =          0
drift_trunc_mantissa        =          2
drift_verbose_inst          =          0
eos_entrelescalechoice      =          6
eos_loglevel                =        700
fileformatversion           =          9
forcedplotfilenumber        =          0
gr_lrefmaxtimevalue_1       =         -1
gr_lrefmaxtimevalue_10      =         -1
gr_lrefmaxtimevalue_11      =         -1
gr_lrefmaxtimevalue_12      =         -1
gr_lrefmaxtimevalue_13      =         -1
gr_lrefmaxtimevalue_14      =         -1
gr_lrefmaxtimevalue_15      =         -1
gr_lrefmaxtimevalue_16      =         -1
gr_lrefmaxtimevalue_17      =         -1
gr_lrefmaxtimevalue_18      =         -1
gr_lrefmaxtimevalue_19      =         -1
gr_lrefmaxtimevalue_2       =         -1
gr_lrefmaxtimevalue_20      =         -1
gr_lrefmaxtimevalue_3       =         -1
gr_lrefmaxtimevalue_4       =         -1
gr_lrefmaxtimevalue_5       =         -1
gr_lrefmaxtimevalue_6       =         -1
gr_lrefmaxtimevalue_7       =         -1
gr_lrefmaxtimevalue_8       =         -1
gr_lrefmaxtimevalue_9       =         -1
gr_pmrpdivergencefree       =         -1
gr_pmrpifaceoff             =          0
gr_pmrpl2p5d                =          0
gr_pmrpmaxblocks            =         -1
gr_pmrpmflags               =          1
gr_pmrpnboundaries          =          6
gr_pmrpndim                 =          3
gr_pmrpnedgevar1            =         -1
gr_pmrpnfacevar             =         -1
gr_pmrpnfielddivf           =         -1
gr_pmrpnfluxvar             =         -1
gr_pmrpnguard               =         -1
gr_pmrpnguardwork           =         -1
gr_pmrpnvar                 =         -1
gr_pmrpnvarwork             =          1
gr_pmrpnvarcorn             =          0
gr_pmrpnvaredge             =          0
gr_pmrpnxb                  =         -1
gr_pmrpnyb                  =         -1
gr_pmrpnzb                  =         -1
gr_restrictallmethod        =          3
gr_sanitizedatamode         =          1
gr_sanitizeverbosity        =          5
gr_tilesizex                =         32
gr_tilesizey                =         32
gr_tilesizez                =         32
hy_3torder                  =         -1
hydrocomputedtoption        =         -1
iprocs                      =          1
interpol_order              =          2
irenorm                     =          0
jprocs                      =          1
kprocs                      =          1
lrefine_del                 =          0
lrefine_max                 =          6 [CHANGED]
lrefine_min                 =          1
lrefine_min_init            =          1
max_particles_per_blk       =        100
memory_stat_freq            =     100000
meshcopycount               =          1
min_particles_per_blk       =          1
nbegin                      =          1
nblockx                     =         32 [CHANGED]
nblocky                     =         32 [CHANGED]
nblockz                     =         32 [CHANGED]
nend                        =         60 [CHANGED]
nrefs                       =          2
nsteptotalsts               =          5
order                       =          3 [CHANGED]
outputsplitnum              =          1
plotfileintervalstep        =          0
plotfilenumber              =          0
refine_var_count            =          4
rolling_checkpoint          =      10000
sim_centerrefinelevel       =          1
sim_integralslevel          =         -1
sim_nsubzones               =          7
sweeporder                  =        123
transorder                  =          1
wr_integrals_freq           =          1
limitedslopebeta            =                 0.100E+01
cfl                         =                 0.800E+00
checkpointfileintervaltime  =                 0.000E+00 [CHANGED]
checkpointfileintervalz     =                 0.180+309
cvisc                       =                 0.100E+00
derefine_cutoff_1           =                 0.200E+00
derefine_cutoff_2           =                 0.200E+00
derefine_cutoff_3           =                 0.200E+00
derefine_cutoff_4           =                 0.200E+00
dr_dtmincontinue            =                 0.000E+00
dr_tstepslowstartfactor     =                 0.100E+00
dtinit                      =                 0.100E-09
dtmax                       =                 0.100E+06
dtmin                       =                 0.100E-09
eintswitch                  =                 0.100E-03 [CHANGED]
eos_singlespeciesa          =                 0.100E+01
eos_singlespeciesz          =                 0.100E+01
gamma                       =                 0.140E+01 [CHANGED]
gr_btworkchildscaling       =                 0.100E+01
gr_btworkdefaultleaf        =                 0.200E+01
gr_btworkdefaultpar         =                 0.100E+01
gr_btworklbleaf             =                 0.000E+00
gr_btworklbpar              =                 0.000E+00
gr_btworkubleaf             =                 0.100E+07
gr_btworkubpar              =                 0.100E+07
gr_lrefinemaxredlogbase     =                 0.100E+02
gr_lrefinemaxredradiusfact  =                 0.000E+00
gr_lrefinemaxredtref        =                 0.000E+00
gr_lrefinemaxredtimescale   =                 0.100E+01
gr_lrefmaxtime_1            =                -0.100E+01
gr_lrefmaxtime_10           =                -0.100E+01
gr_lrefmaxtime_11           =                -0.100E+01
gr_lrefmaxtime_12           =                -0.100E+01
gr_lrefmaxtime_13           =                -0.100E+01
gr_lrefmaxtime_14           =                -0.100E+01
gr_lrefmaxtime_15           =                -0.100E+01
gr_lrefmaxtime_16           =                -0.100E+01
gr_lrefmaxtime_17           =                -0.100E+01
gr_lrefmaxtime_18           =                -0.100E+01
gr_lrefmaxtime_19           =                -0.100E+01
gr_lrefmaxtime_2            =                -0.100E+01
gr_lrefmaxtime_20           =                -0.100E+01
gr_lrefmaxtime_3            =                -0.100E+01
gr_lrefmaxtime_4            =                -0.100E+01
gr_lrefmaxtime_5            =                -0.100E+01
gr_lrefmaxtime_6            =                -0.100E+01
gr_lrefmaxtime_7            =                -0.100E+01
gr_lrefmaxtime_8            =                -0.100E+01
gr_lrefmaxtime_9            =                -0.100E+01
hy_cflfallbackfactor        =                 0.900E+00
hy_fpresinmomflux           =                 0.100E+01
hybridorderkappa            =                 0.000E+00
nusts                       =                 0.200E+00 [CHANGED]
plotfileintervaltime        =                 0.000E+00 [CHANGED]
plotfileintervalz           =                 0.180+309
radiusgp                    =                 0.200E+01
refine_cutoff_1             =                 0.800E+00
refine_cutoff_2             =                 0.800E+00
refine_cutoff_3             =                 0.800E+00
refine_cutoff_4             =                 0.800E+00
refine_filter_1             =                 0.100E-01
refine_filter_2             =                 0.100E-01
refine_filter_3             =                 0.100E-01
refine_filter_4             =                 0.100E-01
rss_limit                   =                -0.100E+01
sigmagp                     =                 0.300E+01
sim_derefineradius          =                 0.000E+00
sim_earliestlstime          =                 0.000E+00
sim_expenergy               =                 0.100E+01
sim_largestnormradius       =                 0.180+309
sim_latestlstime            =                 0.180+309
sim_minrhoinit              =                 0.100E-19
sim_pambient                =                 0.100E-04
sim_rinit                   =                 0.137E-01 [CHANGED]
sim_rhoambient              =                 0.100E+01
sim_smallestnormradius      =                 0.000E+00
sim_xctr                    =                 0.500E+00
sim_yctr                    =                 0.500E+00
sim_zctr                    =                 0.500E+00
small                       =                 0.100E-09
smalle                      =                 0.100E-09
smallp                      =                 0.100E-09
smallt                      =                 0.100E-09
smallu                      =                 0.100E-09
smallx                      =                 0.100E-09
smlrho                      =                 0.100E-09
tinitial                    =                 0.000E+00
tiny                        =                 0.100E-15
tmax                        =                 0.500E+06 [CHANGED]
tstep_change_factor         =                 0.200E+01
wall_clock_checkpoint       =                 0.432E+05
wall_clock_time_limit       =                 0.605E+06
x_refine_center             =                 0.000E+00
xmax                        =                 0.100E+01
xmin                        =                 0.000E+00
y_refine_center             =                 0.000E+00
ymax                        =                 0.100E+01
ymin                        =                 0.000E+00
zfinal                      =                 0.000E+00
zinitial                    =                -0.100E+01
z_refine_center             =                 0.000E+00
zmax                        =                 0.100E+01
zmin                        =                 0.000E+00
riemannsolver               = Roe                            [CHANGED]
unitsystem                  = none                          
basenm                      = sedov_                         [CHANGED]
entropyfixmethod            = HARTENHYMAN                   
eosmode                     = dens_ie                       
eosmodeinit                 = dens_ie                       
geometry                    = cartesian                     
gr_pmrpoutputdir            = ./                            
grav_boundary_type          = isolated                      
hy_eosmodegc                = see eosMode                   
log_file                    = sedov.log                      [CHANGED]
output_directory            =                               
pc_unitsbase                = CGS                           
plot_grid_var_1             = none                          
plot_grid_var_10            = none                          
plot_grid_var_11            = none                          
plot_grid_var_12            = none                          
plot_grid_var_13            = none                          
plot_grid_var_14            = none                          
plot_grid_var_15            = none                          
plot_grid_var_16            = none                          
plot_grid_var_17            = none                          
plot_grid_var_18            = none                          
plot_grid_var_19            = none                          
plot_grid_var_2             = none                          
plot_grid_var_20            = none                          
plot_grid_var_21            = none                          
plot_grid_var_22            = none                          
plot_grid_var_23            = none                          
plot_grid_var_24            = none                          
plot_grid_var_25            = none                          
plot_grid_var_26            = none                          
plot_grid_var_27            = none                          
plot_grid_var_28            = none                          
plot_grid_var_29            = none                          
plot_grid_var_3             = none                          
plot_grid_var_30            = none                          
plot_grid_var_31            = none                          
plot_grid_var_32            = none                          
plot_grid_var_33            = none                          
plot_grid_var_34            = none                          
plot_grid_var_35            = none                          
plot_grid_var_36            = none                          
plot_grid_var_37            = none                          
plot_grid_var_38            = none                          
plot_grid_var_39            = none                          
plot_grid_var_4             = none                          
plot_grid_var_40            = none                          
plot_grid_var_41            = none                          
plot_grid_var_42            = none                          
plot_grid_var_43            = none                          
plot_grid_var_44            = none                          
plot_grid_var_45            = none                          
plot_grid_var_46            = none                          
plot_grid_var_47            = none                          
plot_grid_var_48            = none                          
plot_grid_var_49            = none                          
plot_grid_var_5             = none                          
plot_grid_var_50            = none                          
plot_grid_var_51            = none                          
plot_grid_var_52            = none                          
plot_grid_var_53            = none                          
plot_grid_var_54            = none                          
plot_grid_var_55            = none                          
plot_grid_var_56            = none                          
plot_grid_var_57            = none                          
plot_grid_var_58            = none                          
plot_grid_var_59            = none                          
plot_grid_var_6             = none                          
plot_grid_var_60            = none                          
plot_grid_var_61            = none                          
plot_grid_var_62            = none                          
plot_grid_var_63            = none                          
plot_grid_var_64            = none                          
plot_grid_var_65            = none                          
plot_grid_var_66            = none                          
plot_grid_var_67            = none                          
plot_grid_var_68            = none                          
plot_grid_var_69            = none                          
plot_grid_var_7             = none                          
plot_grid_var_70            = none                          
plot_grid_var_71            = none                          
plot_grid_var_72            = none                          
plot_grid_var_73            = none                          
plot_grid_var_74            = none                          
plot_grid_var_75            = none                          
plot_grid_var_76            = none                          
plot_grid_var_77            = none                          
plot_grid_var_78            = none                          
plot_grid_var_8             = none                          
plot_grid_var_9             = none                          
plot_var_1                  = dens                           [CHANGED]
plot_var_10                 = none                          
plot_var_11                 = none                          
plot_var_12                 = none                          
plot_var_13                 = none                          
plot_var_14                 = none                          
plot_var_15                 = none                          
plot_var_16                 = none                          
plot_var_17                 = none                          
plot_var_18                 = none                          
plot_var_2                  = pres                           [CHANGED]
plot_var_3                  = temp                           [CHANGED]
plot_var_4                  = none                          
plot_var_5                  = none                          
plot_var_6                  = none                          
plot_var_7                  = none                          
plot_var_8                  = none                          
plot_var_9                  = none                          
prof_file                   = profile.dat                   
refine_var_1                = dens                           [CHANGED]
refine_var_2                = pres                           [CHANGED]
refine_var_3                = none                          
refine_var_4                = none                          
run_comment                 = Sedov explosion                [CHANGED]
run_number                  = 1                             
sim_proffilename            = /dev/null                      [CHANGED]
slopelimiter                = mc                             [CHANGED]
stats_file                  = flashx.dat                    
wenomethod                  = WENO5                         
xl_boundary_type            = outflow                        [CHANGED]
xr_boundary_type            = outflow                        [CHANGED]
yl_boundary_type            = outflow                        [CHANGED]
yr_boundary_type            = outflow                        [CHANGED]
zl_boundary_type            = outflow                        [CHANGED]
zr_boundary_type            = outflow                        [CHANGED]
csvsummaryallprocs          =  F
eosforriemann               =  F
logsummaryallprocs          =  F
addthermalflux              =  T
allowdtstsdominate          =  F
alwayscomputeuservars       =  T
alwaysrestrictcheckpoint    =  T
charlimiting                =  T
chkguardcellsinput          =  F
chkguardcellsoutput         =  F
conserveangmom              =  F
converttoconsvdformeshcalls =  F
converttoconsvdinmeshinterp =  T
corners                     =  F
dr_printtsteploc            =  T
dr_shortenlaststepbeforetmax =  F
drift_tuples                =  F
eachprocwritesownabortlog   =  F
eachprocwritessummary       =  F
earlyblockdistadjustment    =  T
enablemaskedgcfill          =  F
entropy                     =  F
flux_correct                =  T
flux_correct_perlevel       =  F
geometryoverride            =  F
gr_bcenableapplymixedgds    =  T
gr_bndgcfillneedsprimitivevars =  T
gr_btcustomwork             =  F
gr_btexchangework           =  F
gr_btsortbywork             =  T
gr_enabletiling             =  F
gr_lrefinemaxbytime         =  F
gr_lrefinemaxreddobylogr    =  F
gr_lrefinemaxreddobytime    =  F
gr_pmrpadvancealllevels     =  F
gr_pmrpamrerrorchecking     =  F
gr_pmrpcartesianpm          =  F
gr_pmrpconserve             =  F
gr_pmrpconsvfluxdensities   =  T
gr_pmrpconsvfluxes          =  F
gr_pmrpcurvilinear          =  F
gr_pmrpcurvilinearconserve  =  F
gr_pmrpcylindricalpm        =  F
gr_pmrpdiagonals            =  T
gr_pmrpedgevalue            =  T
gr_pmrpedgevalueinteg       =  F
gr_pmrpemptycells           =  F
gr_pmrpforceconsistency     =  T
gr_pmrplsingularline        =  F
gr_pmrpnopermanentguardcells =  F
gr_pmrppolarpm              =  F
gr_pmrppredcorr             =  F
gr_pmrpsphericalpm          =  F
gr_pmrptimingmpi            =  F
gr_pmrptimingmpix           =  F
gr_pmrpvardt                =  F
gr_usetiling                =  F
hy_fallbacklowercfl         =  F
hy_fullspecmsfluxhandling   =  T
hy_usetiling                =  F
ignoreforcedplot            =  F
io_writemscalarintegrals    =  F
plotfilegridquantitydp      =  F
plotfilemetadatadp          =  F
reducegcellfills            =  F
refine_on_particle_count    =  F
restart                     =  F
shockdetect                 =  F
shocklowercfl               =  F
sim_bcsetbdryvar            =  F
sim_forcecenterderefine     =  F
sim_onelevelintegralsonly   =  F
summaryoutputonly           =  F
threadblocklistbuild        =  F
threaddelepblocklist        =  F
threaddelepwithinblock      =  F
threaddriverblocklist       =  F
threaddriverwithinblock     =  F
threadeoswithinblock        =  F
threadhydroblocklist        =  F
threadhydrowithinblock      =  F
threadraytracebuild         =  F
threadwithinblockbuild      =  F
tmr_suppressinparallel      =  F
typematchedxfer             =  T
unbiased_geometry           =  F
updatehydrofluxes           =  T
useburn                     =  F
usecollectivehdf5           =  T
usedeleptonize              =  F
usegravity                  =  F
useheatad                   =  F
useheater                   =  F
usehydro                    =  T
useimbound                  =  F
useincompns                 =  F
useinlet                    =  F
uselegacylabels             =  T
usemultiphase               =  F
useorchestration            =  F
useoutlet                   =  F
useparticles                =  F
useradtrans                 =  F
usests                      =  F
usestsfordiffusion          =  F
usesolidmechanics           =  F
use_3dfullctu               =  T
use_auxeinteqn              =  T
use_avisc                   =  T [CHANGED]
use_cma_advection           =  F
use_cma_flattening          =  F
use_flash_surr_blks_fill    =  T
use_flattening              =  F
use_gravhalfupdate          =  T
use_hybridorder             =  F
use_reduced_orrery          =  T
use_steepening              =  F
use_upwindtvd               =  F
writestatsummary            =  T
                                                                               
 ==============================================================================
                                                                               
 Known units of measurement:
                                                                               
              Unit                          CGS Value                Base Unit
  1                  cm                     1.0000                           cm
  2                   s                     1.0000                            s
  3                   g                     1.0000                            g
  4                   K                     1.0000                            K
  5                 esu                     1.0000                          esu
  6                 mol                     1.0000                          mol
  7                   m                     100.00                           cm
  8                  km                    1.00000E+05                       cm
  9                  pc                    3.08568E+18                       cm
 10                 kpc                    3.08568E+21                       cm
 11                 Mpc                    3.08568E+24                       cm
 12                 Gpc                    3.08568E+27                       cm
 13                Rsun                    6.96000E+10                       cm
 14                  AU                    1.49598E+13                       cm
 15                  yr                    3.15569E+07                        s
 16                 Myr                    3.15569E+13                        s
 17                 Gyr                    3.15569E+16                        s
 18                  kg                     1000.0                            g
 19                Msun                    1.98892E+33                        g
 20                 amu                    1.66054E-24                        g
 21                  eV                     11605.                            K
 22                   C                    2.99792E+09                      esu
 23                LFLY                    3.08568E+24                       cm
 24                TFLY                    2.05759E+17                        s
 25                MFLY                    9.88470E+45                        g
 26            clLength                    3.08568E+24                       cm
 27              clTime                    3.15569E+16                        s
 28              clMass                    1.98892E+48                        g
 29              clTemp                    1.16045E+07                        K
-----------End of Units--------------------
                                                                               
 Known physical constants:
                                                                               
    Constant Name       Constant Value   cm       s        g        K        esu      mol
  1              Newton    6.67408E-08   3.0     -2.0     -1.0      0.0      0.0      0.0    
  2      speed of light    2.99792E+10   1.0     -1.0      0.0      0.0      0.0      0.0    
  3              Planck    6.62607E-27   2.0     -1.0      1.0      0.0      0.0      0.0    
  4     electron charge    4.80320E-10   0.0      0.0      0.0      0.0      1.0      0.0    
  5       electron mass    9.10938E-28   0.0      0.0      1.0      0.0      0.0      0.0    
  6         proton mass    1.67262E-24   0.0      0.0      1.0      0.0      0.0      0.0    
  7      fine-structure    7.29735E-03   0.0      0.0      0.0      0.0      0.0      0.0    
  8            Avogadro    6.02214E+23   0.0      0.0      0.0      0.0      0.0     -1.0    
  9           Boltzmann    1.38065E-16   2.0     -2.0      1.0     -1.0      0.0      0.0    
 10  ideal gas constant    8.31446E+07   2.0     -2.0      1.0     -1.0      0.0     -1.0    
 11                Wien    0.28978       1.0      0.0      0.0      1.0      0.0      0.0    
 12    Stefan-Boltzmann    5.67037E-05   0.0     -3.0      1.0     -4.0      0.0      0.0    
 13  Radiation Constant    7.56572E-15  -1.0     -2.0      1.0     -4.0      0.0      0.0    
 14                  pi     3.1416       0.0      0.0      0.0      0.0      0.0      0.0    
 15                   e     2.7183       0.0      0.0      0.0      0.0      0.0      0.0    
 16               Euler    0.57722       0.0      0.0      0.0      0.0      0.0      0.0    
 ==============================================================================
                                                                               
 Multifluid database: not configured in
                                                                               
 ==============================================================================
 [ 02-28-2025  17:27:52.911 ] [gr_initGeometry] checking BCs for idir: 1
 [ 02-28-2025  17:27:52.911 ] [gr_initGeometry] checking BCs for idir: 2
 [ 02-28-2025  17:27:52.911 ] [gr_initGeometry] checking BCs for idir: 3
 [ 02-28-2025  17:27:54.861 ] [GRID amr_refine_derefine]: initiating refinement
 [ 02-28-2025  17:27:54.861 ] [GRID amr_refine_derefine]: redist. phase.  tot blks requested: 32768
 [GRID amr_refine_derefine] min blks 18    max blks 19    tot blks 32768
 [GRID amr_refine_derefine] min leaf blks 18    max leaf blks 19    tot leaf blks 32768
 [ 02-28-2025  17:27:55.314 ] [GRID amr_refine_derefine]: refinement complete
 [ 02-28-2025  17:28:08.698 ] [GRID gr_expandDomain]: iteration=1, create level=2
 INFO: Grid_fillGuardCells is ignoring masking.
 [ 02-28-2025  17:28:26.599 ] [mpi_amr_comm_setup]: buffer_dim_send=5176573, buffer_dim_recv=3646981
 [ 02-28-2025  17:28:29.549 ] [GRID amr_refine_derefine]: initiating refinement
 [ 02-28-2025  17:28:29.566 ] [GRID amr_refine_derefine]: redist. phase.  tot blks requested: 32832
 [GRID amr_refine_derefine] min blks 18    max blks 19    tot blks 32832
 [GRID amr_refine_derefine] min leaf blks 17    max leaf blks 19    tot leaf blks 32824
 [ 02-28-2025  17:28:29.835 ] [GRID amr_refine_derefine]: refinement complete
 [ 02-28-2025  17:28:29.838 ] [GRID gr_expandDomain]: iteration=2, create level=3
 [ 02-28-2025  17:28:51.430 ] [GRID amr_refine_derefine]: initiating refinement
 [ 02-28-2025  17:28:51.442 ] [GRID amr_refine_derefine]: redist. phase.  tot blks requested: 32896
 [GRID amr_refine_derefine] min blks 18    max blks 20    tot blks 32896
 [GRID amr_refine_derefine] min leaf blks 17    max leaf blks 19    tot leaf blks 32880
 [ 02-28-2025  17:28:51.711 ] [GRID amr_refine_derefine]: refinement complete
 [ 02-28-2025  17:28:51.714 ] [GRID gr_expandDomain]: iteration=3, create level=4
 [ 02-28-2025  17:29:13.473 ] [GRID amr_refine_derefine]: initiating refinement
 [ 02-28-2025  17:29:13.491 ] [GRID amr_refine_derefine]: redist. phase.  tot blks requested: 34304
 [GRID amr_refine_derefine] min blks 19    max blks 22    tot blks 34304
 [GRID amr_refine_derefine] min leaf blks 17    max leaf blks 20    tot leaf blks 34112
 [ 02-28-2025  17:29:13.972 ] [GRID amr_refine_derefine]: refinement complete
 [ 02-28-2025  17:29:13.975 ] [GRID gr_expandDomain]: iteration=4, create level=5
 [ 02-28-2025  17:29:33.701 ] [mpi_amr_comm_setup]: buffer_dim_send=5313661, buffer_dim_recv=4312081
 [ 02-28-2025  17:29:36.431 ] [GRID amr_refine_derefine]: initiating refinement
 [ 02-28-2025  17:29:36.446 ] [GRID amr_refine_derefine]: redist. phase.  tot blks requested: 37312
 [GRID amr_refine_derefine] min blks 20    max blks 24    tot blks 37312
 [GRID amr_refine_derefine] min leaf blks 18    max leaf blks 21    tot leaf blks 36744
 [ 02-28-2025  17:29:36.980 ] [GRID amr_refine_derefine]: refinement complete
 [ 02-28-2025  17:29:36.988 ] [GRID gr_expandDomain]: iteration=5, create level=6
 [ 02-28-2025  17:29:58.730 ] [mpi_amr_comm_setup]: buffer_dim_send=5713933, buffer_dim_recv=4459801
 [ 02-28-2025  17:30:00.912 ] [GRID amr_refine_derefine]: initiating refinement
 [ 02-28-2025  17:30:00.927 ] [GRID amr_refine_derefine]: redist. phase.  tot blks requested: 48768
 [GRID amr_refine_derefine] min blks 26    max blks 30    tot blks 48768
 [GRID amr_refine_derefine] min leaf blks 23    max leaf blks 27    tot leaf blks 46768
 [ 02-28-2025  17:30:01.664 ] [GRID amr_refine_derefine]: refinement complete
 [ 02-28-2025  17:30:01.681 ] [GRID gr_expandDomain]: iteration=6, create level=6
 [ 02-28-2025  17:30:29.601 ] [mpi_amr_comm_setup]: buffer_dim_send=7881145, buffer_dim_recv=5392297
 [ 02-28-2025  17:30:32.807 ] [GRID gr_expandDomain]: iteration=7, create level=6
 [ 02-28-2025  17:31:03.926 ] [GRID gr_expandDomain]: iteration=8, create level=6
 [ 02-28-2025  17:31:33.478 ] memory: /proc vsize    (MB):     4528.08 (min)       4792.05 (max)       4698.81 (avg)
 [ 02-28-2025  17:31:33.478 ] memory: /proc rss      (MB):     1839.82 (min)       1925.99 (max)       1861.15 (avg)
 [ 02-28-2025  17:31:33.479 ] memory: /proc vsize    (MB):     4528.08 (min)       4792.05 (max)       4698.81 (avg)
 [ 02-28-2025  17:31:33.479 ] memory: /proc rss      (MB):     1839.82 (min)       1925.99 (max)       1861.15 (avg)
 [ 02-28-2025  17:31:33.525 ] memory: /proc vsize    (MB):     4528.08 (min)       4792.05 (max)       4698.81 (avg)
 [ 02-28-2025  17:31:33.525 ] memory: /proc rss      (MB):     1839.82 (min)       1925.99 (max)       1861.15 (avg)
 [ 02-28-2025  17:31:41.208 ] [IO_writeCheckpoint] open: type=checkpoint name=sedov_hdf5_chk_0000
 [ 02-28-2025  17:32:29.468 ] [io_writeData]: wrote   48768          blocks
 [ 02-28-2025  17:32:29.480 ] [IO_writeCheckpoint] close: type=checkpoint name=sedov_hdf5_chk_0000
 [ 02-28-2025  17:32:29.618 ] [IO_writePlotfile] open: type=plotfile name=sedov_hdf5_plt_cnt_0000
 [ 02-28-2025  17:32:34.215 ] [io_writeData]: wrote   48768          blocks
 [ 02-28-2025  17:32:34.229 ] [IO_writePlotfile] close: type=plotfile name=sedov_hdf5_plt_cnt_0000
 [ 02-28-2025  17:32:34.230 ] memory: /proc vsize    (MB):     4545.54 (min)       5016.12 (max)       4718.60 (avg)
 [ 02-28-2025  17:32:34.230 ] memory: /proc rss      (MB):     1846.72 (min)       1940.51 (max)       1871.48 (avg)
 [ 02-28-2025  17:32:34.230 ] [Driver_evolveAll]: Entering evolution loop
 [ 02-28-2025  17:32:34.230 ] step: n=1 t=0.000000E+00 dt=1.000000E-10
 [ 02-28-2025  17:32:43.913 ] step: n=2 t=1.000000E-10 dt=2.000000E-10
 [ 02-28-2025  17:32:59.891 ] step: n=3 t=3.000000E-10 dt=4.000000E-10
 [ 02-28-2025  17:33:09.469 ] step: n=4 t=7.000000E-10 dt=8.000000E-10
 [ 02-28-2025  17:33:25.445 ] step: n=5 t=1.500000E-09 dt=1.600000E-09
 [ 02-28-2025  17:33:35.056 ] step: n=6 t=3.100000E-09 dt=3.200000E-09
 [ 02-28-2025  17:33:51.103 ] step: n=7 t=6.300000E-09 dt=6.400000E-09
 [ 02-28-2025  17:34:00.746 ] step: n=8 t=1.270000E-08 dt=1.280000E-08
 [ 02-28-2025  17:34:16.771 ] step: n=9 t=2.550000E-08 dt=2.560000E-08
 [ 02-28-2025  17:34:26.447 ] step: n=10 t=5.110000E-08 dt=5.120000E-08
 [ 02-28-2025  17:34:48.812 ] [IO_writeCheckpoint] open: type=checkpoint name=sedov_hdf5_chk_0001
 [ 02-28-2025  17:36:12.804 ] [io_writeData]: wrote   48768          blocks
 [ 02-28-2025  17:36:12.850 ] [IO_writeCheckpoint] close: type=checkpoint name=sedov_hdf5_chk_0001
 [ 02-28-2025  17:36:12.851 ] step: n=11 t=1.023000E-07 dt=1.024000E-07
 [ 02-28-2025  17:36:22.490 ] step: n=12 t=2.047000E-07 dt=9.937542E-08
 [ 02-28-2025  17:36:38.513 ] step: n=13 t=3.040754E-07 dt=9.615282E-08
 [ 02-28-2025  17:36:48.222 ] step: n=14 t=4.002282E-07 dt=9.325600E-08
 [ 02-28-2025  17:37:04.282 ] step: n=15 t=4.934842E-07 dt=9.058955E-08
 [ 02-28-2025  17:37:13.949 ] step: n=16 t=5.840738E-07 dt=8.822195E-08
 [ 02-28-2025  17:37:30.010 ] step: n=17 t=6.722957E-07 dt=8.592743E-08
 [ 02-28-2025  17:37:39.688 ] step: n=18 t=7.582232E-07 dt=8.368672E-08
 [ 02-28-2025  17:37:55.762 ] step: n=19 t=8.419099E-07 dt=8.162257E-08
 [ 02-28-2025  17:38:05.436 ] step: n=20 t=9.235325E-07 dt=7.981691E-08
 [ 02-28-2025  17:38:27.874 ] [IO_writeCheckpoint] open: type=checkpoint name=sedov_hdf5_chk_0002
 [ 02-28-2025  17:39:37.507 ] [io_writeData]: wrote   48768          blocks
 [ 02-28-2025  17:39:37.630 ] [IO_writeCheckpoint] close: type=checkpoint name=sedov_hdf5_chk_0002
 [ 02-28-2025  17:39:37.631 ] step: n=21 t=1.003349E-06 dt=7.822053E-08
 [ 02-28-2025  17:39:47.308 ] step: n=22 t=1.081570E-06 dt=7.684528E-08
 [ 02-28-2025  17:40:03.363 ] step: n=23 t=1.158415E-06 dt=7.555985E-08
 [ 02-28-2025  17:40:13.030 ] step: n=24 t=1.233975E-06 dt=7.447396E-08
 [ 02-28-2025  17:40:28.965 ] [GRID amr_refine_derefine]: initiating refinement
 [ 02-28-2025  17:40:28.978 ] [GRID amr_refine_derefine]: redist. phase.  tot blks requested: 49152
 [GRID amr_refine_derefine] min blks 26    max blks 30    tot blks 49152
 [GRID amr_refine_derefine] min leaf blks 24    max leaf blks 27    tot leaf blks 47104
 [ 02-28-2025  17:40:29.639 ] [GRID amr_refine_derefine]: refinement complete
 [ 02-28-2025  17:40:30.237 ] step: n=25 t=1.308449E-06 dt=7.359418E-08
 [ 02-28-2025  17:40:30.238 ] [mpi_amr_comm_setup]: buffer_dim_send=7863733, buffer_dim_recv=5392297
 [ 02-28-2025  17:40:39.977 ] step: n=26 t=1.382043E-06 dt=7.289860E-08
 [ 02-28-2025  17:40:56.084 ] step: n=27 t=1.454942E-06 dt=7.238261E-08
 [ 02-28-2025  17:41:05.835 ] step: n=28 t=1.527324E-06 dt=7.195505E-08
 [ 02-28-2025  17:41:21.966 ] step: n=29 t=1.599279E-06 dt=7.160819E-08
 [ 02-28-2025  17:41:31.699 ] step: n=30 t=1.670888E-06 dt=7.137201E-08
 [ 02-28-2025  17:41:54.254 ] [IO_writeCheckpoint] open: type=checkpoint name=sedov_hdf5_chk_0003
 [ 02-28-2025  17:43:19.024 ] [io_writeData]: wrote   49152          blocks
 [ 02-28-2025  17:43:19.115 ] [IO_writeCheckpoint] close: type=checkpoint name=sedov_hdf5_chk_0003
 [ 02-28-2025  17:43:19.116 ] step: n=31 t=1.742260E-06 dt=7.124494E-08
 [ 02-28-2025  17:43:28.865 ] step: n=32 t=1.813505E-06 dt=7.119740E-08
 [ 02-28-2025  17:43:44.978 ] step: n=33 t=1.884702E-06 dt=7.120661E-08
 [ 02-28-2025  17:43:54.725 ] step: n=34 t=1.955909E-06 dt=7.122364E-08
 [ 02-28-2025  17:44:10.821 ] step: n=35 t=2.027132E-06 dt=7.124414E-08
 [ 02-28-2025  17:44:20.575 ] step: n=36 t=2.098376E-06 dt=7.127462E-08
 [ 02-28-2025  17:44:36.557 ] [GRID amr_refine_derefine]: initiating refinement
 [ 02-28-2025  17:44:36.568 ] [GRID amr_refine_derefine]: redist. phase.  tot blks requested: 49920
 [GRID amr_refine_derefine] min blks 27    max blks 31    tot blks 49920
 [GRID amr_refine_derefine] min leaf blks 24    max leaf blks 28    tot leaf blks 47776
 [ 02-28-2025  17:44:37.250 ] [GRID amr_refine_derefine]: refinement complete
 [ 02-28-2025  17:44:37.816 ] step: n=37 t=2.169651E-06 dt=7.132802E-08
 [ 02-28-2025  17:44:37.817 ] [mpi_amr_comm_setup]: buffer_dim_send=7338289, buffer_dim_recv=5392297
 [ 02-28-2025  17:44:47.669 ] step: n=38 t=2.240979E-06 dt=7.141305E-08
 [ 02-28-2025  17:45:03.990 ] step: n=39 t=2.312392E-06 dt=7.142860E-08
 [ 02-28-2025  17:45:13.821 ] step: n=40 t=2.383821E-06 dt=7.142437E-08
 [ 02-28-2025  17:45:36.900 ] [IO_writeCheckpoint] open: type=checkpoint name=sedov_hdf5_chk_0004
 [ 02-28-2025  17:46:23.665 ] [io_writeData]: wrote   49920          blocks
 [ 02-28-2025  17:46:23.683 ] [IO_writeCheckpoint] close: type=checkpoint name=sedov_hdf5_chk_0004
 [ 02-28-2025  17:46:23.684 ] step: n=41 t=2.455245E-06 dt=7.141417E-08
 [ 02-28-2025  17:46:33.510 ] step: n=42 t=2.526659E-06 dt=7.140932E-08
 [ 02-28-2025  17:46:49.836 ] step: n=43 t=2.598068E-06 dt=7.141878E-08
 [ 02-28-2025  17:46:59.637 ] step: n=44 t=2.669487E-06 dt=7.142363E-08
 [ 02-28-2025  17:47:15.952 ] step: n=45 t=2.740911E-06 dt=7.140413E-08
 [ 02-28-2025  17:47:25.774 ] step: n=46 t=2.812315E-06 dt=7.140388E-08
 [ 02-28-2025  17:47:41.971 ] [GRID amr_refine_derefine]: initiating refinement
 [ 02-28-2025  17:47:41.982 ] [GRID amr_refine_derefine]: redist. phase.  tot blks requested: 50304
 [GRID amr_refine_derefine] min blks 27    max blks 31    tot blks 50304
 [GRID amr_refine_derefine] min leaf blks 24    max leaf blks 28    tot leaf blks 48112
 [ 02-28-2025  17:47:42.650 ] [GRID amr_refine_derefine]: refinement complete
 [ 02-28-2025  17:47:43.138 ] step: n=47 t=2.883719E-06 dt=7.140292E-08
 [ 02-28-2025  17:47:43.138 ] [mpi_amr_comm_setup]: buffer_dim_send=7910833, buffer_dim_recv=5392297
 [ 02-28-2025  17:47:52.985 ] step: n=48 t=2.955122E-06 dt=7.140606E-08
 [ 02-28-2025  17:48:09.240 ] [GRID amr_refine_derefine]: initiating refinement
 [ 02-28-2025  17:48:09.249 ] [GRID amr_refine_derefine]: redist. phase.  tot blks requested: 50496
 [GRID amr_refine_derefine] min blks 27    max blks 31    tot blks 50496
 [GRID amr_refine_derefine] min leaf blks 24    max leaf blks 28    tot leaf blks 48280
 [ 02-28-2025  17:48:09.724 ] [GRID amr_refine_derefine]: refinement complete
 [ 02-28-2025  17:48:10.194 ] step: n=49 t=3.026528E-06 dt=7.141819E-08
 [ 02-28-2025  17:48:10.195 ] [mpi_amr_comm_setup]: buffer_dim_send=6484429, buffer_dim_recv=4958125
 [ 02-28-2025  17:48:20.108 ] step: n=50 t=3.097946E-06 dt=7.145160E-08
 [ 02-28-2025  17:48:36.535 ] [GRID amr_refine_derefine]: initiating refinement
 [ 02-28-2025  17:48:36.545 ] [GRID amr_refine_derefine]: redist. phase.  tot blks requested: 50688
 [GRID amr_refine_derefine] min blks 27    max blks 31    tot blks 50688
 [GRID amr_refine_derefine] min leaf blks 24    max leaf blks 28    tot leaf blks 48448
 [ 02-28-2025  17:48:36.963 ] [GRID amr_refine_derefine]: refinement complete
 [ 02-28-2025  17:48:44.284 ] [IO_writeCheckpoint] open: type=checkpoint name=sedov_hdf5_chk_0005
 [ 02-28-2025  17:49:24.008 ] [io_writeData]: wrote   50688          blocks
 [ 02-28-2025  17:49:24.016 ] [IO_writeCheckpoint] close: type=checkpoint name=sedov_hdf5_chk_0005
 [ 02-28-2025  17:49:24.018 ] step: n=51 t=3.169398E-06 dt=7.144310E-08
 [ 02-28-2025  17:49:34.441 ] step: n=52 t=3.240841E-06 dt=7.143606E-08
 [ 02-28-2025  17:49:51.462 ] step: n=53 t=3.312277E-06 dt=7.143079E-08
 [ 02-28-2025  17:50:01.835 ] step: n=54 t=3.383708E-06 dt=7.142810E-08
 [ 02-28-2025  17:50:18.858 ] step: n=55 t=3.455136E-06 dt=7.143310E-08
 [ 02-28-2025  17:50:29.230 ] step: n=56 t=3.526569E-06 dt=7.144995E-08
 [ 02-28-2025  17:50:46.266 ] step: n=57 t=3.598019E-06 dt=7.144585E-08
 [ 02-28-2025  17:50:56.651 ] step: n=58 t=3.669465E-06 dt=7.143776E-08
 [ 02-28-2025  17:51:13.662 ] step: n=59 t=3.740902E-06 dt=7.143330E-08
 [ 02-28-2025  17:51:24.037 ] step: n=60 t=3.812336E-06 dt=7.143015E-08
 [ 02-28-2025  17:51:47.834 ] [IO_writeCheckpoint] open: type=checkpoint name=sedov_hdf5_chk_0006
 [ 02-28-2025  17:52:26.749 ] [io_writeData]: wrote   50688          blocks
 [ 02-28-2025  17:52:26.806 ] [IO_writeCheckpoint] close: type=checkpoint name=sedov_hdf5_chk_0006
 [ 02-28-2025  17:52:26.807 ] [Driver_evolveAll]: Exiting evolution loop
 [ 02-28-2025  17:52:26.976 ] [IO_writePlotfile] open: type=plotfile name=sedov_forced_hdf5_plt_cnt_0000
 [ 02-28-2025  17:52:31.670 ] [io_writeData]: wrote   50688          blocks
 [ 02-28-2025  17:52:31.678 ] [IO_writePlotfile] close: type=plotfile name=sedov_forced_hdf5_plt_cnt_0000
 [ 02-28-2025  17:52:31.678 ] memory: /proc vsize    (MB):     4585.75 (min)       5023.38 (max)       4759.44 (avg)
 [ 02-28-2025  17:52:31.679 ] memory: /proc rss      (MB):     2069.61 (min)       2221.05 (max)       2114.58 (avg)
 ==============================================================================
 perf_summary: code performance summary for process            0
                      beginning : 02-28-2025  17:27:52
                         ending : 02-28-2025  17:52:31
   seconds in monitoring period :             1478.771
      number of evolution steps :                   60
 ------------------------------------------------------------------------------
 accounting unit                       time sec  num calls   secs avg  time pct
 ------------------------------------------------------------------------------
 initialization                        281.322      1         281.322    19.024
  eos                                    0.630      8           0.079     0.043
  guardcell internal                    10.535      7           1.505     0.712
   amr_guardcell                         9.925      7           1.418     0.671
   eos gc                                0.000      7           0.000     0.000
  writeCheckpoint                       55.911      1          55.911     3.781
   restrictAll                           6.237      1           6.237     0.422
  writePlotfile                          4.748      1           4.748     0.321
 writePlotfile                           4.865      1           4.865     0.329
 evolution                            1192.576      1        1192.576    80.646
  Hydro                                455.110     60           7.585    30.776
   Head                                 96.284     60           1.605     6.511
    guardcell internal                  96.282     60           1.605     6.511
     amr_guardcell                      88.536     60           1.476     5.987
     eos gc                              0.003     60           0.000     0.000
   compute fluxes                      342.445     60           5.707    23.157
    hy_computeFluxes                   342.441   1632           0.210    23.157
     RiemannState                      294.988   1632           0.181    19.948
     getFaceFlux                        47.076   1632           0.029     3.183
   conserveFluxes                        0.140     60           0.002     0.009
   update solution                      16.095     60           0.268     1.088
    update solution body                16.091   1632           0.010     1.088
     unsplitUpdate                       5.915   1632           0.004     0.400
  sourceTerms                            0.000     60           0.000     0.000
  Particles_advance                      0.000     60           0.000     0.000
  Gravity potential                      0.000     60           0.000     0.000
  IO_output                            535.825    120           4.465    36.234
   diagnostics                         132.158    120           1.101     8.937
   checkpointing                       403.636      6          67.273    27.295
    writeCheckpoint                    403.633      6          67.272    27.295
     restrictAll                        38.592      6           6.432     2.610
  Grid_updateRefinement                199.139     60           3.319    13.467
   eos                                   0.942      5           0.188     0.064
   tree                                198.196     60           3.303    13.403
    markRefineDerefine                  55.635     30           1.855     3.762
     guardcell internal                 48.223     30           1.607     3.261
      amr_guardcell                     44.303     30           1.477     2.996
      eos gc                             0.001     30           0.000     0.000
    amr_refine_derefine                139.348     30           4.645     9.423
    updateData                           0.001     30           0.000     0.000
   updateParticleRefinement              0.000      5           0.000     0.000
  Driver_computeDt                       2.486     60           0.041     0.168
 ==============================================================================
 [ 02-28-2025  17:52:31.681 ] [Timers_getSummary]: Not writing timer max/min/avg values because not all processors had same timers
 [ 02-28-2025  17:52:31.681 ] LOGFILE_END: FLASH run complete.
 FLASH log file:  02-28-2025  17:52:57.255    Run number:  1
 ==============================================================================
 Number of MPI tasks:               1792
 MPI version:                          3
 MPI subversion:                       1
 Dimensionality:                       3
 Max Number of Blocks/Proc:          200
 Number x zones:                      32
 Number y zones:                      32
 Number z zones:                      32
 Setup stamp:     Fri Nov 1 14:03:57 2024
 Build stamp:     Fri Nov 1 14:04:23 2024
 System info:     Linux corona211 4.18.0-553.22.1.1toss.t4.x86_64 #1 SMP Tue Sep 24 16:50:00 PDT 2
 Version:         Flash-X 1.0 (heads/main-0-g6040ba49-dirty)                                      
 Build directory: /usr/workspace/ather1/Flash-X/sedov
 Setup syntax:    /usr/workspace/ather1/Flash-X/bin/setup.py Sedov -auto -3d -nxb=32 -nyb=32 -nzb=32 +parallelio -objdir=/usr/workspace/ather1/Flash-X/sedov
 f compiler flags: mpif90 -ggdb -c -O2 -fdefault-real-8 -fdefault-double-8 -Wuninitialized -fallow-argument-mismatch -fallow-argument-mismatch -DMAXBLOCKS=200 -DNXB=32 -DNYB=32 -DNZB=32 -DN_DIM=3
 c compiler flags:    mpicc -I/p/lustre2/ather1/hdf5-1.14.4-3/install/include -DH5_USE_18_API -ggdb -c -O2 -Wuninitialized -D_FORTIFY_SOURCE=2 -DMAXBLOCKS=200 -DNXB=32 -DNYB=32 -DNZB=32 -DN_DIM=3
 ==============================================================================
 Comment:  Sedov explosion
 ==============================================================================
 FLASH Units used:
   Driver/DriverMain/Unsplit
   Grid/GridBoundaryConditions
   Grid/GridMain/AMR/Paramesh4/PM4_package/flash_avoid_orrery
   Grid/GridMain/AMR/Paramesh4/PM4_package/headers
   Grid/GridMain/AMR/Paramesh4/PM4_package/source
   Grid/GridMain/AMR/Paramesh4/PM4_package/utilities/multigrid
   Grid/GridMain/AMR/Paramesh4/interpolation/prolong
   Grid/GridMain/AMR/Paramesh4/levelFlux
   Grid/localAPI
   IO/IOMain/hdf5/parallel/PM
   IO/localAPI
   PhysicalConstants/PhysicalConstantsMain
   RuntimeParameters/RuntimeParametersMain
   Simulation/SimulationMain/Sedov
   TimeAdvance/TimeAdvanceMain/StrangSplit
   flashUtilities/contiguousConversion
   flashUtilities/general
   flashUtilities/interpolation/oneDim
   flashUtilities/nameValueLL
   flashUtilities/sorting/quicksort
   flashUtilities/system/memoryUsage/legacy
   monitors/Logfile/LogfileMain
   monitors/Timers/TimersMain/MPINative
   physics/Eos/EosMain/Gamma
   physics/Hydro/HydroMain/unsplit/OnlyHydro
   physics/Hydro/HydroMain/unsplit/levelFlux
   physics/Hydro/localAPI
 ==============================================================================
 RuntimeParameters:
                                                                               
 ==============================================================================
bndpriorityone              =          1
bndprioritythree            =          3
bndprioritytwo              =          2
checkpointfileintervalstep  =         10 [CHANGED]
checkpointfilenumber        =          0
dr_abortpause               =          2
dr_dtminbelowaction         =          1
drift_break_inst            =          0
drift_trunc_mantissa        =          2
drift_verbose_inst          =          0
eos_entrelescalechoice      =          6
eos_loglevel                =        700
fileformatversion           =          9
forcedplotfilenumber        =          0
gr_lrefmaxtimevalue_1       =         -1
gr_lrefmaxtimevalue_10      =         -1
gr_lrefmaxtimevalue_11      =         -1
gr_lrefmaxtimevalue_12      =         -1
gr_lrefmaxtimevalue_13      =         -1
gr_lrefmaxtimevalue_14      =         -1
gr_lrefmaxtimevalue_15      =         -1
gr_lrefmaxtimevalue_16      =         -1
gr_lrefmaxtimevalue_17      =         -1
gr_lrefmaxtimevalue_18      =         -1
gr_lrefmaxtimevalue_19      =         -1
gr_lrefmaxtimevalue_2       =         -1
gr_lrefmaxtimevalue_20      =         -1
gr_lrefmaxtimevalue_3       =         -1
gr_lrefmaxtimevalue_4       =         -1
gr_lrefmaxtimevalue_5       =         -1
gr_lrefmaxtimevalue_6       =         -1
gr_lrefmaxtimevalue_7       =         -1
gr_lrefmaxtimevalue_8       =         -1
gr_lrefmaxtimevalue_9       =         -1
gr_pmrpdivergencefree       =         -1
gr_pmrpifaceoff             =          0
gr_pmrpl2p5d                =          0
gr_pmrpmaxblocks            =         -1
gr_pmrpmflags               =          1
gr_pmrpnboundaries          =          6
gr_pmrpndim                 =          3
gr_pmrpnedgevar1            =         -1
gr_pmrpnfacevar             =         -1
gr_pmrpnfielddivf           =         -1
gr_pmrpnfluxvar             =         -1
gr_pmrpnguard               =         -1
gr_pmrpnguardwork           =         -1
gr_pmrpnvar                 =         -1
gr_pmrpnvarwork             =          1
gr_pmrpnvarcorn             =          0
gr_pmrpnvaredge             =          0
gr_pmrpnxb                  =         -1
gr_pmrpnyb                  =         -1
gr_pmrpnzb                  =         -1
gr_restrictallmethod        =          3
gr_sanitizedatamode         =          1
gr_sanitizeverbosity        =          5
gr_tilesizex                =         32
gr_tilesizey                =         32
gr_tilesizez                =         32
hy_3torder                  =         -1
hydrocomputedtoption        =         -1
iprocs                      =          1
interpol_order              =          2
irenorm                     =          0
jprocs                      =          1
kprocs                      =          1
lrefine_del                 =          0
lrefine_max                 =          6 [CHANGED]
lrefine_min                 =          1
lrefine_min_init            =          1
max_particles_per_blk       =        100
memory_stat_freq            =     100000
meshcopycount               =          1
min_particles_per_blk       =          1
nbegin                      =          1
nblockx                     =         32 [CHANGED]
nblocky                     =         32 [CHANGED]
nblockz                     =         32 [CHANGED]
nend                        =         60 [CHANGED]
nrefs                       =          2
nsteptotalsts               =          5
order                       =          3 [CHANGED]
outputsplitnum              =          1
plotfileintervalstep        =          0
plotfilenumber              =          0
refine_var_count            =          4
rolling_checkpoint          =      10000
sim_centerrefinelevel       =          1
sim_integralslevel          =         -1
sim_nsubzones               =          7
sweeporder                  =        123
transorder                  =          1
wr_integrals_freq           =          1
limitedslopebeta            =                 0.100E+01
cfl                         =                 0.800E+00
checkpointfileintervaltime  =                 0.000E+00 [CHANGED]
checkpointfileintervalz     =                 0.180+309
cvisc                       =                 0.100E+00
derefine_cutoff_1           =                 0.200E+00
derefine_cutoff_2           =                 0.200E+00
derefine_cutoff_3           =                 0.200E+00
derefine_cutoff_4           =                 0.200E+00
dr_dtmincontinue            =                 0.000E+00
dr_tstepslowstartfactor     =                 0.100E+00
dtinit                      =                 0.100E-09
dtmax                       =                 0.100E+06
dtmin                       =                 0.100E-09
eintswitch                  =                 0.100E-03 [CHANGED]
eos_singlespeciesa          =                 0.100E+01
eos_singlespeciesz          =                 0.100E+01
gamma                       =                 0.140E+01 [CHANGED]
gr_btworkchildscaling       =                 0.100E+01
gr_btworkdefaultleaf        =                 0.200E+01
gr_btworkdefaultpar         =                 0.100E+01
gr_btworklbleaf             =                 0.000E+00
gr_btworklbpar              =                 0.000E+00
gr_btworkubleaf             =                 0.100E+07
gr_btworkubpar              =                 0.100E+07
gr_lrefinemaxredlogbase     =                 0.100E+02
gr_lrefinemaxredradiusfact  =                 0.000E+00
gr_lrefinemaxredtref        =                 0.000E+00
gr_lrefinemaxredtimescale   =                 0.100E+01
gr_lrefmaxtime_1            =                -0.100E+01
gr_lrefmaxtime_10           =                -0.100E+01
gr_lrefmaxtime_11           =                -0.100E+01
gr_lrefmaxtime_12           =                -0.100E+01
gr_lrefmaxtime_13           =                -0.100E+01
gr_lrefmaxtime_14           =                -0.100E+01
gr_lrefmaxtime_15           =                -0.100E+01
gr_lrefmaxtime_16           =                -0.100E+01
gr_lrefmaxtime_17           =                -0.100E+01
gr_lrefmaxtime_18           =                -0.100E+01
gr_lrefmaxtime_19           =                -0.100E+01
gr_lrefmaxtime_2            =                -0.100E+01
gr_lrefmaxtime_20           =                -0.100E+01
gr_lrefmaxtime_3            =                -0.100E+01
gr_lrefmaxtime_4            =                -0.100E+01
gr_lrefmaxtime_5            =                -0.100E+01
gr_lrefmaxtime_6            =                -0.100E+01
gr_lrefmaxtime_7            =                -0.100E+01
gr_lrefmaxtime_8            =                -0.100E+01
gr_lrefmaxtime_9            =                -0.100E+01
hy_cflfallbackfactor        =                 0.900E+00
hy_fpresinmomflux           =                 0.100E+01
hybridorderkappa            =                 0.000E+00
nusts                       =                 0.200E+00 [CHANGED]
plotfileintervaltime        =                 0.000E+00 [CHANGED]
plotfileintervalz           =                 0.180+309
radiusgp                    =                 0.200E+01
refine_cutoff_1             =                 0.800E+00
refine_cutoff_2             =                 0.800E+00
refine_cutoff_3             =                 0.800E+00
refine_cutoff_4             =                 0.800E+00
refine_filter_1             =                 0.100E-01
refine_filter_2             =                 0.100E-01
refine_filter_3             =                 0.100E-01
refine_filter_4             =                 0.100E-01
rss_limit                   =                -0.100E+01
sigmagp                     =                 0.300E+01
sim_derefineradius          =                 0.000E+00
sim_earliestlstime          =                 0.000E+00
sim_expenergy               =                 0.100E+01
sim_largestnormradius       =                 0.180+309
sim_latestlstime            =                 0.180+309
sim_minrhoinit              =                 0.100E-19
sim_pambient                =                 0.100E-04
sim_rinit                   =                 0.137E-01 [CHANGED]
sim_rhoambient              =                 0.100E+01
sim_smallestnormradius      =                 0.000E+00
sim_xctr                    =                 0.500E+00
sim_yctr                    =                 0.500E+00
sim_zctr                    =                 0.500E+00
small                       =                 0.100E-09
smalle                      =                 0.100E-09
smallp                      =                 0.100E-09
smallt                      =                 0.100E-09
smallu                      =                 0.100E-09
smallx                      =                 0.100E-09
smlrho                      =                 0.100E-09
tinitial                    =                 0.000E+00
tiny                        =                 0.100E-15
tmax                        =                 0.500E+06 [CHANGED]
tstep_change_factor         =                 0.200E+01
wall_clock_checkpoint       =                 0.432E+05
wall_clock_time_limit       =                 0.605E+06
x_refine_center             =                 0.000E+00
xmax                        =                 0.100E+01
xmin                        =                 0.000E+00
y_refine_center             =                 0.000E+00
ymax                        =                 0.100E+01
ymin                        =                 0.000E+00
zfinal                      =                 0.000E+00
zinitial                    =                -0.100E+01
z_refine_center             =                 0.000E+00
zmax                        =                 0.100E+01
zmin                        =                 0.000E+00
riemannsolver               = Roe                            [CHANGED]
unitsystem                  = none                          
basenm                      = sedov_                         [CHANGED]
entropyfixmethod            = HARTENHYMAN                   
eosmode                     = dens_ie                       
eosmodeinit                 = dens_ie                       
geometry                    = cartesian                     
gr_pmrpoutputdir            = ./                            
grav_boundary_type          = isolated                      
hy_eosmodegc                = see eosMode                   
log_file                    = sedov.log                      [CHANGED]
output_directory            =                               
pc_unitsbase                = CGS                           
plot_grid_var_1             = none                          
plot_grid_var_10            = none                          
plot_grid_var_11            = none                          
plot_grid_var_12            = none                          
plot_grid_var_13            = none                          
plot_grid_var_14            = none                          
plot_grid_var_15            = none                          
plot_grid_var_16            = none                          
plot_grid_var_17            = none                          
plot_grid_var_18            = none                          
plot_grid_var_19            = none                          
plot_grid_var_2             = none                          
plot_grid_var_20            = none                          
plot_grid_var_21            = none                          
plot_grid_var_22            = none                          
plot_grid_var_23            = none                          
plot_grid_var_24            = none                          
plot_grid_var_25            = none                          
plot_grid_var_26            = none                          
plot_grid_var_27            = none                          
plot_grid_var_28            = none                          
plot_grid_var_29            = none                          
plot_grid_var_3             = none                          
plot_grid_var_30            = none                          
plot_grid_var_31            = none                          
plot_grid_var_32            = none                          
plot_grid_var_33            = none                          
plot_grid_var_34            = none                          
plot_grid_var_35            = none                          
plot_grid_var_36            = none                          
plot_grid_var_37            = none                          
plot_grid_var_38            = none                          
plot_grid_var_39            = none                          
plot_grid_var_4             = none                          
plot_grid_var_40            = none                          
plot_grid_var_41            = none                          
plot_grid_var_42            = none                          
plot_grid_var_43            = none                          
plot_grid_var_44            = none                          
plot_grid_var_45            = none                          
plot_grid_var_46            = none                          
plot_grid_var_47            = none                          
plot_grid_var_48            = none                          
plot_grid_var_49            = none                          
plot_grid_var_5             = none                          
plot_grid_var_50            = none                          
plot_grid_var_51            = none                          
plot_grid_var_52            = none                          
plot_grid_var_53            = none                          
plot_grid_var_54            = none                          
plot_grid_var_55            = none                          
plot_grid_var_56            = none                          
plot_grid_var_57            = none                          
plot_grid_var_58            = none                          
plot_grid_var_59            = none                          
plot_grid_var_6             = none                          
plot_grid_var_60            = none                          
plot_grid_var_61            = none                          
plot_grid_var_62            = none                          
plot_grid_var_63            = none                          
plot_grid_var_64            = none                          
plot_grid_var_65            = none                          
plot_grid_var_66            = none                          
plot_grid_var_67            = none                          
plot_grid_var_68            = none                          
plot_grid_var_69            = none                          
plot_grid_var_7             = none                          
plot_grid_var_70            = none                          
plot_grid_var_71            = none                          
plot_grid_var_72            = none                          
plot_grid_var_73            = none                          
plot_grid_var_74            = none                          
plot_grid_var_75            = none                          
plot_grid_var_76            = none                          
plot_grid_var_77            = none                          
plot_grid_var_78            = none                          
plot_grid_var_8             = none                          
plot_grid_var_9             = none                          
plot_var_1                  = dens                           [CHANGED]
plot_var_10                 = none                          
plot_var_11                 = none                          
plot_var_12                 = none                          
plot_var_13                 = none                          
plot_var_14                 = none                          
plot_var_15                 = none                          
plot_var_16                 = none                          
plot_var_17                 = none                          
plot_var_18                 = none                          
plot_var_2                  = pres                           [CHANGED]
plot_var_3                  = temp                           [CHANGED]
plot_var_4                  = none                          
plot_var_5                  = none                          
plot_var_6                  = none                          
plot_var_7                  = none                          
plot_var_8                  = none                          
plot_var_9                  = none                          
prof_file                   = profile.dat                   
refine_var_1                = dens                           [CHANGED]
refine_var_2                = pres                           [CHANGED]
refine_var_3                = none                          
refine_var_4                = none                          
run_comment                 = Sedov explosion                [CHANGED]
run_number                  = 1                             
sim_proffilename            = /dev/null                      [CHANGED]
slopelimiter                = mc                             [CHANGED]
stats_file                  = flashx.dat                    
wenomethod                  = WENO5                         
xl_boundary_type            = outflow                        [CHANGED]
xr_boundary_type            = outflow                        [CHANGED]
yl_boundary_type            = outflow                        [CHANGED]
yr_boundary_type            = outflow                        [CHANGED]
zl_boundary_type            = outflow                        [CHANGED]
zr_boundary_type            = outflow                        [CHANGED]
csvsummaryallprocs          =  F
eosforriemann               =  F
logsummaryallprocs          =  F
addthermalflux              =  T
allowdtstsdominate          =  F
alwayscomputeuservars       =  T
alwaysrestrictcheckpoint    =  T
charlimiting                =  T
chkguardcellsinput          =  F
chkguardcellsoutput         =  F
conserveangmom              =  F
converttoconsvdformeshcalls =  F
converttoconsvdinmeshinterp =  T
corners                     =  F
dr_printtsteploc            =  T
dr_shortenlaststepbeforetmax =  F
drift_tuples                =  F
eachprocwritesownabortlog   =  F
eachprocwritessummary       =  F
earlyblockdistadjustment    =  T
enablemaskedgcfill          =  F
entropy                     =  F
flux_correct                =  T
flux_correct_perlevel       =  F
geometryoverride            =  F
gr_bcenableapplymixedgds    =  T
gr_bndgcfillneedsprimitivevars =  T
gr_btcustomwork             =  F
gr_btexchangework           =  F
gr_btsortbywork             =  T
gr_enabletiling             =  F
gr_lrefinemaxbytime         =  F
gr_lrefinemaxreddobylogr    =  F
gr_lrefinemaxreddobytime    =  F
gr_pmrpadvancealllevels     =  F
gr_pmrpamrerrorchecking     =  F
gr_pmrpcartesianpm          =  F
gr_pmrpconserve             =  F
gr_pmrpconsvfluxdensities   =  T
gr_pmrpconsvfluxes          =  F
gr_pmrpcurvilinear          =  F
gr_pmrpcurvilinearconserve  =  F
gr_pmrpcylindricalpm        =  F
gr_pmrpdiagonals            =  T
gr_pmrpedgevalue            =  T
gr_pmrpedgevalueinteg       =  F
gr_pmrpemptycells           =  F
gr_pmrpforceconsistency     =  T
gr_pmrplsingularline        =  F
gr_pmrpnopermanentguardcells =  F
gr_pmrppolarpm              =  F
gr_pmrppredcorr             =  F
gr_pmrpsphericalpm          =  F
gr_pmrptimingmpi            =  F
gr_pmrptimingmpix           =  F
gr_pmrpvardt                =  F
gr_usetiling                =  F
hy_fallbacklowercfl         =  F
hy_fullspecmsfluxhandling   =  T
hy_usetiling                =  F
ignoreforcedplot            =  F
io_writemscalarintegrals    =  F
plotfilegridquantitydp      =  F
plotfilemetadatadp          =  F
reducegcellfills            =  F
refine_on_particle_count    =  F
restart                     =  F
shockdetect                 =  F
shocklowercfl               =  F
sim_bcsetbdryvar            =  F
sim_forcecenterderefine     =  F
sim_onelevelintegralsonly   =  F
summaryoutputonly           =  F
threadblocklistbuild        =  F
threaddelepblocklist        =  F
threaddelepwithinblock      =  F
threaddriverblocklist       =  F
threaddriverwithinblock     =  F
threadeoswithinblock        =  F
threadhydroblocklist        =  F
threadhydrowithinblock      =  F
threadraytracebuild         =  F
threadwithinblockbuild      =  F
tmr_suppressinparallel      =  F
typematchedxfer             =  T
unbiased_geometry           =  F
updatehydrofluxes           =  T
useburn                     =  F
usecollectivehdf5           =  T
usedeleptonize              =  F
usegravity                  =  F
useheatad                   =  F
useheater                   =  F
usehydro                    =  T
useimbound                  =  F
useincompns                 =  F
useinlet                    =  F
uselegacylabels             =  T
usemultiphase               =  F
useorchestration            =  F
useoutlet                   =  F
useparticles                =  F
useradtrans                 =  F
usests                      =  F
usestsfordiffusion          =  F
usesolidmechanics           =  F
use_3dfullctu               =  T
use_auxeinteqn              =  T
use_avisc                   =  T [CHANGED]
use_cma_advection           =  F
use_cma_flattening          =  F
use_flash_surr_blks_fill    =  T
use_flattening              =  F
use_gravhalfupdate          =  T
use_hybridorder             =  F
use_reduced_orrery          =  T
use_steepening              =  F
use_upwindtvd               =  F
writestatsummary            =  T
                                                                               
 ==============================================================================
                                                                               
 Known units of measurement:
                                                                               
              Unit                          CGS Value                Base Unit
  1                  cm                     1.0000                           cm
  2                   s                     1.0000                            s
  3                   g                     1.0000                            g
  4                   K                     1.0000                            K
  5                 esu                     1.0000                          esu
  6                 mol                     1.0000                          mol
  7                   m                     100.00                           cm
  8                  km                    1.00000E+05                       cm
  9                  pc                    3.08568E+18                       cm
 10                 kpc                    3.08568E+21                       cm
 11                 Mpc                    3.08568E+24                       cm
 12                 Gpc                    3.08568E+27                       cm
 13                Rsun                    6.96000E+10                       cm
 14                  AU                    1.49598E+13                       cm
 15                  yr                    3.15569E+07                        s
 16                 Myr                    3.15569E+13                        s
 17                 Gyr                    3.15569E+16                        s
 18                  kg                     1000.0                            g
 19                Msun                    1.98892E+33                        g
 20                 amu                    1.66054E-24                        g
 21                  eV                     11605.                            K
 22                   C                    2.99792E+09                      esu
 23                LFLY                    3.08568E+24                       cm
 24                TFLY                    2.05759E+17                        s
 25                MFLY                    9.88470E+45                        g
 26            clLength                    3.08568E+24                       cm
 27              clTime                    3.15569E+16                        s
 28              clMass                    1.98892E+48                        g
 29              clTemp                    1.16045E+07                        K
-----------End of Units--------------------
                                                                               
 Known physical constants:
                                                                               
    Constant Name       Constant Value   cm       s        g        K        esu      mol
  1              Newton    6.67408E-08   3.0     -2.0     -1.0      0.0      0.0      0.0    
  2      speed of light    2.99792E+10   1.0     -1.0      0.0      0.0      0.0      0.0    
  3              Planck    6.62607E-27   2.0     -1.0      1.0      0.0      0.0      0.0    
  4     electron charge    4.80320E-10   0.0      0.0      0.0      0.0      1.0      0.0    
  5       electron mass    9.10938E-28   0.0      0.0      1.0      0.0      0.0      0.0    
  6         proton mass    1.67262E-24   0.0      0.0      1.0      0.0      0.0      0.0    
  7      fine-structure    7.29735E-03   0.0      0.0      0.0      0.0      0.0      0.0    
  8            Avogadro    6.02214E+23   0.0      0.0      0.0      0.0      0.0     -1.0    
  9           Boltzmann    1.38065E-16   2.0     -2.0      1.0     -1.0      0.0      0.0    
 10  ideal gas constant    8.31446E+07   2.0     -2.0      1.0     -1.0      0.0     -1.0    
 11                Wien    0.28978       1.0      0.0      0.0      1.0      0.0      0.0    
 12    Stefan-Boltzmann    5.67037E-05   0.0     -3.0      1.0     -4.0      0.0      0.0    
 13  Radiation Constant    7.56572E-15  -1.0     -2.0      1.0     -4.0      0.0      0.0    
 14                  pi     3.1416       0.0      0.0      0.0      0.0      0.0      0.0    
 15                   e     2.7183       0.0      0.0      0.0      0.0      0.0      0.0    
 16               Euler    0.57722       0.0      0.0      0.0      0.0      0.0      0.0    
 ==============================================================================
                                                                               
 Multifluid database: not configured in
                                                                               
 ==============================================================================
 [ 02-28-2025  17:52:57.257 ] [gr_initGeometry] checking BCs for idir: 1
 [ 02-28-2025  17:52:57.257 ] [gr_initGeometry] checking BCs for idir: 2
 [ 02-28-2025  17:52:57.257 ] [gr_initGeometry] checking BCs for idir: 3
 [ 02-28-2025  17:52:59.210 ] [GRID amr_refine_derefine]: initiating refinement
 [ 02-28-2025  17:52:59.211 ] [GRID amr_refine_derefine]: redist. phase.  tot blks requested: 32768
 [GRID amr_refine_derefine] min blks 18    max blks 19    tot blks 32768
 [GRID amr_refine_derefine] min leaf blks 18    max leaf blks 19    tot leaf blks 32768
 [ 02-28-2025  17:52:59.656 ] [GRID amr_refine_derefine]: refinement complete
 [ 02-28-2025  17:53:11.871 ] [GRID gr_expandDomain]: iteration=1, create level=2
 INFO: Grid_fillGuardCells is ignoring masking.
 [ 02-28-2025  17:53:29.782 ] [mpi_amr_comm_setup]: buffer_dim_send=5176573, buffer_dim_recv=3646981
 [ 02-28-2025  17:53:32.905 ] [GRID amr_refine_derefine]: initiating refinement
 [ 02-28-2025  17:53:32.919 ] [GRID amr_refine_derefine]: redist. phase.  tot blks requested: 32832
 [GRID amr_refine_derefine] min blks 18    max blks 19    tot blks 32832
 [GRID amr_refine_derefine] min leaf blks 17    max leaf blks 19    tot leaf blks 32824
 [ 02-28-2025  17:53:33.184 ] [GRID amr_refine_derefine]: refinement complete
 [ 02-28-2025  17:53:33.187 ] [GRID gr_expandDomain]: iteration=2, create level=3
 [ 02-28-2025  17:53:54.526 ] [GRID amr_refine_derefine]: initiating refinement
 [ 02-28-2025  17:53:54.538 ] [GRID amr_refine_derefine]: redist. phase.  tot blks requested: 32896
 [GRID amr_refine_derefine] min blks 18    max blks 20    tot blks 32896
 [GRID amr_refine_derefine] min leaf blks 17    max leaf blks 19    tot leaf blks 32880
 [ 02-28-2025  17:53:54.810 ] [GRID amr_refine_derefine]: refinement complete
 [ 02-28-2025  17:53:54.812 ] [GRID gr_expandDomain]: iteration=3, create level=4
 [ 02-28-2025  17:54:16.564 ] [GRID amr_refine_derefine]: initiating refinement
 [ 02-28-2025  17:54:16.583 ] [GRID amr_refine_derefine]: redist. phase.  tot blks requested: 34304
 [GRID amr_refine_derefine] min blks 19    max blks 22    tot blks 34304
 [GRID amr_refine_derefine] min leaf blks 17    max leaf blks 20    tot leaf blks 34112
 [ 02-28-2025  17:54:17.065 ] [GRID amr_refine_derefine]: refinement complete
 [ 02-28-2025  17:54:17.071 ] [GRID gr_expandDomain]: iteration=4, create level=5
 [ 02-28-2025  17:54:36.800 ] [mpi_amr_comm_setup]: buffer_dim_send=5313661, buffer_dim_recv=4312081
 [ 02-28-2025  17:54:39.537 ] [GRID amr_refine_derefine]: initiating refinement
 [ 02-28-2025  17:54:39.552 ] [GRID amr_refine_derefine]: redist. phase.  tot blks requested: 37312
 [GRID amr_refine_derefine] min blks 20    max blks 24    tot blks 37312
 [GRID amr_refine_derefine] min leaf blks 18    max leaf blks 21    tot leaf blks 36744
 [ 02-28-2025  17:54:40.068 ] [GRID amr_refine_derefine]: refinement complete
 [ 02-28-2025  17:54:40.073 ] [GRID gr_expandDomain]: iteration=5, create level=6
 [ 02-28-2025  17:55:01.834 ] [mpi_amr_comm_setup]: buffer_dim_send=5713933, buffer_dim_recv=4459801
 [ 02-28-2025  17:55:04.021 ] [GRID amr_refine_derefine]: initiating refinement
 [ 02-28-2025  17:55:04.038 ] [GRID amr_refine_derefine]: redist. phase.  tot blks requested: 48768
 [GRID amr_refine_derefine] min blks 26    max blks 30    tot blks 48768
 [GRID amr_refine_derefine] min leaf blks 23    max leaf blks 27    tot leaf blks 46768
 [ 02-28-2025  17:55:04.770 ] [GRID amr_refine_derefine]: refinement complete
 [ 02-28-2025  17:55:04.784 ] [GRID gr_expandDomain]: iteration=6, create level=6
 [ 02-28-2025  17:55:32.734 ] [mpi_amr_comm_setup]: buffer_dim_send=7881145, buffer_dim_recv=5392297
 [ 02-28-2025  17:55:35.940 ] [GRID gr_expandDomain]: iteration=7, create level=6
 [ 02-28-2025  17:56:07.071 ] [GRID gr_expandDomain]: iteration=8, create level=6
 [ 02-28-2025  17:56:36.635 ] memory: /proc vsize    (MB):     4528.07 (min)       4788.47 (max)       4698.96 (avg)
 [ 02-28-2025  17:56:36.635 ] memory: /proc rss      (MB):     1839.84 (min)       1926.70 (max)       1861.26 (avg)
 [ 02-28-2025  17:56:36.636 ] memory: /proc vsize    (MB):     4528.07 (min)       4788.47 (max)       4698.96 (avg)
 [ 02-28-2025  17:56:36.636 ] memory: /proc rss      (MB):     1839.84 (min)       1926.70 (max)       1861.26 (avg)
 [ 02-28-2025  17:56:36.683 ] memory: /proc vsize    (MB):     4528.07 (min)       4788.47 (max)       4698.96 (avg)
 [ 02-28-2025  17:56:36.683 ] memory: /proc rss      (MB):     1839.84 (min)       1926.70 (max)       1861.26 (avg)
 [ 02-28-2025  17:56:43.584 ] [IO_writeCheckpoint] open: type=checkpoint name=sedov_hdf5_chk_0000
 [ 02-28-2025  17:57:24.267 ] [io_writeData]: wrote   48768          blocks
 [ 02-28-2025  17:57:24.287 ] [IO_writeCheckpoint] close: type=checkpoint name=sedov_hdf5_chk_0000
 [ 02-28-2025  17:57:24.414 ] [IO_writePlotfile] open: type=plotfile name=sedov_hdf5_plt_cnt_0000
 [ 02-28-2025  17:57:29.087 ] [io_writeData]: wrote   48768          blocks
 [ 02-28-2025  17:57:29.097 ] [IO_writePlotfile] close: type=plotfile name=sedov_hdf5_plt_cnt_0000
 [ 02-28-2025  17:57:29.099 ] memory: /proc vsize    (MB):     4545.48 (min)       5016.11 (max)       4718.65 (avg)
 [ 02-28-2025  17:57:29.100 ] memory: /proc rss      (MB):     1846.61 (min)       1936.95 (max)       1871.55 (avg)
 [ 02-28-2025  17:57:29.100 ] [Driver_evolveAll]: Entering evolution loop
 [ 02-28-2025  17:57:29.100 ] step: n=1 t=0.000000E+00 dt=1.000000E-10
 [ 02-28-2025  17:57:38.764 ] step: n=2 t=1.000000E-10 dt=2.000000E-10
 [ 02-28-2025  17:57:54.712 ] step: n=3 t=3.000000E-10 dt=4.000000E-10
 [ 02-28-2025  17:58:04.280 ] step: n=4 t=7.000000E-10 dt=8.000000E-10
 [ 02-28-2025  17:58:20.260 ] step: n=5 t=1.500000E-09 dt=1.600000E-09
 [ 02-28-2025  17:58:29.864 ] step: n=6 t=3.100000E-09 dt=3.200000E-09
 [ 02-28-2025  17:58:45.922 ] step: n=7 t=6.300000E-09 dt=6.400000E-09
 [ 02-28-2025  17:58:55.570 ] step: n=8 t=1.270000E-08 dt=1.280000E-08
 [ 02-28-2025  17:59:11.573 ] step: n=9 t=2.550000E-08 dt=2.560000E-08
 [ 02-28-2025  17:59:21.239 ] step: n=10 t=5.110000E-08 dt=5.120000E-08
 [ 02-28-2025  17:59:43.635 ] [IO_writeCheckpoint] open: type=checkpoint name=sedov_hdf5_chk_0001
 [ 02-28-2025  18:00:20.070 ] [io_writeData]: wrote   48768          blocks
 [ 02-28-2025  18:00:20.089 ] [IO_writeCheckpoint] close: type=checkpoint name=sedov_hdf5_chk_0001
 [ 02-28-2025  18:00:20.090 ] step: n=11 t=1.023000E-07 dt=1.024000E-07
 [ 02-28-2025  18:00:29.760 ] step: n=12 t=2.047000E-07 dt=9.937542E-08
 [ 02-28-2025  18:00:45.799 ] step: n=13 t=3.040754E-07 dt=9.615282E-08
 [ 02-28-2025  18:00:55.508 ] step: n=14 t=4.002282E-07 dt=9.325600E-08
 [ 02-28-2025  18:01:11.537 ] step: n=15 t=4.934842E-07 dt=9.058955E-08
 [ 02-28-2025  18:01:21.204 ] step: n=16 t=5.840738E-07 dt=8.822195E-08
 [ 02-28-2025  18:01:37.256 ] step: n=17 t=6.722957E-07 dt=8.592743E-08
 [ 02-28-2025  18:01:46.947 ] step: n=18 t=7.582232E-07 dt=8.368672E-08
 [ 02-28-2025  18:02:03.006 ] step: n=19 t=8.419099E-07 dt=8.162257E-08
 [ 02-28-2025  18:02:12.676 ] step: n=20 t=9.235325E-07 dt=7.981691E-08
 [ 02-28-2025  18:02:35.060 ] [IO_writeCheckpoint] open: type=checkpoint name=sedov_hdf5_chk_0002
 [ 02-28-2025  18:03:12.993 ] [io_writeData]: wrote   48768          blocks
 [ 02-28-2025  18:03:13.008 ] [IO_writeCheckpoint] close: type=checkpoint name=sedov_hdf5_chk_0002
 [ 02-28-2025  18:03:13.010 ] step: n=21 t=1.003349E-06 dt=7.822053E-08
 [ 02-28-2025  18:03:22.694 ] step: n=22 t=1.081570E-06 dt=7.684528E-08
 [ 02-28-2025  18:03:38.739 ] step: n=23 t=1.158415E-06 dt=7.555985E-08
 [ 02-28-2025  18:03:48.402 ] step: n=24 t=1.233975E-06 dt=7.447396E-08
 [ 02-28-2025  18:04:04.328 ] [GRID amr_refine_derefine]: initiating refinement
 [ 02-28-2025  18:04:04.341 ] [GRID amr_refine_derefine]: redist. phase.  tot blks requested: 49152
 [GRID amr_refine_derefine] min blks 26    max blks 30    tot blks 49152
 [GRID amr_refine_derefine] min leaf blks 24    max leaf blks 27    tot leaf blks 47104
 [ 02-28-2025  18:04:05.008 ] [GRID amr_refine_derefine]: refinement complete
 [ 02-28-2025  18:04:05.607 ] step: n=25 t=1.308449E-06 dt=7.359418E-08
 [ 02-28-2025  18:04:05.607 ] [mpi_amr_comm_setup]: buffer_dim_send=7863733, buffer_dim_recv=5392297
 [ 02-28-2025  18:04:15.344 ] step: n=26 t=1.382043E-06 dt=7.289860E-08
 [ 02-28-2025  18:04:31.463 ] step: n=27 t=1.454942E-06 dt=7.238261E-08
 [ 02-28-2025  18:04:41.178 ] step: n=28 t=1.527324E-06 dt=7.195505E-08
 [ 02-28-2025  18:04:57.280 ] step: n=29 t=1.599279E-06 dt=7.160819E-08
 [ 02-28-2025  18:05:07.015 ] step: n=30 t=1.670888E-06 dt=7.137201E-08
 [ 02-28-2025  18:05:29.569 ] [IO_writeCheckpoint] open: type=checkpoint name=sedov_hdf5_chk_0003
 [ 02-28-2025  18:06:08.003 ] [io_writeData]: wrote   49152          blocks
 [ 02-28-2025  18:06:08.014 ] [IO_writeCheckpoint] close: type=checkpoint name=sedov_hdf5_chk_0003
 [ 02-28-2025  18:06:08.015 ] step: n=31 t=1.742260E-06 dt=7.124494E-08
 [ 02-28-2025  18:06:17.753 ] step: n=32 t=1.813505E-06 dt=7.119740E-08
 [ 02-28-2025  18:06:33.861 ] step: n=33 t=1.884702E-06 dt=7.120661E-08
 [ 02-28-2025  18:06:43.594 ] step: n=34 t=1.955909E-06 dt=7.122364E-08
 [ 02-28-2025  18:06:59.714 ] step: n=35 t=2.027132E-06 dt=7.124414E-08
 [ 02-28-2025  18:07:09.457 ] step: n=36 t=2.098376E-06 dt=7.127462E-08
 [ 02-28-2025  18:07:25.470 ] [GRID amr_refine_derefine]: initiating refinement
 [ 02-28-2025  18:07:25.484 ] [GRID amr_refine_derefine]: redist. phase.  tot blks requested: 49920
 [GRID amr_refine_derefine] min blks 27    max blks 31    tot blks 49920
 [GRID amr_refine_derefine] min leaf blks 24    max leaf blks 28    tot leaf blks 47776
 [ 02-28-2025  18:07:26.162 ] [GRID amr_refine_derefine]: refinement complete
 [ 02-28-2025  18:07:26.733 ] step: n=37 t=2.169651E-06 dt=7.132802E-08
 [ 02-28-2025  18:07:26.733 ] [mpi_amr_comm_setup]: buffer_dim_send=7338289, buffer_dim_recv=5392297
 [ 02-28-2025  18:07:36.579 ] step: n=38 t=2.240979E-06 dt=7.141305E-08
 [ 02-28-2025  18:07:52.915 ] step: n=39 t=2.312392E-06 dt=7.142860E-08
 [ 02-28-2025  18:08:02.750 ] step: n=40 t=2.383821E-06 dt=7.142437E-08
 [ 02-28-2025  18:08:25.825 ] [IO_writeCheckpoint] open: type=checkpoint name=sedov_hdf5_chk_0004
 [ 02-28-2025  18:09:05.715 ] [io_writeData]: wrote   49920          blocks
 [ 02-28-2025  18:09:05.730 ] [IO_writeCheckpoint] close: type=checkpoint name=sedov_hdf5_chk_0004
 [ 02-28-2025  18:09:05.731 ] step: n=41 t=2.455245E-06 dt=7.141417E-08
 [ 02-28-2025  18:09:15.568 ] step: n=42 t=2.526659E-06 dt=7.140932E-08
 [ 02-28-2025  18:09:31.884 ] step: n=43 t=2.598068E-06 dt=7.141878E-08
 [ 02-28-2025  18:09:41.709 ] step: n=44 t=2.669487E-06 dt=7.142363E-08
 [ 02-28-2025  18:09:58.042 ] step: n=45 t=2.740911E-06 dt=7.140413E-08
 [ 02-28-2025  18:10:07.870 ] step: n=46 t=2.812315E-06 dt=7.140388E-08
 [ 02-28-2025  18:10:24.094 ] [GRID amr_refine_derefine]: initiating refinement
 [ 02-28-2025  18:10:24.107 ] [GRID amr_refine_derefine]: redist. phase.  tot blks requested: 50304
 [GRID amr_refine_derefine] min blks 27    max blks 31    tot blks 50304
 [GRID amr_refine_derefine] min leaf blks 24    max leaf blks 28    tot leaf blks 48112
 [ 02-28-2025  18:10:24.795 ] [GRID amr_refine_derefine]: refinement complete
 [ 02-28-2025  18:10:25.283 ] step: n=47 t=2.883719E-06 dt=7.140292E-08
 [ 02-28-2025  18:10:25.283 ] [mpi_amr_comm_setup]: buffer_dim_send=7910833, buffer_dim_recv=5392297
 [ 02-28-2025  18:10:35.143 ] step: n=48 t=2.955122E-06 dt=7.140606E-08
 [ 02-28-2025  18:10:51.384 ] [GRID amr_refine_derefine]: initiating refinement
 [ 02-28-2025  18:10:51.397 ] [GRID amr_refine_derefine]: redist. phase.  tot blks requested: 50496
 [GRID amr_refine_derefine] min blks 27    max blks 31    tot blks 50496
 [GRID amr_refine_derefine] min leaf blks 24    max leaf blks 28    tot leaf blks 48280
 [ 02-28-2025  18:10:51.862 ] [GRID amr_refine_derefine]: refinement complete
 [ 02-28-2025  18:10:52.332 ] step: n=49 t=3.026528E-06 dt=7.141819E-08
 [ 02-28-2025  18:10:52.332 ] [mpi_amr_comm_setup]: buffer_dim_send=6484429, buffer_dim_recv=4958125
 [ 02-28-2025  18:11:02.249 ] step: n=50 t=3.097946E-06 dt=7.145160E-08
 [ 02-28-2025  18:11:18.698 ] [GRID amr_refine_derefine]: initiating refinement
 [ 02-28-2025  18:11:18.707 ] [GRID amr_refine_derefine]: redist. phase.  tot blks requested: 50688
 [GRID amr_refine_derefine] min blks 27    max blks 31    tot blks 50688
 [GRID amr_refine_derefine] min leaf blks 24    max leaf blks 28    tot leaf blks 48448
 [ 02-28-2025  18:11:19.121 ] [GRID amr_refine_derefine]: refinement complete
 [ 02-28-2025  18:11:26.423 ] [IO_writeCheckpoint] open: type=checkpoint name=sedov_hdf5_chk_0005
 [ 02-28-2025  18:12:50.340 ] [io_writeData]: wrote   50688          blocks
 [ 02-28-2025  18:12:50.400 ] [IO_writeCheckpoint] close: type=checkpoint name=sedov_hdf5_chk_0005
 [ 02-28-2025  18:12:50.403 ] step: n=51 t=3.169398E-06 dt=7.144310E-08
 [ 02-28-2025  18:13:00.678 ] step: n=52 t=3.240841E-06 dt=7.143606E-08
 [ 02-28-2025  18:13:17.587 ] step: n=53 t=3.312277E-06 dt=7.143079E-08
 [ 02-28-2025  18:13:27.869 ] step: n=54 t=3.383708E-06 dt=7.142810E-08
 [ 02-28-2025  18:13:44.750 ] step: n=55 t=3.455136E-06 dt=7.143310E-08
 [ 02-28-2025  18:13:55.045 ] step: n=56 t=3.526569E-06 dt=7.144995E-08
 [ 02-28-2025  18:14:11.955 ] step: n=57 t=3.598019E-06 dt=7.144585E-08
 [ 02-28-2025  18:14:22.223 ] step: n=58 t=3.669465E-06 dt=7.143776E-08
 [ 02-28-2025  18:14:39.124 ] step: n=59 t=3.740902E-06 dt=7.143330E-08
 [ 02-28-2025  18:14:49.413 ] step: n=60 t=3.812336E-06 dt=7.143015E-08
 [ 02-28-2025  18:15:13.078 ] [IO_writeCheckpoint] open: type=checkpoint name=sedov_hdf5_chk_0006
 [ 02-28-2025  18:15:55.965 ] [io_writeData]: wrote   50688          blocks
 [ 02-28-2025  18:15:56.160 ] [IO_writeCheckpoint] close: type=checkpoint name=sedov_hdf5_chk_0006
 [ 02-28-2025  18:15:56.161 ] [Driver_evolveAll]: Exiting evolution loop
 [ 02-28-2025  18:15:56.305 ] [IO_writePlotfile] open: type=plotfile name=sedov_forced_hdf5_plt_cnt_0000
 [ 02-28-2025  18:16:01.214 ] [io_writeData]: wrote   50688          blocks
 [ 02-28-2025  18:16:01.387 ] [IO_writePlotfile] close: type=plotfile name=sedov_forced_hdf5_plt_cnt_0000
 [ 02-28-2025  18:16:01.388 ] memory: /proc vsize    (MB):     4606.24 (min)       5023.02 (max)       4759.41 (avg)
 [ 02-28-2025  18:16:01.388 ] memory: /proc rss      (MB):     2071.33 (min)       2221.66 (max)       2115.26 (avg)
 ==============================================================================
 perf_summary: code performance summary for process            0
                      beginning : 02-28-2025  17:52:57
                         ending : 02-28-2025  18:16:01
   seconds in monitoring period :             1384.134
      number of evolution steps :                   60
 ------------------------------------------------------------------------------
 accounting unit                       time sec  num calls   secs avg  time pct
 ------------------------------------------------------------------------------
 initialization                        271.845      1         271.845    19.640
  eos                                    0.630      8           0.079     0.045
  guardcell internal                    10.500      7           1.500     0.759
   amr_guardcell                         9.888      7           1.413     0.714
   eos gc                                0.000      7           0.000     0.000
  writeCheckpoint                       47.561      1          47.561     3.436
   restrictAll                           6.245      1           6.245     0.451
  writePlotfile                          4.809      1           4.809     0.347
 writePlotfile                           5.219      1           5.219     0.377
 evolution                            1107.061      1        1107.061    79.982
  Hydro                                454.410     60           7.574    32.830
   Head                                 95.929     60           1.599     6.931
    guardcell internal                  95.928     60           1.599     6.931
     amr_guardcell                      88.136     60           1.469     6.368
     eos gc                              0.003     60           0.000     0.000
   compute fluxes                      341.968     60           5.699    24.706
    hy_computeFluxes                   341.964   1632           0.210    24.706
     RiemannState                      294.703   1632           0.181    21.292
     getFaceFlux                        46.878   1632           0.029     3.387
   conserveFluxes                        0.138     60           0.002     0.010
   update solution                      16.230     60           0.271     1.173
    update solution body                16.226   1632           0.010     1.172
     unsplitUpdate                       5.936   1632           0.004     0.429
  sourceTerms                            0.000     60           0.000     0.000
  Particles_advance                      0.000     60           0.000     0.000
  Gravity potential                      0.000     60           0.000     0.000
  IO_output                            451.096    120           3.759    32.591
   diagnostics                         131.827    120           1.099     9.524
   checkpointing                       319.236      6          53.206    23.064
    writeCheckpoint                    319.234      6          53.206    23.064
     restrictAll                        38.449      6           6.408     2.778
  Grid_updateRefinement                199.046     60           3.317    14.381
   eos                                   0.942      5           0.188     0.068
   tree                                198.104     60           3.302    14.312
    markRefineDerefine                  55.704     30           1.857     4.024
     guardcell internal                 48.298     30           1.610     3.489
      amr_guardcell                     44.392     30           1.480     3.207
      eos gc                             0.001     30           0.000     0.000
    amr_refine_derefine                139.175     30           4.639    10.055
    updateData                           0.001     30           0.000     0.000
   updateParticleRefinement              0.000      5           0.000     0.000
  Driver_computeDt                       2.477     60           0.041     0.179
 ==============================================================================
 [ 02-28-2025  18:16:01.390 ] [Timers_getSummary]: Not writing timer max/min/avg values because not all processors had same timers
 [ 02-28-2025  18:16:01.390 ] LOGFILE_END: FLASH run complete.
